{"credit":"by Damfler","textures":{"0":"block/dark_oak_planks","1":"block/brown_wool","2":"block/light_gray_concrete","3":"block/gray_concrete","particle":"block/dark_oak_planks"},"elements":[{"from":[7.59467,-10.15175,7.52978],"to":[8.59467,-7.15175,8.52978],"rotation":{"angle":0,"axis":"y","origin":[15.59467,3.84825,15.52978]},"faces":{"north":{"uv":[7,8,8,11],"texture":"#0"},"east":{"uv":[13,7,14,10],"texture":"#0"},"south":{"uv":[6,8,7,11],"texture":"#0"},"west":{"uv":[0,0,1,3],"texture":"#0"},"up":{"uv":[0,0,1,1],"texture":"#0"},"down":{"uv":[0,0,1,1],"texture":"#0"}}},{"from":[7.59467,-2.15175,7.52978],"to":[8.59467,0.84825,8.52978],"rotation":{"angle":0,"axis":"y","origin":[15.59467,11.84825,15.52978]},"faces":{"north":{"uv":[13,4,14,7],"texture":"#0"},"east":{"uv":[6,8,7,11],"texture":"#0"},"south":{"uv":[0,0,1,3],"texture":"#0"},"west":{"uv":[4,4,5,7],"texture":"#0"},"up":{"uv":[0,0,1,1],"texture":"#0"},"down":{"uv":[0,0,1,1],"texture":"#0"}}},{"from":[7.59467,5.84825,7.52978],"to":[8.59467,8.84825,8.52978],"rotation":{"angle":0,"axis":"y","origin":[8.09467,7.34825,8.02978]},"faces":{"north":{"uv":[11,8,12,11],"texture":"#0"},"east":{"uv":[12,0,13,3],"texture":"#0"},"south":{"uv":[4,4,5,7],"texture":"#0"},"west":{"uv":[0,0,1,3],"texture":"#0"},"up":{"uv":[0,0,1,1],"texture":"#0"},"down":{"uv":[0,0,1,1],"texture":"#0"}}},{"from":[7.59467,-7.15175,7.52978],"to":[8.59467,-2.15175,8.52978],"rotation":{"angle":0,"axis":"y","origin":[15.59467,-0.15175,15.52978]},"faces":{"north":{"uv":[0,0,1,5],"texture":"#1"},"east":{"uv":[0,0,1,5],"texture":"#1"},"south":{"uv":[0,0,1,5],"texture":"#1"},"west":{"uv":[0,0,1,5],"texture":"#1"},"up":{"uv":[0,0,1,1],"texture":"#1"},"down":{"uv":[0,0,1,1],"texture":"#1"}}},{"from":[7.59467,0.84825,7.52978],"to":[8.59467,5.84825,8.52978],"rotation":{"angle":0,"axis":"y","origin":[15.59467,7.84825,15.52978]},"faces":{"north":{"uv":[0,0,1,5],"texture":"#1"},"east":{"uv":[0,0,1,5],"texture":"#1"},"south":{"uv":[0,0,1,5],"texture":"#1"},"west":{"uv":[0,0,1,5],"texture":"#1"},"up":{"uv":[0,0,1,1],"texture":"#1"},"down":{"uv":[0,0,1,1],"texture":"#1"}}},{"from":[7.34467,5.34825,7.27978],"to":[8.84467,5.84825,8.77978],"rotation":{"angle":0,"axis":"y","origin":[15.59467,7.84825,15.52978]},"faces":{"north":{"uv":[0,0,1.5,0.5],"texture":"#2"},"east":{"uv":[0,0,1.5,0.5],"texture":"#2"},"south":{"uv":[0,0,1.5,0.5],"texture":"#2"},"west":{"uv":[0,0,1.5,0.5],"texture":"#2"},"up":{"uv":[0,0,1.5,1.5],"texture":"#2"},"down":{"uv":[0,0,1.5,1.5],"texture":"#2"}}},{"from":[7.34467,0.84825,7.27978],"to":[8.84467,1.34825,8.77978],"rotation":{"angle":0,"axis":"y","origin":[15.59467,3.34825,15.52978]},"faces":{"north":{"uv":[0,0,1.5,0.5],"texture":"#2"},"east":{"uv":[0,0,1.5,0.5],"texture":"#2"},"south":{"uv":[0,0,1.5,0.5],"texture":"#2"},"west":{"uv":[0,0,1.5,0.5],"texture":"#2"},"up":{"uv":[0,0,1.5,1.5],"texture":"#2"},"down":{"uv":[0,0,1.5,1.5],"texture":"#2"}}},{"from":[7.34467,-2.65175,7.27978],"to":[8.84467,-2.15175,8.77978],"rotation":{"angle":0,"axis":"y","origin":[15.59467,-0.15175,15.52978]},"faces":{"north":{"uv":[0,0,1.5,0.5],"texture":"#2"},"east":{"uv":[0,0,1.5,0.5],"texture":"#2"},"south":{"uv":[0,0,1.5,0.5],"texture":"#2"},"west":{"uv":[0,0,1.5,0.5],"texture":"#2"},"up":{"uv":[0,0,1.5,1.5],"texture":"#2"},"down":{"uv":[0,0,1.5,1.5],"texture":"#2"}}},{"from":[7.34467,-7.15175,7.27978],"to":[8.84467,-6.65175,8.77978],"rotation":{"angle":0,"axis":"y","origin":[15.59467,-4.65175,15.52978]},"faces":{"north":{"uv":[0,0,1.5,0.5],"texture":"#2"},"east":{"uv":[0,0,1.5,0.5],"texture":"#2"},"south":{"uv":[0,0,1.5,0.5],"texture":"#2"},"west":{"uv":[0,0,1.5,0.5],"texture":"#2"},"up":{"uv":[0,0,1.5,1.5],"texture":"#2"},"down":{"uv":[0,0,1.5,1.5],"texture":"#2"}}},{"from":[7.34467,-11.65175,7.27978],"to":[8.84467,-10.15175,8.77978],"rotation":{"angle":0,"axis":"y","origin":[15.59467,3.34825,15.52978]},"faces":{"north":{"uv":[0,0,1.5,0.5],"texture":"#3"},"east":{"uv":[0,0,1.5,0.5],"texture":"#3"},"south":{"uv":[0,0,1.5,0.5],"texture":"#3"},"west":{"uv":[0,0,1.5,0.5],"texture":"#3"},"up":{"uv":[0,0,1.5,1.5],"texture":"#3"},"down":{"uv":[0,0,1.5,1.5],"texture":"#3"}}},{"from":[6.09467,9.24825,5.52978],"to":[10.09467,12.44825,10.52978],"rotation":{"angle":0,"axis":"y","origin":[17.09467,22.84825,15.52978]},"faces":{"north":{"uv":[6,10,11,15],"texture":"#3"},"east":{"uv":[7,1,12,5],"texture":"#3"},"south":{"uv":[6,5,11,10],"texture":"#3"},"west":{"uv":[9,3,14,7],"texture":"#3"},"up":{"uv":[6,0,10,5],"texture":"#3"},"down":{"uv":[6,9,10,14],"texture":"#3"}}},{"from":[6.49467,12.34825,5.52978],"to":[9.69467,12.84825,10.52978],"rotation":{"angle":0,"axis":"y","origin":[16.59467,23.84825,18.52978]},"faces":{"north":{"uv":[6,10,11,15],"texture":"#3"},"east":{"uv":[7,1,8,6],"texture":"#3"},"south":{"uv":[6,8,11,13],"texture":"#3"},"west":{"uv":[9,3,10,8],"texture":"#3"},"up":{"uv":[6,0,11,1],"texture":"#3"},"down":{"uv":[6,9,11,10],"texture":"#3"}}},{"from":[6.49467,8.84825,5.52978],"to":[9.69467,9.34825,10.52978],"rotation":{"angle":0,"axis":"y","origin":[16.59467,20.34825,18.52978]},"faces":{"north":{"uv":[6,10,11,15],"texture":"#3"},"east":{"uv":[7,1,8,6],"texture":"#3"},"south":{"uv":[6,8,11,13],"texture":"#3"},"west":{"uv":[9,3,10,8],"texture":"#3"},"up":{"uv":[6,0,11,1],"texture":"#3"},"down":{"uv":[6,9,11,10],"texture":"#3"}}},{"from":[5.7321,8.21437,5.52978],"to":[6.63921,8.71437,10.52978],"rotation":{"angle":-45,"axis":"z","origin":[7.3321,8.46437,8.02978]},"faces":{"north":{"uv":[6,10,11,15],"texture":"#3"},"east":{"uv":[7,1,8,6],"texture":"#3"},"south":{"uv":[6,8,11,13],"texture":"#3"},"west":{"uv":[9,3,10,8],"texture":"#3"},"up":{"uv":[6,0,11,1],"texture":"#3"},"down":{"uv":[6,9,11,10],"texture":"#3"}}},{"from":[5.7321,12.98213,5.52978],"to":[6.63921,13.48213,10.52978],"rotation":{"angle":45,"axis":"z","origin":[7.3321,13.23213,8.02978]},"faces":{"north":{"uv":[6,15,11,10],"texture":"#3"},"east":{"uv":[7,6,8,1],"texture":"#3"},"south":{"uv":[6,13,11,8],"texture":"#3"},"west":{"uv":[9,8,10,3],"texture":"#3"},"up":{"uv":[6,10,11,9],"texture":"#3"},"down":{"uv":[6,1,11,0],"texture":"#3"}}},{"from":[8.87855,11.36081,5.52978],"to":[9.78566,11.86081,10.52978],"rotation":{"angle":-45,"axis":"z","origin":[10.47855,11.61081,8.02978]},"faces":{"north":{"uv":[6,10,11,15],"texture":"#3"},"east":{"uv":[7,1,8,6],"texture":"#3"},"south":{"uv":[6,8,11,13],"texture":"#3"},"west":{"uv":[9,3,10,8],"texture":"#3"},"up":{"uv":[6,0,11,1],"texture":"#3"},"down":{"uv":[6,9,11,10],"texture":"#3"}}},{"from":[8.87855,9.83569,5.52978],"to":[9.78566,10.33569,10.52978],"rotation":{"angle":45,"axis":"z","origin":[10.47855,10.08569,8.02978]},"faces":{"north":{"uv":[6,15,11,10],"texture":"#3"},"east":{"uv":[7,6,8,1],"texture":"#3"},"south":{"uv":[6,13,11,8],"texture":"#3"},"west":{"uv":[9,8,10,3],"texture":"#3"},"up":{"uv":[6,10,11,9],"texture":"#3"},"down":{"uv":[6,1,11,0],"texture":"#3"}}},{"from":[5.59467,9.24825,10.52978],"to":[10.59467,12.44825,12.52978],"rotation":{"angle":0,"axis":"y","origin":[16.59467,23.34825,19.52978]},"faces":{"north":{"uv":[6,10,11,15],"texture":"#3"},"east":{"uv":[7,1,8,6],"texture":"#3"},"south":{"uv":[6,8,11,13],"texture":"#3"},"west":{"uv":[9,3,10,8],"texture":"#3"},"up":{"uv":[6,0,11,1],"texture":"#3"},"down":{"uv":[6,9,11,10],"texture":"#3"}}},{"from":[6.49467,12.34825,10.52978],"to":[9.69467,13.34825,12.52978],"rotation":{"angle":0,"axis":"y","origin":[16.59467,24.34825,19.52978]},"faces":{"north":{"uv":[6,10,11,15],"texture":"#3"},"east":{"uv":[7,1,8,6],"texture":"#3"},"south":{"uv":[6,8,11,13],"texture":"#3"},"west":{"uv":[9,3,10,8],"texture":"#3"},"up":{"uv":[6,0,11,1],"texture":"#3"},"down":{"uv":[6,9,11,10],"texture":"#3"}}},{"from":[8.70177,11.43404,10.52978],"to":[10.31599,12.43404,12.52978],"rotation":{"angle":-45,"axis":"z","origin":[10.30177,11.93404,11.02978]},"faces":{"north":{"uv":[6,10,11,15],"texture":"#3"},"east":{"uv":[7,1,8,6],"texture":"#3"},"south":{"uv":[6,8,11,13],"texture":"#3"},"west":{"uv":[9,3,10,8],"texture":"#3"},"up":{"uv":[6,0,11,1],"texture":"#3"},"down":{"uv":[6,9,11,10],"texture":"#3"}}},{"from":[8.70177,9.26246,10.52978],"to":[10.31599,10.26246,12.52978],"rotation":{"angle":45,"axis":"z","origin":[10.30177,9.76246,11.02978]},"faces":{"north":{"uv":[6,10,11,15],"texture":"#3"},"east":{"uv":[7,1,8,6],"texture":"#3"},"south":{"uv":[6,8,11,13],"texture":"#3"},"west":{"uv":[9,3,10,8],"texture":"#3"},"up":{"uv":[6,0,11,1],"texture":"#3"},"down":{"uv":[6,9,11,10],"texture":"#3"}}},{"from":[6.49467,8.34825,10.52978],"to":[9.69467,9.34825,12.52978],"rotation":{"angle":0,"axis":"y","origin":[16.59467,20.34825,19.52978]},"faces":{"north":{"uv":[6,10,11,15],"texture":"#3"},"east":{"uv":[7,1,8,6],"texture":"#3"},"south":{"uv":[6,8,11,13],"texture":"#3"},"west":{"uv":[9,3,10,8],"texture":"#3"},"up":{"uv":[6,0,11,1],"texture":"#3"},"down":{"uv":[6,9,11,10],"texture":"#3"}}},{"from":[5.40888,8.14114,10.52978],"to":[7.02309,9.14114,12.52978],"rotation":{"angle":-45,"axis":"z","origin":[7.00888,8.64114,11.02978]},"faces":{"north":{"uv":[6,10,11,15],"texture":"#3"},"east":{"uv":[7,1,8,6],"texture":"#3"},"south":{"uv":[6,8,11,13],"texture":"#3"},"west":{"uv":[9,3,10,8],"texture":"#3"},"up":{"uv":[6,0,11,1],"texture":"#3"},"down":{"uv":[6,9,11,10],"texture":"#3"}}},{"from":[5.40888,12.55536,10.52978],"to":[7.02309,13.55536,12.52978],"rotation":{"angle":45,"axis":"z","origin":[7.00888,13.05536,11.02978]},"faces":{"north":{"uv":[6,10,11,15],"texture":"#3"},"east":{"uv":[7,1,8,6],"texture":"#3"},"south":{"uv":[6,8,11,13],"texture":"#3"},"west":{"uv":[9,3,10,8],"texture":"#3"},"up":{"uv":[6,0,11,1],"texture":"#3"},"down":{"uv":[6,9,11,10],"texture":"#3"}}},{"from":[5.84148,9.4071,7.03138],"to":[10.32948,12.27942,8.82658],"rotation":{"angle":0,"axis":"y","origin":[15.71508,22.06326,15.10978]},"faces":{"north":{"uv":[6,10,11,15],"texture":"#3"},"east":{"uv":[7,1,8,6],"texture":"#3"},"south":{"uv":[6,8,11,13],"texture":"#3"},"west":{"uv":[9,3,10,8],"texture":"#3"},"up":{"uv":[6,0,11,1],"texture":"#3"},"down":{"uv":[6,9,11,10],"texture":"#3"}}},{"from":[5.79148,10.9071,7.28138],"to":[10.37948,11.77942,8.57658],"rotation":{"angle":0,"axis":"y","origin":[15.71508,22.06326,15.10978]},"faces":{"north":{"uv":[6,10,11,15],"texture":"#2"},"east":{"uv":[7,1,8,6],"texture":"#2"},"south":{"uv":[6,8,11,13],"texture":"#2"},"west":{"uv":[9,3,10,8],"texture":"#2"},"up":{"uv":[6,0,11,1],"texture":"#2"},"down":{"uv":[6,9,11,10],"texture":"#2"}}},{"from":[5.79148,9.9071,7.28138],"to":[10.37948,10.77942,8.57658],"rotation":{"angle":0,"axis":"y","origin":[15.71508,22.06326,15.10978]},"faces":{"north":{"uv":[6,10,11,15],"texture":"#2"},"east":{"uv":[7,1,8,6],"texture":"#2"},"south":{"uv":[6,8,11,13],"texture":"#2"},"west":{"uv":[9,3,10,8],"texture":"#2"},"up":{"uv":[6,0,11,1],"texture":"#2"},"down":{"uv":[6,9,11,10],"texture":"#2"}}},{"from":[6.64932,12.18966,7.03138],"to":[9.52164,13.08726,8.82658],"rotation":{"angle":0,"axis":"y","origin":[15.71508,22.96086,15.10978]},"faces":{"north":{"uv":[6,10,11,15],"texture":"#3"},"east":{"uv":[7,1,8,6],"texture":"#3"},"south":{"uv":[6,8,11,13],"texture":"#3"},"west":{"uv":[9,3,10,8],"texture":"#3"},"up":{"uv":[6,0,11,1],"texture":"#3"},"down":{"uv":[6,9,11,10],"texture":"#3"}}},{"from":[8.14932,8.53966,7.28138],"to":[9.02164,13.13726,8.57658],"rotation":{"angle":0,"axis":"y","origin":[15.71508,22.96086,15.10978]},"faces":{"north":{"uv":[6,10,11,15],"texture":"#2"},"east":{"uv":[7,1,8,6],"texture":"#2"},"south":{"uv":[6,8,11,13],"texture":"#2"},"west":{"uv":[9,3,10,8],"texture":"#2"},"up":{"uv":[6,0,11,1],"texture":"#2"},"down":{"uv":[6,9,11,10],"texture":"#2"}}},{"from":[5.50614,10.40784,7.28138],"to":[10.65374,11.28016,8.57658],"rotation":{"angle":45,"axis":"z","origin":[8.07994,10.844,7.92898]},"faces":{"north":{"uv":[6,10,11,15],"rotation":90,"texture":"#2"},"east":{"uv":[6,9,11,10],"rotation":270,"texture":"#2"},"south":{"uv":[6,8,11,13],"rotation":270,"texture":"#2"},"west":{"uv":[6,0,11,1],"rotation":270,"texture":"#2"},"up":{"uv":[7,1,8,6],"rotation":270,"texture":"#2"},"down":{"uv":[9,3,10,8],"rotation":270,"texture":"#2"}}},{"from":[7.64378,8.2702,7.28138],"to":[8.5161,13.4178,8.57658],"rotation":{"angle":45,"axis":"z","origin":[8.07994,10.844,7.92898]},"faces":{"north":{"uv":[6,10,11,15],"rotation":180,"texture":"#2"},"east":{"uv":[9,3,10,8],"rotation":180,"texture":"#2"},"south":{"uv":[6,8,11,13],"rotation":180,"texture":"#2"},"west":{"uv":[7,1,8,6],"rotation":180,"texture":"#2"},"up":{"uv":[6,9,11,10],"rotation":180,"texture":"#2"},"down":{"uv":[6,0,11,1],"rotation":180,"texture":"#2"}}},{"from":[7.14932,8.53966,7.28138],"to":[8.02164,13.13726,8.57658],"rotation":{"angle":0,"axis":"y","origin":[7.58548,10.83846,7.92898]},"faces":{"north":{"uv":[6,10,11,15],"texture":"#2"},"east":{"uv":[7,1,8,6],"texture":"#2"},"south":{"uv":[6,8,11,13],"texture":"#2"},"west":{"uv":[9,3,10,8],"texture":"#2"},"up":{"uv":[6,0,11,1],"texture":"#2"},"down":{"uv":[6,9,11,10],"texture":"#2"}}},{"from":[8.63042,11.36906,7.03138],"to":[10.07934,12.26666,8.82658],"rotation":{"angle":-45,"axis":"z","origin":[10.06658,11.81786,7.48018]},"faces":{"north":{"uv":[6,10,11,15],"texture":"#3"},"east":{"uv":[7,1,8,6],"texture":"#3"},"south":{"uv":[6,8,11,13],"texture":"#3"},"west":{"uv":[9,3,10,8],"texture":"#3"},"up":{"uv":[6,0,11,1],"texture":"#3"},"down":{"uv":[6,9,11,10],"texture":"#3"}}},{"from":[8.63042,9.41986,7.03138],"to":[10.07934,10.31746,8.82658],"rotation":{"angle":45,"axis":"z","origin":[10.06658,9.86866,7.48018]},"faces":{"north":{"uv":[6,10,11,15],"texture":"#3"},"east":{"uv":[7,1,8,6],"texture":"#3"},"south":{"uv":[6,8,11,13],"texture":"#3"},"west":{"uv":[9,3,10,8],"texture":"#3"},"up":{"uv":[6,0,11,1],"texture":"#3"},"down":{"uv":[6,9,11,10],"texture":"#3"}}},{"from":[6.64932,8.59926,7.03138],"to":[9.52164,9.49686,8.82658],"rotation":{"angle":0,"axis":"y","origin":[15.71508,19.37046,15.10978]},"faces":{"north":{"uv":[6,10,11,15],"texture":"#3"},"east":{"uv":[7,1,8,6],"texture":"#3"},"south":{"uv":[6,8,11,13],"texture":"#3"},"west":{"uv":[9,3,10,8],"texture":"#3"},"up":{"uv":[6,0,11,1],"texture":"#3"},"down":{"uv":[6,9,11,10],"texture":"#3"}}},{"from":[5.67472,8.41336,7.03138],"to":[7.12364,9.31096,8.82658],"rotation":{"angle":-45,"axis":"z","origin":[7.11088,8.86216,7.48018]},"faces":{"north":{"uv":[6,10,11,15],"texture":"#3"},"east":{"uv":[7,1,8,6],"texture":"#3"},"south":{"uv":[6,8,11,13],"texture":"#3"},"west":{"uv":[9,3,10,8],"texture":"#3"},"up":{"uv":[6,0,11,1],"texture":"#3"},"down":{"uv":[6,9,11,10],"texture":"#3"}}},{"from":[5.67472,12.37556,7.03138],"to":[7.12364,13.27316,8.82658],"rotation":{"angle":45,"axis":"z","origin":[7.11088,12.82436,7.48018]},"faces":{"north":{"uv":[6,10,11,15],"texture":"#3"},"east":{"uv":[7,1,8,6],"texture":"#3"},"south":{"uv":[6,8,11,13],"texture":"#3"},"west":{"uv":[9,3,10,8],"texture":"#3"},"up":{"uv":[6,0,11,1],"texture":"#3"},"down":{"uv":[6,9,11,10],"texture":"#3"}}},{"from":[5.59467,9.24825,3.52978],"to":[10.59467,12.44825,5.52978],"rotation":{"angle":0,"axis":"y","origin":[16.59467,23.34825,12.52978]},"faces":{"north":{"uv":[6,10,11,15],"texture":"#3"},"east":{"uv":[7,1,8,6],"texture":"#3"},"south":{"uv":[6,8,11,13],"texture":"#3"},"west":{"uv":[9,3,10,8],"texture":"#3"},"up":{"uv":[6,0,11,1],"texture":"#3"},"down":{"uv":[6,9,11,10],"texture":"#3"}}},{"from":[6.49467,12.34825,3.52978],"to":[9.69467,13.34825,5.52978],"rotation":{"angle":0,"axis":"y","origin":[16.59467,24.34825,12.52978]},"faces":{"north":{"uv":[6,10,11,15],"texture":"#3"},"east":{"uv":[7,1,8,6],"texture":"#3"},"south":{"uv":[6,8,11,13],"texture":"#3"},"west":{"uv":[9,3,10,8],"texture":"#3"},"up":{"uv":[6,0,11,1],"texture":"#3"},"down":{"uv":[6,9,11,10],"texture":"#3"}}},{"from":[8.70177,11.43404,3.52978],"to":[10.31599,12.43404,5.52978],"rotation":{"angle":-45,"axis":"z","origin":[10.30177,11.93404,4.02978]},"faces":{"north":{"uv":[6,10,11,15],"texture":"#3"},"east":{"uv":[7,1,8,6],"texture":"#3"},"south":{"uv":[6,8,11,13],"texture":"#3"},"west":{"uv":[9,3,10,8],"texture":"#3"},"up":{"uv":[6,0,11,1],"texture":"#3"},"down":{"uv":[6,9,11,10],"texture":"#3"}}},{"from":[8.70177,9.26246,3.52978],"to":[10.31599,10.26246,5.52978],"rotation":{"angle":45,"axis":"z","origin":[10.30177,9.76246,4.02978]},"faces":{"north":{"uv":[6,10,11,15],"texture":"#3"},"east":{"uv":[7,1,8,6],"texture":"#3"},"south":{"uv":[6,8,11,13],"texture":"#3"},"west":{"uv":[9,3,10,8],"texture":"#3"},"up":{"uv":[6,0,11,1],"texture":"#3"},"down":{"uv":[6,9,11,10],"texture":"#3"}}},{"from":[6.49467,8.34825,3.52978],"to":[9.69467,9.34825,5.52978],"rotation":{"angle":0,"axis":"y","origin":[16.59467,20.34825,12.52978]},"faces":{"north":{"uv":[6,10,11,15],"texture":"#3"},"east":{"uv":[7,1,8,6],"texture":"#3"},"south":{"uv":[6,8,11,13],"texture":"#3"},"west":{"uv":[9,3,10,8],"texture":"#3"},"up":{"uv":[6,0,11,1],"texture":"#3"},"down":{"uv":[6,9,11,10],"texture":"#3"}}},{"from":[5.40888,8.14114,3.52978],"to":[7.02309,9.14114,5.52978],"rotation":{"angle":-45,"axis":"z","origin":[7.00888,8.64114,4.02978]},"faces":{"north":{"uv":[6,10,11,15],"texture":"#3"},"east":{"uv":[7,1,8,6],"texture":"#3"},"south":{"uv":[6,8,11,13],"texture":"#3"},"west":{"uv":[9,3,10,8],"texture":"#3"},"up":{"uv":[6,0,11,1],"texture":"#3"},"down":{"uv":[6,9,11,10],"texture":"#3"}}},{"from":[5.40888,12.55536,3.52978],"to":[7.02309,13.55536,5.52978],"rotation":{"angle":45,"axis":"z","origin":[7.00888,13.05536,4.02978]},"faces":{"north":{"uv":[6,10,11,15],"texture":"#3"},"east":{"uv":[7,1,8,6],"texture":"#3"},"south":{"uv":[6,8,11,13],"texture":"#3"},"west":{"uv":[9,3,10,8],"texture":"#3"},"up":{"uv":[6,0,11,1],"texture":"#3"},"down":{"uv":[6,9,11,10],"texture":"#3"}}}],"display":{"thirdperson_righthand":{"rotation":[0,-180,0],"translation":[0,10.75,1]},"thirdperson_lefthand":{"rotation":[0,-180,0],"translation":[0,10.75,1]},"firstperson_righthand":{"rotation":[0,-180,0],"translation":[2.5,10.25,-1]},"firstperson_lefthand":{"rotation":[0,-180,0],"translation":[4,6.25,-1]},"ground":{"rotation":[-180,0,0],"translation":[0,2.25,0]},"gui":{"rotation":[-143.5,-129,-12],"translation":[-0.5,-2.5,0],"scale":[0.58008,0.58008,0.58008]},"head":{"rotation":[70.75,-184.5,37.5],"translation":[1.75,9.75,1.25],"scale":[1,-1,1]},"fixed":{"rotation":[-90,-180,-180],"translation":[0,0,-7.75],"scale":[2,2,2]}},"groups":[0,1,2,3,4,5,6,7,8,9,10,11,12,13,14,15,16,{"name":"group","origin":[6.41421,17.20711,8.5],"children":[17,18,19,20,21,22,23]},{"name":"group","origin":[6.41421,17.20711,8.5],"children":[24,25,26,27,28,29,30,31,32,33,34,35,36]},{"name":"group","origin":[6.41421,17.20711,8.5],"children":[37,38,39,40,41,42,43]}]}