{
	"credit": "Made with Blockbench",
	"textures": {
		"1": "adrenaline/adrenaline"
	},
	"elements": [
		{
			"from": [7.4, 0, 2],
			"to": [11, 0.1, 20],
			"rotation": {"angle": 0, "axis": "y", "origin": [14, 8, 18]},
			"faces": {
				"north": {"uv": [9.25, 1.375, 12, 2.125], "texture": "#1"},
				"east": {"uv": [9.375, 1.5, 11.25, 4.625], "texture": "#1"},
				"south": {"uv": [9.125, 1.625, 11.625, 3.125], "texture": "#1"},
				"west": {"uv": [9, 0, 10, 2.625], "texture": "#1"},
				"up": {"uv": [8.625, 0, 12.625, 16], "texture": "#1"},
				"down": {"uv": [9.5, 0, 12.375, 15.25], "texture": "#1"}
			}
		},
		{
			"from": [7.3, 0, 2],
			"to": [7.4, 3, 20],
			"rotation": {"angle": 0, "axis": "y", "origin": [14.3, -2, 18]},
			"faces": {
				"north": {"uv": [9.25, 1.375, 12, 2.125], "rotation": 270, "texture": "#1"},
				"east": {"uv": [8.625, 0, 12.625, 16], "rotation": 90, "texture": "#1"},
				"south": {"uv": [9.125, 1.625, 11.625, 3.125], "rotation": 90, "texture": "#1"},
				"west": {"uv": [4.5, 0, 8.25, 16], "rotation": 90, "texture": "#1"},
				"up": {"uv": [9, 0, 10, 2.625], "rotation": 90, "texture": "#1"},
				"down": {"uv": [8.625, 0, 12.5, 16], "rotation": 90, "texture": "#1"}
			}
		},
		{
			"from": [7.3, 2.9, 2],
			"to": [11, 3, 20],
			"rotation": {"angle": 0, "axis": "y", "origin": [14, 11, 18]},
			"faces": {
				"north": {"uv": [9.25, 1.375, 12, 2.125], "texture": "#1"},
				"east": {"uv": [9.375, 1.5, 11.25, 4.625], "texture": "#1"},
				"south": {"uv": [9.125, 1.625, 11.625, 3.125], "texture": "#1"},
				"west": {"uv": [9, 0, 10, 2.625], "texture": "#1"},
				"up": {"uv": [0, 0, 4, 16], "texture": "#1"},
				"down": {"uv": [9.5, 0, 12.375, 15.25], "texture": "#1"}
			}
		},
		{
			"from": [10.9, 0, 2],
			"to": [11, 3, 20],
			"rotation": {"angle": 0, "axis": "y", "origin": [18, -2, 18]},
			"faces": {
				"north": {"uv": [9.25, 1.375, 12, 2.125], "rotation": 270, "texture": "#1"},
				"east": {"uv": [8.625, 0, 12.625, 16], "rotation": 90, "texture": "#1"},
				"south": {"uv": [9.125, 1.625, 11.625, 3.125], "rotation": 90, "texture": "#1"},
				"west": {"uv": [8.75, 0, 12.125, 16], "rotation": 90, "texture": "#1"},
				"up": {"uv": [9, 0, 10, 2.625], "rotation": 90, "texture": "#1"},
				"down": {"uv": [8.625, 0, 12.5, 16], "rotation": 90, "texture": "#1"}
			}
		},
		{
			"from": [7.3, 0, 2],
			"to": [11, 3, 2],
			"rotation": {"angle": 0, "axis": "y", "origin": [17, 10, 10]},
			"faces": {
				"north": {"uv": [0.5, 0.125, 1.75, 1.125], "texture": "#1"},
				"east": {"uv": [0.5, 0.125, 1.75, 1.125], "texture": "#1"},
				"south": {"uv": [0.5, 0.125, 1.75, 1.125], "texture": "#1"},
				"west": {"uv": [0.5, 0.125, 1.75, 1.125], "texture": "#1"},
				"up": {"uv": [0.5, 0.125, 1.75, 1.125], "texture": "#1"},
				"down": {"uv": [0.5, 0.125, 1.75, 1.125], "texture": "#1"}
			}
		},
		{
			"from": [7.5, 0.2, 9],
			"to": [10.8, 2.8, 10],
			"rotation": {"angle": 0, "axis": "y", "origin": [17, 10, 17]},
			"faces": {
				"north": {"uv": [15, 7.25, 15.5, 11.25], "texture": "#1"},
				"east": {"uv": [15, 7.25, 15.5, 11.25], "texture": "#1"},
				"south": {"uv": [15, 7.25, 15.5, 11.25], "texture": "#1"},
				"west": {"uv": [15, 7.25, 15.5, 11.25], "texture": "#1"},
				"up": {"uv": [15, 7.25, 15.5, 11.25], "texture": "#1"},
				"down": {"uv": [15, 7.25, 15.5, 11.25], "texture": "#1"}
			}
		},
		{
			"from": [7.7, 1.3, 9.7],
			"to": [10.6, 1.7, 23.7],
			"rotation": {"angle": 0, "axis": "y", "origin": [17, 11.1, 17.7]},
			"faces": {
				"north": {"uv": [15, 7.25, 15.5, 11.25], "texture": "#1"},
				"east": {"uv": [15, 7.25, 15.5, 11.25], "texture": "#1"},
				"south": {"uv": [15, 7.25, 15.5, 11.25], "texture": "#1"},
				"west": {"uv": [15, 7.25, 15.5, 11.25], "texture": "#1"},
				"up": {"uv": [15, 7.25, 15.5, 11.25], "texture": "#1"},
				"down": {"uv": [15, 7.25, 15.5, 11.25], "texture": "#1"}
			}
		},
		{
			"from": [9, 0.2, 9.7],
			"to": [9.4, 2.8, 23.7],
			"rotation": {"angle": 0, "axis": "y", "origin": [18.8, -6.4, 17.7]},
			"faces": {
				"north": {"uv": [15, 7.25, 15.5, 11.25], "rotation": 90, "texture": "#1"},
				"east": {"uv": [15, 7.25, 15.5, 11.25], "rotation": 90, "texture": "#1"},
				"south": {"uv": [15, 7.25, 15.5, 11.25], "rotation": 90, "texture": "#1"},
				"west": {"uv": [15, 7.25, 15.5, 11.25], "rotation": 90, "texture": "#1"},
				"up": {"uv": [15, 7.25, 15.5, 11.25], "rotation": 90, "texture": "#1"},
				"down": {"uv": [15, 7.25, 15.5, 11.25], "rotation": 90, "texture": "#1"}
			}
		},
		{
			"from": [7.5, 0.2, 23],
			"to": [10.8, 2.8, 24],
			"rotation": {"angle": 0, "axis": "y", "origin": [17, 10, 31]},
			"faces": {
				"north": {"uv": [15, 7.25, 15.5, 11.25], "texture": "#1"},
				"east": {"uv": [15, 7.25, 15.5, 11.25], "texture": "#1"},
				"south": {"uv": [15, 7.25, 15.5, 11.25], "texture": "#1"},
				"west": {"uv": [15, 7.25, 15.5, 11.25], "texture": "#1"},
				"up": {"uv": [15, 7.25, 15.5, 11.25], "texture": "#1"},
				"down": {"uv": [15, 7.25, 15.5, 11.25], "texture": "#1"}
			}
		},
		{
			"from": [7.5, 0.2, 2.3],
			"to": [10.8, 2.8, 8.7],
			"rotation": {"angle": 0, "axis": "y", "origin": [17, 10, 15.7]},
			"faces": {
				"north": {"uv": [13.75, 0.75, 14.25, 4.75], "texture": "#1"},
				"east": {"uv": [13.75, 0.75, 14.25, 4.75], "texture": "#1"},
				"south": {"uv": [13.75, 0.75, 14.25, 4.75], "texture": "#1"},
				"west": {"uv": [13.75, 0.75, 14.25, 4.75], "texture": "#1"},
				"up": {"uv": [13.75, 0.75, 14.25, 4.75], "texture": "#1"},
				"down": {"uv": [13.75, 0.75, 14.25, 4.75], "texture": "#1"}
			}
		},
		{
			"from": [9.1, 1.6, 0.4],
			"to": [10.2, 2.7, 2],
			"rotation": {"angle": 0, "axis": "y", "origin": [17.8, 11.4, 9]},
			"faces": {
				"north": {"uv": [13.375, 7.25, 13.875, 11.25], "texture": "#1"},
				"east": {"uv": [13.375, 7.25, 13.875, 11.25], "texture": "#1"},
				"south": {"uv": [13.375, 7.25, 13.875, 11.25], "texture": "#1"},
				"west": {"uv": [13.375, 7.25, 13.875, 11.25], "texture": "#1"},
				"up": {"uv": [13.375, 7.25, 13.875, 11.25], "texture": "#1"},
				"down": {"uv": [13.375, 7.25, 13.875, 11.25], "texture": "#1"}
			}
		},
		{
			"from": [9.6, 2.1, -6.8],
			"to": [9.8, 2.3, 0.8],
			"rotation": {"angle": 0, "axis": "y", "origin": [17.4, 11.9, 7.8]},
			"faces": {
				"north": {"uv": [13.375, 7.25, 13.875, 11.25], "texture": "#1"},
				"east": {"uv": [13.375, 7.25, 13.875, 11.25], "texture": "#1"},
				"south": {"uv": [13.375, 7.25, 13.875, 11.25], "texture": "#1"},
				"west": {"uv": [13.375, 7.25, 13.875, 11.25], "texture": "#1"},
				"up": {"uv": [13.375, 7.25, 13.875, 11.25], "texture": "#1"},
				"down": {"uv": [13.375, 7.25, 13.875, 11.25], "texture": "#1"}
			}
		}
	],
	"display": {
		"thirdperson_righthand": {
			"rotation": [100.25, 0, 0],
			"translation": [0, 0, 2.25],
			"scale": [0.33, 0.32, 0.26]
		},
		"thirdperson_lefthand": {
			"rotation": [105, 0, 0],
			"translation": [0.75, 0, 2.5],
			"scale": [0.33, 0.32, 0.26]
		},
		"firstperson_righthand": {
			"rotation": [89.75, 0, 0],
			"translation": [-2.25, 1.75, 5.75],
			"scale": [0.58008, 0.39063, 0.75977]
		},
		"firstperson_lefthand": {
			"rotation": [91.5, 0, 0],
			"translation": [4.25, 2, 4.5]
		},
		"ground": {
			"translation": [-1, 1.75, -1.5],
			"scale": [0.56836, 0.62695, 0.50195]
		},
		"gui": {
			"rotation": [21.5, -23, -7],
			"translation": [0.75, 6.5, 0]
		},
		"head": {
			"rotation": [-46, -50, 0],
			"translation": [-18.75, -14.25, -5],
			"scale": [0.57, 0.7, 0.49]
		},
		"fixed": {
			"rotation": [-85.5, 42, -5],
			"translation": [-0.5, 1, -7.75],
			"scale": [0.77539, 0.89844, 0.74414]
		}
	},
	"groups": [
		{
			"name": "group",
			"origin": [18, -2, 10],
			"children": [0, 1, 2, 3]
		}, 4, 5, 6, 7, 8, 9, 10, 11]
}