{
	"credit": "Made with Blockbench",
	"textures": {
		"0": "death_note/death_note",
		"1": "death_note/pereplet",
		"particle": "death_note/death_note"
	},
	"elements": [
		{
			"from": [13.001, 0, 7],
			"to": [13.251, 16, 7.75],
			"rotation": {"angle": 0, "axis": "y", "origin": [28, 8, 15]},
			"faces": {
				"north": {"uv": [0, 0, 1, 16], "texture": "#0"},
				"east": {"uv": [0, 0, 1, 16], "texture": "#0"},
				"south": {"uv": [0, 0, 1, 16], "texture": "#0"},
				"west": {"uv": [0, 0, 1, 16], "texture": "#0"},
				"up": {"uv": [0, 0, 1, 16], "texture": "#0"},
				"down": {"uv": [0, 0, 1, 16], "texture": "#0"}
			}
		},
		{
			"from": [3, 0, 7],
			"to": [13, 16, 7.25],
			"rotation": {"angle": 0, "axis": "y", "origin": [18, 8, 15]},
			"faces": {
				"north": {"uv": [0, 0, 10, 16], "texture": "#0"},
				"east": {"uv": [0, 0, 0.25, 16], "texture": "#0"},
				"south": {"uv": [13.96364, 0.11636, 16, 16], "texture": "#0"},
				"west": {"uv": [0, 0, 0.25, 16], "texture": "#0"},
				"up": {"uv": [0, 0, 10, 0.25], "texture": "#0"},
				"down": {"uv": [0, 0, 10, 0.25], "texture": "#0"}
			}
		},
		{
			"from": [3.2, 0.2, 7.25],
			"to": [13, 15.9, 7.5],
			"rotation": {"angle": 0, "axis": "y", "origin": [18, 8, 15.25]},
			"faces": {
				"north": {"uv": [0, 0, 8.8, 16], "texture": "#1"},
				"east": {"uv": [0, 0, 0.25, 16], "texture": "#1"},
				"south": {"uv": [13.96364, 0.11636, 16, 16], "texture": "#1"},
				"west": {"uv": [0.8, 4.8, 8, 16], "texture": "#1"},
				"up": {"uv": [0.8, 3.2, 8, 16], "rotation": 90, "texture": "#1"},
				"down": {"uv": [0.8, 3.2, 8, 16], "rotation": 90, "texture": "#1"}
			}
		},
		{
			"from": [3, 0, 7.5],
			"to": [13, 16, 7.75],
			"rotation": {"angle": 0, "axis": "y", "origin": [18, 8, 14.75]},
			"faces": {
				"north": {"uv": [15.94182, 0, 16, 16], "texture": "#0"},
				"east": {"uv": [0, 0, 0.25, 16], "texture": "#0"},
				"south": {"uv": [0, 0, 10, 16], "texture": "#0"},
				"west": {"uv": [0, 0, 0.25, 16], "texture": "#0"},
				"up": {"uv": [0, 0, 10, 0.25], "texture": "#0"},
				"down": {"uv": [0, 0, 10, 0.25], "texture": "#0"}
			}
		}
	],
	"display": {
		"thirdperson_righthand": {
			"rotation": [0, -39.25, 0],
			"translation": [-2, 3, -0.25],
			"scale": [0.55, 0.55, 0.55]
		},
		"thirdperson_lefthand": {
			"rotation": [0, 128, 0],
			"translation": [-2, 3, -0.25],
			"scale": [0.55, 0.55, 0.55]
		},
		"firstperson_righthand": {
			"rotation": [0, -39.25, 0],
			"translation": [2.75, 1.5, -0.25],
			"scale": [0.55, 0.55, 0.55]
		},
		"firstperson_lefthand": {
			"rotation": [0, 128, 0],
			"translation": [2.75, 1.75, -0.25],
			"scale": [0.55, 0.55, 0.55]
		},
		"ground": {
			"rotation": [-87, 0, 0],
			"scale": [0.5, 0.5, 0.5]
		},
		"gui": {
			"rotation": [31.75, 131, 0],
			"translation": [0, -0.25, 0],
			"scale": [0.77734, 0.77734, 0.77734]
		},
		"head": {
			"rotation": [-33.75, 10.5, 0],
			"translation": [0.75, -1.5, -9.5]
		}
	}
}