{"credit":"by Damfler","texture_size":[32,32],"textures":{"0":"block/white_wool","1":"block/yellow_concrete","particle":"block/white_wool"},"elements":[{"from":[-3,23,8],"to":[22,24,9],"rotation":{"angle":0,"axis":"y","origin":[25,23,16]},"faces":{"north":{"uv":[0,0,12.5,0.5],"texture":"#0"},"east":{"uv":[0,0,0.5,0.5],"texture":"#0"},"south":{"uv":[0,0,12.5,0.5],"texture":"#0"},"west":{"uv":[0,0,0.5,0.5],"texture":"#0"},"up":{"uv":[0,0,12.5,0.5],"texture":"#0"},"down":{"uv":[0,0,12.5,0.5],"texture":"#0"}}},{"from":[23,10,8],"to":[25,11,9],"rotation":{"angle":0,"axis":"y","origin":[28,10,16]},"faces":{"north":{"uv":[0,0,1,0.5],"texture":"#0"},"east":{"uv":[0,0,0.5,0.5],"texture":"#0"},"south":{"uv":[0,0,1,0.5],"texture":"#0"},"west":{"uv":[0,0,0.5,0.5],"texture":"#0"},"up":{"uv":[0,0,1,0.5],"texture":"#0"},"down":{"uv":[0,0,1,0.5],"texture":"#0"}}},{"from":[-6,10,8],"to":[-4,11,9],"rotation":{"angle":0,"axis":"y","origin":[-1,10,16]},"faces":{"north":{"uv":[0,0,1,0.5],"texture":"#0"},"east":{"uv":[0,0,0.5,0.5],"texture":"#0"},"south":{"uv":[0,0,1,0.5],"texture":"#0"},"west":{"uv":[0,0,0.5,0.5],"texture":"#0"},"up":{"uv":[0,0,1,0.5],"texture":"#0"},"down":{"uv":[0,0,1,0.5],"texture":"#0"}}},{"from":[-7,20,8],"to":[-5,21,9],"rotation":{"angle":0,"axis":"y","origin":[-2,20,16]},"faces":{"north":{"uv":[0,0,1,0.5],"texture":"#0"},"east":{"uv":[0,0,0.5,0.5],"texture":"#0"},"south":{"uv":[0,0,1,0.5],"texture":"#0"},"west":{"uv":[0,0,0.5,0.5],"texture":"#0"},"up":{"uv":[0,0,1,0.5],"texture":"#0"},"down":{"uv":[0,0,1,0.5],"texture":"#0"}}},{"from":[24,20,8],"to":[26,21,9],"rotation":{"angle":0,"axis":"y","origin":[29,20,16]},"faces":{"north":{"uv":[0,0,1,0.5],"texture":"#0"},"east":{"uv":[0,0,0.5,0.5],"texture":"#0"},"south":{"uv":[0,0,1,0.5],"texture":"#0"},"west":{"uv":[0,0,0.5,0.5],"texture":"#0"},"up":{"uv":[0,0,1,0.5],"texture":"#0"},"down":{"uv":[0,0,1,0.5],"texture":"#0"}}},{"from":[22,8,8],"to":[23,10,9],"rotation":{"angle":0,"axis":"y","origin":[26,9,16]},"faces":{"north":{"uv":[0,0,0.5,1],"texture":"#0"},"east":{"uv":[0,0,0.5,1],"texture":"#0"},"south":{"uv":[0,0,0.5,1],"texture":"#0"},"west":{"uv":[0,0,0.5,1],"texture":"#0"},"up":{"uv":[0,0,0.5,0.5],"texture":"#0"},"down":{"uv":[0,0,0.5,0.5],"texture":"#0"}}},{"from":[-4,8,8],"to":[-3,10,9],"rotation":{"angle":0,"axis":"y","origin":[0,9,16]},"faces":{"north":{"uv":[0,0,0.5,1],"texture":"#0"},"east":{"uv":[0,0,0.5,1],"texture":"#0"},"south":{"uv":[0,0,0.5,1],"texture":"#0"},"west":{"uv":[0,0,0.5,1],"texture":"#0"},"up":{"uv":[0,0,0.5,0.5],"texture":"#0"},"down":{"uv":[0,0,0.5,0.5],"texture":"#0"}}},{"from":[-9,6,8],"to":[-5,8,9],"rotation":{"angle":0,"axis":"y","origin":[-5,7,16]},"faces":{"north":{"uv":[0,0,2,1],"texture":"#0"},"east":{"uv":[0,0,0.5,1],"texture":"#0"},"south":{"uv":[0,0,2,1],"texture":"#0"},"west":{"uv":[0,0,0.5,1],"texture":"#0"},"up":{"uv":[0,0,2,0.5],"texture":"#0"},"down":{"uv":[0,0,2,0.5],"texture":"#0"}}},{"from":[-5,22,8],"to":[-3,23,9],"rotation":{"angle":0,"axis":"y","origin":[0,22,16]},"faces":{"north":{"uv":[0,0,1,0.5],"texture":"#0"},"east":{"uv":[0,0,0.5,0.5],"texture":"#0"},"south":{"uv":[0,0,1,0.5],"texture":"#0"},"west":{"uv":[0,0,0.5,0.5],"texture":"#0"},"up":{"uv":[0,0,1,0.5],"texture":"#0"},"down":{"uv":[0,0,1,0.5],"texture":"#0"}}},{"from":[22,22,8],"to":[24,23,9],"rotation":{"angle":0,"axis":"y","origin":[27,22,16]},"faces":{"north":{"uv":[0,0,1,0.5],"texture":"#0"},"east":{"uv":[0,0,0.5,0.5],"texture":"#0"},"south":{"uv":[0,0,1,0.5],"texture":"#0"},"west":{"uv":[0,0,0.5,0.5],"texture":"#0"},"up":{"uv":[0,0,1,0.5],"texture":"#0"},"down":{"uv":[0,0,1,0.5],"texture":"#0"}}},{"from":[24,11,8],"to":[25,12,9],"rotation":{"angle":0,"axis":"y","origin":[28,11,16]},"faces":{"north":{"uv":[0,0,0.5,0.5],"texture":"#0"},"east":{"uv":[0,0,0.5,0.5],"texture":"#0"},"south":{"uv":[0,0,0.5,0.5],"texture":"#0"},"west":{"uv":[0,0,0.5,0.5],"texture":"#0"},"up":{"uv":[0,0,0.5,0.5],"texture":"#0"},"down":{"uv":[0,0,0.5,0.5],"texture":"#0"}}},{"from":[23,9,8],"to":[24,10,9],"rotation":{"angle":0,"axis":"y","origin":[27,9,16]},"faces":{"north":{"uv":[0,0,0.5,0.5],"texture":"#0"},"east":{"uv":[0,0,0.5,0.5],"texture":"#0"},"south":{"uv":[0,0,0.5,0.5],"texture":"#0"},"west":{"uv":[0,0,0.5,0.5],"texture":"#0"},"up":{"uv":[0,0,0.5,0.5],"texture":"#0"},"down":{"uv":[0,0,0.5,0.5],"texture":"#0"}}},{"from":[-5,9,8],"to":[-4,10,9],"rotation":{"angle":0,"axis":"y","origin":[-1,9,16]},"faces":{"north":{"uv":[0,0,0.5,0.5],"texture":"#0"},"east":{"uv":[0,0,0.5,0.5],"texture":"#0"},"south":{"uv":[0,0,0.5,0.5],"texture":"#0"},"west":{"uv":[0,0,0.5,0.5],"texture":"#0"},"up":{"uv":[0,0,0.5,0.5],"texture":"#0"},"down":{"uv":[0,0,0.5,0.5],"texture":"#0"}}},{"from":[-8,8,8],"to":[-6,9,9],"rotation":{"angle":0,"axis":"y","origin":[-3,8,16]},"faces":{"north":{"uv":[0,0,1,0.5],"texture":"#0"},"east":{"uv":[0,0,0.5,0.5],"texture":"#0"},"south":{"uv":[0,0,1,0.5],"texture":"#0"},"west":{"uv":[0,0,0.5,0.5],"texture":"#0"},"up":{"uv":[0,0,1,0.5],"texture":"#0"},"down":{"uv":[0,0,1,0.5],"texture":"#0"}}},{"from":[-8,5,8],"to":[-6,6,9],"rotation":{"angle":0,"axis":"y","origin":[-3,5,16]},"faces":{"north":{"uv":[0,0,1,0.5],"texture":"#0"},"east":{"uv":[0,0,0.5,0.5],"texture":"#0"},"south":{"uv":[0,0,1,0.5],"texture":"#0"},"west":{"uv":[0,0,0.5,0.5],"texture":"#0"},"up":{"uv":[0,0,1,0.5],"texture":"#0"},"down":{"uv":[0,0,1,0.5],"texture":"#0"}}},{"from":[-11,2,8],"to":[-9,4,9],"rotation":{"angle":0,"axis":"y","origin":[-6,2,16]},"faces":{"north":{"uv":[0,0,1,1],"texture":"#0"},"east":{"uv":[0,0,0.5,1],"texture":"#0"},"south":{"uv":[0,0,1,1],"texture":"#0"},"west":{"uv":[0,0,0.5,1],"texture":"#0"},"up":{"uv":[0,0,1,0.5],"texture":"#0"},"down":{"uv":[0,0,1,0.5],"texture":"#0"}}},{"from":[-5,21,8],"to":[-4,22,9],"rotation":{"angle":0,"axis":"y","origin":[-1,21,16]},"faces":{"north":{"uv":[0,0,0.5,0.5],"texture":"#0"},"east":{"uv":[0,0,0.5,0.5],"texture":"#0"},"south":{"uv":[0,0,0.5,0.5],"texture":"#0"},"west":{"uv":[0,0,0.5,0.5],"texture":"#0"},"up":{"uv":[0,0,0.5,0.5],"texture":"#0"},"down":{"uv":[0,0,0.5,0.5],"texture":"#0"}}},{"from":[24,21,8],"to":[25,22,9],"rotation":{"angle":0,"axis":"y","origin":[28,21,16]},"faces":{"north":{"uv":[0,0,0.5,0.5],"texture":"#0"},"east":{"uv":[0,0,0.5,0.5],"texture":"#0"},"south":{"uv":[0,0,0.5,0.5],"texture":"#0"},"west":{"uv":[0,0,0.5,0.5],"texture":"#0"},"up":{"uv":[0,0,0.5,0.5],"texture":"#0"},"down":{"uv":[0,0,0.5,0.5],"texture":"#0"}}},{"from":[-6,11,8],"to":[-5,12,9],"rotation":{"angle":0,"axis":"y","origin":[-2,11,16]},"faces":{"north":{"uv":[0,0,0.5,0.5],"texture":"#0"},"east":{"uv":[0,0,0.5,0.5],"texture":"#0"},"south":{"uv":[0,0,0.5,0.5],"texture":"#0"},"west":{"uv":[0,0,0.5,0.5],"texture":"#0"},"up":{"uv":[0,0,0.5,0.5],"texture":"#0"},"down":{"uv":[0,0,0.5,0.5],"texture":"#0"}}},{"from":[-6,21,8],"to":[-5,22,9],"rotation":{"angle":0,"axis":"y","origin":[-2,21,16]},"faces":{"north":{"uv":[0,0,0.5,0.5],"texture":"#0"},"east":{"uv":[0,0,0.5,0.5],"texture":"#0"},"south":{"uv":[0,0,0.5,0.5],"texture":"#0"},"west":{"uv":[0,0,0.5,0.5],"texture":"#0"},"up":{"uv":[0,0,0.5,0.5],"texture":"#0"},"down":{"uv":[0,0,0.5,0.5],"texture":"#0"}}},{"from":[23,21,8],"to":[24,22,9],"rotation":{"angle":0,"axis":"y","origin":[27,21,16]},"faces":{"north":{"uv":[0,0,0.5,0.5],"texture":"#0"},"east":{"uv":[0,0,0.5,0.5],"texture":"#0"},"south":{"uv":[0,0,0.5,0.5],"texture":"#0"},"west":{"uv":[0,0,0.5,0.5],"texture":"#0"},"up":{"uv":[0,0,0.5,0.5],"texture":"#0"},"down":{"uv":[0,0,0.5,0.5],"texture":"#0"}}},{"from":[25,11,8],"to":[26,20,9],"rotation":{"angle":0,"axis":"y","origin":[29,12,16]},"faces":{"north":{"uv":[0,0,0.5,4.5],"texture":"#0"},"east":{"uv":[0,0,0.5,4.5],"texture":"#0"},"south":{"uv":[0,0,0.5,4.5],"texture":"#0"},"west":{"uv":[0,0,0.5,4.5],"texture":"#0"},"up":{"uv":[0,0,0.5,0.5],"texture":"#0"},"down":{"uv":[0,0,0.5,0.5],"texture":"#0"}}},{"from":[-7,11,8],"to":[-6,20,9],"rotation":{"angle":0,"axis":"y","origin":[-3,12,16]},"faces":{"north":{"uv":[0,0,0.5,4.5],"texture":"#0"},"east":{"uv":[0,0,0.5,4.5],"texture":"#0"},"south":{"uv":[0,0,0.5,4.5],"texture":"#0"},"west":{"uv":[0,0,0.5,4.5],"texture":"#0"},"up":{"uv":[0,0,0.5,0.5],"texture":"#0"},"down":{"uv":[0,0,0.5,0.5],"texture":"#0"}}},{"from":[8,8,8],"to":[22,9,9],"rotation":{"angle":0,"axis":"y","origin":[25,8,16]},"faces":{"north":{"uv":[0,0,7,0.5],"texture":"#0"},"east":{"uv":[0,0,0.5,0.5],"texture":"#0"},"south":{"uv":[0,0,7,0.5],"texture":"#0"},"west":{"uv":[0,0,0.5,0.5],"texture":"#0"},"up":{"uv":[0,0,7,0.5],"texture":"#0"},"down":{"uv":[0,0,7,0.5],"texture":"#0"}}},{"from":[-3,8,8],"to":[22,9,9],"rotation":{"angle":0,"axis":"y","origin":[25,8,16]},"faces":{"north":{"uv":[0,0,12.5,0.5],"texture":"#0"},"east":{"uv":[0,0,0.5,0.5],"texture":"#0"},"south":{"uv":[0,0,12.5,0.5],"texture":"#0"},"west":{"uv":[0,0,0.5,0.5],"texture":"#0"},"up":{"uv":[0,0,12.5,0.5],"texture":"#0"},"down":{"uv":[0,0,12.5,0.5],"texture":"#0"}}},{"from":[-3,9,9],"to":[22,23,10],"rotation":{"angle":0,"axis":"y","origin":[25,9,17]},"faces":{"north":{"uv":[0,0,12.5,7],"texture":"#0"},"east":{"uv":[0,0,0.5,7],"texture":"#0"},"south":{"uv":[0,0,12.5,7],"texture":"#0"},"west":{"uv":[0,0,0.5,7],"texture":"#0"},"up":{"uv":[0,0,12.5,0.5],"texture":"#0"},"down":{"uv":[0,0,12.5,0.5],"texture":"#0"}}},{"from":[22,10,9],"to":[23,22,10],"rotation":{"angle":0,"axis":"y","origin":[26,9,17]},"faces":{"north":{"uv":[0,0,0.5,6],"texture":"#0"},"east":{"uv":[0,0,0.5,6],"texture":"#0"},"south":{"uv":[0,0,0.5,6],"texture":"#0"},"west":{"uv":[0,0,0.5,6],"texture":"#0"},"up":{"uv":[0,0,0.5,0.5],"texture":"#0"},"down":{"uv":[0,0,0.5,0.5],"texture":"#0"}}},{"from":[-4,10,9],"to":[-3,22,10],"rotation":{"angle":0,"axis":"y","origin":[0,9,17]},"faces":{"north":{"uv":[0,0,0.5,6],"texture":"#0"},"east":{"uv":[0,0,0.5,6],"texture":"#0"},"south":{"uv":[0,0,0.5,6],"texture":"#0"},"west":{"uv":[0,0,0.5,6],"texture":"#0"},"up":{"uv":[0,0,0.5,0.5],"texture":"#0"},"down":{"uv":[0,0,0.5,0.5],"texture":"#0"}}},{"from":[23,11,9],"to":[24,21,10],"rotation":{"angle":0,"axis":"y","origin":[27,9,17]},"faces":{"north":{"uv":[0,0,0.5,5],"texture":"#0"},"east":{"uv":[0,0,0.5,5],"texture":"#0"},"south":{"uv":[0,0,0.5,5],"texture":"#0"},"west":{"uv":[0,0,0.5,5],"texture":"#0"},"up":{"uv":[0,0,0.5,0.5],"texture":"#0"},"down":{"uv":[0,0,0.5,0.5],"texture":"#0"}}},{"from":[-5,11,9],"to":[-4,21,10],"rotation":{"angle":0,"axis":"y","origin":[-1,9,17]},"faces":{"north":{"uv":[0,0,0.5,5],"texture":"#0"},"east":{"uv":[0,0,0.5,5],"texture":"#0"},"south":{"uv":[0,0,0.5,5],"texture":"#0"},"west":{"uv":[0,0,0.5,5],"texture":"#0"},"up":{"uv":[0,0,0.5,0.5],"texture":"#0"},"down":{"uv":[0,0,0.5,0.5],"texture":"#0"}}},{"from":[24,12,9],"to":[25,20,10],"rotation":{"angle":0,"axis":"y","origin":[28,9,17]},"faces":{"north":{"uv":[0,0,0.5,4],"texture":"#0"},"east":{"uv":[0,0,0.5,4],"texture":"#0"},"south":{"uv":[0,0,0.5,4],"texture":"#0"},"west":{"uv":[0,0,0.5,4],"texture":"#0"},"up":{"uv":[0,0,0.5,0.5],"texture":"#0"},"down":{"uv":[0,0,0.5,0.5],"texture":"#0"}}},{"from":[-6,12,9],"to":[-5,20,10],"rotation":{"angle":0,"axis":"y","origin":[-2,9,17]},"faces":{"north":{"uv":[0,0,0.5,4],"texture":"#0"},"east":{"uv":[0,0,0.5,4],"texture":"#0"},"south":{"uv":[0,0,0.5,4],"texture":"#0"},"west":{"uv":[0,0,0.5,4],"texture":"#0"},"up":{"uv":[0,0,0.5,0.5],"texture":"#0"},"down":{"uv":[0,0,0.5,0.5],"texture":"#0"}}},{"from":[19,20,8],"to":[21,21,9],"rotation":{"angle":0,"axis":"y","origin":[24,20,16]},"faces":{"north":{"uv":[0,0,1,0.5],"texture":"#1"},"east":{"uv":[0,0,0.5,0.5],"texture":"#1"},"south":{"uv":[0,0,1,0.5],"texture":"#1"},"west":{"uv":[0,0,0.5,0.5],"texture":"#1"},"up":{"uv":[0,0,1,0.5],"texture":"#1"},"down":{"uv":[0,0,1,0.5],"texture":"#1"}}},{"from":[18,17,8],"to":[19,20,9],"rotation":{"angle":0,"axis":"y","origin":[23,19,16]},"faces":{"north":{"uv":[0,0,0.5,1.5],"texture":"#1"},"east":{"uv":[0,0,0.5,1.5],"texture":"#1"},"south":{"uv":[0,0,0.5,1.5],"texture":"#1"},"west":{"uv":[0,0,0.5,1.5],"texture":"#1"},"up":{"uv":[0,0,0.5,0.5],"texture":"#1"},"down":{"uv":[0,0,0.5,0.5],"texture":"#1"}}},{"from":[14,16,8],"to":[15,20,9],"rotation":{"angle":0,"axis":"y","origin":[19,18,16]},"faces":{"north":{"uv":[0,0,0.5,2],"texture":"#1"},"east":{"uv":[0,0,0.5,2],"texture":"#1"},"south":{"uv":[0,0,0.5,2],"texture":"#1"},"west":{"uv":[0,0,0.5,2],"texture":"#1"},"up":{"uv":[0,0,0.5,0.5],"texture":"#1"},"down":{"uv":[0,0,0.5,0.5],"texture":"#1"}}},{"from":[11,10,8],"to":[12,15,9],"rotation":{"angle":0,"axis":"y","origin":[16,12,16]},"faces":{"north":{"uv":[0,0,0.5,2.5],"texture":"#1"},"east":{"uv":[0,0,0.5,2.5],"texture":"#1"},"south":{"uv":[0,0,0.5,2.5],"texture":"#1"},"west":{"uv":[0,0,0.5,2.5],"texture":"#1"},"up":{"uv":[0,0,0.5,0.5],"texture":"#1"},"down":{"uv":[0,0,0.5,0.5],"texture":"#1"}}},{"from":[8,10,8],"to":[9,15,9],"rotation":{"angle":0,"axis":"y","origin":[13,12,16]},"faces":{"north":{"uv":[0,0,0.5,2.5],"texture":"#1"},"east":{"uv":[0,0,0.5,2.5],"texture":"#1"},"south":{"uv":[0,0,0.5,2.5],"texture":"#1"},"west":{"uv":[0,0,0.5,2.5],"texture":"#1"},"up":{"uv":[0,0,0.5,0.5],"texture":"#1"},"down":{"uv":[0,0,0.5,0.5],"texture":"#1"}}},{"from":[-2,16,8],"to":[-1,20,9],"rotation":{"angle":0,"axis":"y","origin":[3,18,16]},"faces":{"north":{"uv":[0,0,0.5,2],"texture":"#1"},"east":{"uv":[0,0,0.5,2],"texture":"#1"},"south":{"uv":[0,0,0.5,2],"texture":"#1"},"west":{"uv":[0,0,0.5,2],"texture":"#1"},"up":{"uv":[0,0,0.5,0.5],"texture":"#1"},"down":{"uv":[0,0,0.5,0.5],"texture":"#1"}}},{"from":[5,10,8],"to":[6,14,9],"rotation":{"angle":0,"axis":"y","origin":[10,13,16]},"faces":{"north":{"uv":[0,0,0.5,1.5],"texture":"#1"},"east":{"uv":[0,0,0.5,1.5],"texture":"#1"},"south":{"uv":[0,0,0.5,1.5],"texture":"#1"},"west":{"uv":[0,0,0.5,1.5],"texture":"#1"},"up":{"uv":[0,0,0.5,0.5],"texture":"#1"},"down":{"uv":[0,0,0.5,0.5],"texture":"#1"}}},{"from":[2,10,8],"to":[3,14,9],"rotation":{"angle":0,"axis":"y","origin":[7,12,16]},"faces":{"north":{"uv":[0,0,0.5,1.5],"texture":"#1"},"east":{"uv":[0,0,0.5,1.5],"texture":"#1"},"south":{"uv":[0,0,0.5,1.5],"texture":"#1"},"west":{"uv":[0,0,0.5,1.5],"texture":"#1"},"up":{"uv":[0,0,0.5,0.5],"texture":"#1"},"down":{"uv":[0,0,0.5,0.5],"texture":"#1"}}},{"from":[3,14,8],"to":[5,15,9],"rotation":{"angle":0,"axis":"y","origin":[8,14,16]},"faces":{"north":{"uv":[0,0,0.5,1],"texture":"#1"},"east":{"uv":[0,0,0.5,1],"texture":"#1"},"south":{"uv":[0,0,0.5,1],"texture":"#1"},"west":{"uv":[0,0,0.5,1],"texture":"#1"},"up":{"uv":[0,0,0.5,0.5],"texture":"#1"},"down":{"uv":[0,0,0.5,0.5],"texture":"#1"}}},{"from":[0.5,10,8],"to":[1.5,11,9],"rotation":{"angle":0,"axis":"y","origin":[5.5,11,16]},"faces":{"north":{"uv":[0,0,0.5,0.5],"texture":"#1"},"east":{"uv":[0,0,0.5,0.5],"texture":"#1"},"south":{"uv":[0,0,0.5,0.5],"texture":"#1"},"west":{"uv":[0,0,0.5,0.5],"texture":"#1"},"up":{"uv":[0,0,0.5,0.5],"texture":"#1"},"down":{"uv":[0,0,0.5,0.5],"texture":"#1"}}},{"from":[6,10,8],"to":[7,11,9],"rotation":{"angle":0,"axis":"y","origin":[11,11,16]},"faces":{"north":{"uv":[0,0,0.5,0.5],"texture":"#1"},"east":{"uv":[0,0,0.5,0.5],"texture":"#1"},"south":{"uv":[0,0,0.5,0.5],"texture":"#1"},"west":{"uv":[0,0,0.5,0.5],"texture":"#1"},"up":{"uv":[0,0,0.5,0.5],"texture":"#1"},"down":{"uv":[0,0,0.5,0.5],"texture":"#1"}}},{"from":[-1.5,10,8],"to":[-0.5,11,9],"rotation":{"angle":0,"axis":"y","origin":[3.5,11,16]},"faces":{"north":{"uv":[0,0,0.5,0.5],"texture":"#1"},"east":{"uv":[0,0,0.5,0.5],"texture":"#1"},"south":{"uv":[0,0,0.5,0.5],"texture":"#1"},"west":{"uv":[0,0,0.5,0.5],"texture":"#1"},"up":{"uv":[0,0,0.5,0.5],"texture":"#1"},"down":{"uv":[0,0,0.5,0.5],"texture":"#1"}}},{"from":[-3.5,10,8],"to":[-2.5,11,9],"rotation":{"angle":0,"axis":"y","origin":[1.5,11,16]},"faces":{"north":{"uv":[0,0,0.5,0.5],"texture":"#1"},"east":{"uv":[0,0,0.5,0.5],"texture":"#1"},"south":{"uv":[0,0,0.5,0.5],"texture":"#1"},"west":{"uv":[0,0,0.5,0.5],"texture":"#1"},"up":{"uv":[0,0,0.5,0.5],"texture":"#1"},"down":{"uv":[0,0,0.5,0.5],"texture":"#1"}}},{"from":[10,16,8],"to":[11,20,9],"rotation":{"angle":0,"axis":"y","origin":[15,18,16]},"faces":{"north":{"uv":[0,0,0.5,2],"texture":"#1"},"east":{"uv":[0,0,0.5,2],"texture":"#1"},"south":{"uv":[0,0,0.5,2],"texture":"#1"},"west":{"uv":[0,0,0.5,2],"texture":"#1"},"up":{"uv":[0,0,0.5,0.5],"texture":"#1"},"down":{"uv":[0,0,0.5,0.5],"texture":"#1"}}},{"from":[16,10,8],"to":[17,14,9],"rotation":{"angle":0,"axis":"y","origin":[21,12,16]},"faces":{"north":{"uv":[0,0,0.5,2],"texture":"#1"},"east":{"uv":[0,0,0.5,2],"texture":"#1"},"south":{"uv":[0,0,0.5,2],"texture":"#1"},"west":{"uv":[0,0,0.5,2],"texture":"#1"},"up":{"uv":[0,0,0.5,0.5],"texture":"#1"},"down":{"uv":[0,0,0.5,0.5],"texture":"#1"}}},{"from":[4,16,8],"to":[5,20,9],"rotation":{"angle":0,"axis":"y","origin":[9,18,16]},"faces":{"north":{"uv":[0,0,0.5,2],"texture":"#1"},"east":{"uv":[0,0,0.5,2],"texture":"#1"},"south":{"uv":[0,0,0.5,2],"texture":"#1"},"west":{"uv":[0,0,0.5,2],"texture":"#1"},"up":{"uv":[0,0,0.5,0.5],"texture":"#1"},"down":{"uv":[0,0,0.5,0.5],"texture":"#1"}}},{"from":[8,20,8],"to":[10,21,9],"rotation":{"angle":0,"axis":"y","origin":[14,19,17]},"faces":{"north":{"uv":[0,0,1,0.5],"texture":"#1"},"east":{"uv":[0,0,0.5,0.5],"texture":"#1"},"south":{"uv":[0,0,1,0.5],"texture":"#1"},"west":{"uv":[0,0,0.5,0.5],"texture":"#1"},"up":{"uv":[0,0,1,0.5],"texture":"#1"},"down":{"uv":[0,0,1,0.5],"texture":"#1"}}},{"from":[13,14,8],"to":[17,15,9],"rotation":{"angle":0,"axis":"y","origin":[20,13,17]},"faces":{"north":{"uv":[0,0,2,0.5],"texture":"#1"},"east":{"uv":[0,0,0.5,0.5],"texture":"#1"},"south":{"uv":[0,0,2,0.5],"texture":"#1"},"west":{"uv":[0,0,0.5,0.5],"texture":"#1"},"up":{"uv":[0,0,2,0.5],"texture":"#1"},"down":{"uv":[0,0,2,0.5],"texture":"#1"}}},{"from":[18,11,8],"to":[19,15,9],"rotation":{"angle":0,"axis":"y","origin":[25,13,17]},"faces":{"north":{"uv":[0,0,0.5,2],"texture":"#1"},"east":{"uv":[0,0,0.5,2],"texture":"#1"},"south":{"uv":[0,0,0.5,2],"texture":"#1"},"west":{"uv":[0,0,0.5,2],"texture":"#1"},"up":{"uv":[0,0,0.5,0.5],"texture":"#1"},"down":{"uv":[0,0,0.5,0.5],"texture":"#1"}}},{"from":[21,13,8],"to":[22,15,9],"rotation":{"angle":0,"axis":"y","origin":[28,13,17]},"faces":{"north":{"uv":[0,0,0.5,1],"texture":"#1"},"east":{"uv":[0,0,0.5,1],"texture":"#1"},"south":{"uv":[0,0,0.5,1],"texture":"#1"},"west":{"uv":[0,0,0.5,1],"texture":"#1"},"up":{"uv":[0,0,0.5,0.5],"texture":"#1"},"down":{"uv":[0,0,0.5,0.5],"texture":"#1"}}},{"from":[19,10,8],"to":[21,11,9],"rotation":{"angle":0,"axis":"y","origin":[26,12,17]},"faces":{"north":{"uv":[0,0,1.5,0.5],"texture":"#1"},"east":{"uv":[0,0,0.5,0.5],"texture":"#1"},"south":{"uv":[0,0,1.5,0.5],"texture":"#1"},"west":{"uv":[0,0,0.5,0.5],"texture":"#1"},"up":{"uv":[0,0,1.5,0.5],"texture":"#1"},"down":{"uv":[0,0,1.5,0.5],"texture":"#1"}}},{"from":[19,12,8],"to":[21,13,9],"rotation":{"angle":0,"axis":"y","origin":[26,14,17]},"faces":{"north":{"uv":[0,0,1,0.5],"texture":"#1"},"east":{"uv":[0,0,0.5,0.5],"texture":"#1"},"south":{"uv":[0,0,1,0.5],"texture":"#1"},"west":{"uv":[0,0,0.5,0.5],"texture":"#1"},"up":{"uv":[0,0,1,0.5],"texture":"#1"},"down":{"uv":[0,0,1,0.5],"texture":"#1"}}},{"from":[2,20,8],"to":[4,21,9],"rotation":{"angle":0,"axis":"y","origin":[8,19,16]},"faces":{"north":{"uv":[0,0,1,0.5],"texture":"#1"},"east":{"uv":[0,0,0.5,0.5],"texture":"#1"},"south":{"uv":[0,0,1,0.5],"texture":"#1"},"west":{"uv":[0,0,0.5,0.5],"texture":"#1"},"up":{"uv":[0,0,1,0.5],"texture":"#1"},"down":{"uv":[0,0,1,0.5],"texture":"#1"}}},{"from":[8,16,8],"to":[10,17,9],"rotation":{"angle":0,"axis":"y","origin":[14,15,16]},"faces":{"north":{"uv":[0,0,1,0.5],"texture":"#1"},"east":{"uv":[0,0,0.5,0.5],"texture":"#1"},"south":{"uv":[0,0,1,0.5],"texture":"#1"},"west":{"uv":[0,0,0.5,0.5],"texture":"#1"},"up":{"uv":[0,0,1,0.5],"texture":"#1"},"down":{"uv":[0,0,1,0.5],"texture":"#1"}}},{"from":[14,10,8],"to":[16,11,9],"rotation":{"angle":0,"axis":"y","origin":[20,9,16]},"faces":{"north":{"uv":[0,0,1,0.5],"texture":"#1"},"east":{"uv":[0,0,0.5,0.5],"texture":"#1"},"south":{"uv":[0,0,1,0.5],"texture":"#1"},"west":{"uv":[0,0,0.5,0.5],"texture":"#1"},"up":{"uv":[0,0,1,0.5],"texture":"#1"},"down":{"uv":[0,0,1,0.5],"texture":"#1"}}},{"from":[2,16,8],"to":[4,17,9],"rotation":{"angle":0,"axis":"y","origin":[8,15,16]},"faces":{"north":{"uv":[0,0,1,0.5],"texture":"#1"},"east":{"uv":[0,0,0.5,0.5],"texture":"#1"},"south":{"uv":[0,0,1,0.5],"texture":"#1"},"west":{"uv":[0,0,0.5,0.5],"texture":"#1"},"up":{"uv":[0,0,1,0.5],"texture":"#1"},"down":{"uv":[0,0,1,0.5],"texture":"#1"}}},{"from":[8,18,8],"to":[10,19,9],"rotation":{"angle":0,"axis":"y","origin":[14,17,16]},"faces":{"north":{"uv":[0,0,1,0.5],"texture":"#1"},"east":{"uv":[0,0,0.5,0.5],"texture":"#1"},"south":{"uv":[0,0,1,0.5],"texture":"#1"},"west":{"uv":[0,0,0.5,0.5],"texture":"#1"},"up":{"uv":[0,0,1,0.5],"texture":"#1"},"down":{"uv":[0,0,1,0.5],"texture":"#1"}}},{"from":[14,12,8],"to":[16,13,9],"rotation":{"angle":0,"axis":"y","origin":[20,11,16]},"faces":{"north":{"uv":[0,0,1,0.5],"texture":"#1"},"east":{"uv":[0,0,0.5,0.5],"texture":"#1"},"south":{"uv":[0,0,1,0.5],"texture":"#1"},"west":{"uv":[0,0,0.5,0.5],"texture":"#1"},"up":{"uv":[0,0,1,0.5],"texture":"#1"},"down":{"uv":[0,0,1,0.5],"texture":"#1"}}},{"from":[7,19,8],"to":[8,20,9],"rotation":{"angle":0,"axis":"y","origin":[13,18,16]},"faces":{"north":{"uv":[0,0,0.5,0.5],"texture":"#1"},"east":{"uv":[0,0,0.5,0.5],"texture":"#1"},"south":{"uv":[0,0,0.5,0.5],"texture":"#1"},"west":{"uv":[0,0,0.5,0.5],"texture":"#1"},"up":{"uv":[0,0,0.5,0.5],"texture":"#1"},"down":{"uv":[0,0,0.5,0.5],"texture":"#1"}}},{"from":[7,17,8],"to":[8,18,9],"rotation":{"angle":0,"axis":"y","origin":[13,16,16]},"faces":{"north":{"uv":[0,0,0.5,0.5],"texture":"#1"},"east":{"uv":[0,0,0.5,0.5],"texture":"#1"},"south":{"uv":[0,0,0.5,0.5],"texture":"#1"},"west":{"uv":[0,0,0.5,0.5],"texture":"#1"},"up":{"uv":[0,0,0.5,0.5],"texture":"#1"},"down":{"uv":[0,0,0.5,0.5],"texture":"#1"}}},{"from":[13,11,8],"to":[14,12,9],"rotation":{"angle":0,"axis":"y","origin":[19,10,16]},"faces":{"north":{"uv":[0,0,0.5,0.5],"texture":"#1"},"east":{"uv":[0,0,0.5,0.5],"texture":"#1"},"south":{"uv":[0,0,0.5,0.5],"texture":"#1"},"west":{"uv":[0,0,0.5,0.5],"texture":"#1"},"up":{"uv":[0,0,0.5,0.5],"texture":"#1"},"down":{"uv":[0,0,0.5,0.5],"texture":"#1"}}},{"from":[10,11,8],"to":[11,12,9],"rotation":{"angle":0,"axis":"y","origin":[16,10,16]},"faces":{"north":{"uv":[0,0,0.5,0.5],"texture":"#1"},"east":{"uv":[0,0,0.5,0.5],"texture":"#1"},"south":{"uv":[0,0,0.5,0.5],"texture":"#1"},"west":{"uv":[0,0,0.5,0.5],"texture":"#1"},"up":{"uv":[0,0,0.5,0.5],"texture":"#1"},"down":{"uv":[0,0,0.5,0.5],"texture":"#1"}}},{"from":[9,12,8],"to":[10,13,9],"rotation":{"angle":0,"axis":"y","origin":[15,11,16]},"faces":{"north":{"uv":[0,0,0.5,0.5],"texture":"#1"},"east":{"uv":[0,0,0.5,0.5],"texture":"#1"},"south":{"uv":[0,0,0.5,0.5],"texture":"#1"},"west":{"uv":[0,0,0.5,0.5],"texture":"#1"},"up":{"uv":[0,0,0.5,0.5],"texture":"#1"},"down":{"uv":[0,0,0.5,0.5],"texture":"#1"}}},{"from":[2,18,8],"to":[4,19,9],"rotation":{"angle":0,"axis":"y","origin":[8,17,16]},"faces":{"north":{"uv":[0,0,1,0.5],"texture":"#1"},"east":{"uv":[0,0,0.5,0.5],"texture":"#1"},"south":{"uv":[0,0,1,0.5],"texture":"#1"},"west":{"uv":[0,0,0.5,0.5],"texture":"#1"},"up":{"uv":[0,0,1,0.5],"texture":"#1"},"down":{"uv":[0,0,1,0.5],"texture":"#1"}}},{"from":[13,20,8],"to":[16,21,9],"rotation":{"angle":0,"axis":"y","origin":[19,19,16]},"faces":{"north":{"uv":[0,0,1.5,0.5],"texture":"#1"},"east":{"uv":[0,0,0.5,0.5],"texture":"#1"},"south":{"uv":[0,0,1.5,0.5],"texture":"#1"},"west":{"uv":[0,0,0.5,0.5],"texture":"#1"},"up":{"uv":[0,0,1.5,0.5],"texture":"#1"},"down":{"uv":[0,0,1.5,0.5],"texture":"#1"}}},{"from":[-3,20,8],"to":[0,21,9],"rotation":{"angle":0,"axis":"y","origin":[3,19,16]},"faces":{"north":{"uv":[0,0,1.5,0.5],"texture":"#1"},"east":{"uv":[0,0,0.5,0.5],"texture":"#1"},"south":{"uv":[0,0,1.5,0.5],"texture":"#1"},"west":{"uv":[0,0,0.5,0.5],"texture":"#1"},"up":{"uv":[0,0,1.5,0.5],"texture":"#1"},"down":{"uv":[0,0,1.5,0.5],"texture":"#1"}}},{"from":[21,17,8],"to":[22,20,9],"rotation":{"angle":0,"axis":"y","origin":[26,19,16]},"faces":{"north":{"uv":[0,0,0.5,1.5],"texture":"#1"},"east":{"uv":[0,0,0.5,1.5],"texture":"#1"},"south":{"uv":[0,0,0.5,1.5],"texture":"#1"},"west":{"uv":[0,0,0.5,1.5],"texture":"#1"},"up":{"uv":[0,0,0.5,0.5],"texture":"#1"},"down":{"uv":[0,0,0.5,0.5],"texture":"#1"}}},{"from":[19,16,8],"to":[21,17,9],"rotation":{"angle":0,"axis":"y","origin":[24,16,16]},"faces":{"north":{"uv":[0,0,1,0.5],"texture":"#1"},"east":{"uv":[0,0,0.5,0.5],"texture":"#1"},"south":{"uv":[0,0,1,0.5],"texture":"#1"},"west":{"uv":[0,0,0.5,0.5],"texture":"#1"},"up":{"uv":[0,0,1,0.5],"texture":"#1"},"down":{"uv":[0,0,1,0.5],"texture":"#1"}}}],"display":{"thirdperson_righthand":{"rotation":[68,-1.75,0],"translation":[7.5,5,14.25],"scale":[0.5,0.5,0.5]},"thirdperson_lefthand":{"rotation":[68,-1.75,0],"translation":[-19.25,5,14.25],"scale":[0.5,0.5,0.5]},"firstperson_righthand":{"rotation":[0,114,0],"translation":[0,-0.25,-3],"scale":[0.5,0.5,0.5]},"firstperson_lefthand":{"rotation":[0,114,0],"translation":[0,0,-4.5],"scale":[0.5,0.5,0.5]},"ground":{"rotation":[90,0,0],"translation":[0,0,-2.5]},"gui":{"rotation":[-180,11.5,-157],"translation":[-0.5,-2,0],"scale":[0.44,0.44,0.44]},"head":{"translation":[19.5,12.5,-6.25],"scale":[0.8,0.8,0.8]},"fixed":{"rotation":[-90,0,0],"translation":[72,-2,-27.25],"scale":[4,4,4]}},"groups":[{"name":"Табличка (Облачко)","origin":[3,9,17],"children":[0,1,2,3,4,5,6,7,8,9,10,11,12,13,14,15,16,17,18,19,20,21,22,23,24,25,26,27,28,29,30,31]},{"name":"Текст","origin":[25,16,16],"children":[32,33,34,35,36,37,38,39,40,41,42,43,44,45,46,47,48,49,50,51,52,53,54,55,56,57,58,59,60,61,62,63,64,65,66,67,68,69]}]}