{"credit":"","textures":{"0":"block/white_concrete","1":"block/white_wool","particle":"block/white_concrete"},"elements":[{"from":[1,-2,15],"to":[15,3,16],"faces":{"north":{"uv":[0,2,14,7],"texture":"#1"},"east":{"uv":[0,13,1,16],"texture":"#1"},"south":{"uv":[0,2,14,7],"texture":"#1"},"west":{"uv":[15,13,16,16],"texture":"#1"},"up":{"uv":[1,15,15,16],"texture":"#1"},"down":{"uv":[1,0,15,1],"texture":"#1"}}},{"from":[1,-3,15],"to":[5,-2,16],"rotation":{"angle":0,"axis":"y","origin":[8,3,8]},"faces":{"north":{"uv":[8,5,12,6],"texture":"#1"},"east":{"uv":[10,5,11,6],"texture":"#1"},"south":{"uv":[8,9,12,10],"texture":"#1"},"west":{"uv":[15,13,16,14],"texture":"#1"},"up":{"uv":[5,6,10,7],"texture":"#1"},"down":{"uv":[13,7,9,8],"texture":"#1"}}},{"from":[13,-4,15],"to":[15,-3,16],"rotation":{"angle":0,"axis":"y","origin":[8,2,8]},"faces":{"north":{"uv":[7,5,9,6],"texture":"#1"},"east":{"uv":[16,13,15,14],"texture":"#1"},"south":{"uv":[8,9,10,10],"texture":"#1"},"west":{"uv":[11,5,10,6],"texture":"#1"},"up":{"uv":[10,6,5,7],"texture":"#1"},"down":{"uv":[9,3,11,4],"texture":"#1"}}},{"from":[11,-3,15],"to":[15,-2,16],"rotation":{"angle":0,"axis":"y","origin":[8,3,8]},"faces":{"north":{"uv":[12,5,8,6],"texture":"#1"},"east":{"uv":[16,14,15,15],"texture":"#1"},"south":{"uv":[12,10,8,11],"texture":"#1"},"west":{"uv":[11,5,10,6],"texture":"#1"},"up":{"uv":[10,6,5,7],"texture":"#1"},"down":{"uv":[13,3,9,4],"texture":"#1"}}},{"from":[1,-4,15],"to":[3,-3,16],"rotation":{"angle":0,"axis":"y","origin":[8,2,8]},"faces":{"north":{"uv":[8,4,10,5],"texture":"#1"},"east":{"uv":[10,5,11,6],"texture":"#1"},"south":{"uv":[8,7,10,8],"texture":"#1"},"west":{"uv":[14,13,15,14],"texture":"#1"},"up":{"uv":[5,6,10,7],"texture":"#1"},"down":{"uv":[9,3,11,4],"texture":"#1"}}},{"from":[0,-3,1],"to":[2,3,15],"faces":{"north":{"uv":[14,13,16,16],"texture":"#1"},"east":{"uv":[1,13,15,16],"texture":"#1"},"south":{"uv":[0,13,2,16],"texture":"#1"},"west":{"uv":[2,4,16,10],"texture":"#1"},"up":{"uv":[0,1,2,15],"texture":"#1"},"down":{"uv":[0,1,2,15],"texture":"#1"}}},{"from":[0,-9,5],"to":[2,-3,13],"rotation":{"angle":0,"axis":"y","origin":[8,2,8]},"faces":{"north":{"uv":[7,4,9,10],"texture":"#1"},"east":{"uv":[2,4,10,10],"texture":"#1"},"south":{"uv":[7,6,9,12],"texture":"#1"},"west":{"uv":[2,4,10,10],"texture":"#1"},"up":{"uv":[0,1,2,9],"texture":"#1"},"down":{"uv":[7,4,9,12],"texture":"#1"}}},{"from":[14,-6,13],"to":[16,-3,15],"rotation":{"angle":0,"axis":"y","origin":[8,2,10.75]},"faces":{"north":{"uv":[12,8,10,11],"texture":"#1"},"east":{"uv":[4,4,2,7],"texture":"#1"},"south":{"uv":[11,7,9,10],"texture":"#1"},"west":{"uv":[10,1,8,4],"texture":"#1"},"up":{"uv":[10,6,8,8],"texture":"#1"},"down":{"uv":[2,1,0,3],"texture":"#1"}}},{"from":[14,-9,5],"to":[16,-3,13],"rotation":{"angle":0,"axis":"y","origin":[8,2,8]},"faces":{"north":{"uv":[10,4,8,10],"texture":"#1"},"east":{"uv":[10,4,2,10],"texture":"#1"},"south":{"uv":[15,5,13,11],"texture":"#1"},"west":{"uv":[10,4,2,10],"texture":"#1"},"up":{"uv":[2,1,0,9],"texture":"#1"},"down":{"uv":[8,2,6,10],"texture":"#1"}}},{"from":[0,-6,13],"to":[2,-3,15],"rotation":{"angle":0,"axis":"y","origin":[8,2,10.75]},"faces":{"north":{"uv":[14,13,16,16],"texture":"#1"},"east":{"uv":[2,4,4,7],"texture":"#1"},"south":{"uv":[7,8,9,11],"texture":"#1"},"west":{"uv":[2,4,4,7],"texture":"#1"},"up":{"uv":[0,1,2,3],"texture":"#1"},"down":{"uv":[5,4,7,6],"texture":"#1"}}},{"from":[0.5,1,0],"to":[15.5,3,1],"faces":{"north":{"uv":[1,8,15,13],"texture":"#1"},"east":{"uv":[15,13,16,16],"texture":"#1"},"south":{"uv":[1,13,15,16],"texture":"#1"},"west":{"uv":[0,13,1,16],"texture":"#1"},"up":{"uv":[1,0,15,1],"texture":"#1"},"down":{"uv":[1,15,15,16],"texture":"#1"}}},{"from":[14,-3,1],"to":[16,3,15],"faces":{"north":{"uv":[0,13,2,16],"texture":"#1"},"east":{"uv":[1,5,15,11],"texture":"#1"},"south":{"uv":[14,13,16,16],"texture":"#1"},"west":{"uv":[1,13,15,16],"texture":"#1"},"up":{"uv":[14,1,16,15],"texture":"#1"},"down":{"uv":[14,1,16,15],"texture":"#1"}}},{"from":[2,-1,14],"to":[14,2,15],"rotation":{"angle":0,"axis":"y","origin":[8,7,8]},"faces":{"north":{"uv":[2,13,14,16],"texture":"#0"},"east":{"uv":[1,13,2,16],"texture":"#0"},"south":{"uv":[2,13,14,16],"texture":"#0"},"west":{"uv":[14,13,15,16],"texture":"#0"},"up":{"uv":[2,14,14,15],"texture":"#0"},"down":{"uv":[2,1,14,2],"texture":"#0"}}},{"from":[2,2,1],"to":[14,2,2],"rotation":{"angle":0,"axis":"y","origin":[8,7,8]},"faces":{"north":{"uv":[2,13,14,16],"texture":"#0"},"east":{"uv":[14,13,15,16],"texture":"#0"},"south":{"uv":[2,13,14,16],"texture":"#0"},"west":{"uv":[1,13,2,16],"texture":"#0"},"up":{"uv":[2,1,14,2],"texture":"#0"},"down":{"uv":[2,14,14,15],"texture":"#0"}}},{"from":[2,4,3],"to":[14,6,13],"rotation":{"angle":0,"axis":"y","origin":[8,7,8]},"faces":{"north":{"uv":[2,9,14,11],"texture":"#0"},"east":{"uv":[3,9,13,11],"texture":"#0"},"south":{"uv":[2,9,14,11],"texture":"#0"},"west":{"uv":[3,9,13,11],"texture":"#0"},"up":{"uv":[2,3,14,13],"texture":"#0"},"down":{"uv":[2,3,14,13],"texture":"#0"}}},{"from":[2,2,2],"to":[14,4,14],"rotation":{"angle":0,"axis":"y","origin":[8,7,8]},"faces":{"north":{"uv":[2,11,14,13],"texture":"#0"},"east":{"uv":[2,11,14,13],"texture":"#0"},"south":{"uv":[2,11,14,13],"texture":"#0"},"west":{"uv":[2,11,14,13],"texture":"#0"},"up":{"uv":[2,2,14,14],"texture":"#0"},"down":{"uv":[2,2,14,14],"texture":"#0"}}},{"from":[3,4,2],"to":[13,6,14],"rotation":{"angle":0,"axis":"y","origin":[8,7,8]},"faces":{"north":{"uv":[3,9,13,11],"texture":"#0"},"east":{"uv":[2,9,14,11],"texture":"#0"},"south":{"uv":[3,9,13,11],"texture":"#0"},"west":{"uv":[2,9,14,11],"texture":"#0"},"up":{"uv":[3,2,13,14],"texture":"#0"},"down":{"uv":[3,2,13,14],"texture":"#0"}}},{"from":[1,2,2],"to":[15,5,14],"rotation":{"angle":0,"axis":"y","origin":[8,7,8]},"faces":{"north":{"uv":[1,10,15,13],"texture":"#0"},"east":{"uv":[2,10,14,13],"texture":"#0"},"south":{"uv":[1,10,15,13],"texture":"#0"},"west":{"uv":[2,10,14,13],"texture":"#0"},"up":{"uv":[1,2,15,14],"texture":"#0"},"down":{"uv":[1,2,15,14],"texture":"#0"}}},{"from":[2,2,1],"to":[14,5,15],"rotation":{"angle":0,"axis":"y","origin":[8,7,8]},"faces":{"north":{"uv":[2,10,14,13],"texture":"#0"},"east":{"uv":[1,10,15,13],"texture":"#0"},"south":{"uv":[2,10,14,13],"texture":"#0"},"west":{"uv":[1,10,15,13],"texture":"#0"},"up":{"uv":[2,1,14,15],"texture":"#0"},"down":{"uv":[2,1,14,15],"texture":"#0"}}},{"from":[3,5,3],"to":[13,7,13],"rotation":{"angle":0,"axis":"y","origin":[8,7,8]},"faces":{"north":{"uv":[3,8,13,10],"texture":"#0"},"east":{"uv":[3,8,13,10],"texture":"#0"},"south":{"uv":[3,8,13,10],"texture":"#0"},"west":{"uv":[3,8,13,10],"texture":"#0"},"up":{"uv":[3,3,13,13],"texture":"#0"},"down":{"uv":[3,3,13,13],"texture":"#0"}}},{"from":[4,6,6],"to":[12,8,10],"rotation":{"angle":0,"axis":"y","origin":[8,7,8]},"faces":{"north":{"uv":[4,7,12,9],"texture":"#0"},"east":{"uv":[6,7,10,9],"texture":"#0"},"south":{"uv":[4,7,12,9],"texture":"#0"},"west":{"uv":[6,7,10,9],"texture":"#0"},"up":{"uv":[4,6,12,10],"texture":"#0"},"down":{"uv":[4,6,12,10],"texture":"#0"}}},{"from":[6,6,10],"to":[10,8,12],"rotation":{"angle":0,"axis":"y","origin":[8,7,8]},"faces":{"north":{"uv":[6,7,10,9],"texture":"#0"},"east":{"uv":[4,7,6,9],"texture":"#0"},"south":{"uv":[6,7,10,9],"texture":"#0"},"west":{"uv":[10,7,12,9],"texture":"#0"},"up":{"uv":[6,10,10,12],"texture":"#0"},"down":{"uv":[6,4,10,6],"texture":"#0"}}},{"from":[6,6,4],"to":[10,8,6],"rotation":{"angle":0,"axis":"y","origin":[8,7,8]},"faces":{"north":{"uv":[6,7,10,9],"texture":"#0"},"east":{"uv":[10,7,12,9],"texture":"#0"},"south":{"uv":[6,7,10,9],"texture":"#0"},"west":{"uv":[4,7,6,9],"texture":"#0"},"up":{"uv":[6,4,10,6],"texture":"#0"},"down":{"uv":[6,10,10,12],"texture":"#0"}}},{"from":[6,8,6],"to":[10,9,10],"rotation":{"angle":0,"axis":"y","origin":[8,9,8]},"faces":{"north":{"uv":[11,3,15,4],"texture":"#1"},"east":{"uv":[6,7,10,8],"texture":"#1"},"south":{"uv":[4,2,8,3],"texture":"#1"},"west":{"uv":[5,11,9,12],"texture":"#1"},"up":{"uv":[7,9,11,13],"texture":"#1"},"down":{"uv":[4,6,8,10],"texture":"#1"}}}],"display":{"thirdperson_righthand":{"rotation":[0,-180,0],"translation":[0,3.5,-0.25],"scale":[0.31,0.3,0.32]},"thirdperson_lefthand":{"rotation":[0,-180,0],"translation":[0,3.5,-0.25],"scale":[0.31,0.3,0.32]},"firstperson_righthand":{"rotation":[0,-180,0],"translation":[5.5,2.75,-3.5],"scale":[0.47,0.46,0.45]},"firstperson_lefthand":{"rotation":[0,-180,0],"translation":[5.5,2.75,-3.5],"scale":[0.47,0.46,0.45]},"ground":{"translation":[0,4.25,0],"scale":[0.47,0.46,0.45]},"gui":{"rotation":[45,133,0],"translation":[0,3.75,0],"scale":[0.62,0.62,0.62]},"head":{"translation":[0,13.25,0]},"fixed":{"rotation":[-90,0,0],"translation":[0,0,-11.75]}},"groups":[{"name":"group","origin":[8,8,8],"children":[0,1,2,3,4,5,6,7,8,9,10,11]},{"name":"group","origin":[8,8,8],"children":[12,13,14,15,16,17,18,19,20,21,22]},23]}