{"credit":"by Damfler","textures":{"0":"block/gray_concrete","1":"block/green_concrete","2":"block/iron_block","3":"block/black_concrete","4":"container/recycle","particle":"block/gray_concrete"},"elements":[{"from":[-2.8,-0.85,0.96],"to":[-2.42,-0.47,1.72],"rotation":{"angle":0,"axis":"y","origin":[0.24,2.19,4]},"faces":{"north":{"uv":[0,0,1,1],"texture":"#3"},"east":{"uv":[0,0,2,1],"texture":"#3"},"south":{"uv":[0,0,1,1],"texture":"#3"},"west":{"uv":[0,0,2,1],"texture":"#3"},"up":{"uv":[0,0,1,2],"texture":"#3"},"down":{"uv":[0,0,1,2],"texture":"#3"}}},{"from":[-2.8,-0.85,14.52],"to":[-2.42,-0.47,15.28],"rotation":{"angle":0,"axis":"y","origin":[0.24,2.19,17.56]},"faces":{"north":{"uv":[0,0,1,1],"texture":"#3"},"east":{"uv":[0,0,2,1],"texture":"#3"},"south":{"uv":[0,0,1,1],"texture":"#3"},"west":{"uv":[0,0,2,1],"texture":"#3"},"up":{"uv":[0,0,1,2],"texture":"#3"},"down":{"uv":[0,0,1,2],"texture":"#3"}}},{"from":[-2.8,-1.03045,1.66435],"to":[-2.42,-0.49305,2.04435],"rotation":{"angle":-45,"axis":"x","origin":[-2.61,-0.87305,1.85435]},"faces":{"north":{"uv":[0,0,1,1.41421],"texture":"#3"},"east":{"uv":[0,0,1,1.41421],"texture":"#3"},"south":{"uv":[0,0,1,1.41421],"texture":"#3"},"west":{"uv":[0,0,1,1.41421],"texture":"#3"},"up":{"uv":[0,0,1,1],"texture":"#3"},"down":{"uv":[0,0,1,1],"texture":"#3"}}},{"from":[-2.8,-1.03045,15.22435],"to":[-2.42,-0.49305,15.60435],"rotation":{"angle":-45,"axis":"x","origin":[-2.61,-0.87305,15.41435]},"faces":{"north":{"uv":[0,0,1,1.41421],"texture":"#3"},"east":{"uv":[0,0,1,1.41421],"texture":"#3"},"south":{"uv":[0,0,1,1.41421],"texture":"#3"},"west":{"uv":[0,0,1,1.41421],"texture":"#3"},"up":{"uv":[0,0,1,1],"texture":"#3"},"down":{"uv":[0,0,1,1],"texture":"#3"}}},{"from":[-2.8,-1.61,1.72],"to":[-2.42,-0.85,2.1],"rotation":{"angle":0,"axis":"y","origin":[0.24,1.81,4.76]},"faces":{"north":{"uv":[0,0,1,2],"texture":"#3"},"east":{"uv":[0,0,1,2],"texture":"#3"},"south":{"uv":[0,0,1,2],"texture":"#3"},"west":{"uv":[0,0,1,2],"texture":"#3"},"up":{"uv":[0,0,1,1],"texture":"#3"},"down":{"uv":[0,0,1,1],"texture":"#3"}}},{"from":[-2.8,-1.61,15.28],"to":[-2.42,-0.85,15.66],"rotation":{"angle":0,"axis":"y","origin":[0.24,1.81,18.32]},"faces":{"north":{"uv":[0,0,1,2],"texture":"#3"},"east":{"uv":[0,0,1,2],"texture":"#3"},"south":{"uv":[0,0,1,2],"texture":"#3"},"west":{"uv":[0,0,1,2],"texture":"#3"},"up":{"uv":[0,0,1,1],"texture":"#3"},"down":{"uv":[0,0,1,1],"texture":"#3"}}},{"from":[-2.8,-1.77695,1.47435],"to":[-2.42,-1.39695,2.01175],"rotation":{"angle":-45,"axis":"x","origin":[-2.61,-1.58695,1.85435]},"faces":{"north":{"uv":[0,0,1,1],"rotation":180,"texture":"#3"},"east":{"uv":[0,0,1,1.41421],"rotation":90,"texture":"#3"},"south":{"uv":[0,0,1,1],"texture":"#3"},"west":{"uv":[0,0,1,1.41421],"rotation":270,"texture":"#3"},"up":{"uv":[0,0,1,1.41421],"texture":"#3"},"down":{"uv":[0,0,1,1.41421],"rotation":180,"texture":"#3"}}},{"from":[-2.8,-1.77695,15.03435],"to":[-2.42,-1.39695,15.57175],"rotation":{"angle":-45,"axis":"x","origin":[-2.61,-1.58695,15.41435]},"faces":{"north":{"uv":[0,0,1,1],"rotation":180,"texture":"#3"},"east":{"uv":[0,0,1,1.41421],"rotation":90,"texture":"#3"},"south":{"uv":[0,0,1,1],"texture":"#3"},"west":{"uv":[0,0,1,1.41421],"rotation":270,"texture":"#3"},"up":{"uv":[0,0,1,1.41421],"texture":"#3"},"down":{"uv":[0,0,1,1.41421],"rotation":180,"texture":"#3"}}},{"from":[-2.8,-1.99,0.96],"to":[-2.42,-1.61,1.72],"rotation":{"angle":0,"axis":"y","origin":[0.24,1.05,4]},"faces":{"north":{"uv":[0,0,1,1],"texture":"#3"},"east":{"uv":[0,0,2,1],"texture":"#3"},"south":{"uv":[0,0,1,1],"texture":"#3"},"west":{"uv":[0,0,2,1],"texture":"#3"},"up":{"uv":[0,0,1,2],"texture":"#3"},"down":{"uv":[0,0,1,2],"texture":"#3"}}},{"from":[-2.8,-1.99,14.52],"to":[-2.42,-1.61,15.28],"rotation":{"angle":0,"axis":"y","origin":[0.24,1.05,17.56]},"faces":{"north":{"uv":[0,0,1,1],"texture":"#3"},"east":{"uv":[0,0,2,1],"texture":"#3"},"south":{"uv":[0,0,1,1],"texture":"#3"},"west":{"uv":[0,0,2,1],"texture":"#3"},"up":{"uv":[0,0,1,2],"texture":"#3"},"down":{"uv":[0,0,1,2],"texture":"#3"}}},{"from":[-2.8,-1.90175,0.79305],"to":[-2.42,-1.36435,1.17305],"rotation":{"angle":-45,"axis":"x","origin":[-2.61,-1.74435,0.98305]},"faces":{"north":{"uv":[0,0,1,1.41421],"texture":"#3"},"east":{"uv":[0,0,1,1.41421],"texture":"#3"},"south":{"uv":[0,0,1,1.41421],"texture":"#3"},"west":{"uv":[0,0,1,1.41421],"texture":"#3"},"up":{"uv":[0,0,1,1],"texture":"#3"},"down":{"uv":[0,0,1,1],"texture":"#3"}}},{"from":[-2.8,-1.90175,14.35305],"to":[-2.42,-1.36435,14.73305],"rotation":{"angle":-45,"axis":"x","origin":[-2.61,-1.74435,14.54305]},"faces":{"north":{"uv":[0,0,1,1.41421],"texture":"#3"},"east":{"uv":[0,0,1,1.41421],"texture":"#3"},"south":{"uv":[0,0,1,1.41421],"texture":"#3"},"west":{"uv":[0,0,1,1.41421],"texture":"#3"},"up":{"uv":[0,0,1,1],"texture":"#3"},"down":{"uv":[0,0,1,1],"texture":"#3"}}},{"from":[-2.8,-1.61,0.58],"to":[-2.42,-0.85,0.96],"rotation":{"angle":0,"axis":"y","origin":[0.24,1.81,3.62]},"faces":{"north":{"uv":[0,0,1,2],"texture":"#3"},"east":{"uv":[0,0,1,2],"texture":"#3"},"south":{"uv":[0,0,1,2],"texture":"#3"},"west":{"uv":[0,0,1,2],"texture":"#3"},"up":{"uv":[0,0,1,1],"texture":"#3"},"down":{"uv":[0,0,1,1],"texture":"#3"}}},{"from":[-2.8,-1.61,14.14],"to":[-2.42,-0.85,14.52],"rotation":{"angle":0,"axis":"y","origin":[0.24,1.81,17.18]},"faces":{"north":{"uv":[0,0,1,2],"texture":"#3"},"east":{"uv":[0,0,1,2],"texture":"#3"},"south":{"uv":[0,0,1,2],"texture":"#3"},"west":{"uv":[0,0,1,2],"texture":"#3"},"up":{"uv":[0,0,1,1],"texture":"#3"},"down":{"uv":[0,0,1,1],"texture":"#3"}}},{"from":[-2.8,-0.90565,0.60305],"to":[-2.42,-0.52565,1.14045],"rotation":{"angle":-45,"axis":"x","origin":[-2.61,-0.71565,0.98305]},"faces":{"north":{"uv":[0,0,1,1],"rotation":180,"texture":"#3"},"east":{"uv":[0,0,1,1.41421],"rotation":90,"texture":"#3"},"south":{"uv":[0,0,1,1],"texture":"#3"},"west":{"uv":[0,0,1,1.41421],"rotation":270,"texture":"#3"},"up":{"uv":[0,0,1,1.41421],"texture":"#3"},"down":{"uv":[0,0,1,1.41421],"rotation":180,"texture":"#3"}}},{"from":[-2.8,-0.90565,14.16305],"to":[-2.42,-0.52565,14.70045],"rotation":{"angle":-45,"axis":"x","origin":[-2.61,-0.71565,14.54305]},"faces":{"north":{"uv":[0,0,1,1],"rotation":180,"texture":"#3"},"east":{"uv":[0,0,1,1.41421],"rotation":90,"texture":"#3"},"south":{"uv":[0,0,1,1],"texture":"#3"},"west":{"uv":[0,0,1,1.41421],"rotation":270,"texture":"#3"},"up":{"uv":[0,0,1,1.41421],"texture":"#3"},"down":{"uv":[0,0,1,1.41421],"rotation":180,"texture":"#3"}}},{"from":[-2.705,-1.61,0.96],"to":[-2.515,-0.85,1.72],"rotation":{"angle":0,"axis":"y","origin":[0.24,1.81,4]},"faces":{"north":{"uv":[0,0,0.5,2],"texture":"#2"},"east":{"uv":[6,4,8,6],"texture":"#2"},"south":{"uv":[0,0,0.5,2],"texture":"#2"},"west":{"uv":[6,4,8,6],"texture":"#2"},"up":{"uv":[0,0,0.5,2],"texture":"#2"},"down":{"uv":[0,0,0.5,2],"texture":"#2"}}},{"from":[-2.705,-1.61,14.52],"to":[-2.515,-0.85,15.28],"rotation":{"angle":0,"axis":"y","origin":[0.24,1.81,17.56]},"faces":{"north":{"uv":[0,0,0.5,2],"texture":"#2"},"east":{"uv":[6,4,8,6],"texture":"#2"},"south":{"uv":[0,0,0.5,2],"texture":"#2"},"west":{"uv":[6,4,8,6],"texture":"#2"},"up":{"uv":[0,0,0.5,2],"texture":"#2"},"down":{"uv":[0,0,0.5,2],"texture":"#2"}}},{"from":[-3.085,-1.42,1.15],"to":[-2.135,-1.04,1.53],"rotation":{"angle":0,"axis":"y","origin":[0.24,1.81,4]},"faces":{"north":{"uv":[0,0,2.5,1],"texture":"#2"},"east":{"uv":[0,0,1,1],"texture":"#2"},"south":{"uv":[0,0,2.5,1],"texture":"#2"},"west":{"uv":[0,0,1,1],"texture":"#2"},"up":{"uv":[0,0,2.5,1],"texture":"#2"},"down":{"uv":[0,0,2.5,1],"texture":"#2"}}},{"from":[-3.085,-1.42,14.71],"to":[-2.135,-1.04,15.09],"rotation":{"angle":0,"axis":"y","origin":[0.24,1.81,17.56]},"faces":{"north":{"uv":[0,0,2.5,1],"texture":"#2"},"east":{"uv":[0,0,1,1],"texture":"#2"},"south":{"uv":[0,0,2.5,1],"texture":"#2"},"west":{"uv":[0,0,1,1],"texture":"#2"},"up":{"uv":[0,0,2.5,1],"texture":"#2"},"down":{"uv":[0,0,2.5,1],"texture":"#2"}}},{"from":[-2.99,-1.61,1.055],"to":[-2.895,-0.28,1.625],"rotation":{"angle":0,"axis":"y","origin":[0.335,1.81,4]},"faces":{"north":{"uv":[0,0,0.25,3.5],"texture":"#0"},"east":{"uv":[0,0,1.5,3.5],"texture":"#0"},"south":{"uv":[0,0,0.25,3.5],"texture":"#0"},"west":{"uv":[0,0,1.5,3.5],"texture":"#0"},"up":{"uv":[0,0,0.25,1.5],"texture":"#0"},"down":{"uv":[0,0,0.25,1.5],"texture":"#0"}}},{"from":[-2.99,-1.61,14.615],"to":[-2.895,-0.28,15.185],"rotation":{"angle":0,"axis":"y","origin":[0.335,1.81,17.56]},"faces":{"north":{"uv":[0,0,0.25,3.5],"texture":"#0"},"east":{"uv":[0,0,1.5,3.5],"texture":"#0"},"south":{"uv":[0,0,0.25,3.5],"texture":"#0"},"west":{"uv":[0,0,1.5,3.5],"texture":"#0"},"up":{"uv":[0,0,0.25,1.5],"texture":"#0"},"down":{"uv":[0,0,0.25,1.5],"texture":"#0"}}},{"from":[-2.325,-1.61,1.055],"to":[-2.23,-0.28,1.625],"rotation":{"angle":0,"axis":"y","origin":[1,1.81,4]},"faces":{"north":{"uv":[0,0,0.25,3.5],"texture":"#0"},"east":{"uv":[0,0,1.5,3.5],"texture":"#0"},"south":{"uv":[0,0,0.25,3.5],"texture":"#0"},"west":{"uv":[0,0,1.5,3.5],"texture":"#0"},"up":{"uv":[0,0,0.25,1.5],"texture":"#0"},"down":{"uv":[0,0,0.25,1.5],"texture":"#0"}}},{"from":[-2.325,-1.61,14.615],"to":[-2.23,-0.28,15.185],"rotation":{"angle":0,"axis":"y","origin":[1,1.81,17.56]},"faces":{"north":{"uv":[0,0,0.25,3.5],"texture":"#0"},"east":{"uv":[0,0,1.5,3.5],"texture":"#0"},"south":{"uv":[0,0,0.25,3.5],"texture":"#0"},"west":{"uv":[0,0,1.5,3.5],"texture":"#0"},"up":{"uv":[0,0,0.25,1.5],"texture":"#0"},"down":{"uv":[0,0,0.25,1.5],"texture":"#0"}}},{"from":[-3.085,-0.28,0.96],"to":[-2.135,-0.185,1.72],"rotation":{"angle":0,"axis":"y","origin":[1,2,4]},"faces":{"north":{"uv":[0,0,2.5,0.25],"texture":"#0"},"east":{"uv":[0,0,2,0.25],"texture":"#0"},"south":{"uv":[0,0,2.5,0.25],"texture":"#0"},"west":{"uv":[0,0,2,0.25],"texture":"#0"},"up":{"uv":[0,0,2.5,2],"texture":"#0"},"down":{"uv":[0,0,2.5,2],"texture":"#0"}}},{"from":[-3.085,-0.28,14.52],"to":[-2.135,-0.185,15.28],"rotation":{"angle":0,"axis":"y","origin":[1,2,17.56]},"faces":{"north":{"uv":[0,0,2.5,0.25],"texture":"#0"},"east":{"uv":[0,0,2,0.25],"texture":"#0"},"south":{"uv":[0,0,2.5,0.25],"texture":"#0"},"west":{"uv":[0,0,2,0.25],"texture":"#0"},"up":{"uv":[0,0,2.5,2],"texture":"#0"},"down":{"uv":[0,0,2.5,2],"texture":"#0"}}},{"from":[18.42,-0.85,0.96],"to":[18.8,-0.47,1.72],"rotation":{"angle":0,"axis":"y","origin":[21.46,2.19,4]},"faces":{"north":{"uv":[0,0,1,1],"texture":"#3"},"east":{"uv":[0,0,2,1],"texture":"#3"},"south":{"uv":[0,0,1,1],"texture":"#3"},"west":{"uv":[0,0,2,1],"texture":"#3"},"up":{"uv":[0,0,1,2],"texture":"#3"},"down":{"uv":[0,0,1,2],"texture":"#3"}}},{"from":[18.42,-0.85,14.52],"to":[18.8,-0.47,15.28],"rotation":{"angle":0,"axis":"y","origin":[21.46,2.19,17.56]},"faces":{"north":{"uv":[0,0,1,1],"texture":"#3"},"east":{"uv":[0,0,2,1],"texture":"#3"},"south":{"uv":[0,0,1,1],"texture":"#3"},"west":{"uv":[0,0,2,1],"texture":"#3"},"up":{"uv":[0,0,1,2],"texture":"#3"},"down":{"uv":[0,0,1,2],"texture":"#3"}}},{"from":[18.42,-1.03045,1.66435],"to":[18.8,-0.49305,2.04435],"rotation":{"angle":-45,"axis":"x","origin":[18.61,-0.87305,1.85435]},"faces":{"north":{"uv":[0,0,1,1.41421],"texture":"#3"},"east":{"uv":[0,0,1,1.41421],"texture":"#3"},"south":{"uv":[0,0,1,1.41421],"texture":"#3"},"west":{"uv":[0,0,1,1.41421],"texture":"#3"},"up":{"uv":[0,0,1,1],"texture":"#3"},"down":{"uv":[0,0,1,1],"texture":"#3"}}},{"from":[18.42,-1.03045,15.22435],"to":[18.8,-0.49305,15.60435],"rotation":{"angle":-45,"axis":"x","origin":[18.61,-0.87305,15.41435]},"faces":{"north":{"uv":[0,0,1,1.41421],"texture":"#3"},"east":{"uv":[0,0,1,1.41421],"texture":"#3"},"south":{"uv":[0,0,1,1.41421],"texture":"#3"},"west":{"uv":[0,0,1,1.41421],"texture":"#3"},"up":{"uv":[0,0,1,1],"texture":"#3"},"down":{"uv":[0,0,1,1],"texture":"#3"}}},{"from":[18.42,-1.61,1.72],"to":[18.8,-0.85,2.1],"rotation":{"angle":0,"axis":"y","origin":[21.46,1.81,4.76]},"faces":{"north":{"uv":[0,0,1,2],"texture":"#3"},"east":{"uv":[0,0,1,2],"texture":"#3"},"south":{"uv":[0,0,1,2],"texture":"#3"},"west":{"uv":[0,0,1,2],"texture":"#3"},"up":{"uv":[0,0,1,1],"texture":"#3"},"down":{"uv":[0,0,1,1],"texture":"#3"}}},{"from":[18.42,-1.61,15.28],"to":[18.8,-0.85,15.66],"rotation":{"angle":0,"axis":"y","origin":[21.46,1.81,18.32]},"faces":{"north":{"uv":[0,0,1,2],"texture":"#3"},"east":{"uv":[0,0,1,2],"texture":"#3"},"south":{"uv":[0,0,1,2],"texture":"#3"},"west":{"uv":[0,0,1,2],"texture":"#3"},"up":{"uv":[0,0,1,1],"texture":"#3"},"down":{"uv":[0,0,1,1],"texture":"#3"}}},{"from":[18.42,-1.77695,1.47435],"to":[18.8,-1.39695,2.01175],"rotation":{"angle":-45,"axis":"x","origin":[18.61,-1.58695,1.85435]},"faces":{"north":{"uv":[0,0,1,1],"rotation":180,"texture":"#3"},"east":{"uv":[0,0,1,1.41421],"rotation":90,"texture":"#3"},"south":{"uv":[0,0,1,1],"texture":"#3"},"west":{"uv":[0,0,1,1.41421],"rotation":270,"texture":"#3"},"up":{"uv":[0,0,1,1.41421],"texture":"#3"},"down":{"uv":[0,0,1,1.41421],"rotation":180,"texture":"#3"}}},{"from":[18.42,-1.77695,15.03435],"to":[18.8,-1.39695,15.57175],"rotation":{"angle":-45,"axis":"x","origin":[18.61,-1.58695,15.41435]},"faces":{"north":{"uv":[0,0,1,1],"rotation":180,"texture":"#3"},"east":{"uv":[0,0,1,1.41421],"rotation":90,"texture":"#3"},"south":{"uv":[0,0,1,1],"texture":"#3"},"west":{"uv":[0,0,1,1.41421],"rotation":270,"texture":"#3"},"up":{"uv":[0,0,1,1.41421],"texture":"#3"},"down":{"uv":[0,0,1,1.41421],"rotation":180,"texture":"#3"}}},{"from":[18.42,-1.99,0.96],"to":[18.8,-1.61,1.72],"rotation":{"angle":0,"axis":"y","origin":[21.46,1.05,4]},"faces":{"north":{"uv":[0,0,1,1],"texture":"#3"},"east":{"uv":[0,0,2,1],"texture":"#3"},"south":{"uv":[0,0,1,1],"texture":"#3"},"west":{"uv":[0,0,2,1],"texture":"#3"},"up":{"uv":[0,0,1,2],"texture":"#3"},"down":{"uv":[0,0,1,2],"texture":"#3"}}},{"from":[18.42,-1.99,14.52],"to":[18.8,-1.61,15.28],"rotation":{"angle":0,"axis":"y","origin":[21.46,1.05,17.56]},"faces":{"north":{"uv":[0,0,1,1],"texture":"#3"},"east":{"uv":[0,0,2,1],"texture":"#3"},"south":{"uv":[0,0,1,1],"texture":"#3"},"west":{"uv":[0,0,2,1],"texture":"#3"},"up":{"uv":[0,0,1,2],"texture":"#3"},"down":{"uv":[0,0,1,2],"texture":"#3"}}},{"from":[18.42,-1.90175,0.79305],"to":[18.8,-1.36435,1.17305],"rotation":{"angle":-45,"axis":"x","origin":[18.61,-1.74435,0.98305]},"faces":{"north":{"uv":[0,0,1,1.41421],"texture":"#3"},"east":{"uv":[0,0,1,1.41421],"texture":"#3"},"south":{"uv":[0,0,1,1.41421],"texture":"#3"},"west":{"uv":[0,0,1,1.41421],"texture":"#3"},"up":{"uv":[0,0,1,1],"texture":"#3"},"down":{"uv":[0,0,1,1],"texture":"#3"}}},{"from":[18.42,-1.90175,14.35305],"to":[18.8,-1.36435,14.73305],"rotation":{"angle":-45,"axis":"x","origin":[18.61,-1.74435,14.54305]},"faces":{"north":{"uv":[0,0,1,1.41421],"texture":"#3"},"east":{"uv":[0,0,1,1.41421],"texture":"#3"},"south":{"uv":[0,0,1,1.41421],"texture":"#3"},"west":{"uv":[0,0,1,1.41421],"texture":"#3"},"up":{"uv":[0,0,1,1],"texture":"#3"},"down":{"uv":[0,0,1,1],"texture":"#3"}}},{"from":[18.42,-1.61,0.58],"to":[18.8,-0.85,0.96],"rotation":{"angle":0,"axis":"y","origin":[21.46,1.81,3.62]},"faces":{"north":{"uv":[0,0,1,2],"texture":"#3"},"east":{"uv":[0,0,1,2],"texture":"#3"},"south":{"uv":[0,0,1,2],"texture":"#3"},"west":{"uv":[0,0,1,2],"texture":"#3"},"up":{"uv":[0,0,1,1],"texture":"#3"},"down":{"uv":[0,0,1,1],"texture":"#3"}}},{"from":[18.42,-1.61,14.14],"to":[18.8,-0.85,14.52],"rotation":{"angle":0,"axis":"y","origin":[21.46,1.81,17.18]},"faces":{"north":{"uv":[0,0,1,2],"texture":"#3"},"east":{"uv":[0,0,1,2],"texture":"#3"},"south":{"uv":[0,0,1,2],"texture":"#3"},"west":{"uv":[0,0,1,2],"texture":"#3"},"up":{"uv":[0,0,1,1],"texture":"#3"},"down":{"uv":[0,0,1,1],"texture":"#3"}}},{"from":[18.42,-0.90565,0.60305],"to":[18.8,-0.52565,1.14045],"rotation":{"angle":-45,"axis":"x","origin":[18.61,-0.71565,0.98305]},"faces":{"north":{"uv":[0,0,1,1],"rotation":180,"texture":"#3"},"east":{"uv":[0,0,1,1.41421],"rotation":90,"texture":"#3"},"south":{"uv":[0,0,1,1],"texture":"#3"},"west":{"uv":[0,0,1,1.41421],"rotation":270,"texture":"#3"},"up":{"uv":[0,0,1,1.41421],"texture":"#3"},"down":{"uv":[0,0,1,1.41421],"rotation":180,"texture":"#3"}}},{"from":[18.42,-0.90565,14.16305],"to":[18.8,-0.52565,14.70045],"rotation":{"angle":-45,"axis":"x","origin":[18.61,-0.71565,14.54305]},"faces":{"north":{"uv":[0,0,1,1],"rotation":180,"texture":"#3"},"east":{"uv":[0,0,1,1.41421],"rotation":90,"texture":"#3"},"south":{"uv":[0,0,1,1],"texture":"#3"},"west":{"uv":[0,0,1,1.41421],"rotation":270,"texture":"#3"},"up":{"uv":[0,0,1,1.41421],"texture":"#3"},"down":{"uv":[0,0,1,1.41421],"rotation":180,"texture":"#3"}}},{"from":[18.515,-1.61,0.96],"to":[18.705,-0.85,1.72],"rotation":{"angle":0,"axis":"y","origin":[21.46,1.81,4]},"faces":{"north":{"uv":[0,0,0.5,2],"texture":"#2"},"east":{"uv":[6,4,8,6],"texture":"#2"},"south":{"uv":[0,0,0.5,2],"texture":"#2"},"west":{"uv":[6,4,8,6],"texture":"#2"},"up":{"uv":[0,0,0.5,2],"texture":"#2"},"down":{"uv":[0,0,0.5,2],"texture":"#2"}}},{"from":[18.515,-1.61,14.52],"to":[18.705,-0.85,15.28],"rotation":{"angle":0,"axis":"y","origin":[21.46,1.81,17.56]},"faces":{"north":{"uv":[0,0,0.5,2],"texture":"#2"},"east":{"uv":[6,4,8,6],"texture":"#2"},"south":{"uv":[0,0,0.5,2],"texture":"#2"},"west":{"uv":[6,4,8,6],"texture":"#2"},"up":{"uv":[0,0,0.5,2],"texture":"#2"},"down":{"uv":[0,0,0.5,2],"texture":"#2"}}},{"from":[18.135,-1.42,1.15],"to":[19.085,-1.04,1.53],"rotation":{"angle":0,"axis":"y","origin":[21.46,1.81,4]},"faces":{"north":{"uv":[0,0,2.5,1],"texture":"#2"},"east":{"uv":[0,0,1,1],"texture":"#2"},"south":{"uv":[0,0,2.5,1],"texture":"#2"},"west":{"uv":[0,0,1,1],"texture":"#2"},"up":{"uv":[0,0,2.5,1],"texture":"#2"},"down":{"uv":[0,0,2.5,1],"texture":"#2"}}},{"from":[18.135,-1.42,14.71],"to":[19.085,-1.04,15.09],"rotation":{"angle":0,"axis":"y","origin":[21.46,1.81,17.56]},"faces":{"north":{"uv":[0,0,2.5,1],"texture":"#2"},"east":{"uv":[0,0,1,1],"texture":"#2"},"south":{"uv":[0,0,2.5,1],"texture":"#2"},"west":{"uv":[0,0,1,1],"texture":"#2"},"up":{"uv":[0,0,2.5,1],"texture":"#2"},"down":{"uv":[0,0,2.5,1],"texture":"#2"}}},{"from":[18.23,-1.61,1.055],"to":[18.325,-0.28,1.625],"rotation":{"angle":0,"axis":"y","origin":[21.555,1.81,4]},"faces":{"north":{"uv":[0,0,0.25,3.5],"texture":"#0"},"east":{"uv":[0,0,1.5,3.5],"texture":"#0"},"south":{"uv":[0,0,0.25,3.5],"texture":"#0"},"west":{"uv":[0,0,1.5,3.5],"texture":"#0"},"up":{"uv":[0,0,0.25,1.5],"texture":"#0"},"down":{"uv":[0,0,0.25,1.5],"texture":"#0"}}},{"from":[18.23,-1.61,14.615],"to":[18.325,-0.28,15.185],"rotation":{"angle":0,"axis":"y","origin":[21.555,1.81,17.56]},"faces":{"north":{"uv":[0,0,0.25,3.5],"texture":"#0"},"east":{"uv":[0,0,1.5,3.5],"texture":"#0"},"south":{"uv":[0,0,0.25,3.5],"texture":"#0"},"west":{"uv":[0,0,1.5,3.5],"texture":"#0"},"up":{"uv":[0,0,0.25,1.5],"texture":"#0"},"down":{"uv":[0,0,0.25,1.5],"texture":"#0"}}},{"from":[18.895,-1.61,1.055],"to":[18.99,-0.28,1.625],"rotation":{"angle":0,"axis":"y","origin":[22.22,1.81,4]},"faces":{"north":{"uv":[0,0,0.25,3.5],"texture":"#0"},"east":{"uv":[0,0,1.5,3.5],"texture":"#0"},"south":{"uv":[0,0,0.25,3.5],"texture":"#0"},"west":{"uv":[0,0,1.5,3.5],"texture":"#0"},"up":{"uv":[0,0,0.25,1.5],"texture":"#0"},"down":{"uv":[0,0,0.25,1.5],"texture":"#0"}}},{"from":[18.895,-1.61,14.615],"to":[18.99,-0.28,15.185],"rotation":{"angle":0,"axis":"y","origin":[22.22,1.81,17.56]},"faces":{"north":{"uv":[0,0,0.25,3.5],"texture":"#0"},"east":{"uv":[0,0,1.5,3.5],"texture":"#0"},"south":{"uv":[0,0,0.25,3.5],"texture":"#0"},"west":{"uv":[0,0,1.5,3.5],"texture":"#0"},"up":{"uv":[0,0,0.25,1.5],"texture":"#0"},"down":{"uv":[0,0,0.25,1.5],"texture":"#0"}}},{"from":[18.135,-0.28,0.96],"to":[19.085,-0.185,1.72],"rotation":{"angle":0,"axis":"y","origin":[22.22,2,4]},"faces":{"north":{"uv":[0,0,2.5,0.25],"texture":"#0"},"east":{"uv":[0,0,2,0.25],"texture":"#0"},"south":{"uv":[0,0,2.5,0.25],"texture":"#0"},"west":{"uv":[0,0,2,0.25],"texture":"#0"},"up":{"uv":[0,0,2.5,2],"texture":"#0"},"down":{"uv":[0,0,2.5,2],"texture":"#0"}}},{"from":[18.135,-0.28,14.52],"to":[19.085,-0.185,15.28],"rotation":{"angle":0,"axis":"y","origin":[22.22,2,17.56]},"faces":{"north":{"uv":[0,0,2.5,0.25],"texture":"#0"},"east":{"uv":[0,0,2,0.25],"texture":"#0"},"south":{"uv":[0,0,2.5,0.25],"texture":"#0"},"west":{"uv":[0,0,2,0.25],"texture":"#0"},"up":{"uv":[0,0,2.5,2],"texture":"#0"},"down":{"uv":[0,0,2.5,2],"texture":"#0"}}},{"from":[-3.75,-0.25,0],"to":[19.75,0.75,16],"rotation":{"angle":0,"axis":"y","origin":[8,5.75,9]},"faces":{"north":{"uv":[0,0,16,1],"texture":"#1"},"east":{"uv":[0,0,16,1],"texture":"#1"},"south":{"uv":[0,0,16,1],"texture":"#1"},"west":{"uv":[0,0,16,1],"texture":"#1"},"up":{"uv":[0,0,16,16],"texture":"#1"},"down":{"uv":[0,0,16,16],"texture":"#1"}}},{"from":[-4.75,0.75,0],"to":[-3.75,16.75,16],"rotation":{"angle":0,"axis":"y","origin":[7,6.75,9]},"faces":{"north":{"uv":[0,0,1,16],"texture":"#1"},"east":{"uv":[0,0,16,16],"texture":"#1"},"south":{"uv":[0,0,1,16],"texture":"#1"},"west":{"uv":[0,0,16,16],"texture":"#1"},"up":{"uv":[0,0,1,16],"texture":"#1"},"down":{"uv":[0,0,1,16],"texture":"#1"}}},{"from":[19.75,0.75,0],"to":[20.75,16.75,16],"rotation":{"angle":0,"axis":"y","origin":[9,6.75,9]},"faces":{"north":{"uv":[1,0,0,16],"texture":"#1"},"east":{"uv":[16,0,0,16],"texture":"#1"},"south":{"uv":[1,0,0,16],"texture":"#1"},"west":{"uv":[16,0,0,16],"texture":"#1"},"up":{"uv":[1,0,0,16],"texture":"#1"},"down":{"uv":[1,0,0,16],"texture":"#1"}}},{"from":[-5.75,16.75,0],"to":[-3.75,17.75,16],"rotation":{"angle":0,"axis":"y","origin":[7,7.75,9]},"faces":{"north":{"uv":[0,0,2,1],"texture":"#1"},"east":{"uv":[0,0,16,1],"texture":"#1"},"south":{"uv":[0,0,2,1],"texture":"#1"},"west":{"uv":[0,0,16,1],"texture":"#1"},"up":{"uv":[0,0,2,16],"texture":"#1"},"down":{"uv":[0,0,2,16],"texture":"#1"}}},{"from":[-5.75,15.75,0],"to":[-4.75,16.75,0.5],"rotation":{"angle":0,"axis":"y","origin":[7,6.75,9]},"faces":{"north":{"uv":[0,0,1,1],"texture":"#1"},"east":{"uv":[0,0,0.5,1],"texture":"#1"},"south":{"uv":[0,0,1,1],"texture":"#1"},"west":{"uv":[0,0,0.5,1],"texture":"#1"},"up":{"uv":[0,0,1,0.5],"texture":"#1"},"down":{"uv":[0,0,1,0.5],"texture":"#1"}}},{"from":[20.75,15.75,0],"to":[21.75,16.75,0.5],"rotation":{"angle":0,"axis":"y","origin":[9,6.75,9]},"faces":{"north":{"uv":[1,0,0,1],"texture":"#1"},"east":{"uv":[0.5,0,0,1],"texture":"#1"},"south":{"uv":[1,0,0,1],"texture":"#1"},"west":{"uv":[0.5,0,0,1],"texture":"#1"},"up":{"uv":[1,0,0,0.5],"texture":"#1"},"down":{"uv":[1,0,0,0.5],"texture":"#1"}}},{"from":[-5.75,15.75,3.5],"to":[-4.75,16.75,4],"rotation":{"angle":0,"axis":"y","origin":[7,6.75,12.5]},"faces":{"north":{"uv":[0,0,1,1],"texture":"#1"},"east":{"uv":[0,0,0.5,1],"texture":"#1"},"south":{"uv":[0,0,1,1],"texture":"#1"},"west":{"uv":[0,0,0.5,1],"texture":"#1"},"up":{"uv":[0,0,1,0.5],"texture":"#1"},"down":{"uv":[0,0,1,0.5],"texture":"#1"}}},{"from":[20.75,15.75,3.5],"to":[21.75,16.75,4],"rotation":{"angle":0,"axis":"y","origin":[9,6.75,12.5]},"faces":{"north":{"uv":[1,0,0,1],"texture":"#1"},"east":{"uv":[0.5,0,0,1],"texture":"#1"},"south":{"uv":[1,0,0,1],"texture":"#1"},"west":{"uv":[0.5,0,0,1],"texture":"#1"},"up":{"uv":[1,0,0,0.5],"texture":"#1"},"down":{"uv":[1,0,0,0.5],"texture":"#1"}}},{"from":[-6.10355,14.89645,0],"to":[-5.10355,15.89645,0.5],"rotation":{"angle":-45,"axis":"z","origin":[-5.10355,15.39645,0.25]},"faces":{"north":{"uv":[0,0,1,1],"texture":"#1"},"east":{"uv":[0,0,0.5,1],"texture":"#1"},"south":{"uv":[0,0,1,1],"texture":"#1"},"west":{"uv":[0,0,0.5,1],"texture":"#1"},"up":{"uv":[0,0,1,0.5],"texture":"#1"},"down":{"uv":[0,0,1,0.5],"texture":"#1"}}},{"from":[21.10355,14.89645,0],"to":[22.10355,15.89645,0.5],"rotation":{"angle":45,"axis":"z","origin":[21.10355,15.39645,0.25]},"faces":{"north":{"uv":[1,0,0,1],"texture":"#1"},"east":{"uv":[0.5,0,0,1],"texture":"#1"},"south":{"uv":[1,0,0,1],"texture":"#1"},"west":{"uv":[0.5,0,0,1],"texture":"#1"},"up":{"uv":[1,0,0,0.5],"texture":"#1"},"down":{"uv":[1,0,0,0.5],"texture":"#1"}}},{"from":[-6.10355,14.89645,3.5],"to":[-5.10355,15.89645,4],"rotation":{"angle":-45,"axis":"z","origin":[-5.10355,15.39645,3.75]},"faces":{"north":{"uv":[0,0,1,1],"texture":"#1"},"east":{"uv":[0,0,0.5,1],"texture":"#1"},"south":{"uv":[0,0,1,1],"texture":"#1"},"west":{"uv":[0,0,0.5,1],"texture":"#1"},"up":{"uv":[0,0,1,0.5],"texture":"#1"},"down":{"uv":[0,0,1,0.5],"texture":"#1"}}},{"from":[21.10355,14.89645,3.5],"to":[22.10355,15.89645,4],"rotation":{"angle":45,"axis":"z","origin":[21.10355,15.39645,3.75]},"faces":{"north":{"uv":[1,0,0,1],"texture":"#1"},"east":{"uv":[0.5,0,0,1],"texture":"#1"},"south":{"uv":[1,0,0,1],"texture":"#1"},"west":{"uv":[0.5,0,0,1],"texture":"#1"},"up":{"uv":[1,0,0,0.5],"texture":"#1"},"down":{"uv":[1,0,0,0.5],"texture":"#1"}}},{"from":[-6.45711,15.04289,0],"to":[-5.45711,15.54289,0.5],"rotation":{"angle":0,"axis":"z","origin":[-5.95711,15.04289,0.25]},"faces":{"north":{"uv":[0,0,0.5,1],"rotation":270,"texture":"#1"},"east":{"uv":[0,0,0.5,0.5],"rotation":90,"texture":"#1"},"south":{"uv":[0,0,0.5,1],"rotation":90,"texture":"#1"},"west":{"uv":[0,0,0.5,0.5],"rotation":90,"texture":"#1"},"up":{"uv":[0,0,0.5,1],"rotation":90,"texture":"#1"},"down":{"uv":[0,0,0.5,1],"rotation":90,"texture":"#1"}}},{"from":[21.45711,15.04289,0],"to":[22.45711,15.54289,0.5],"rotation":{"angle":0,"axis":"z","origin":[21.95711,15.04289,0.25]},"faces":{"north":{"uv":[0,1,0.5,0],"rotation":270,"texture":"#1"},"east":{"uv":[0,0.5,0.5,0],"rotation":90,"texture":"#1"},"south":{"uv":[0,1,0.5,0],"rotation":90,"texture":"#1"},"west":{"uv":[0,0.5,0.5,0],"rotation":90,"texture":"#1"},"up":{"uv":[0,1,0.5,0],"rotation":90,"texture":"#1"},"down":{"uv":[0,1,0.5,0],"rotation":90,"texture":"#1"}}},{"from":[-6.10355,14.49645,0],"to":[-5.60355,14.89645,0.5],"rotation":{"angle":-45,"axis":"z","origin":[-5.10355,15.39645,0.25]},"faces":{"north":{"uv":[0,0,0.5,0.4],"texture":"#1"},"east":{"uv":[0,0,0.5,0.4],"texture":"#1"},"south":{"uv":[0,0,0.5,0.4],"texture":"#1"},"west":{"uv":[0,0,0.5,0.4],"texture":"#1"},"up":{"uv":[0,0,0.5,0.5],"texture":"#1"},"down":{"uv":[0,0,0.5,0.5],"texture":"#1"}}},{"from":[21.60355,14.49645,0],"to":[22.10355,14.89645,0.5],"rotation":{"angle":45,"axis":"z","origin":[21.10355,15.39645,0.25]},"faces":{"north":{"uv":[0.5,0,0,0.4],"texture":"#1"},"east":{"uv":[0.5,0,0,0.4],"texture":"#1"},"south":{"uv":[0.5,0,0,0.4],"texture":"#1"},"west":{"uv":[0.5,0,0,0.4],"texture":"#1"},"up":{"uv":[0.5,0,0,0.5],"texture":"#1"},"down":{"uv":[0.5,0,0,0.5],"texture":"#1"}}},{"from":[-6.95711,15.04289,0],"to":[-6.45711,15.54289,4],"rotation":{"angle":0,"axis":"z","origin":[-5.95711,15.04289,0.75]},"faces":{"north":{"uv":[0,0,0.5,0.5],"rotation":270,"texture":"#3"},"east":{"uv":[0,0,0.5,4],"rotation":90,"texture":"#3"},"south":{"uv":[0,0,0.5,0.5],"rotation":90,"texture":"#3"},"west":{"uv":[0,0,0.5,4],"rotation":90,"texture":"#3"},"up":{"uv":[0,0,4,0.5],"rotation":90,"texture":"#3"},"down":{"uv":[0,0,4,0.5],"rotation":90,"texture":"#3"}}},{"from":[22.45711,15.04289,0],"to":[22.95711,15.54289,4],"rotation":{"angle":0,"axis":"z","origin":[21.95711,15.04289,0.75]},"faces":{"north":{"uv":[0,0.5,0.5,0],"rotation":270,"texture":"#3"},"east":{"uv":[0,4,0.5,0],"rotation":90,"texture":"#3"},"south":{"uv":[0,0.5,0.5,0],"rotation":90,"texture":"#3"},"west":{"uv":[0,4,0.5,0],"rotation":90,"texture":"#3"},"up":{"uv":[0,0.5,4,0],"rotation":90,"texture":"#3"},"down":{"uv":[0,0.5,4,0],"rotation":90,"texture":"#3"}}},{"from":[-6.10355,14.49645,3.5],"to":[-5.60355,14.89645,4],"rotation":{"angle":-45,"axis":"z","origin":[-5.10355,15.39645,3.75]},"faces":{"north":{"uv":[0,0,0.5,0.4],"texture":"#1"},"east":{"uv":[0,0,0.5,0.4],"texture":"#1"},"south":{"uv":[0,0,0.5,0.4],"texture":"#1"},"west":{"uv":[0,0,0.5,0.4],"texture":"#1"},"up":{"uv":[0,0,0.5,0.5],"texture":"#1"},"down":{"uv":[0,0,0.5,0.5],"texture":"#1"}}},{"from":[21.60355,14.49645,3.5],"to":[22.10355,14.89645,4],"rotation":{"angle":45,"axis":"z","origin":[21.10355,15.39645,3.75]},"faces":{"north":{"uv":[0.5,0,0,0.4],"texture":"#1"},"east":{"uv":[0.5,0,0,0.4],"texture":"#1"},"south":{"uv":[0.5,0,0,0.4],"texture":"#1"},"west":{"uv":[0.5,0,0,0.4],"texture":"#1"},"up":{"uv":[0.5,0,0,0.5],"texture":"#1"},"down":{"uv":[0.5,0,0,0.5],"texture":"#1"}}},{"from":[-6.45711,15.04289,3.5],"to":[-5.45711,15.54289,4],"rotation":{"angle":0,"axis":"z","origin":[-5.95711,15.04289,3.75]},"faces":{"north":{"uv":[0,0,0.5,1],"rotation":270,"texture":"#1"},"east":{"uv":[0,0,0.5,0.5],"rotation":90,"texture":"#1"},"south":{"uv":[0,0,0.5,1],"rotation":90,"texture":"#1"},"west":{"uv":[0,0,0.5,0.5],"rotation":90,"texture":"#1"},"up":{"uv":[0,0,0.5,1],"rotation":90,"texture":"#1"},"down":{"uv":[0,0,0.5,1],"rotation":90,"texture":"#1"}}},{"from":[21.45711,15.04289,3.5],"to":[22.45711,15.54289,4],"rotation":{"angle":0,"axis":"z","origin":[21.95711,15.04289,3.75]},"faces":{"north":{"uv":[0,1,0.5,0],"rotation":270,"texture":"#1"},"east":{"uv":[0,0.5,0.5,0],"rotation":90,"texture":"#1"},"south":{"uv":[0,1,0.5,0],"rotation":90,"texture":"#1"},"west":{"uv":[0,0.5,0.5,0],"rotation":90,"texture":"#1"},"up":{"uv":[0,1,0.5,0],"rotation":90,"texture":"#1"},"down":{"uv":[0,1,0.5,0],"rotation":90,"texture":"#1"}}},{"from":[-5.75,15.75,12],"to":[-4.75,16.75,12.5],"rotation":{"angle":0,"axis":"y","origin":[7,6.75,21]},"faces":{"north":{"uv":[0,0,1,1],"texture":"#1"},"east":{"uv":[0,0,0.5,1],"texture":"#1"},"south":{"uv":[0,0,1,1],"texture":"#1"},"west":{"uv":[0,0,0.5,1],"texture":"#1"},"up":{"uv":[0,0,1,0.5],"texture":"#1"},"down":{"uv":[0,0,1,0.5],"texture":"#1"}}},{"from":[20.75,15.75,12],"to":[21.75,16.75,12.5],"rotation":{"angle":0,"axis":"y","origin":[9,6.75,21]},"faces":{"north":{"uv":[1,0,0,1],"texture":"#1"},"east":{"uv":[0.5,0,0,1],"texture":"#1"},"south":{"uv":[1,0,0,1],"texture":"#1"},"west":{"uv":[0.5,0,0,1],"texture":"#1"},"up":{"uv":[1,0,0,0.5],"texture":"#1"},"down":{"uv":[1,0,0,0.5],"texture":"#1"}}},{"from":[-5.75,15.75,15.5],"to":[-4.75,16.75,16],"rotation":{"angle":0,"axis":"y","origin":[7,6.75,24.5]},"faces":{"north":{"uv":[0,0,1,1],"texture":"#1"},"east":{"uv":[0,0,0.5,1],"texture":"#1"},"south":{"uv":[0,0,1,1],"texture":"#1"},"west":{"uv":[0,0,0.5,1],"texture":"#1"},"up":{"uv":[0,0,1,0.5],"texture":"#1"},"down":{"uv":[0,0,1,0.5],"texture":"#1"}}},{"from":[20.75,15.75,15.5],"to":[21.75,16.75,16],"rotation":{"angle":0,"axis":"y","origin":[9,6.75,24.5]},"faces":{"north":{"uv":[1,0,0,1],"texture":"#1"},"east":{"uv":[0.5,0,0,1],"texture":"#1"},"south":{"uv":[1,0,0,1],"texture":"#1"},"west":{"uv":[0.5,0,0,1],"texture":"#1"},"up":{"uv":[1,0,0,0.5],"texture":"#1"},"down":{"uv":[1,0,0,0.5],"texture":"#1"}}},{"from":[-6.10355,14.89645,12],"to":[-5.10355,15.89645,12.5],"rotation":{"angle":-45,"axis":"z","origin":[-5.10355,15.39645,12.25]},"faces":{"north":{"uv":[0,0,1,1],"texture":"#1"},"east":{"uv":[0,0,0.5,1],"texture":"#1"},"south":{"uv":[0,0,1,1],"texture":"#1"},"west":{"uv":[0,0,0.5,1],"texture":"#1"},"up":{"uv":[0,0,1,0.5],"texture":"#1"},"down":{"uv":[0,0,1,0.5],"texture":"#1"}}},{"from":[21.10355,14.89645,12],"to":[22.10355,15.89645,12.5],"rotation":{"angle":45,"axis":"z","origin":[21.10355,15.39645,12.25]},"faces":{"north":{"uv":[1,0,0,1],"texture":"#1"},"east":{"uv":[0.5,0,0,1],"texture":"#1"},"south":{"uv":[1,0,0,1],"texture":"#1"},"west":{"uv":[0.5,0,0,1],"texture":"#1"},"up":{"uv":[1,0,0,0.5],"texture":"#1"},"down":{"uv":[1,0,0,0.5],"texture":"#1"}}},{"from":[-6.10355,14.89645,15.5],"to":[-5.10355,15.89645,16],"rotation":{"angle":-45,"axis":"z","origin":[-5.10355,15.39645,15.75]},"faces":{"north":{"uv":[0,0,1,1],"texture":"#1"},"east":{"uv":[0,0,0.5,1],"texture":"#1"},"south":{"uv":[0,0,1,1],"texture":"#1"},"west":{"uv":[0,0,0.5,1],"texture":"#1"},"up":{"uv":[0,0,1,0.5],"texture":"#1"},"down":{"uv":[0,0,1,0.5],"texture":"#1"}}},{"from":[21.10355,14.89645,15.5],"to":[22.10355,15.89645,16],"rotation":{"angle":45,"axis":"z","origin":[21.10355,15.39645,15.75]},"faces":{"north":{"uv":[1,0,0,1],"texture":"#1"},"east":{"uv":[0.5,0,0,1],"texture":"#1"},"south":{"uv":[1,0,0,1],"texture":"#1"},"west":{"uv":[0.5,0,0,1],"texture":"#1"},"up":{"uv":[1,0,0,0.5],"texture":"#1"},"down":{"uv":[1,0,0,0.5],"texture":"#1"}}},{"from":[-6.45711,15.04289,12],"to":[-5.45711,15.54289,12.5],"rotation":{"angle":0,"axis":"z","origin":[-5.95711,15.04289,12.25]},"faces":{"north":{"uv":[0,0,0.5,1],"rotation":270,"texture":"#1"},"east":{"uv":[0,0,0.5,0.5],"rotation":90,"texture":"#1"},"south":{"uv":[0,0,0.5,1],"rotation":90,"texture":"#1"},"west":{"uv":[0,0,0.5,0.5],"rotation":90,"texture":"#1"},"up":{"uv":[0,0,0.5,1],"rotation":90,"texture":"#1"},"down":{"uv":[0,0,0.5,1],"rotation":90,"texture":"#1"}}},{"from":[21.45711,15.04289,12],"to":[22.45711,15.54289,12.5],"rotation":{"angle":0,"axis":"z","origin":[21.95711,15.04289,12.25]},"faces":{"north":{"uv":[0,1,0.5,0],"rotation":270,"texture":"#1"},"east":{"uv":[0,0.5,0.5,0],"rotation":90,"texture":"#1"},"south":{"uv":[0,1,0.5,0],"rotation":90,"texture":"#1"},"west":{"uv":[0,0.5,0.5,0],"rotation":90,"texture":"#1"},"up":{"uv":[0,1,0.5,0],"rotation":90,"texture":"#1"},"down":{"uv":[0,1,0.5,0],"rotation":90,"texture":"#1"}}},{"from":[-6.10355,14.49645,12],"to":[-5.60355,14.89645,12.5],"rotation":{"angle":-45,"axis":"z","origin":[-5.10355,15.39645,12.25]},"faces":{"north":{"uv":[0,0,0.5,0.4],"texture":"#1"},"east":{"uv":[0,0,0.5,0.4],"texture":"#1"},"south":{"uv":[0,0,0.5,0.4],"texture":"#1"},"west":{"uv":[0,0,0.5,0.4],"texture":"#1"},"up":{"uv":[0,0,0.5,0.5],"texture":"#1"},"down":{"uv":[0,0,0.5,0.5],"texture":"#1"}}},{"from":[21.60355,14.49645,12],"to":[22.10355,14.89645,12.5],"rotation":{"angle":45,"axis":"z","origin":[21.10355,15.39645,12.25]},"faces":{"north":{"uv":[0.5,0,0,0.4],"texture":"#1"},"east":{"uv":[0.5,0,0,0.4],"texture":"#1"},"south":{"uv":[0.5,0,0,0.4],"texture":"#1"},"west":{"uv":[0.5,0,0,0.4],"texture":"#1"},"up":{"uv":[0.5,0,0,0.5],"texture":"#1"},"down":{"uv":[0.5,0,0,0.5],"texture":"#1"}}},{"from":[-6.95711,15.04289,12],"to":[-6.45711,15.54289,16],"rotation":{"angle":0,"axis":"z","origin":[-5.95711,15.04289,12.75]},"faces":{"north":{"uv":[0,0,0.5,0.5],"rotation":270,"texture":"#3"},"east":{"uv":[0,0,0.5,4],"rotation":90,"texture":"#3"},"south":{"uv":[0,0,0.5,0.5],"rotation":90,"texture":"#3"},"west":{"uv":[0,0,0.5,4],"rotation":90,"texture":"#3"},"up":{"uv":[0,0,4,0.5],"rotation":90,"texture":"#3"},"down":{"uv":[0,0,4,0.5],"rotation":90,"texture":"#3"}}},{"from":[22.45711,15.04289,12],"to":[22.95711,15.54289,16],"rotation":{"angle":0,"axis":"z","origin":[21.95711,15.04289,12.75]},"faces":{"north":{"uv":[0,0.5,0.5,0],"rotation":270,"texture":"#3"},"east":{"uv":[0,4,0.5,0],"rotation":90,"texture":"#3"},"south":{"uv":[0,0.5,0.5,0],"rotation":90,"texture":"#3"},"west":{"uv":[0,4,0.5,0],"rotation":90,"texture":"#3"},"up":{"uv":[0,0.5,4,0],"rotation":90,"texture":"#3"},"down":{"uv":[0,0.5,4,0],"rotation":90,"texture":"#3"}}},{"from":[-6.10355,14.49645,15.5],"to":[-5.60355,14.89645,16],"rotation":{"angle":-45,"axis":"z","origin":[-5.10355,15.39645,15.75]},"faces":{"north":{"uv":[0,0,0.5,0.4],"texture":"#1"},"east":{"uv":[0,0,0.5,0.4],"texture":"#1"},"south":{"uv":[0,0,0.5,0.4],"texture":"#1"},"west":{"uv":[0,0,0.5,0.4],"texture":"#1"},"up":{"uv":[0,0,0.5,0.5],"texture":"#1"},"down":{"uv":[0,0,0.5,0.5],"texture":"#1"}}},{"from":[21.60355,14.49645,15.5],"to":[22.10355,14.89645,16],"rotation":{"angle":45,"axis":"z","origin":[21.10355,15.39645,15.75]},"faces":{"north":{"uv":[0.5,0,0,0.4],"texture":"#1"},"east":{"uv":[0.5,0,0,0.4],"texture":"#1"},"south":{"uv":[0.5,0,0,0.4],"texture":"#1"},"west":{"uv":[0.5,0,0,0.4],"texture":"#1"},"up":{"uv":[0.5,0,0,0.5],"texture":"#1"},"down":{"uv":[0.5,0,0,0.5],"texture":"#1"}}},{"from":[-6.45711,15.04289,15.5],"to":[-5.45711,15.54289,16],"rotation":{"angle":0,"axis":"z","origin":[-5.95711,15.04289,15.75]},"faces":{"north":{"uv":[0,0,0.5,1],"rotation":270,"texture":"#1"},"east":{"uv":[0,0,0.5,0.5],"rotation":90,"texture":"#1"},"south":{"uv":[0,0,0.5,1],"rotation":90,"texture":"#1"},"west":{"uv":[0,0,0.5,0.5],"rotation":90,"texture":"#1"},"up":{"uv":[0,0,0.5,1],"rotation":90,"texture":"#1"},"down":{"uv":[0,0,0.5,1],"rotation":90,"texture":"#1"}}},{"from":[21.45711,15.04289,15.5],"to":[22.45711,15.54289,16],"rotation":{"angle":0,"axis":"z","origin":[21.95711,15.04289,15.75]},"faces":{"north":{"uv":[0,1,0.5,0],"rotation":270,"texture":"#1"},"east":{"uv":[0,0.5,0.5,0],"rotation":90,"texture":"#1"},"south":{"uv":[0,1,0.5,0],"rotation":90,"texture":"#1"},"west":{"uv":[0,0.5,0.5,0],"rotation":90,"texture":"#1"},"up":{"uv":[0,1,0.5,0],"rotation":90,"texture":"#1"},"down":{"uv":[0,1,0.5,0],"rotation":90,"texture":"#1"}}},{"from":[-5.75,17.85,0],"to":[-3.75,18.85,16],"rotation":{"angle":0,"axis":"y","origin":[7,8.85,9]},"faces":{"north":{"uv":[0,0,2,1],"texture":"#1"},"east":{"uv":[0,0,16,1],"texture":"#1"},"south":{"uv":[0,0,2,1],"texture":"#1"},"west":{"uv":[0,0,16,1],"texture":"#1"},"up":{"uv":[0,0,2,16],"texture":"#1"},"down":{"uv":[0,0,2,16],"texture":"#1"}}},{"from":[19.75,16.75,0],"to":[21.75,17.75,16],"rotation":{"angle":0,"axis":"y","origin":[9,7.75,9]},"faces":{"north":{"uv":[2,0,0,1],"texture":"#1"},"east":{"uv":[16,0,0,1],"texture":"#1"},"south":{"uv":[2,0,0,1],"texture":"#1"},"west":{"uv":[16,0,0,1],"texture":"#1"},"up":{"uv":[2,0,0,16],"texture":"#1"},"down":{"uv":[2,0,0,16],"texture":"#1"}}},{"from":[19.75,17.85,0],"to":[21.75,18.85,16],"rotation":{"angle":0,"axis":"y","origin":[9,8.85,9]},"faces":{"north":{"uv":[2,0,4,1],"texture":"#1"},"east":{"uv":[0,0,16,1],"texture":"#1"},"south":{"uv":[2,0,4,1],"texture":"#1"},"west":{"uv":[0,0,16,1],"texture":"#1"},"up":{"uv":[2,0,4,16],"texture":"#1"},"down":{"uv":[2,0,4,16],"texture":"#1"}}},{"from":[-4.25,0.75,-0.79289],"to":[-3.25,16.75,0.62132],"rotation":{"angle":-45,"axis":"y","origin":[-3.75,5.25,-0.29289]},"faces":{"north":{"uv":[0,0,1,16],"texture":"#1"},"east":{"uv":[0,0,1.41421,16],"texture":"#1"},"south":{"uv":[0,0,1,16],"texture":"#1"},"west":{"uv":[0,0,1.41421,16],"texture":"#1"},"up":{"uv":[0,0,1,1.41421],"texture":"#1"},"down":{"uv":[0,0,1,1.41421],"texture":"#1"}}},{"from":[19.25,0.75,-0.79289],"to":[20.25,16.75,0.62132],"rotation":{"angle":45,"axis":"y","origin":[19.75,5.25,-0.29289]},"faces":{"north":{"uv":[1,0,0,16],"texture":"#1"},"east":{"uv":[1.41421,0,0,16],"texture":"#1"},"south":{"uv":[1,0,0,16],"texture":"#1"},"west":{"uv":[1.41421,0,0,16],"texture":"#1"},"up":{"uv":[1,0,0,1.41421],"texture":"#1"},"down":{"uv":[1,0,0,1.41421],"texture":"#1"}}},{"from":[-4.83579,16.75,-1.20711],"to":[-2.83579,17.75,1.62132],"rotation":{"angle":-45,"axis":"y","origin":[-3.33579,6.25,-0.29289]},"faces":{"north":{"uv":[0,0,2,1],"texture":"#1"},"east":{"uv":[0,0,3.41421,1],"texture":"#1"},"south":{"uv":[0,0,2,1],"texture":"#1"},"west":{"uv":[0,0,3.41421,1],"texture":"#1"},"up":{"uv":[0,0,2,3.41421],"texture":"#1"},"down":{"uv":[0,0,2,3.41421],"texture":"#1"}}},{"from":[-4.83579,17.85,-1.20711],"to":[-2.83579,18.85,1.62132],"rotation":{"angle":-45,"axis":"y","origin":[-3.33579,7.35,-0.29289]},"faces":{"north":{"uv":[0,0,2,1],"texture":"#1"},"east":{"uv":[0,0,2.82843,1],"texture":"#1"},"south":{"uv":[0,0,2,1],"texture":"#1"},"west":{"uv":[0,0,2.82843,1],"texture":"#1"},"up":{"uv":[0,0,2,2.82843],"texture":"#1"},"down":{"uv":[0,0,2,2.82843],"texture":"#1"}}},{"from":[18.83579,16.75,-1.20711],"to":[20.83579,17.75,1.62132],"rotation":{"angle":45,"axis":"y","origin":[19.33579,6.25,-0.29289]},"faces":{"north":{"uv":[2,0,0,1],"texture":"#1"},"east":{"uv":[3.41421,0,0,1],"texture":"#1"},"south":{"uv":[2,0,0,1],"texture":"#1"},"west":{"uv":[3.41421,0,0,1],"texture":"#1"},"up":{"uv":[2,0,0,3.41421],"texture":"#1"},"down":{"uv":[2,0,0,3.41421],"texture":"#1"}}},{"from":[18.83579,17.85,-1.20711],"to":[20.83579,18.85,1.62132],"rotation":{"angle":45,"axis":"y","origin":[19.33579,7.35,-0.29289]},"faces":{"north":{"uv":[2,0,4,1],"texture":"#1"},"east":{"uv":[3.41421,0,6.24264,1],"texture":"#1"},"south":{"uv":[2,0,4,1],"texture":"#1"},"west":{"uv":[3.41421,0,6.24264,1],"texture":"#1"},"up":{"uv":[2,0,4,2.82843],"texture":"#1"},"down":{"uv":[2,0,4,2.82843],"texture":"#1"}}},{"from":[-4.54289,0.75,15.5],"to":[-3.54289,16.75,16.91421],"rotation":{"angle":45,"axis":"y","origin":[-4.04289,5.25,16]},"faces":{"north":{"uv":[0,0,1,16],"texture":"#1"},"east":{"uv":[0,0,1.41421,16],"texture":"#1"},"south":{"uv":[0,0,1,16],"texture":"#1"},"west":{"uv":[0,0,1.41421,16],"texture":"#1"},"up":{"uv":[0,0,1,1.41421],"texture":"#1"},"down":{"uv":[0,0,1,1.41421],"texture":"#1"}}},{"from":[19.54289,0.75,15.5],"to":[20.54289,16.75,16.91421],"rotation":{"angle":-45,"axis":"y","origin":[20.04289,5.25,16]},"faces":{"north":{"uv":[1,0,0,16],"texture":"#1"},"east":{"uv":[1.41421,0,0,16],"texture":"#1"},"south":{"uv":[1,0,0,16],"texture":"#1"},"west":{"uv":[1.41421,0,0,16],"texture":"#1"},"up":{"uv":[1,0,0,1.41421],"texture":"#1"},"down":{"uv":[1,0,0,1.41421],"texture":"#1"}}},{"from":[-5.54289,16.75,14.67157],"to":[-3.54289,17.75,17.5],"rotation":{"angle":45,"axis":"y","origin":[-4.04289,6.25,15.58579]},"faces":{"north":{"uv":[0,0,2,1],"texture":"#1"},"east":{"uv":[0,0,3.41421,1],"texture":"#1"},"south":{"uv":[0,0,2,1],"texture":"#1"},"west":{"uv":[0,0,3.41421,1],"texture":"#1"},"up":{"uv":[0,0,2,3.41421],"texture":"#1"},"down":{"uv":[0,0,2,3.41421],"texture":"#1"}}},{"from":[-5.54289,17.85,14.67157],"to":[-3.54289,18.85,17.5],"rotation":{"angle":45,"axis":"y","origin":[-4.04289,7.35,15.58579]},"faces":{"north":{"uv":[0,0,2,1],"texture":"#1"},"east":{"uv":[0,0,2.82843,1],"texture":"#1"},"south":{"uv":[0,0,2,1],"texture":"#1"},"west":{"uv":[0,0,2.82843,1],"texture":"#1"},"up":{"uv":[0,0,2,2.82843],"texture":"#1"},"down":{"uv":[0,0,2,2.82843],"texture":"#1"}}},{"from":[19.54289,16.75,14.67157],"to":[21.54289,17.75,17.5],"rotation":{"angle":-45,"axis":"y","origin":[20.04289,6.25,15.58579]},"faces":{"north":{"uv":[2,0,0,1],"texture":"#1"},"east":{"uv":[3.41421,0,0,1],"texture":"#1"},"south":{"uv":[2,0,0,1],"texture":"#1"},"west":{"uv":[3.41421,0,0,1],"texture":"#1"},"up":{"uv":[2,0,0,3.41421],"texture":"#1"},"down":{"uv":[2,0,0,3.41421],"texture":"#1"}}},{"from":[19.54289,17.85,14.67157],"to":[21.54289,18.85,17.5],"rotation":{"angle":-45,"axis":"y","origin":[20.04289,7.35,15.58579]},"faces":{"north":{"uv":[2,0,4,1],"texture":"#1"},"east":{"uv":[3.41421,0,6.24264,1],"texture":"#1"},"south":{"uv":[2,0,4,1],"texture":"#1"},"west":{"uv":[3.41421,0,6.24264,1],"texture":"#1"},"up":{"uv":[2,0,4,2.82843],"texture":"#1"},"down":{"uv":[2,0,4,2.82843],"texture":"#1"}}},{"from":[-4.75,-0.75,5],"to":[20.75,0.75,11],"rotation":{"angle":0,"axis":"y","origin":[8,5.25,9]},"faces":{"north":{"uv":[0,0,16,1.5],"texture":"#1"},"east":{"uv":[0,0,6,1.5],"texture":"#1"},"south":{"uv":[0,0,16,1.5],"texture":"#1"},"west":{"uv":[0,0,6,1.5],"texture":"#1"},"up":{"uv":[0,0,16,6],"texture":"#1"},"down":{"uv":[0,0,16,6],"texture":"#1"}}},{"from":[-3.75,0.75,-1],"to":[19.75,16.75,0],"rotation":{"angle":0,"axis":"y","origin":[8,6.75,8]},"faces":{"north":{"uv":[0,0,16,16],"texture":"#1"},"east":{"uv":[0,0,1,16],"texture":"#1"},"south":{"uv":[0,0,16,16],"texture":"#1"},"west":{"uv":[0,0,1,16],"texture":"#1"},"up":{"uv":[0,0,16,1],"texture":"#1"},"down":{"uv":[0,0,16,1],"texture":"#1"}}},{"from":[4.25,5.75,-1.075],"to":[11.25,12.75,-1],"rotation":{"angle":0,"axis":"y","origin":[11,8.75,7]},"faces":{"north":{"uv":[0,0,16,16],"texture":"#4"},"east":{"uv":[0,0,2.25,2],"texture":"#4"},"south":{"uv":[0,0,2.25,2],"texture":"#4"},"west":{"uv":[0,0,2.25,2],"texture":"#4"},"up":{"uv":[0,0,2.25,2],"texture":"#4"},"down":{"uv":[0,0,2.25,2],"texture":"#4"}}},{"from":[-3.75,16.75,-2],"to":[19.75,17.75,0],"rotation":{"angle":0,"axis":"y","origin":[8,7.75,8]},"faces":{"north":{"uv":[0,0,16,1],"texture":"#1"},"east":{"uv":[0,0,2,1],"texture":"#1"},"south":{"uv":[0,0,16,1],"texture":"#1"},"west":{"uv":[0,0,2,1],"texture":"#1"},"up":{"uv":[0,0,16,2],"texture":"#1"},"down":{"uv":[0,0,16,2],"texture":"#1"}}},{"from":[-3.75,17.85,-2],"to":[19.75,18.85,0],"rotation":{"angle":0,"axis":"y","origin":[8,8.85,8]},"faces":{"north":{"uv":[0,0,16,1],"texture":"#1"},"east":{"uv":[0,0,2,1],"texture":"#1"},"south":{"uv":[0,0,16,1],"texture":"#1"},"west":{"uv":[0,0,2,1],"texture":"#1"},"up":{"uv":[0,0,16,2],"texture":"#1"},"down":{"uv":[0,0,16,2],"texture":"#1"}}},{"from":[-3.75,18.85,-1],"to":[19.75,19.85,17],"rotation":{"angle":0,"axis":"y","origin":[8,9.85,9]},"faces":{"north":{"uv":[0,0,16,1],"texture":"#1"},"east":{"uv":[0,0,16,1],"texture":"#1"},"south":{"uv":[0,0,16,1],"texture":"#1"},"west":{"uv":[0,0,16,1],"texture":"#1"},"up":{"uv":[0,0,16,16],"texture":"#1"},"down":{"uv":[0,0,16,16],"texture":"#1"}}},{"from":[-3.75,19.85,-1],"to":[4.75,20.85,17],"rotation":{"angle":0,"axis":"y","origin":[9,9.85,9]},"faces":{"north":{"uv":[0,0,8.5,1],"texture":"#1"},"east":{"uv":[0,0,16,1],"texture":"#1"},"south":{"uv":[0,0,8.5,1],"texture":"#1"},"west":{"uv":[0,0,16,1],"texture":"#1"},"up":{"uv":[0,0,8.5,16],"texture":"#1"},"down":{"uv":[0,0,8.5,16],"texture":"#1"}}},{"from":[11.25,19.85,-1],"to":[19.75,20.85,17],"rotation":{"angle":0,"axis":"y","origin":[7,9.85,9]},"faces":{"north":{"uv":[7.5,0,16,1],"texture":"#1"},"east":{"uv":[0,0,16,1],"texture":"#1"},"south":{"uv":[7.5,0,16,1],"texture":"#1"},"west":{"uv":[0,0,16,1],"texture":"#1"},"up":{"uv":[7.5,0,16,16],"texture":"#1"},"down":{"uv":[7.5,0,16,16],"texture":"#1"}}},{"from":[5.75,19.85,-1],"to":[10.25,20.85,17],"rotation":{"angle":0,"axis":"y","origin":[1,9.85,9]},"faces":{"north":{"uv":[7.5,0,12,1],"texture":"#1"},"east":{"uv":[0,0,16,1],"texture":"#1"},"south":{"uv":[7.5,0,12,1],"texture":"#1"},"west":{"uv":[0,0,16,1],"texture":"#1"},"up":{"uv":[7.5,0,12,16],"texture":"#1"},"down":{"uv":[7.5,0,12,16],"texture":"#1"}}},{"from":[5.75,20.35,16.5],"to":[10.25,21.35,18.5],"rotation":{"angle":0,"axis":"y","origin":[1,10.35,9.5]},"faces":{"north":{"uv":[7.5,0,12,1],"texture":"#1"},"east":{"uv":[0,0,2,1],"texture":"#1"},"south":{"uv":[7.5,0,12,1],"texture":"#1"},"west":{"uv":[0,0,2,1],"texture":"#1"},"up":{"uv":[7.5,0,12,2],"texture":"#1"},"down":{"uv":[7.5,0,12,2],"texture":"#1"}}},{"from":[5.75,19.72868,16],"to":[10.25,21.14289,17],"rotation":{"angle":-45,"axis":"x","origin":[8,20.64289,16.5]},"faces":{"north":{"uv":[7.5,0,12,1],"texture":"#1"},"east":{"uv":[0,0,1,1],"texture":"#1"},"south":{"uv":[7.5,0,12,1],"texture":"#1"},"west":{"uv":[0,0,1,1],"texture":"#1"},"up":{"uv":[7.5,0,12,1],"texture":"#1"},"down":{"uv":[7.5,0,12,1],"texture":"#1"}}},{"from":[4.17678,19.46612,-1],"to":[5.67678,20.46612,17],"rotation":{"angle":-45,"axis":"z","origin":[4.92678,19.96612,8]},"faces":{"north":{"uv":[0,0,1.5,1],"texture":"#1"},"east":{"uv":[0,0,16,1],"texture":"#1"},"south":{"uv":[0,0,1.5,1],"texture":"#1"},"west":{"uv":[0,0,16,1],"texture":"#1"},"up":{"uv":[0,0,1.5,16],"texture":"#1"},"down":{"uv":[0,0,1.5,16],"texture":"#1"}}},{"from":[10.32322,19.46612,-1],"to":[11.82322,20.46612,17],"rotation":{"angle":45,"axis":"z","origin":[11.07322,19.96612,8]},"faces":{"north":{"uv":[1.5,0,3,1],"texture":"#1"},"east":{"uv":[0,0,16,1],"texture":"#1"},"south":{"uv":[1.5,0,3,1],"texture":"#1"},"west":{"uv":[0,0,16,1],"texture":"#1"},"up":{"uv":[1.5,0,3,16],"texture":"#1"},"down":{"uv":[1.5,0,3,16],"texture":"#1"}}},{"from":[-4.75,18.85,0],"to":[-3.75,20.85,16],"rotation":{"angle":0,"axis":"y","origin":[7,9.85,9]},"faces":{"north":{"uv":[0,0,1,2],"texture":"#1"},"east":{"uv":[0,0,16,2],"texture":"#1"},"south":{"uv":[0,0,1,2],"texture":"#1"},"west":{"uv":[0,0,16,2],"texture":"#1"},"up":{"uv":[0,0,1,16],"texture":"#1"},"down":{"uv":[0,0,1,16],"texture":"#1"}}},{"from":[19.75,18.85,0],"to":[20.75,20.85,16],"rotation":{"angle":0,"axis":"y","origin":[9,9.85,9]},"faces":{"north":{"uv":[1,0,0,2],"texture":"#1"},"east":{"uv":[16,0,0,2],"texture":"#1"},"south":{"uv":[1,0,0,2],"texture":"#1"},"west":{"uv":[16,0,0,2],"texture":"#1"},"up":{"uv":[1,0,0,16],"texture":"#1"},"down":{"uv":[1,0,0,16],"texture":"#1"}}},{"from":[-4.25,18.85,-0.79289],"to":[-3.25,20.85,0.62132],"rotation":{"angle":-45,"axis":"y","origin":[-3.75,19.35,-0.29289]},"faces":{"north":{"uv":[0,0,1,2],"texture":"#1"},"east":{"uv":[0,0,1.41421,2],"texture":"#1"},"south":{"uv":[0,0,1,2],"texture":"#1"},"west":{"uv":[0,0,1.41421,2],"texture":"#1"},"up":{"uv":[0,0,1,1.41421],"texture":"#1"},"down":{"uv":[0,0,1,1.41421],"texture":"#1"}}},{"from":[19.25,18.85,-0.79289],"to":[20.25,20.85,0.62132],"rotation":{"angle":45,"axis":"y","origin":[19.75,19.35,-0.29289]},"faces":{"north":{"uv":[1,0,0,2],"texture":"#1"},"east":{"uv":[1.41421,0,0,2],"texture":"#1"},"south":{"uv":[1,0,0,2],"texture":"#1"},"west":{"uv":[1.41421,0,0,2],"texture":"#1"},"up":{"uv":[1,0,0,1.41421],"texture":"#1"},"down":{"uv":[1,0,0,1.41421],"texture":"#1"}}},{"from":[-4.54289,18.85,15.5],"to":[-3.54289,20.85,16.91421],"rotation":{"angle":45,"axis":"y","origin":[-4.04289,19.35,16]},"faces":{"north":{"uv":[0,0,1,2],"texture":"#1"},"east":{"uv":[0,0,1.41421,2],"texture":"#1"},"south":{"uv":[0,0,1,2],"texture":"#1"},"west":{"uv":[0,0,1.41421,2],"texture":"#1"},"up":{"uv":[0,0,1,1.41421],"texture":"#1"},"down":{"uv":[0,0,1,1.41421],"texture":"#1"}}},{"from":[19.54289,18.85,15.5],"to":[20.54289,20.85,16.91421],"rotation":{"angle":-45,"axis":"y","origin":[20.04289,19.35,16]},"faces":{"north":{"uv":[1,0,0,2],"texture":"#1"},"east":{"uv":[1.41421,0,0,2],"texture":"#1"},"south":{"uv":[1,0,0,2],"texture":"#1"},"west":{"uv":[1.41421,0,0,2],"texture":"#1"},"up":{"uv":[1,0,0,1.41421],"texture":"#1"},"down":{"uv":[1,0,0,1.41421],"texture":"#1"}}},{"from":[19.25,15.25,-1.5],"to":[19.5,17.25,-0.5],"rotation":{"angle":-22.5,"axis":"x","origin":[19.5,16.25,-1]},"faces":{"north":{"uv":[0,0,0.25,2],"rotation":180,"texture":"#1"},"east":{"uv":[0,0,2,1],"rotation":90,"texture":"#1"},"south":{"uv":[0,0,0.25,2],"texture":"#1"},"west":{"uv":[0,0,2,1],"rotation":270,"texture":"#1"},"up":{"uv":[0,0,0.25,1],"texture":"#1"},"down":{"uv":[0,0,0.25,1],"rotation":180,"texture":"#1"}}},{"from":[18.25,15.25,-1.5],"to":[18.5,17.25,-0.5],"rotation":{"angle":-22.5,"axis":"x","origin":[18.5,16.25,-1]},"faces":{"north":{"uv":[0,0,0.25,2],"rotation":180,"texture":"#1"},"east":{"uv":[0,0,2,1],"rotation":90,"texture":"#1"},"south":{"uv":[0,0,0.25,2],"texture":"#1"},"west":{"uv":[0,0,2,1],"rotation":270,"texture":"#1"},"up":{"uv":[0,0,0.25,1],"texture":"#1"},"down":{"uv":[0,0,0.25,1],"rotation":180,"texture":"#1"}}},{"from":[17.25,15.25,-1.5],"to":[17.5,17.25,-0.5],"rotation":{"angle":-22.5,"axis":"x","origin":[17.5,16.25,-1]},"faces":{"north":{"uv":[0,0,0.25,2],"rotation":180,"texture":"#1"},"east":{"uv":[0,0,2,1],"rotation":90,"texture":"#1"},"south":{"uv":[0,0,0.25,2],"texture":"#1"},"west":{"uv":[0,0,2,1],"rotation":270,"texture":"#1"},"up":{"uv":[0,0,0.25,1],"texture":"#1"},"down":{"uv":[0,0,0.25,1],"rotation":180,"texture":"#1"}}},{"from":[16.25,15.25,-1.5],"to":[16.5,17.25,-0.5],"rotation":{"angle":-22.5,"axis":"x","origin":[16.5,16.25,-1]},"faces":{"north":{"uv":[0,0,0.25,2],"rotation":180,"texture":"#1"},"east":{"uv":[0,0,2,1],"rotation":90,"texture":"#1"},"south":{"uv":[0,0,0.25,2],"texture":"#1"},"west":{"uv":[0,0,2,1],"rotation":270,"texture":"#1"},"up":{"uv":[0,0,0.25,1],"texture":"#1"},"down":{"uv":[0,0,0.25,1],"rotation":180,"texture":"#1"}}},{"from":[15.25,15.25,-1.5],"to":[15.5,17.25,-0.5],"rotation":{"angle":-22.5,"axis":"x","origin":[15.5,16.25,-1]},"faces":{"north":{"uv":[0,0,0.25,2],"rotation":180,"texture":"#1"},"east":{"uv":[0,0,2,1],"rotation":90,"texture":"#1"},"south":{"uv":[0,0,0.25,2],"texture":"#1"},"west":{"uv":[0,0,2,1],"rotation":270,"texture":"#1"},"up":{"uv":[0,0,0.25,1],"texture":"#1"},"down":{"uv":[0,0,0.25,1],"rotation":180,"texture":"#1"}}},{"from":[14.25,15.25,-1.5],"to":[14.5,17.25,-0.5],"rotation":{"angle":-22.5,"axis":"x","origin":[14.5,16.25,-1]},"faces":{"north":{"uv":[0,0,0.25,2],"rotation":180,"texture":"#1"},"east":{"uv":[0,0,2,1],"rotation":90,"texture":"#1"},"south":{"uv":[0,0,0.25,2],"texture":"#1"},"west":{"uv":[0,0,2,1],"rotation":270,"texture":"#1"},"up":{"uv":[0,0,0.25,1],"texture":"#1"},"down":{"uv":[0,0,0.25,1],"rotation":180,"texture":"#1"}}},{"from":[13.25,15.25,-1.5],"to":[13.5,17.25,-0.5],"rotation":{"angle":-22.5,"axis":"x","origin":[13.5,16.25,-1]},"faces":{"north":{"uv":[0,0,0.25,2],"rotation":180,"texture":"#1"},"east":{"uv":[0,0,2,1],"rotation":90,"texture":"#1"},"south":{"uv":[0,0,0.25,2],"texture":"#1"},"west":{"uv":[0,0,2,1],"rotation":270,"texture":"#1"},"up":{"uv":[0,0,0.25,1],"texture":"#1"},"down":{"uv":[0,0,0.25,1],"rotation":180,"texture":"#1"}}},{"from":[12.25,15.25,-1.5],"to":[12.5,17.25,-0.5],"rotation":{"angle":-22.5,"axis":"x","origin":[12.5,16.25,-1]},"faces":{"north":{"uv":[0,0,0.25,2],"rotation":180,"texture":"#1"},"east":{"uv":[0,0,2,1],"rotation":90,"texture":"#1"},"south":{"uv":[0,0,0.25,2],"texture":"#1"},"west":{"uv":[0,0,2,1],"rotation":270,"texture":"#1"},"up":{"uv":[0,0,0.25,1],"texture":"#1"},"down":{"uv":[0,0,0.25,1],"rotation":180,"texture":"#1"}}},{"from":[11.25,15.25,-1.5],"to":[11.5,17.25,-0.5],"rotation":{"angle":-22.5,"axis":"x","origin":[11.5,16.25,-1]},"faces":{"north":{"uv":[0,0,0.25,2],"rotation":180,"texture":"#1"},"east":{"uv":[0,0,2,1],"rotation":90,"texture":"#1"},"south":{"uv":[0,0,0.25,2],"texture":"#1"},"west":{"uv":[0,0,2,1],"rotation":270,"texture":"#1"},"up":{"uv":[0,0,0.25,1],"texture":"#1"},"down":{"uv":[0,0,0.25,1],"rotation":180,"texture":"#1"}}},{"from":[10.25,15.25,-1.5],"to":[10.5,17.25,-0.5],"rotation":{"angle":-22.5,"axis":"x","origin":[10.5,16.25,-1]},"faces":{"north":{"uv":[0,0,0.25,2],"rotation":180,"texture":"#1"},"east":{"uv":[0,0,2,1],"rotation":90,"texture":"#1"},"south":{"uv":[0,0,0.25,2],"texture":"#1"},"west":{"uv":[0,0,2,1],"rotation":270,"texture":"#1"},"up":{"uv":[0,0,0.25,1],"texture":"#1"},"down":{"uv":[0,0,0.25,1],"rotation":180,"texture":"#1"}}},{"from":[9.25,15.25,-1.5],"to":[9.5,17.25,-0.5],"rotation":{"angle":-22.5,"axis":"x","origin":[9.5,16.25,-1]},"faces":{"north":{"uv":[0,0,0.25,2],"rotation":180,"texture":"#1"},"east":{"uv":[0,0,2,1],"rotation":90,"texture":"#1"},"south":{"uv":[0,0,0.25,2],"texture":"#1"},"west":{"uv":[0,0,2,1],"rotation":270,"texture":"#1"},"up":{"uv":[0,0,0.25,1],"texture":"#1"},"down":{"uv":[0,0,0.25,1],"rotation":180,"texture":"#1"}}},{"from":[8.25,15.25,-1.5],"to":[8.5,17.25,-0.5],"rotation":{"angle":-22.5,"axis":"x","origin":[8.5,16.25,-1]},"faces":{"north":{"uv":[0,0,0.25,2],"rotation":180,"texture":"#1"},"east":{"uv":[0,0,2,1],"rotation":90,"texture":"#1"},"south":{"uv":[0,0,0.25,2],"texture":"#1"},"west":{"uv":[0,0,2,1],"rotation":270,"texture":"#1"},"up":{"uv":[0,0,0.25,1],"texture":"#1"},"down":{"uv":[0,0,0.25,1],"rotation":180,"texture":"#1"}}},{"from":[7.25,15.25,-1.5],"to":[7.5,17.25,-0.5],"rotation":{"angle":-22.5,"axis":"x","origin":[7.5,16.25,-1]},"faces":{"north":{"uv":[0,0,0.25,2],"rotation":180,"texture":"#1"},"east":{"uv":[0,0,2,1],"rotation":90,"texture":"#1"},"south":{"uv":[0,0,0.25,2],"texture":"#1"},"west":{"uv":[0,0,2,1],"rotation":270,"texture":"#1"},"up":{"uv":[0,0,0.25,1],"texture":"#1"},"down":{"uv":[0,0,0.25,1],"rotation":180,"texture":"#1"}}},{"from":[6.25,15.25,-1.5],"to":[6.5,17.25,-0.5],"rotation":{"angle":-22.5,"axis":"x","origin":[6.5,16.25,-1]},"faces":{"north":{"uv":[0,0,0.25,2],"rotation":180,"texture":"#1"},"east":{"uv":[0,0,2,1],"rotation":90,"texture":"#1"},"south":{"uv":[0,0,0.25,2],"texture":"#1"},"west":{"uv":[0,0,2,1],"rotation":270,"texture":"#1"},"up":{"uv":[0,0,0.25,1],"texture":"#1"},"down":{"uv":[0,0,0.25,1],"rotation":180,"texture":"#1"}}},{"from":[5.25,15.25,-1.5],"to":[5.5,17.25,-0.5],"rotation":{"angle":-22.5,"axis":"x","origin":[5.5,16.25,-1]},"faces":{"north":{"uv":[0,0,0.25,2],"rotation":180,"texture":"#1"},"east":{"uv":[0,0,2,1],"rotation":90,"texture":"#1"},"south":{"uv":[0,0,0.25,2],"texture":"#1"},"west":{"uv":[0,0,2,1],"rotation":270,"texture":"#1"},"up":{"uv":[0,0,0.25,1],"texture":"#1"},"down":{"uv":[0,0,0.25,1],"rotation":180,"texture":"#1"}}},{"from":[4.25,15.25,-1.5],"to":[4.5,17.25,-0.5],"rotation":{"angle":-22.5,"axis":"x","origin":[4.5,16.25,-1]},"faces":{"north":{"uv":[0,0,0.25,2],"rotation":180,"texture":"#1"},"east":{"uv":[0,0,2,1],"rotation":90,"texture":"#1"},"south":{"uv":[0,0,0.25,2],"texture":"#1"},"west":{"uv":[0,0,2,1],"rotation":270,"texture":"#1"},"up":{"uv":[0,0,0.25,1],"texture":"#1"},"down":{"uv":[0,0,0.25,1],"rotation":180,"texture":"#1"}}},{"from":[3.25,15.25,-1.5],"to":[3.5,17.25,-0.5],"rotation":{"angle":-22.5,"axis":"x","origin":[3.5,16.25,-1]},"faces":{"north":{"uv":[0,0,0.25,2],"rotation":180,"texture":"#1"},"east":{"uv":[0,0,2,1],"rotation":90,"texture":"#1"},"south":{"uv":[0,0,0.25,2],"texture":"#1"},"west":{"uv":[0,0,2,1],"rotation":270,"texture":"#1"},"up":{"uv":[0,0,0.25,1],"texture":"#1"},"down":{"uv":[0,0,0.25,1],"rotation":180,"texture":"#1"}}},{"from":[2.25,15.25,-1.5],"to":[2.5,17.25,-0.5],"rotation":{"angle":-22.5,"axis":"x","origin":[2.5,16.25,-1]},"faces":{"north":{"uv":[0,0,0.25,2],"rotation":180,"texture":"#1"},"east":{"uv":[0,0,2,1],"rotation":90,"texture":"#1"},"south":{"uv":[0,0,0.25,2],"texture":"#1"},"west":{"uv":[0,0,2,1],"rotation":270,"texture":"#1"},"up":{"uv":[0,0,0.25,1],"texture":"#1"},"down":{"uv":[0,0,0.25,1],"rotation":180,"texture":"#1"}}},{"from":[1.25,15.25,-1.5],"to":[1.5,17.25,-0.5],"rotation":{"angle":-22.5,"axis":"x","origin":[1.5,16.25,-1]},"faces":{"north":{"uv":[0,0,0.25,2],"rotation":180,"texture":"#1"},"east":{"uv":[0,0,2,1],"rotation":90,"texture":"#1"},"south":{"uv":[0,0,0.25,2],"texture":"#1"},"west":{"uv":[0,0,2,1],"rotation":270,"texture":"#1"},"up":{"uv":[0,0,0.25,1],"texture":"#1"},"down":{"uv":[0,0,0.25,1],"rotation":180,"texture":"#1"}}},{"from":[0.25,15.25,-1.5],"to":[0.5,17.25,-0.5],"rotation":{"angle":-22.5,"axis":"x","origin":[0.5,16.25,-1]},"faces":{"north":{"uv":[0,0,0.25,2],"rotation":180,"texture":"#1"},"east":{"uv":[0,0,2,1],"rotation":90,"texture":"#1"},"south":{"uv":[0,0,0.25,2],"texture":"#1"},"west":{"uv":[0,0,2,1],"rotation":270,"texture":"#1"},"up":{"uv":[0,0,0.25,1],"texture":"#1"},"down":{"uv":[0,0,0.25,1],"rotation":180,"texture":"#1"}}},{"from":[-0.75,15.25,-1.5],"to":[-0.5,17.25,-0.5],"rotation":{"angle":-22.5,"axis":"x","origin":[-0.5,16.25,-1]},"faces":{"north":{"uv":[0,0,0.25,2],"rotation":180,"texture":"#1"},"east":{"uv":[0,0,2,1],"rotation":90,"texture":"#1"},"south":{"uv":[0,0,0.25,2],"texture":"#1"},"west":{"uv":[0,0,2,1],"rotation":270,"texture":"#1"},"up":{"uv":[0,0,0.25,1],"texture":"#1"},"down":{"uv":[0,0,0.25,1],"rotation":180,"texture":"#1"}}},{"from":[-1.75,15.25,-1.5],"to":[-1.5,17.25,-0.5],"rotation":{"angle":-22.5,"axis":"x","origin":[-1.5,16.25,-1]},"faces":{"north":{"uv":[0,0,0.25,2],"rotation":180,"texture":"#1"},"east":{"uv":[0,0,2,1],"rotation":90,"texture":"#1"},"south":{"uv":[0,0,0.25,2],"texture":"#1"},"west":{"uv":[0,0,2,1],"rotation":270,"texture":"#1"},"up":{"uv":[0,0,0.25,1],"texture":"#1"},"down":{"uv":[0,0,0.25,1],"rotation":180,"texture":"#1"}}},{"from":[-2.75,15.25,-1.5],"to":[-2.5,17.25,-0.5],"rotation":{"angle":-22.5,"axis":"x","origin":[-2.5,16.25,-1]},"faces":{"north":{"uv":[0,0,0.25,2],"rotation":180,"texture":"#1"},"east":{"uv":[0,0,2,1],"rotation":90,"texture":"#1"},"south":{"uv":[0,0,0.25,2],"texture":"#1"},"west":{"uv":[0,0,2,1],"rotation":270,"texture":"#1"},"up":{"uv":[0,0,0.25,1],"texture":"#1"},"down":{"uv":[0,0,0.25,1],"rotation":180,"texture":"#1"}}},{"from":[-3.75,15.25,-1.5],"to":[-3.5,17.25,-0.5],"rotation":{"angle":-22.5,"axis":"x","origin":[-3.5,16.25,-1]},"faces":{"north":{"uv":[0,0,0.25,2],"rotation":180,"texture":"#1"},"east":{"uv":[0,0,2,1],"rotation":90,"texture":"#1"},"south":{"uv":[0,0,0.25,2],"texture":"#1"},"west":{"uv":[0,0,2,1],"rotation":270,"texture":"#1"},"up":{"uv":[0,0,0.25,1],"texture":"#1"},"down":{"uv":[0,0,0.25,1],"rotation":180,"texture":"#1"}}},{"from":[-3.75,0.75,16],"to":[19.75,16.75,17],"rotation":{"angle":0,"axis":"y","origin":[8,6.75,25]},"faces":{"north":{"uv":[0,0,16,16],"texture":"#1"},"east":{"uv":[0,0,1,16],"texture":"#1"},"south":{"uv":[0,0,16,16],"texture":"#1"},"west":{"uv":[0,0,1,16],"texture":"#1"},"up":{"uv":[0,0,16,1],"texture":"#1"},"down":{"uv":[0,0,16,1],"texture":"#1"}}},{"from":[-3.75,16.75,16],"to":[19.75,17.75,18],"rotation":{"angle":0,"axis":"y","origin":[8,7.75,25]},"faces":{"north":{"uv":[0,0,16,1],"texture":"#1"},"east":{"uv":[0,0,2,1],"texture":"#1"},"south":{"uv":[0,0,16,1],"texture":"#1"},"west":{"uv":[0,0,2,1],"texture":"#1"},"up":{"uv":[0,0,16,2],"texture":"#1"},"down":{"uv":[0,0,16,2],"texture":"#1"}}},{"from":[-3.75,17.85,16],"to":[19.75,18.85,18],"rotation":{"angle":0,"axis":"y","origin":[8,8.85,25]},"faces":{"north":{"uv":[0,0,16,1],"texture":"#1"},"east":{"uv":[0,0,2,1],"texture":"#1"},"south":{"uv":[0,0,16,1],"texture":"#1"},"west":{"uv":[0,0,2,1],"texture":"#1"},"up":{"uv":[0,0,16,2],"texture":"#1"},"down":{"uv":[0,0,16,2],"texture":"#1"}}},{"from":[-3.75,4.23528,-7.17157],"to":[19.75,5.64949,-6.17157],"rotation":{"angle":-45,"axis":"x","origin":[8,10.64949,1.82843]},"faces":{"north":{"uv":[0,0,16,1.41421],"texture":"#1"},"east":{"uv":[0,0,1,1.41421],"texture":"#1"},"south":{"uv":[0,0,16,1.41421],"texture":"#1"},"west":{"uv":[0,0,1,1.41421],"texture":"#1"},"up":{"uv":[0,0,16,1],"texture":"#1"},"down":{"uv":[0,0,16,1],"texture":"#1"}}},{"from":[-4.75,3.73528,-2.17157],"to":[20.75,6.04594,-1.11091],"rotation":{"angle":-45,"axis":"x","origin":[8,10.14949,6.82843]},"faces":{"north":{"uv":[0,0,16,2.31066],"texture":"#1"},"east":{"uv":[0,0,1.06066,2.31066],"texture":"#1"},"south":{"uv":[0,0,16,2.31066],"texture":"#1"},"west":{"uv":[0,0,1.06066,2.31066],"texture":"#1"},"up":{"uv":[0,0,16,1.06066],"texture":"#1"},"down":{"uv":[0,0,16,1.06066],"texture":"#1"}}},{"from":[-4.75,-0.57322,10.51256],"to":[20.75,0.48744,12.82322],"rotation":{"angle":-45,"axis":"x","origin":[8,-0.07322,10.96967]},"faces":{"north":{"uv":[0,0,16,1.06066],"rotation":180,"texture":"#1"},"east":{"uv":[0,0,1.06066,2.31066],"rotation":90,"texture":"#1"},"south":{"uv":[0,0,16,1.06066],"texture":"#1"},"west":{"uv":[0,0,1.06066,2.31066],"rotation":270,"texture":"#1"},"up":{"uv":[0,0,16,2.31066],"texture":"#1"},"down":{"uv":[0,0,16,2.31066],"rotation":180,"texture":"#1"}}},{"from":[-3.75,0.10355,15.43934],"to":[19.75,1.10355,16.85355],"rotation":{"angle":-45,"axis":"x","origin":[8,0.60355,16.14645]},"faces":{"north":{"uv":[0,0,16,1],"rotation":180,"texture":"#1"},"east":{"uv":[0,0,1,1.41421],"rotation":90,"texture":"#1"},"south":{"uv":[0,0,16,1],"texture":"#1"},"west":{"uv":[0,0,1,1.41421],"rotation":270,"texture":"#1"},"up":{"uv":[0,0,16,1.41421],"texture":"#1"},"down":{"uv":[0,0,16,1.41421],"rotation":180,"texture":"#1"}}},{"from":[19.25,15.25,16.5],"to":[19.5,17.25,17.5],"rotation":{"angle":22.5,"axis":"x","origin":[19.5,16.25,17]},"faces":{"north":{"uv":[0.25,0,0,2],"texture":"#1"},"east":{"uv":[0,1,2,0],"rotation":90,"texture":"#1"},"south":{"uv":[0.25,0,0,2],"rotation":180,"texture":"#1"},"west":{"uv":[0,1,2,0],"rotation":270,"texture":"#1"},"up":{"uv":[0,1,0.25,0],"texture":"#1"},"down":{"uv":[0,1,0.25,0],"rotation":180,"texture":"#1"}}},{"from":[18.25,15.25,16.5],"to":[18.5,17.25,17.5],"rotation":{"angle":22.5,"axis":"x","origin":[18.5,16.25,17]},"faces":{"north":{"uv":[0.25,0,0,2],"texture":"#1"},"east":{"uv":[0,1,2,0],"rotation":90,"texture":"#1"},"south":{"uv":[0.25,0,0,2],"rotation":180,"texture":"#1"},"west":{"uv":[0,1,2,0],"rotation":270,"texture":"#1"},"up":{"uv":[0,1,0.25,0],"texture":"#1"},"down":{"uv":[0,1,0.25,0],"rotation":180,"texture":"#1"}}},{"from":[17.25,15.25,16.5],"to":[17.5,17.25,17.5],"rotation":{"angle":22.5,"axis":"x","origin":[17.5,16.25,17]},"faces":{"north":{"uv":[0.25,0,0,2],"texture":"#1"},"east":{"uv":[0,1,2,0],"rotation":90,"texture":"#1"},"south":{"uv":[0.25,0,0,2],"rotation":180,"texture":"#1"},"west":{"uv":[0,1,2,0],"rotation":270,"texture":"#1"},"up":{"uv":[0,1,0.25,0],"texture":"#1"},"down":{"uv":[0,1,0.25,0],"rotation":180,"texture":"#1"}}},{"from":[16.25,15.25,16.5],"to":[16.5,17.25,17.5],"rotation":{"angle":22.5,"axis":"x","origin":[16.5,16.25,17]},"faces":{"north":{"uv":[0.25,0,0,2],"texture":"#1"},"east":{"uv":[0,1,2,0],"rotation":90,"texture":"#1"},"south":{"uv":[0.25,0,0,2],"rotation":180,"texture":"#1"},"west":{"uv":[0,1,2,0],"rotation":270,"texture":"#1"},"up":{"uv":[0,1,0.25,0],"texture":"#1"},"down":{"uv":[0,1,0.25,0],"rotation":180,"texture":"#1"}}},{"from":[15.25,15.25,16.5],"to":[15.5,17.25,17.5],"rotation":{"angle":22.5,"axis":"x","origin":[15.5,16.25,17]},"faces":{"north":{"uv":[0.25,0,0,2],"texture":"#1"},"east":{"uv":[0,1,2,0],"rotation":90,"texture":"#1"},"south":{"uv":[0.25,0,0,2],"rotation":180,"texture":"#1"},"west":{"uv":[0,1,2,0],"rotation":270,"texture":"#1"},"up":{"uv":[0,1,0.25,0],"texture":"#1"},"down":{"uv":[0,1,0.25,0],"rotation":180,"texture":"#1"}}},{"from":[14.25,15.25,16.5],"to":[14.5,17.25,17.5],"rotation":{"angle":22.5,"axis":"x","origin":[14.5,16.25,17]},"faces":{"north":{"uv":[0.25,0,0,2],"texture":"#1"},"east":{"uv":[0,1,2,0],"rotation":90,"texture":"#1"},"south":{"uv":[0.25,0,0,2],"rotation":180,"texture":"#1"},"west":{"uv":[0,1,2,0],"rotation":270,"texture":"#1"},"up":{"uv":[0,1,0.25,0],"texture":"#1"},"down":{"uv":[0,1,0.25,0],"rotation":180,"texture":"#1"}}},{"from":[13.25,15.25,16.5],"to":[13.5,17.25,17.5],"rotation":{"angle":22.5,"axis":"x","origin":[13.5,16.25,17]},"faces":{"north":{"uv":[0.25,0,0,2],"texture":"#1"},"east":{"uv":[0,1,2,0],"rotation":90,"texture":"#1"},"south":{"uv":[0.25,0,0,2],"rotation":180,"texture":"#1"},"west":{"uv":[0,1,2,0],"rotation":270,"texture":"#1"},"up":{"uv":[0,1,0.25,0],"texture":"#1"},"down":{"uv":[0,1,0.25,0],"rotation":180,"texture":"#1"}}},{"from":[12.25,15.25,16.5],"to":[12.5,17.25,17.5],"rotation":{"angle":22.5,"axis":"x","origin":[12.5,16.25,17]},"faces":{"north":{"uv":[0.25,0,0,2],"texture":"#1"},"east":{"uv":[0,1,2,0],"rotation":90,"texture":"#1"},"south":{"uv":[0.25,0,0,2],"rotation":180,"texture":"#1"},"west":{"uv":[0,1,2,0],"rotation":270,"texture":"#1"},"up":{"uv":[0,1,0.25,0],"texture":"#1"},"down":{"uv":[0,1,0.25,0],"rotation":180,"texture":"#1"}}},{"from":[11.25,15.25,16.5],"to":[11.5,17.25,17.5],"rotation":{"angle":22.5,"axis":"x","origin":[11.5,16.25,17]},"faces":{"north":{"uv":[0.25,0,0,2],"texture":"#1"},"east":{"uv":[0,1,2,0],"rotation":90,"texture":"#1"},"south":{"uv":[0.25,0,0,2],"rotation":180,"texture":"#1"},"west":{"uv":[0,1,2,0],"rotation":270,"texture":"#1"},"up":{"uv":[0,1,0.25,0],"texture":"#1"},"down":{"uv":[0,1,0.25,0],"rotation":180,"texture":"#1"}}},{"from":[10.25,15.25,16.5],"to":[10.5,17.25,17.5],"rotation":{"angle":22.5,"axis":"x","origin":[10.5,16.25,17]},"faces":{"north":{"uv":[0.25,0,0,2],"texture":"#1"},"east":{"uv":[0,1,2,0],"rotation":90,"texture":"#1"},"south":{"uv":[0.25,0,0,2],"rotation":180,"texture":"#1"},"west":{"uv":[0,1,2,0],"rotation":270,"texture":"#1"},"up":{"uv":[0,1,0.25,0],"texture":"#1"},"down":{"uv":[0,1,0.25,0],"rotation":180,"texture":"#1"}}},{"from":[9.25,15.25,16.5],"to":[9.5,17.25,17.5],"rotation":{"angle":22.5,"axis":"x","origin":[9.5,16.25,17]},"faces":{"north":{"uv":[0.25,0,0,2],"texture":"#1"},"east":{"uv":[0,1,2,0],"rotation":90,"texture":"#1"},"south":{"uv":[0.25,0,0,2],"rotation":180,"texture":"#1"},"west":{"uv":[0,1,2,0],"rotation":270,"texture":"#1"},"up":{"uv":[0,1,0.25,0],"texture":"#1"},"down":{"uv":[0,1,0.25,0],"rotation":180,"texture":"#1"}}},{"from":[8.25,15.25,16.5],"to":[8.5,17.25,17.5],"rotation":{"angle":22.5,"axis":"x","origin":[8.5,16.25,17]},"faces":{"north":{"uv":[0.25,0,0,2],"texture":"#1"},"east":{"uv":[0,1,2,0],"rotation":90,"texture":"#1"},"south":{"uv":[0.25,0,0,2],"rotation":180,"texture":"#1"},"west":{"uv":[0,1,2,0],"rotation":270,"texture":"#1"},"up":{"uv":[0,1,0.25,0],"texture":"#1"},"down":{"uv":[0,1,0.25,0],"rotation":180,"texture":"#1"}}},{"from":[7.25,15.25,16.5],"to":[7.5,17.25,17.5],"rotation":{"angle":22.5,"axis":"x","origin":[7.5,16.25,17]},"faces":{"north":{"uv":[0.25,0,0,2],"texture":"#1"},"east":{"uv":[0,1,2,0],"rotation":90,"texture":"#1"},"south":{"uv":[0.25,0,0,2],"rotation":180,"texture":"#1"},"west":{"uv":[0,1,2,0],"rotation":270,"texture":"#1"},"up":{"uv":[0,1,0.25,0],"texture":"#1"},"down":{"uv":[0,1,0.25,0],"rotation":180,"texture":"#1"}}},{"from":[6.25,15.25,16.5],"to":[6.5,17.25,17.5],"rotation":{"angle":22.5,"axis":"x","origin":[6.5,16.25,17]},"faces":{"north":{"uv":[0.25,0,0,2],"texture":"#1"},"east":{"uv":[0,1,2,0],"rotation":90,"texture":"#1"},"south":{"uv":[0.25,0,0,2],"rotation":180,"texture":"#1"},"west":{"uv":[0,1,2,0],"rotation":270,"texture":"#1"},"up":{"uv":[0,1,0.25,0],"texture":"#1"},"down":{"uv":[0,1,0.25,0],"rotation":180,"texture":"#1"}}},{"from":[5.25,15.25,16.5],"to":[5.5,17.25,17.5],"rotation":{"angle":22.5,"axis":"x","origin":[5.5,16.25,17]},"faces":{"north":{"uv":[0.25,0,0,2],"texture":"#1"},"east":{"uv":[0,1,2,0],"rotation":90,"texture":"#1"},"south":{"uv":[0.25,0,0,2],"rotation":180,"texture":"#1"},"west":{"uv":[0,1,2,0],"rotation":270,"texture":"#1"},"up":{"uv":[0,1,0.25,0],"texture":"#1"},"down":{"uv":[0,1,0.25,0],"rotation":180,"texture":"#1"}}},{"from":[4.25,15.25,16.5],"to":[4.5,17.25,17.5],"rotation":{"angle":22.5,"axis":"x","origin":[4.5,16.25,17]},"faces":{"north":{"uv":[0.25,0,0,2],"texture":"#1"},"east":{"uv":[0,1,2,0],"rotation":90,"texture":"#1"},"south":{"uv":[0.25,0,0,2],"rotation":180,"texture":"#1"},"west":{"uv":[0,1,2,0],"rotation":270,"texture":"#1"},"up":{"uv":[0,1,0.25,0],"texture":"#1"},"down":{"uv":[0,1,0.25,0],"rotation":180,"texture":"#1"}}},{"from":[3.25,15.25,16.5],"to":[3.5,17.25,17.5],"rotation":{"angle":22.5,"axis":"x","origin":[3.5,16.25,17]},"faces":{"north":{"uv":[0.25,0,0,2],"texture":"#1"},"east":{"uv":[0,1,2,0],"rotation":90,"texture":"#1"},"south":{"uv":[0.25,0,0,2],"rotation":180,"texture":"#1"},"west":{"uv":[0,1,2,0],"rotation":270,"texture":"#1"},"up":{"uv":[0,1,0.25,0],"texture":"#1"},"down":{"uv":[0,1,0.25,0],"rotation":180,"texture":"#1"}}},{"from":[2.25,15.25,16.5],"to":[2.5,17.25,17.5],"rotation":{"angle":22.5,"axis":"x","origin":[2.5,16.25,17]},"faces":{"north":{"uv":[0.25,0,0,2],"texture":"#1"},"east":{"uv":[0,1,2,0],"rotation":90,"texture":"#1"},"south":{"uv":[0.25,0,0,2],"rotation":180,"texture":"#1"},"west":{"uv":[0,1,2,0],"rotation":270,"texture":"#1"},"up":{"uv":[0,1,0.25,0],"texture":"#1"},"down":{"uv":[0,1,0.25,0],"rotation":180,"texture":"#1"}}},{"from":[1.25,15.25,16.5],"to":[1.5,17.25,17.5],"rotation":{"angle":22.5,"axis":"x","origin":[1.5,16.25,17]},"faces":{"north":{"uv":[0.25,0,0,2],"texture":"#1"},"east":{"uv":[0,1,2,0],"rotation":90,"texture":"#1"},"south":{"uv":[0.25,0,0,2],"rotation":180,"texture":"#1"},"west":{"uv":[0,1,2,0],"rotation":270,"texture":"#1"},"up":{"uv":[0,1,0.25,0],"texture":"#1"},"down":{"uv":[0,1,0.25,0],"rotation":180,"texture":"#1"}}},{"from":[0.25,15.25,16.5],"to":[0.5,17.25,17.5],"rotation":{"angle":22.5,"axis":"x","origin":[0.5,16.25,17]},"faces":{"north":{"uv":[0.25,0,0,2],"texture":"#1"},"east":{"uv":[0,1,2,0],"rotation":90,"texture":"#1"},"south":{"uv":[0.25,0,0,2],"rotation":180,"texture":"#1"},"west":{"uv":[0,1,2,0],"rotation":270,"texture":"#1"},"up":{"uv":[0,1,0.25,0],"texture":"#1"},"down":{"uv":[0,1,0.25,0],"rotation":180,"texture":"#1"}}},{"from":[-0.75,15.25,16.5],"to":[-0.5,17.25,17.5],"rotation":{"angle":22.5,"axis":"x","origin":[-0.5,16.25,17]},"faces":{"north":{"uv":[0.25,0,0,2],"texture":"#1"},"east":{"uv":[0,1,2,0],"rotation":90,"texture":"#1"},"south":{"uv":[0.25,0,0,2],"rotation":180,"texture":"#1"},"west":{"uv":[0,1,2,0],"rotation":270,"texture":"#1"},"up":{"uv":[0,1,0.25,0],"texture":"#1"},"down":{"uv":[0,1,0.25,0],"rotation":180,"texture":"#1"}}},{"from":[-1.75,15.25,16.5],"to":[-1.5,17.25,17.5],"rotation":{"angle":22.5,"axis":"x","origin":[-1.5,16.25,17]},"faces":{"north":{"uv":[0.25,0,0,2],"texture":"#1"},"east":{"uv":[0,1,2,0],"rotation":90,"texture":"#1"},"south":{"uv":[0.25,0,0,2],"rotation":180,"texture":"#1"},"west":{"uv":[0,1,2,0],"rotation":270,"texture":"#1"},"up":{"uv":[0,1,0.25,0],"texture":"#1"},"down":{"uv":[0,1,0.25,0],"rotation":180,"texture":"#1"}}},{"from":[-2.75,15.25,16.5],"to":[-2.5,17.25,17.5],"rotation":{"angle":22.5,"axis":"x","origin":[-2.5,16.25,17]},"faces":{"north":{"uv":[0.25,0,0,2],"texture":"#1"},"east":{"uv":[0,1,2,0],"rotation":90,"texture":"#1"},"south":{"uv":[0.25,0,0,2],"rotation":180,"texture":"#1"},"west":{"uv":[0,1,2,0],"rotation":270,"texture":"#1"},"up":{"uv":[0,1,0.25,0],"texture":"#1"},"down":{"uv":[0,1,0.25,0],"rotation":180,"texture":"#1"}}},{"from":[-3.75,15.25,16.5],"to":[-3.5,17.25,17.5],"rotation":{"angle":22.5,"axis":"x","origin":[-3.5,16.25,17]},"faces":{"north":{"uv":[0.25,0,0,2],"texture":"#1"},"east":{"uv":[0,1,2,0],"rotation":90,"texture":"#1"},"south":{"uv":[0.25,0,0,2],"rotation":180,"texture":"#1"},"west":{"uv":[0,1,2,0],"rotation":270,"texture":"#1"},"up":{"uv":[0,1,0.25,0],"texture":"#1"},"down":{"uv":[0,1,0.25,0],"rotation":180,"texture":"#1"}}}],"display":{"thirdperson_righthand":{"rotation":[67.5,0,0],"translation":[0,0,-6],"scale":[0.6,0.6,0.6]},"thirdperson_lefthand":{"rotation":[67.5,0,0],"translation":[0,0,-6],"scale":[0.6,0.6,0.6]},"firstperson_righthand":{"translation":[8.25,-7.25,-5.25],"scale":[0.6,0.6,0.6]},"firstperson_lefthand":{"translation":[8.25,-7.25,-5.25],"scale":[0.6,0.6,0.6]},"ground":{"translation":[0,5,0],"scale":[0.6,0.6,0.6]},"gui":{"rotation":[16.5,143.5,0],"translation":[0,-1.25,0],"scale":[0.4375,0.4375,0.4375]},"head":{"rotation":[0,-180,0],"translation":[0,-19.5,12]},"fixed":{"rotation":[-90,0,0],"translation":[0,0,14.25],"scale":[2,2,2]}},"groups":[{"name":"group","origin":[8,10,9],"children":[{"name":"group","origin":[8,5.5,9],"children":[0,1,2,3,4,5,6,7,8,9,10,11,12,13,14,15,16,17,18,19,20,21,22,23,24,25]},{"name":"group","origin":[8,5.5,9],"children":[26,27,28,29,30,31,32,33,34,35,36,37,38,39,40,41,42,43,44,45,46,47,48,49,50,51]},52,53,54,55,{"name":"group","origin":[-5.95711,15.04289,3.75],"children":[56,57,58,59,60,61,62,63,64,65,66,67,68,69,70,71,72,73]},{"name":"group","origin":[-5.95711,15.04289,3.75],"children":[74,75,76,77,78,79,80,81,82,83,84,85,86,87,88,89,90,91]},92,93,94,95,96,97,98,99,100,101,102,103,104,105,106,107,108,109,110,111,112,113,114,115,116,117,118,119,120,121,122,123,124,125,{"name":"group","origin":[-3.5,16.25,-1],"children":[126,127,128,129,130,131,132,133,134,135,136,137,138,139,140,141,142,143,144,145,146,147,148,149]},150,151,152,153,154,155,156]},{"name":"group","origin":[-3.5,16.25,-1],"children":[157,158,159,160,161,162,163,164,165,166,167,168,169,170,171,172,173,174,175,176,177,178,179,180]}]}