{"credit":"by Damfler","textures":{"0":"block/green_concrete","1":"block/gray_concrete","2":"block/iron_block","3":"container/recycle","particle":"block/green_concrete"},"elements":[{"from":[1,0,1],"to":[15,1,11],"faces":{"north":{"uv":[0,0,14,1],"texture":"#0"},"east":{"uv":[0,0,10,1],"texture":"#0"},"south":{"uv":[0,0,14,1],"texture":"#0"},"west":{"uv":[0,0,10,1],"texture":"#0"},"up":{"uv":[0,0,14,10],"texture":"#0"},"down":{"uv":[0,0,14,10],"texture":"#0"}}},{"from":[15,0,1],"to":[16,20,11],"rotation":{"angle":0,"axis":"y","origin":[9,8,8]},"faces":{"north":{"uv":[0,0,1,16],"texture":"#0"},"east":{"uv":[0,0,10,16],"texture":"#0"},"south":{"uv":[0,0,1,16],"texture":"#0"},"west":{"uv":[0,0,10,16],"texture":"#0"},"up":{"uv":[0,0,1,10],"texture":"#0"},"down":{"uv":[0,0,1,10],"texture":"#0"}}},{"from":[0,0,1],"to":[1,20,11],"rotation":{"angle":0,"axis":"y","origin":[-6,8,8]},"faces":{"north":{"uv":[0,0,1,16],"texture":"#0"},"east":{"uv":[0,0,10,16],"texture":"#0"},"south":{"uv":[0,0,1,16],"texture":"#0"},"west":{"uv":[0,0,10,16],"texture":"#0"},"up":{"uv":[0,0,1,10],"texture":"#0"},"down":{"uv":[0,0,1,10],"texture":"#0"}}},{"from":[15,20,1],"to":[16.5,22,15],"rotation":{"angle":0,"axis":"y","origin":[9,2,8]},"faces":{"north":{"uv":[0,0,1.5,2],"texture":"#1"},"east":{"uv":[0,0,14,2],"texture":"#1"},"south":{"uv":[0,0,1.5,2],"texture":"#1"},"west":{"uv":[0,0,14,2],"texture":"#1"},"up":{"uv":[0,0,1.5,14],"texture":"#1"},"down":{"uv":[0,0,1.5,14],"texture":"#1"}}},{"from":[-0.5,20,1],"to":[1,22,15],"rotation":{"angle":0,"axis":"y","origin":[-6,2,8]},"faces":{"north":{"uv":[0,0,1.5,2],"texture":"#1"},"east":{"uv":[0,0,14,2],"texture":"#1"},"south":{"uv":[0,0,1.5,2],"texture":"#1"},"west":{"uv":[0,0,14,2],"texture":"#1"},"up":{"uv":[0,0,1.5,14],"texture":"#1"},"down":{"uv":[0,0,1.5,14],"texture":"#1"}}},{"from":[13.29289,21.70711,1],"to":[15.29289,22.70711,15],"rotation":{"angle":0,"axis":"y","origin":[8.29289,2.70711,8]},"faces":{"north":{"uv":[0,0,2,1],"texture":"#1"},"east":{"uv":[0,0,14,1],"texture":"#1"},"south":{"uv":[0,0,2,1],"texture":"#1"},"west":{"uv":[0,0,14,1],"texture":"#1"},"up":{"uv":[0,0,2,14],"texture":"#1"},"down":{"uv":[0,0,2,14],"texture":"#1"}}},{"from":[0.70711,21.70711,1],"to":[2.70711,22.70711,15],"rotation":{"angle":0,"axis":"y","origin":[-4.29289,2.70711,8]},"faces":{"north":{"uv":[0,0,2,1],"texture":"#1"},"east":{"uv":[0,0,14,1],"texture":"#1"},"south":{"uv":[0,0,2,1],"texture":"#1"},"west":{"uv":[0,0,14,1],"texture":"#1"},"up":{"uv":[0,0,2,14],"texture":"#1"},"down":{"uv":[0,0,2,14],"texture":"#1"}}},{"from":[4.69289,21.70711,1],"to":[11.29289,22.70711,15],"rotation":{"angle":0,"axis":"y","origin":[4.29289,2.70711,8]},"faces":{"north":{"uv":[0,0,6.6,1],"texture":"#1"},"east":{"uv":[0,0,14,1],"texture":"#1"},"south":{"uv":[0,0,6.6,1],"texture":"#1"},"west":{"uv":[0,0,14,1],"texture":"#1"},"up":{"uv":[0,0,6.6,14],"texture":"#1"},"down":{"uv":[0,0,6.6,14],"texture":"#1"}}},{"from":[6.69289,22.70711,1],"to":[9.29289,22.95711,15],"rotation":{"angle":0,"axis":"y","origin":[4.29289,2.70711,8]},"faces":{"north":{"uv":[0,0,2.6,0.25],"texture":"#1"},"east":{"uv":[0,0,14,0.25],"texture":"#1"},"south":{"uv":[0,0,2.6,0.25],"texture":"#1"},"west":{"uv":[0,0,14,0.25],"texture":"#1"},"up":{"uv":[0,0,2.6,14],"texture":"#1"},"down":{"uv":[0,0,2.6,14],"texture":"#1"}}},{"from":[11.29289,21.70711,1],"to":[13.29289,22.45711,15],"rotation":{"angle":0,"axis":"y","origin":[6.29289,2.70711,8]},"faces":{"north":{"uv":[0,0,2,0.75],"texture":"#1"},"east":{"uv":[0,0,14,0.75],"texture":"#1"},"south":{"uv":[0,0,2,0.75],"texture":"#1"},"west":{"uv":[0,0,14,0.75],"texture":"#1"},"up":{"uv":[0,0,2,14],"texture":"#1"},"down":{"uv":[0,0,2,14],"texture":"#1"}}},{"from":[2.69289,21.70711,1],"to":[4.69289,22.45711,15],"rotation":{"angle":0,"axis":"y","origin":[-2.30711,2.70711,8]},"faces":{"north":{"uv":[0,0,2,0.75],"texture":"#1"},"east":{"uv":[0,0,14,0.75],"texture":"#1"},"south":{"uv":[0,0,2,0.75],"texture":"#1"},"west":{"uv":[0,0,14,0.75],"texture":"#1"},"up":{"uv":[0,0,2,14],"texture":"#1"},"down":{"uv":[0,0,2,14],"texture":"#1"}}},{"from":[14.79289,21.5,1],"to":[15.79289,22.5,15],"rotation":{"angle":45,"axis":"z","origin":[15.29289,22,7.5]},"faces":{"north":{"uv":[0,0,1,1],"texture":"#1"},"east":{"uv":[0,0,14,1],"texture":"#1"},"south":{"uv":[0,0,1,1],"texture":"#1"},"west":{"uv":[0,0,14,1],"texture":"#1"},"up":{"uv":[0,0,1,14],"texture":"#1"},"down":{"uv":[0,0,1,14],"texture":"#1"}}},{"from":[0.20711,21.5,1],"to":[1.20711,22.5,15],"rotation":{"angle":45,"axis":"z","origin":[0.70711,22,7.5]},"faces":{"north":{"uv":[0,0,1,1],"texture":"#1"},"east":{"uv":[0,0,14,1],"texture":"#1"},"south":{"uv":[0,0,1,1],"texture":"#1"},"west":{"uv":[0,0,14,1],"texture":"#1"},"up":{"uv":[0,0,1,14],"texture":"#1"},"down":{"uv":[0,0,1,14],"texture":"#1"}}},{"from":[15,4,11],"to":[16,20,15],"rotation":{"angle":0,"axis":"y","origin":[9,13,12]},"faces":{"north":{"uv":[0,0,1,16],"texture":"#0"},"east":{"uv":[0,0,4,16],"texture":"#0"},"south":{"uv":[0,0,1,16],"texture":"#0"},"west":{"uv":[0,0,4,16],"texture":"#0"},"up":{"uv":[0,0,1,4],"texture":"#0"},"down":{"uv":[0,0,1,4],"texture":"#0"}}},{"from":[0,4,11],"to":[1,20,15],"rotation":{"angle":0,"axis":"y","origin":[-6,13,12]},"faces":{"north":{"uv":[0,0,1,16],"texture":"#0"},"east":{"uv":[0,0,4,16],"texture":"#0"},"south":{"uv":[0,0,1,16],"texture":"#0"},"west":{"uv":[0,0,4,16],"texture":"#0"},"up":{"uv":[0,0,1,4],"texture":"#0"},"down":{"uv":[0,0,1,4],"texture":"#0"}}},{"from":[1,0,0],"to":[15,20,1],"rotation":{"angle":0,"axis":"y","origin":[8,8,7]},"faces":{"north":{"uv":[0,0,14,16],"texture":"#0"},"east":{"uv":[0,0,1,16],"texture":"#0"},"south":{"uv":[0,0,14,16],"texture":"#0"},"west":{"uv":[0,0,1,16],"texture":"#0"},"up":{"uv":[0,0,14,1],"texture":"#0"},"down":{"uv":[0,0,14,1],"texture":"#0"}}},{"from":[3,7,-0.125],"to":[13,17,0],"rotation":{"angle":0,"axis":"y","origin":[8,6,6]},"faces":{"north":{"uv":[0,0,16,16],"texture":"#3"},"east":{"uv":[0,0,0.75,0.25],"texture":"#3"},"south":{"uv":[0,0,16,16],"texture":"#3"},"west":{"uv":[0,0,0.75,0.25],"texture":"#3"},"up":{"uv":[0,0,0.75,0.25],"texture":"#3"},"down":{"uv":[0,0,0.75,0.25],"texture":"#3"}}},{"from":[1,21.61209,0.03596],"to":[15,22.40498,1.16807],"rotation":{"angle":-22.5,"axis":"x","origin":[7.70711,22.11209,1.03596]},"faces":{"north":{"uv":[0,0,14,0.79289],"rotation":180,"texture":"#1"},"east":{"uv":[0,0,0.79289,1.13211],"rotation":270,"texture":"#1"},"south":{"uv":[0,0,14,0.79289],"texture":"#1"},"west":{"uv":[0,0,0.79289,1.13211],"rotation":90,"texture":"#1"},"up":{"uv":[0,0,14,1.13211],"rotation":180,"texture":"#1"},"down":{"uv":[0,0,14,1.13211],"texture":"#1"}}},{"from":[1,21.27996,14.76586],"to":[15,22.07285,15.89797],"rotation":{"angle":22.5,"axis":"x","origin":[7.70711,21.77996,15.76586]},"faces":{"north":{"uv":[0,0,14,0.79289],"rotation":180,"texture":"#1"},"east":{"uv":[0,0,0.79289,1.13211],"rotation":270,"texture":"#1"},"south":{"uv":[0,0,14,0.79289],"texture":"#1"},"west":{"uv":[0,0,0.79289,1.13211],"rotation":90,"texture":"#1"},"up":{"uv":[0,0,14,1.13211],"rotation":180,"texture":"#1"},"down":{"uv":[0,0,14,1.13211],"texture":"#1"}}},{"from":[1,20,-0.5],"to":[15,22,1],"rotation":{"angle":0,"axis":"x","origin":[8,21,0.5]},"faces":{"north":{"uv":[0,0,14,2],"texture":"#1"},"east":{"uv":[0,0,1.5,2],"texture":"#1"},"south":{"uv":[0,0,14,2],"texture":"#1"},"west":{"uv":[0,0,1.5,2],"texture":"#1"},"up":{"uv":[0,0,14,1.5],"texture":"#1"},"down":{"uv":[0,0,14,1.5],"texture":"#1"}}},{"from":[6,20.25,-2],"to":[10,21,-0.5],"rotation":{"angle":0,"axis":"x","origin":[8,21,-1]},"faces":{"north":{"uv":[0,0,4,0.75],"texture":"#1"},"east":{"uv":[0,0,1.5,0.75],"texture":"#1"},"south":{"uv":[0,0,4,0.75],"texture":"#1"},"west":{"uv":[0,0,1.5,0.75],"texture":"#1"},"up":{"uv":[0,0,4,1.5],"texture":"#1"},"down":{"uv":[0,0,4,1.5],"texture":"#1"}}},{"from":[8.93977,20.25,-1.78911],"to":[10.43977,21,0.21089],"rotation":{"angle":22.5,"axis":"y","origin":[9.68977,20.625,-0.78911]},"faces":{"north":{"uv":[0,0,1.5,0.75],"texture":"#1"},"east":{"uv":[0,0,2,0.75],"texture":"#1"},"south":{"uv":[0,0,1.5,0.75],"texture":"#1"},"west":{"uv":[0,0,2,0.75],"texture":"#1"},"up":{"uv":[0,0,2,1.5],"rotation":90,"texture":"#1"},"down":{"uv":[0,0,2,1.5],"rotation":270,"texture":"#1"}}},{"from":[5.56023,20.25,-1.78911],"to":[7.06023,21,0.21089],"rotation":{"angle":-22.5,"axis":"y","origin":[6.31023,20.625,-0.78911]},"faces":{"north":{"uv":[0,0,1.5,0.75],"texture":"#1"},"east":{"uv":[0,0,2,0.75],"texture":"#1"},"south":{"uv":[0,0,1.5,0.75],"texture":"#1"},"west":{"uv":[0,0,2,0.75],"texture":"#1"},"up":{"uv":[0,0,2,1.5],"rotation":90,"texture":"#1"},"down":{"uv":[0,0,2,1.5],"rotation":270,"texture":"#1"}}},{"from":[1,20,15],"to":[15,22,16.5],"rotation":{"angle":0,"axis":"x","origin":[8,21,15.5]},"faces":{"north":{"uv":[0,0,14,2],"texture":"#1"},"east":{"uv":[0,0,1.5,2],"texture":"#1"},"south":{"uv":[0,0,14,2],"texture":"#1"},"west":{"uv":[0,0,1.5,2],"texture":"#1"},"up":{"uv":[0,0,14,1.5],"texture":"#1"},"down":{"uv":[0,0,14,1.5],"texture":"#1"}}},{"from":[14.02513,20,0.14645],"to":[16.14645,22,1.5],"rotation":{"angle":-45,"axis":"y","origin":[15.29289,21,1]},"faces":{"north":{"uv":[0,0,1.41421,2],"texture":"#1"},"east":{"uv":[0,0,1.5,2],"texture":"#1"},"south":{"uv":[0,0,1.41421,2],"texture":"#1"},"west":{"uv":[0,0,1.5,2],"texture":"#1"},"up":{"uv":[0,0,1.41421,1.5],"texture":"#1"},"down":{"uv":[0,0,1.41421,1.5],"texture":"#1"}}},{"from":[0.14645,20,-0.14645],"to":[1.5,22,1.97487],"rotation":{"angle":-45,"axis":"y","origin":[1,21,0.70711]},"faces":{"north":{"uv":[0,0,1.5,2],"texture":"#1"},"east":{"uv":[0,0,1.41421,2],"texture":"#1"},"south":{"uv":[0,0,1.5,2],"texture":"#1"},"west":{"uv":[0,0,1.41421,2],"texture":"#1"},"up":{"uv":[0,0,1.41421,1.5],"rotation":270,"texture":"#1"},"down":{"uv":[0,0,1.41421,1.5],"rotation":90,"texture":"#1"}}},{"from":[14.93934,20,14.14645],"to":[16.43934,22,16.26777],"rotation":{"angle":-45,"axis":"y","origin":[15.43934,21,14.64645]},"faces":{"north":{"uv":[0,0,1.5,2],"texture":"#1"},"east":{"uv":[0,0,1.41421,2],"texture":"#1"},"south":{"uv":[0,0,1.5,2],"texture":"#1"},"west":{"uv":[0,0,1.41421,2],"texture":"#1"},"up":{"uv":[0,0,1.41421,1.5],"rotation":270,"texture":"#1"},"down":{"uv":[0,0,1.41421,1.5],"rotation":90,"texture":"#1"}}},{"from":[1,0,0.41421],"to":[2.5,20,1.82843],"rotation":{"angle":-45,"axis":"y","origin":[1.5,1,0.20711]},"faces":{"north":{"uv":[0,0,1.5,16],"texture":"#0"},"east":{"uv":[0,0,1.41421,16],"texture":"#0"},"south":{"uv":[0,0,1.5,16],"texture":"#0"},"west":{"uv":[0,0,1.41421,16],"texture":"#0"},"up":{"uv":[0,0,1.41421,1.5],"rotation":270,"texture":"#0"},"down":{"uv":[0,0,1.41421,1.5],"rotation":90,"texture":"#0"}}},{"from":[14.17157,0,1],"to":[15.58579,20,2.5],"rotation":{"angle":-45,"axis":"y","origin":[15.79289,1,1.5]},"faces":{"north":{"uv":[0,0,1.41421,16],"texture":"#0"},"east":{"uv":[0,0,1.5,16],"texture":"#0"},"south":{"uv":[0,0,1.41421,16],"texture":"#0"},"west":{"uv":[0,0,1.5,16],"texture":"#0"},"up":{"uv":[0,0,1.41421,1.5],"texture":"#0"},"down":{"uv":[0,0,1.41421,1.5],"texture":"#0"}}},{"from":[0.23223,4,14.93934],"to":[1.64645,20,16.43934],"rotation":{"angle":-45,"axis":"y","origin":[1.85355,5,15.43934]},"faces":{"north":{"uv":[0,0,1.41421,16],"texture":"#0"},"east":{"uv":[0,0,1.5,16],"texture":"#0"},"south":{"uv":[0,0,1.41421,16],"texture":"#0"},"west":{"uv":[0,0,1.5,16],"texture":"#0"},"up":{"uv":[0,0,1.41421,1.5],"texture":"#0"},"down":{"uv":[0,0,1.41421,1.5],"texture":"#0"}}},{"from":[14.93934,4,14.35355],"to":[16.43934,20,15.76777],"rotation":{"angle":-45,"axis":"y","origin":[15.43934,5,14.14645]},"faces":{"north":{"uv":[0,0,1.5,2],"texture":"#0"},"east":{"uv":[0,0,2.12132,2],"texture":"#0"},"south":{"uv":[0,0,1.5,2],"texture":"#0"},"west":{"uv":[0,0,2.12132,2],"texture":"#0"},"up":{"uv":[0,0,2.12132,1.5],"rotation":270,"texture":"#0"},"down":{"uv":[0,0,2.12132,1.5],"rotation":90,"texture":"#0"}}},{"from":[-0.14645,20,14.5],"to":[1.97487,22,15.85355],"rotation":{"angle":-45,"axis":"y","origin":[0.70711,21,15]},"faces":{"north":{"uv":[0,0,1.41421,2],"texture":"#1"},"east":{"uv":[0,0,1.5,2],"texture":"#1"},"south":{"uv":[0,0,1.41421,2],"texture":"#1"},"west":{"uv":[0,0,1.5,2],"texture":"#1"},"up":{"uv":[0,0,1.41421,1.5],"rotation":180,"texture":"#1"},"down":{"uv":[0,0,1.41421,1.5],"rotation":180,"texture":"#1"}}},{"from":[0,0,11],"to":[16,4,12],"rotation":{"angle":0,"axis":"y","origin":[8,8,19]},"faces":{"north":{"uv":[0,0,16,4],"texture":"#0"},"east":{"uv":[0,0,1,4],"texture":"#0"},"south":{"uv":[0,0,16,4],"texture":"#0"},"west":{"uv":[0,0,1,4],"texture":"#0"},"up":{"uv":[0,0,16,1],"texture":"#0"},"down":{"uv":[0,0,16,1],"texture":"#0"}}},{"from":[2,1.5,13.5],"to":[14,2.5,14.5],"rotation":{"angle":0,"axis":"y","origin":[8,8,22]},"faces":{"north":{"uv":[0,0,12,1],"texture":"#0"},"east":{"uv":[0,0,1,1],"texture":"#0"},"south":{"uv":[0,0,12,1],"texture":"#0"},"west":{"uv":[0,0,1,1],"texture":"#0"},"up":{"uv":[0,0,12,1],"texture":"#0"},"down":{"uv":[0,0,12,1],"texture":"#0"}}},{"from":[3,2.5,13.5],"to":[4,4,14.5],"rotation":{"angle":0,"axis":"y","origin":[6,9,22]},"faces":{"north":{"uv":[0,0,1,1.5],"texture":"#0"},"east":{"uv":[0,0,1,1.5],"texture":"#0"},"south":{"uv":[0,0,1,1.5],"texture":"#0"},"west":{"uv":[0,0,1,1.5],"texture":"#0"},"up":{"uv":[0,0,1,1],"texture":"#0"},"down":{"uv":[0,0,1,1],"texture":"#0"}}},{"from":[12,2.5,13.5],"to":[13,4,14.5],"rotation":{"angle":0,"axis":"y","origin":[15,9,22]},"faces":{"north":{"uv":[0,0,1,1.5],"texture":"#0"},"east":{"uv":[0,0,1,1.5],"texture":"#0"},"south":{"uv":[0,0,1,1.5],"texture":"#0"},"west":{"uv":[0,0,1,1.5],"texture":"#0"},"up":{"uv":[0,0,1,1],"texture":"#0"},"down":{"uv":[0,0,1,1],"texture":"#0"}}},{"from":[1,4,15],"to":[15,20,16],"rotation":{"angle":0,"axis":"y","origin":[8,13,23]},"faces":{"north":{"uv":[0,0,14,16],"texture":"#0"},"east":{"uv":[0,0,1,16],"texture":"#0"},"south":{"uv":[0,0,14,16],"texture":"#0"},"west":{"uv":[0,0,1,16],"texture":"#0"},"up":{"uv":[0,0,14,1],"texture":"#0"},"down":{"uv":[0,0,14,1],"texture":"#0"}}},{"from":[0,3.5,11.20711],"to":[16,4.91421,12.20711],"rotation":{"angle":45,"axis":"x","origin":[8,4,11.70711]},"faces":{"north":{"uv":[0,0,16,1],"texture":"#0"},"east":{"uv":[0,0,1,1],"texture":"#0"},"south":{"uv":[0,0,16,1],"texture":"#0"},"west":{"uv":[0,0,1,1],"texture":"#0"},"up":{"uv":[0,0,16,1],"texture":"#0"},"down":{"uv":[0,0,16,1],"texture":"#0"}}},{"from":[0,4,12],"to":[16,5,15],"rotation":{"angle":0,"axis":"y","origin":[8,12,19]},"faces":{"north":{"uv":[0,0,16,1],"texture":"#0"},"east":{"uv":[0,0,3,1],"texture":"#0"},"south":{"uv":[0,0,16,1],"texture":"#0"},"west":{"uv":[0,0,3,1],"texture":"#0"},"up":{"uv":[0,0,16,3],"texture":"#0"},"down":{"uv":[0,0,16,3],"texture":"#0"}}},{"from":[1,0,13],"to":[2,1,15],"rotation":{"angle":0,"axis":"y","origin":[9,8,21]},"faces":{"north":{"uv":[0,0,1,1],"texture":"#1"},"east":{"uv":[0,0,2,1],"texture":"#1"},"south":{"uv":[0,0,1,1],"texture":"#1"},"west":{"uv":[0,0,2,1],"texture":"#1"},"up":{"uv":[0,0,1,2],"texture":"#1"},"down":{"uv":[0,0,1,2],"texture":"#1"}}},{"from":[1,2.79289,14.5],"to":[2,3.79289,15.91421],"rotation":{"angle":45,"axis":"x","origin":[1.5,3.29289,15]},"faces":{"north":{"uv":[0,0,1,1],"texture":"#1"},"east":{"uv":[0,0,1,1],"texture":"#1"},"south":{"uv":[0,0,1,1],"texture":"#1"},"west":{"uv":[0,0,1,1],"texture":"#1"},"up":{"uv":[0,0,1,1],"texture":"#1"},"down":{"uv":[0,0,1,1],"texture":"#1"}}},{"from":[14,0.5,12.20711],"to":[15,1.5,13.62132],"rotation":{"angle":45,"axis":"x","origin":[14.5,1,12.70711]},"faces":{"north":{"uv":[0,0,1,1],"texture":"#1"},"east":{"uv":[0,0,1.41421,1],"texture":"#1"},"south":{"uv":[0,0,1,1],"texture":"#1"},"west":{"uv":[0,0,1.41421,1],"texture":"#1"},"up":{"uv":[0,0,1,1.41421],"texture":"#1"},"down":{"uv":[0,0,1,1.41421],"texture":"#1"}}},{"from":[14,2.79289,14.5],"to":[15,3.79289,15.91421],"rotation":{"angle":45,"axis":"x","origin":[14.5,3.29289,15]},"faces":{"north":{"uv":[0,0,1,1],"texture":"#1"},"east":{"uv":[0,0,1.41421,1],"texture":"#1"},"south":{"uv":[0,0,1,1],"texture":"#1"},"west":{"uv":[0,0,1.41421,1],"texture":"#1"},"up":{"uv":[0,0,1,1.41421],"texture":"#1"},"down":{"uv":[0,0,1,1.41421],"texture":"#1"}}},{"from":[14,2.79289,12.08579],"to":[15,3.79289,13.5],"rotation":{"angle":-45,"axis":"x","origin":[14.5,3.29289,13]},"faces":{"north":{"uv":[0,0,1,1],"rotation":180,"texture":"#1"},"east":{"uv":[0,0,1.41421,1],"rotation":180,"texture":"#1"},"south":{"uv":[0,0,1,1],"rotation":180,"texture":"#1"},"west":{"uv":[0,0,1.41421,1],"rotation":180,"texture":"#1"},"up":{"uv":[0,0,1,1.41421],"texture":"#1"},"down":{"uv":[0,0,1,1.41421],"texture":"#1"}}},{"from":[14,0.5,14.37868],"to":[15,1.5,15.79289],"rotation":{"angle":-45,"axis":"x","origin":[14.5,1,15.29289]},"faces":{"north":{"uv":[0,0,1,1],"rotation":180,"texture":"#1"},"east":{"uv":[0,0,1.41421,1],"rotation":180,"texture":"#1"},"south":{"uv":[0,0,1,1],"rotation":180,"texture":"#1"},"west":{"uv":[0,0,1.41421,1],"rotation":180,"texture":"#1"},"up":{"uv":[0,0,1,1.41421],"texture":"#1"},"down":{"uv":[0,0,1,1.41421],"texture":"#1"}}},{"from":[1,2.79289,12.08579],"to":[2,3.79289,13.5],"rotation":{"angle":-45,"axis":"x","origin":[1.5,3.29289,13]},"faces":{"north":{"uv":[0,0,1,1],"rotation":180,"texture":"#1"},"east":{"uv":[0,0,1.41421,1],"rotation":180,"texture":"#1"},"south":{"uv":[0,0,1,1],"rotation":180,"texture":"#1"},"west":{"uv":[0,0,1.41421,1],"rotation":180,"texture":"#1"},"up":{"uv":[0,0,1,1.41421],"texture":"#1"},"down":{"uv":[0,0,1,1.41421],"texture":"#1"}}},{"from":[1,0.5,14.37868],"to":[2,1.5,15.79289],"rotation":{"angle":-45,"axis":"x","origin":[1.5,1,15.29289]},"faces":{"north":{"uv":[0,0,1,1],"rotation":180,"texture":"#1"},"east":{"uv":[0,0,1.41421,1],"rotation":180,"texture":"#1"},"south":{"uv":[0,0,1,1],"rotation":180,"texture":"#1"},"west":{"uv":[0,0,1.41421,1],"rotation":180,"texture":"#1"},"up":{"uv":[0,0,1,1.41421],"texture":"#1"},"down":{"uv":[0,0,1,1.41421],"texture":"#1"}}},{"from":[1,0.5,12.20711],"to":[2,1.5,13.62132],"rotation":{"angle":45,"axis":"x","origin":[1.5,1,12.70711]},"faces":{"north":{"uv":[0,0,1,1],"texture":"#1"},"east":{"uv":[0,0,1.41421,1],"texture":"#1"},"south":{"uv":[0,0,1,1],"texture":"#1"},"west":{"uv":[0,0,1.41421,1],"texture":"#1"},"up":{"uv":[0,0,1,1.41421],"texture":"#1"},"down":{"uv":[0,0,1,1.41421],"texture":"#1"}}},{"from":[14,0,13],"to":[15,1,15],"rotation":{"angle":0,"axis":"y","origin":[22,8,21]},"faces":{"north":{"uv":[0,0,1,1],"texture":"#1"},"east":{"uv":[0,0,2,1],"texture":"#1"},"south":{"uv":[0,0,1,1],"texture":"#1"},"west":{"uv":[0,0,2,1],"texture":"#1"},"up":{"uv":[0,0,1,2],"texture":"#1"},"down":{"uv":[0,0,1,2],"texture":"#1"}}},{"from":[1,3,13],"to":[2,4,15],"rotation":{"angle":0,"axis":"y","origin":[9,11,21]},"faces":{"north":{"uv":[0,0,1,1],"texture":"#1"},"east":{"uv":[0,0,2,1],"texture":"#1"},"south":{"uv":[0,0,1,1],"texture":"#1"},"west":{"uv":[0,0,2,1],"texture":"#1"},"up":{"uv":[0,0,1,2],"texture":"#1"},"down":{"uv":[0,0,1,2],"texture":"#1"}}},{"from":[14,3,13],"to":[15,4,15],"rotation":{"angle":0,"axis":"y","origin":[22,11,21]},"faces":{"north":{"uv":[0,0,1,1],"texture":"#1"},"east":{"uv":[0,0,2,1],"texture":"#1"},"south":{"uv":[0,0,1,1],"texture":"#1"},"west":{"uv":[0,0,2,1],"texture":"#1"},"up":{"uv":[0,0,1,2],"texture":"#1"},"down":{"uv":[0,0,1,2],"texture":"#1"}}},{"from":[1,1,12],"to":[2,3,13],"rotation":{"angle":0,"axis":"y","origin":[9,10,21]},"faces":{"north":{"uv":[0,0,1,2],"texture":"#1"},"east":{"uv":[0,0,1,2],"texture":"#1"},"south":{"uv":[0,0,1,2],"texture":"#1"},"west":{"uv":[0,0,1,2],"texture":"#1"},"up":{"uv":[0,0,1,1],"texture":"#1"},"down":{"uv":[0,0,1,1],"texture":"#1"}}},{"from":[14,1,12],"to":[15,3,13],"rotation":{"angle":0,"axis":"y","origin":[22,10,21]},"faces":{"north":{"uv":[0,0,1,2],"texture":"#1"},"east":{"uv":[0,0,1,2],"texture":"#1"},"south":{"uv":[0,0,1,2],"texture":"#1"},"west":{"uv":[0,0,1,2],"texture":"#1"},"up":{"uv":[0,0,1,1],"texture":"#1"},"down":{"uv":[0,0,1,1],"texture":"#1"}}},{"from":[1,1,15],"to":[2,3,16],"rotation":{"angle":0,"axis":"y","origin":[9,10,24]},"faces":{"north":{"uv":[0,0,1,2],"texture":"#1"},"east":{"uv":[0,0,1,2],"texture":"#1"},"south":{"uv":[0,0,1,2],"texture":"#1"},"west":{"uv":[0,0,1,2],"texture":"#1"},"up":{"uv":[0,0,1,1],"texture":"#1"},"down":{"uv":[0,0,1,1],"texture":"#1"}}},{"from":[14,1,15],"to":[15,3,16],"rotation":{"angle":0,"axis":"y","origin":[22,10,24]},"faces":{"north":{"uv":[0,0,1,2],"texture":"#1"},"east":{"uv":[0,0,1,2],"texture":"#1"},"south":{"uv":[0,0,1,2],"texture":"#1"},"west":{"uv":[0,0,1,2],"texture":"#1"},"up":{"uv":[0,0,1,1],"texture":"#1"},"down":{"uv":[0,0,1,1],"texture":"#1"}}},{"from":[1.25,1,13],"to":[1.75,3,15],"rotation":{"angle":0,"axis":"y","origin":[9,10,23]},"faces":{"north":{"uv":[0,0,0.5,2],"texture":"#2"},"east":{"uv":[5,8,7,10],"texture":"#2"},"south":{"uv":[0,0,0.5,2],"texture":"#2"},"west":{"uv":[6,5,8,7],"texture":"#2"},"up":{"uv":[0,0,0.5,2],"texture":"#2"},"down":{"uv":[0,0,0.5,2],"texture":"#2"}}},{"from":[14.25,1,13],"to":[14.75,3,15],"rotation":{"angle":0,"axis":"y","origin":[22,10,23]},"faces":{"north":{"uv":[0,0,0.5,2],"texture":"#2"},"east":{"uv":[9,6,11,8],"texture":"#2"},"south":{"uv":[0,0,0.5,2],"texture":"#2"},"west":{"uv":[5,3,7,5],"texture":"#2"},"up":{"uv":[0,0,0.5,2],"texture":"#2"},"down":{"uv":[0,0,0.5,2],"texture":"#2"}}}],"display":{"thirdperson_righthand":{"rotation":[69.75,0,0],"translation":[0,-0.75,-8.5],"scale":[0.6,0.6,0.6]},"thirdperson_lefthand":{"rotation":[69.75,0,0],"translation":[0,-0.75,-8.5],"scale":[0.6,0.6,0.6]},"firstperson_righthand":{"translation":[8.5,-9,-6.25],"scale":[0.6,0.6,0.6]},"firstperson_lefthand":{"translation":[8.5,-9,-6.25],"scale":[0.6,0.6,0.6]},"ground":{"translation":[0,1.75,0],"scale":[0.6,0.6,0.6]},"gui":{"rotation":[26.5,142,0],"translation":[0,-1.75,0],"scale":[0.45117,0.45117,0.45117]},"head":{"rotation":[0,90,0],"translation":[0,-21.5,11.75]},"fixed":{"rotation":[-90,0,0],"translation":[0,0,16.5],"scale":[2.14,2.14,2.14]}}}