{"credit":"","textures":{"1":"block/blue_concrete","2":"block/blue_wool","3":"block/black_concrete","particle":"block/blue_wool"},"elements":[{"from":[1,0,-4],"to":[15,1,2],"faces":{"north":{"uv":[1,15,15,16],"texture":"#1"},"east":{"uv":[14,15,16,16],"texture":"#1"},"south":{"uv":[1,15,15,16],"texture":"#1"},"west":{"uv":[0,15,2,16],"texture":"#1"},"up":{"uv":[1,0,15,2],"texture":"#1"},"down":{"uv":[1,14,15,16],"texture":"#1"}}},{"from":[2,0,-6],"to":[14,1,-4],"rotation":{"angle":0,"axis":"y","origin":[8,8,10]},"faces":{"north":{"uv":[2,15,14,16],"texture":"#1"},"east":{"uv":[16,15,16,16],"texture":"#1"},"south":{"uv":[2,15,14,16],"texture":"#1"},"west":{"uv":[0,15,0,16],"texture":"#1"},"up":{"uv":[2,0,14,0],"texture":"#1"},"down":{"uv":[2,16,14,16],"texture":"#1"}}},{"from":[2,0,14],"to":[14,3,15],"faces":{"north":{"uv":[2,13,14,16],"texture":"#2"},"east":{"uv":[1,13,2,16],"texture":"#2"},"south":{"uv":[2,13,14,16],"texture":"#2"},"west":{"uv":[14,13,15,16],"texture":"#2"},"up":{"uv":[2,14,14,15],"texture":"#2"},"down":{"uv":[2,1,14,2],"texture":"#2"}}},{"from":[2,0.25,1],"to":[14,3,2],"faces":{"north":{"uv":[2,13,14,16],"texture":"#2"},"east":{"uv":[14,13,15,16],"texture":"#2"},"south":{"uv":[2,13,14,16],"texture":"#2"},"west":{"uv":[1,13,2,16],"texture":"#2"},"up":{"uv":[2,1,14,2],"texture":"#2"},"down":{"uv":[2,14,14,15],"texture":"#2"}}},{"from":[2,5,3],"to":[14,7,13],"faces":{"north":{"uv":[2,9,14,11],"texture":"#2"},"east":{"uv":[3,9,13,11],"texture":"#2"},"south":{"uv":[2,9,14,11],"texture":"#2"},"west":{"uv":[3,9,13,11],"texture":"#2"},"up":{"uv":[2,3,14,13],"texture":"#2"},"down":{"uv":[2,3,14,13],"texture":"#2"}}},{"from":[2,3,2],"to":[14,5,14],"faces":{"north":{"uv":[2,11,14,13],"texture":"#2"},"east":{"uv":[2,11,14,13],"texture":"#2"},"south":{"uv":[2,11,14,13],"texture":"#2"},"west":{"uv":[2,11,14,13],"texture":"#2"},"up":{"uv":[2,2,14,14],"texture":"#2"},"down":{"uv":[2,2,14,14],"texture":"#2"}}},{"from":[3,5,2],"to":[13,7,14],"faces":{"north":{"uv":[3,9,13,11],"texture":"#2"},"east":{"uv":[2,9,14,11],"texture":"#2"},"south":{"uv":[3,9,13,11],"texture":"#2"},"west":{"uv":[2,9,14,11],"texture":"#2"},"up":{"uv":[3,2,13,14],"texture":"#2"},"down":{"uv":[3,2,13,14],"texture":"#2"}}},{"from":[1,0,2],"to":[15,6,14],"faces":{"north":{"uv":[1,10,15,13],"texture":"#2"},"east":{"uv":[2,10,14,13],"texture":"#2"},"south":{"uv":[1,10,15,13],"texture":"#2"},"west":{"uv":[2,10,14,13],"texture":"#2"},"up":{"uv":[1,2,15,14],"texture":"#2"},"down":{"uv":[1,2,15,14],"texture":"#2"}}},{"from":[2,3,1],"to":[14,6,15],"faces":{"north":{"uv":[2,10,14,13],"texture":"#2"},"east":{"uv":[1,10,15,13],"texture":"#2"},"south":{"uv":[2,10,14,13],"texture":"#2"},"west":{"uv":[1,10,15,13],"texture":"#2"},"up":{"uv":[2,1,14,15],"texture":"#2"},"down":{"uv":[2,1,14,15],"texture":"#2"}}},{"from":[3,6,3],"to":[13,8,13],"faces":{"north":{"uv":[3,8,13,10],"texture":"#2"},"east":{"uv":[3,8,13,10],"texture":"#2"},"south":{"uv":[3,8,13,10],"texture":"#2"},"west":{"uv":[3,8,13,10],"texture":"#2"},"up":{"uv":[3,3,13,13],"texture":"#2"},"down":{"uv":[3,3,13,13],"texture":"#2"}}},{"from":[4,7,6],"to":[12,9,10],"faces":{"north":{"uv":[4,7,12,9],"texture":"#2"},"east":{"uv":[6,7,10,9],"texture":"#2"},"south":{"uv":[4,7,12,9],"texture":"#2"},"west":{"uv":[6,7,10,9],"texture":"#2"},"up":{"uv":[4,6,12,10],"texture":"#2"},"down":{"uv":[4,6,12,10],"texture":"#2"}}},{"from":[6,7,10],"to":[10,9,12],"faces":{"north":{"uv":[6,7,10,9],"texture":"#2"},"east":{"uv":[4,7,6,9],"texture":"#2"},"south":{"uv":[6,7,10,9],"texture":"#2"},"west":{"uv":[10,7,12,9],"texture":"#2"},"up":{"uv":[6,10,10,12],"texture":"#2"},"down":{"uv":[6,4,10,6],"texture":"#2"}}},{"from":[6,7,4],"to":[10,9,6],"faces":{"north":{"uv":[6,7,10,9],"texture":"#2"},"east":{"uv":[10,7,12,9],"texture":"#2"},"south":{"uv":[6,7,10,9],"texture":"#2"},"west":{"uv":[4,7,6,9],"texture":"#2"},"up":{"uv":[6,4,10,6],"texture":"#2"},"down":{"uv":[6,10,10,12],"texture":"#2"}}},{"from":[2,-0.025,2],"to":[14,6,14],"faces":{"north":{"uv":[1,10,15,13],"texture":"#2"},"east":{"uv":[2,10,14,13],"texture":"#2"},"south":{"uv":[1,10,15,13],"texture":"#2"},"west":{"uv":[2,10,14,13],"texture":"#2"},"up":{"uv":[1,2,15,14],"texture":"#2"},"down":{"uv":[1,2,15,14],"texture":"#3"}}}],"display":{"thirdperson_righthand":{"rotation":[-10,128,15],"translation":[0,1,-1.5],"scale":[0.31,0.3,0.32]},"thirdperson_lefthand":{"rotation":[-10,128,15],"translation":[-1,1,-1.5],"scale":[0.31,0.3,0.32]},"firstperson_righthand":{"rotation":[-10,128,15],"translation":[3.5,1.5,-3.5],"scale":[0.47,0.46,0.45]},"firstperson_lefthand":{"rotation":[-10,128,15],"translation":[3.5,1.5,-3.5],"scale":[0.47,0.46,0.45]},"ground":{"scale":[0.47,0.46,0.45]},"gui":{"rotation":[45,133,0],"translation":[2,3.5,0],"scale":[0.61,0.62,0.61]},"head":{"translation":[0,9.25,-0.25],"scale":[1.09,1.09,1.09]},"fixed":{"rotation":[-90,0,0],"translation":[0,0,-8]}},"groups":[{"name":"group","origin":[8,8,8],"children":[0,1]},{"name":"group","origin":[8,8,8],"children":[2,3,4,5,6,7,8,9,10,11,12,13]}]}