{
	"credit": "Made with Blockbench",
	"texture_size": [32, 32],
	"textures": {
		"0": "block/white_wool",
		"2": "afk/afk",
		"particle": "block/white_wool"
	},
	"elements": [
		{
			"from": [-8, 6, 8],
			"to": [-4, 8, 9],
			"rotation": {"angle": 0, "axis": "y", "origin": [-4, 7, 16]},
			"faces": {
				"north": {"uv": [0, 0, 2, 1], "texture": "#0"},
				"east": {"uv": [0, 0, 0.5, 1], "texture": "#0"},
				"south": {"uv": [0, 0, 2, 1], "texture": "#0"},
				"west": {"uv": [0, 0, 0.5, 1], "texture": "#0"},
				"up": {"uv": [0, 0, 2, 0.5], "texture": "#0"},
				"down": {"uv": [0, 0, 2, 0.5], "texture": "#0"}
			}
		},
		{
			"from": [-7, 8, 8],
			"to": [-5, 9, 9],
			"rotation": {"angle": 0, "axis": "y", "origin": [-2, 8, 16]},
			"faces": {
				"north": {"uv": [0, 0, 1, 0.5], "texture": "#0"},
				"east": {"uv": [0, 0, 0.5, 0.5], "texture": "#0"},
				"south": {"uv": [0, 0, 1, 0.5], "texture": "#0"},
				"west": {"uv": [0, 0, 0.5, 0.5], "texture": "#0"},
				"up": {"uv": [0, 0, 1, 0.5], "texture": "#0"}
			}
		},
		{
			"from": [-7, 5, 8],
			"to": [-5, 6, 9],
			"rotation": {"angle": 0, "axis": "y", "origin": [-2, 5, 16]},
			"faces": {
				"north": {"uv": [0, 0, 1, 0.5], "texture": "#0"},
				"east": {"uv": [0, 0, 0.5, 0.5], "texture": "#0"},
				"south": {"uv": [0, 0, 1, 0.5], "texture": "#0"},
				"west": {"uv": [0, 0, 0.5, 0.5], "texture": "#0"},
				"down": {"uv": [0, 0, 1, 0.5], "texture": "#0"}
			}
		},
		{
			"from": [-10, 2, 8],
			"to": [-8, 4, 9],
			"rotation": {"angle": 0, "axis": "y", "origin": [-5, 2, 16]},
			"faces": {
				"north": {"uv": [0, 0, 1, 1], "texture": "#0"},
				"east": {"uv": [0, 0, 0.5, 1], "texture": "#0"},
				"south": {"uv": [0, 0, 1, 1], "texture": "#0"},
				"west": {"uv": [0, 0, 0.5, 1], "texture": "#0"},
				"up": {"uv": [0, 0, 1, 0.5], "texture": "#0"},
				"down": {"uv": [0, 0, 1, 0.5], "texture": "#0"}
			}
		},
		{
			"from": [16, 9, 9],
			"to": [22, 15, 10],
			"rotation": {"angle": 0, "axis": "y", "origin": [25, 9, 17]},
			"faces": {
				"north": {"uv": [0, 0, 7, 7], "texture": "#0"},
				"east": {"uv": [0, 0, 1, 7], "texture": "#0"},
				"south": {"uv": [0, 0, 7, 7], "texture": "#0"},
				"west": {"uv": [0, 0, 7, 7], "texture": "#0"},
				"up": {"uv": [0, 0, 7, 7], "texture": "#0"},
				"down": {"uv": [0, 0, 7, 1], "texture": "#0"}
			}
		},
		{
			"from": [13.25, 7.25, 8.999],
			"to": [19.25, 13.25, 9.999],
			"rotation": {"angle": 0, "axis": "y", "origin": [22.25, 7.25, 17]},
			"faces": {
				"north": {"uv": [0, 0, 7, 7], "texture": "#0"},
				"east": {"uv": [0, 0, 1, 7], "texture": "#0"},
				"south": {"uv": [0, 0, 7, 7], "texture": "#0"},
				"west": {"uv": [0, 0, 1, 7], "texture": "#0"},
				"up": {"uv": [0, 0, 7, 7], "texture": "#0"},
				"down": {"uv": [0, 0, 7, 1], "texture": "#0"}
			}
		},
		{
			"from": [7.5, 8.75, 9.001],
			"to": [13.5, 14.75, 10.001],
			"rotation": {"angle": 0, "axis": "y", "origin": [16.5, 8.75, 17]},
			"faces": {
				"north": {"uv": [0, 0, 7, 7], "texture": "#0"},
				"east": {"uv": [0, 0, 7, 7], "texture": "#0"},
				"south": {"uv": [0, 0, 7, 7], "texture": "#0"},
				"west": {"uv": [0, 0, 7, 7], "texture": "#0"},
				"up": {"uv": [0, 0, 7, 7], "texture": "#0"},
				"down": {"uv": [0, 0, 7, 1], "texture": "#0"}
			}
		},
		{
			"from": [3.25, 8.25, 9],
			"to": [9.25, 14.25, 10],
			"rotation": {"angle": 0, "axis": "y", "origin": [12.25, 8.25, 17]},
			"faces": {
				"north": {"uv": [0, 0, 7, 7], "texture": "#0"},
				"east": {"uv": [0, 0, 1, 7], "texture": "#0"},
				"south": {"uv": [0, 0, 7, 7], "texture": "#0"},
				"west": {"uv": [0, 0, 1, 7], "texture": "#0"},
				"up": {"uv": [0, 0, 7, 7], "texture": "#0"},
				"down": {"uv": [0, 0, 7, 1], "texture": "#0"}
			}
		},
		{
			"from": [-1.5, 9, 9.001],
			"to": [4.5, 15, 10.001],
			"rotation": {"angle": 0, "axis": "y", "origin": [7.5, 9, 17]},
			"faces": {
				"north": {"uv": [0, 0, 7, 7], "texture": "#0"},
				"east": {"uv": [0, 0, 7, 7], "texture": "#0"},
				"south": {"uv": [0, 0, 7, 7], "texture": "#0"},
				"west": {"uv": [0, 0, 1, 7], "texture": "#0"},
				"up": {"uv": [0, 0, 7, 7], "texture": "#0"},
				"down": {"uv": [0, 0, 7, 1], "texture": "#0"}
			}
		},
		{
			"from": [-4.75, 13.25, 8.999],
			"to": [1.25, 19.25, 9.999],
			"rotation": {"angle": 0, "axis": "y", "origin": [4.25, 13.25, 17]},
			"faces": {
				"north": {"uv": [0, 0, 7, 7], "texture": "#0"},
				"east": {"uv": [0, 0, 7, 7], "texture": "#0"},
				"south": {"uv": [0, 0, 7, 7], "texture": "#0"},
				"west": {"uv": [0, 0, 1, 7], "texture": "#0"},
				"up": {"uv": [0, 0, 7, 1], "texture": "#0"},
				"down": {"uv": [0, 0, 7, 1], "texture": "#0"}
			}
		},
		{
			"from": [1.25, 13.25, 8.999],
			"to": [7.25, 19.25, 9.999],
			"rotation": {"angle": 0, "axis": "y", "origin": [10.25, 13.25, 17]},
			"faces": {
				"north": {"uv": [0, 0, 7, 7], "texture": "#0"},
				"east": {"uv": [0, 0, 7, 7], "texture": "#0"},
				"south": {"uv": [0, 0, 7, 7], "texture": "#0"},
				"west": {"uv": [0, 0, 7, 7], "texture": "#0"},
				"up": {"uv": [0, 0, 7, 7], "texture": "#0"},
				"down": {"uv": [0, 0, 7, 7], "texture": "#0"}
			}
		},
		{
			"from": [-0.5, 10.75, 8.95],
			"to": [20.5, 22.75, 8.95],
			"rotation": {"angle": 0, "axis": "y", "origin": [10.25, 13.25, 17]},
			"faces": {
				"north": {"uv": [0, 0, 16, 16], "texture": "#2"},
				"east": {"uv": [0, 0, 7, 7], "texture": "#0"},
				"south": {"uv": [0, 0, 7, 7], "texture": "#0"},
				"west": {"uv": [0, 0, 7, 7], "texture": "#0"},
				"up": {"uv": [0, 0, 7, 7], "texture": "#0"},
				"down": {"uv": [0, 0, 7, 7], "texture": "#0"}
			}
		},
		{
			"from": [7.25, 13.25, 8.999],
			"to": [13.25, 19.25, 9.999],
			"rotation": {"angle": 0, "axis": "y", "origin": [16.25, 13.25, 17]},
			"faces": {
				"north": {"uv": [0, 0, 7, 7], "texture": "#0"},
				"east": {"uv": [0, 0, 7, 7], "texture": "#0"},
				"south": {"uv": [0, 0, 7, 7], "texture": "#0"},
				"west": {"uv": [0, 0, 7, 7], "texture": "#0"},
				"up": {"uv": [0, 0, 7, 7], "texture": "#0"},
				"down": {"uv": [0, 0, 7, 7], "texture": "#0"}
			}
		},
		{
			"from": [13.25, 13.25, 8.999],
			"to": [19.25, 19.25, 9.999],
			"rotation": {"angle": 0, "axis": "y", "origin": [22.25, 13.25, 17]},
			"faces": {
				"north": {"uv": [0, 0, 7, 7], "texture": "#0"},
				"east": {"uv": [0, 0, 7, 7], "texture": "#0"},
				"south": {"uv": [0, 0, 7, 7], "texture": "#0"},
				"west": {"uv": [0, 0, 7, 7], "texture": "#0"},
				"up": {"uv": [0, 0, 7, 7], "texture": "#0"},
				"down": {"uv": [0, 0, 7, 7], "texture": "#0"}
			}
		},
		{
			"from": [-4, 16.5, 9.001],
			"to": [2, 22.5, 10.001],
			"rotation": {"angle": 0, "axis": "y", "origin": [5, 16.5, 17]},
			"faces": {
				"north": {"uv": [0, 0, 7, 7], "texture": "#0"},
				"east": {"uv": [0, 0, 7, 7], "texture": "#0"},
				"south": {"uv": [0, 0, 7, 7], "texture": "#0"},
				"west": {"uv": [0, 0, 1, 7], "texture": "#0"},
				"up": {"uv": [0, 0, 7, 1], "texture": "#0"},
				"down": {"uv": [0, 0, 7, 7], "texture": "#0"}
			}
		},
		{
			"from": [-1.75, 17.75, 9],
			"to": [4.25, 23.75, 10],
			"rotation": {"angle": 0, "axis": "y", "origin": [7.25, 17.75, 17]},
			"faces": {
				"north": {"uv": [0, 0, 7, 7], "texture": "#0"},
				"east": {"uv": [0, 0, 7, 7], "texture": "#0"},
				"south": {"uv": [0, 0, 7, 7], "texture": "#0"},
				"west": {"uv": [0, 0, 1, 7], "texture": "#0"},
				"up": {"uv": [0, 0, 7, 1], "texture": "#0"},
				"down": {"uv": [0, 0, 7, 7], "texture": "#0"}
			}
		},
		{
			"from": [2.5, 19.75, 9.001],
			"to": [8.5, 25.75, 10.001],
			"rotation": {"angle": 0, "axis": "y", "origin": [11.5, 19.75, 17]},
			"faces": {
				"north": {"uv": [0, 0, 7, 7], "texture": "#0"},
				"east": {"uv": [0, 0, 1, 7], "texture": "#0"},
				"south": {"uv": [0, 0, 7, 7], "texture": "#0"},
				"west": {"uv": [0, 0, 1, 7], "texture": "#0"},
				"up": {"uv": [0, 0, 7, 1], "texture": "#0"},
				"down": {"uv": [0, 0, 7, 7], "texture": "#0"}
			}
		},
		{
			"from": [7.5, 19, 9],
			"to": [13.5, 25, 10],
			"rotation": {"angle": 0, "axis": "y", "origin": [16.5, 19, 17]},
			"faces": {
				"north": {"uv": [0, 0, 7, 7], "texture": "#0"},
				"east": {"uv": [0, 0, 7, 7], "texture": "#0"},
				"south": {"uv": [0, 0, 7, 7], "texture": "#0"},
				"west": {"uv": [0, 0, 7, 7], "texture": "#0"},
				"up": {"uv": [0, 0, 7, 1], "texture": "#0"},
				"down": {"uv": [0, 0, 7, 7], "texture": "#0"}
			}
		},
		{
			"from": [11.75, 20.5, 9.001],
			"to": [17.75, 26.5, 10.001],
			"rotation": {"angle": 0, "axis": "y", "origin": [20.75, 20.5, 17]},
			"faces": {
				"north": {"uv": [0, 0, 7, 7], "texture": "#0"},
				"east": {"uv": [0, 0, 1, 7], "texture": "#0"},
				"south": {"uv": [0, 0, 7, 7], "texture": "#0"},
				"west": {"uv": [0, 0, 7, 7], "texture": "#0"},
				"up": {"uv": [0, 0, 7, 1], "texture": "#0"},
				"down": {"uv": [0, 0, 7, 7], "texture": "#0"}
			}
		},
		{
			"from": [11.749, 19.25, 8.999],
			"to": [17.749, 25.25, 9.999],
			"rotation": {"angle": 0, "axis": "y", "origin": [20.75, 19.25, 17]},
			"faces": {
				"north": {"uv": [0, 0, 7, 7], "texture": "#0"},
				"east": {"uv": [0, 0, 7, 7], "texture": "#0"},
				"south": {"uv": [0, 0, 7, 7], "texture": "#0"},
				"west": {"uv": [0, 0, 7, 7], "texture": "#0"},
				"up": {"uv": [0, 0, 7, 7], "texture": "#0"},
				"down": {"uv": [0, 0, 7, 7], "texture": "#0"}
			}
		},
		{
			"from": [3.5, 19.25, 8.999],
			"to": [9.5, 25.25, 9.999],
			"rotation": {"angle": 0, "axis": "y", "origin": [12.5, 19.25, 17]},
			"faces": {
				"north": {"uv": [0, 0, 7, 7], "texture": "#0"},
				"east": {"uv": [0, 0, 1, 7], "texture": "#0"},
				"south": {"uv": [0, 0, 7, 7], "texture": "#0"},
				"west": {"uv": [0, 0, 7, 7], "texture": "#0"},
				"up": {"uv": [0, 0, 7, 1], "texture": "#0"},
				"down": {"uv": [0, 0, 7, 7], "texture": "#0"}
			}
		},
		{
			"from": [15.5, 18.75, 9],
			"to": [21.5, 24.75, 10],
			"rotation": {"angle": 0, "axis": "y", "origin": [24.5, 18.75, 17]},
			"faces": {
				"north": {"uv": [0, 0, 7, 7], "texture": "#0"},
				"east": {"uv": [0, 0, 1, 7], "texture": "#0"},
				"south": {"uv": [0, 0, 7, 7], "texture": "#0"},
				"west": {"uv": [0, 0, 7, 7], "texture": "#0"},
				"up": {"uv": [0, 0, 7, 1], "texture": "#0"},
				"down": {"uv": [0, 0, 7, 7], "texture": "#0"}
			}
		},
		{
			"from": [18.5, 14.75, 9.001],
			"to": [24.5, 20.75, 10.001],
			"rotation": {"angle": 0, "axis": "y", "origin": [27.5, 14.75, 17]},
			"faces": {
				"north": {"uv": [0, 0, 7, 7], "texture": "#0"},
				"east": {"uv": [0, 0, 1, 7], "texture": "#0"},
				"south": {"uv": [0, 0, 7, 7], "texture": "#0"},
				"west": {"uv": [0, 0, 7, 7], "texture": "#0"},
				"up": {"uv": [0, 0, 7, 1], "texture": "#0"},
				"down": {"uv": [0, 0, 7, 1], "texture": "#0"}
			}
		}
	],
	"display": {
		"thirdperson_righthand": {
			"rotation": [66.5, -3.25, 0],
			"translation": [0, -1, -4],
			"scale": [0.5, 0.5, 0.5]
		},
		"thirdperson_lefthand": {
			"rotation": [66.5, -3.25, 0],
			"translation": [0.25, -1.5, -5.5],
			"scale": [0.5, 0.5, 0.5]
		},
		"firstperson_righthand": {
			"rotation": [0, 116, 0],
			"translation": [2.75, -1, -3],
			"scale": [0.5, 0.5, 0.5]
		},
		"firstperson_lefthand": {
			"rotation": [0, 116, 0],
			"translation": [2.75, -2.25, -5],
			"scale": [0.5, 0.5, 0.5]
		},
		"ground": {
			"rotation": [90, 0, 0]
		},
		"gui": {
			"rotation": [-180, -18, -157],
			"translation": [-0.5, -2.25, 0],
			"scale": [0.45, 0.45, 0.45]
		},
		"head": {
			"translation": [18, 12.75, -5],
			"scale": [0.94, 0.94, 0.94]
		},
		"fixed": {
			"rotation": [-90, 0, 0],
			"translation": [66.25, 0.75, -27.25],
			"scale": [4, 4, 4]
		}
	},
	"groups": [
		{
			"name": "Табличка (Облачко)",
			"origin": [3, 9, 17],
			"children": [0, 1, 2, 3, 4, 5, 6, 7, 8, 9, 10, 11, 12, 13, 14, 15, 16, 17, 18, 19, 20, 21, 22]
		}
	]
}