{"credit":"Made with Blockbench","textures":{"0":"block/pumpkin_side","1":"colors/blue_yers","particle":"block/pumpkin_side"},"elements":[{"from":[0,1,15],"to":[16,2,17],"rotation":{"angle":0,"axis":"y","origin":[8,7,24]},"faces":{"east":{"uv":[2,2,4,3],"texture":"#0"},"south":{"uv":[0,0,16,1],"texture":"#0"},"west":{"uv":[0,0,2,1],"texture":"#0"},"up":{"uv":[0,0,16,2],"texture":"#0"},"down":{"uv":[0,0,16,2],"texture":"#0"}}},{"from":[0,12,15],"to":[16,14,17],"rotation":{"angle":0,"axis":"y","origin":[8,18,24]},"faces":{"east":{"uv":[2,2,4,4],"texture":"#0"},"south":{"uv":[0,0,16,2],"texture":"#0"},"west":{"uv":[0,0,2,2],"texture":"#0"},"up":{"uv":[0,0,16,2],"texture":"#0"},"down":{"uv":[0,0,16,2],"texture":"#0"}}},{"from":[7,8,15],"to":[9,12,17],"rotation":{"angle":0,"axis":"y","origin":[8,14,24]},"faces":{"east":{"uv":[0,0,2,4],"texture":"#0"},"south":{"uv":[2,1,4,5],"texture":"#0"},"west":{"uv":[0,0,2,4],"texture":"#0"},"down":{"uv":[0,0,2,2],"texture":"#0"}}},{"from":[9,7,15],"to":[16,8,17],"rotation":{"angle":0,"axis":"y","origin":[8,13,24]},"faces":{"east":{"uv":[1,3,3,4],"texture":"#0"},"south":{"uv":[0,0,7,1],"texture":"#0"},"west":{"uv":[0,0,2,1],"texture":"#0"},"up":{"uv":[0,0,7,2],"texture":"#0"},"down":{"uv":[0,0,7,2],"texture":"#0"}}},{"from":[0,3,15],"to":[1,7,17],"rotation":{"angle":0,"axis":"y","origin":[8,11,24]},"faces":{"east":{"uv":[0,0,2,4],"texture":"#0"},"south":{"uv":[0,0,1,4],"texture":"#0"},"west":{"uv":[1,0,3,4],"texture":"#0"}}},{"from":[15,3,15],"to":[16,7,17],"rotation":{"angle":0,"axis":"y","origin":[23,11,24]},"faces":{"east":{"uv":[2,0,4,4],"texture":"#0"},"south":{"uv":[0,0,1,4],"texture":"#0"},"west":{"uv":[0,0,2,4],"texture":"#0"}}},{"from":[12,3,15],"to":[15,4,17],"rotation":{"angle":0,"axis":"y","origin":[22,10,24]},"faces":{"south":{"uv":[0,0,3,1],"texture":"#0"},"west":{"uv":[0,0,2,1],"texture":"#0"},"up":{"uv":[0,0,3,2],"texture":"#0"}}},{"from":[1,3,15],"to":[4,4,17],"rotation":{"angle":0,"axis":"y","origin":[11,10,24]},"faces":{"east":{"uv":[0,0,2,1],"texture":"#0"},"south":{"uv":[0,0,3,1],"texture":"#0"},"up":{"uv":[0,0,3,2],"texture":"#0"}}},{"from":[2,6,15],"to":[14,7,17],"rotation":{"angle":0,"axis":"y","origin":[15,13,24]},"faces":{"east":{"uv":[0,0,2,1],"texture":"#0"},"south":{"uv":[0,0,12,1],"texture":"#0"},"west":{"uv":[0,0,2,1],"texture":"#0"},"up":{"uv":[0,0,12,2],"texture":"#0"},"down":{"uv":[0,0,12,2],"texture":"#0"}}},{"from":[5,5,15],"to":[11,6,17],"rotation":{"angle":0,"axis":"y","origin":[15,12,24]},"faces":{"east":{"uv":[0,0,2,1],"texture":"#0"},"south":{"uv":[0,0,6,1],"texture":"#0"},"west":{"uv":[0,0,2,1],"texture":"#0"},"down":{"uv":[0,0,6,2],"texture":"#0"}}},{"from":[13,5,15],"to":[14,6,17],"rotation":{"angle":0,"axis":"y","origin":[20,12,24]},"faces":{"east":{"uv":[0,0,2,1],"texture":"#0"},"south":{"uv":[0,0,1,1],"texture":"#0"},"west":{"uv":[0,0,2,1],"texture":"#0"},"down":{"uv":[0,0,1,2],"texture":"#0"}}},{"from":[2,5,15],"to":[3,6,17],"rotation":{"angle":0,"axis":"y","origin":[9,12,24]},"faces":{"east":{"uv":[0,0,2,1],"texture":"#0"},"south":{"uv":[0,0,1,1],"texture":"#0"},"west":{"uv":[0,0,2,1],"texture":"#0"},"down":{"uv":[0,0,1,2],"texture":"#0"}}},{"from":[14,8,15],"to":[16,12,17],"rotation":{"angle":0,"axis":"y","origin":[15,14,24]},"faces":{"east":{"uv":[6,9,8,13],"texture":"#0"},"south":{"uv":[0,0,2,4],"texture":"#0"},"west":{"uv":[0,0,2,4],"texture":"#0"}}},{"from":[0,8,15],"to":[2,12,17],"rotation":{"angle":0,"axis":"y","origin":[1,14,24]},"faces":{"east":{"uv":[0,0,2,4],"texture":"#0"},"south":{"uv":[0,0,2,4],"texture":"#0"},"west":{"uv":[0,0,2,4],"texture":"#0"}}},{"from":[0,1,0],"to":[16,14,15],"rotation":{"angle":0,"axis":"y","origin":[8,8,24]},"faces":{"north":{"uv":[0,0,16,13],"texture":"#0"},"east":{"uv":[0,0,15,13],"texture":"#0"},"south":{"uv":[0,0,16,13],"texture":"#1"},"west":{"uv":[0,0,15,13],"texture":"#0"},"up":{"uv":[0,0,16,15],"texture":"#0"},"down":{"uv":[0,0,16,15],"texture":"#0"}}},{"from":[8.25,14,1],"to":[15,15,15],"rotation":{"angle":0,"axis":"y","origin":[9,22,9]},"faces":{"north":{"uv":[0,0,6.75,1],"texture":"#0"},"east":{"uv":[0,0,14,1],"texture":"#0"},"south":{"uv":[0,0,6.75,1],"texture":"#0"},"west":{"uv":[0,0,14,1],"texture":"#0"},"up":{"uv":[0,0,6.75,14],"texture":"#0"}}},{"from":[8.5,15,3],"to":[14,16,14],"rotation":{"angle":0,"axis":"y","origin":[12,23,10]},"faces":{"north":{"uv":[0,0,5.5,1],"texture":"#0"},"east":{"uv":[0,0,11,1],"texture":"#0"},"south":{"uv":[0,0,5.5,1],"texture":"#0"},"west":{"uv":[0,0,11,1],"texture":"#0"},"up":{"uv":[0,0,5.5,11],"texture":"#0"}}},{"from":[1,0,1],"to":[15,1,16],"rotation":{"angle":0,"axis":"y","origin":[9,8,9]},"faces":{"north":{"uv":[0,0,14,1],"texture":"#0"},"east":{"uv":[0,0,15,1],"texture":"#0"},"south":{"uv":[0,0,14,1],"texture":"#0"},"west":{"uv":[0,0,15,1],"texture":"#0"},"down":{"uv":[0,0,14,15],"texture":"#0"}}},{"from":[0,2,15],"to":[6,3,17],"rotation":{"angle":0,"axis":"y","origin":[11,9,24]},"faces":{"east":{"uv":[0,0,2,1],"texture":"#0"},"south":{"uv":[0,0,6,1],"texture":"#0"},"west":{"uv":[0,0,2,1],"texture":"#0"},"up":{"uv":[0,0,6,2],"texture":"#0"}}},{"from":[10,2,15],"to":[16,3,17],"rotation":{"angle":0,"axis":"y","origin":[21,9,24]},"faces":{"east":{"uv":[0,0,2,1],"texture":"#0"},"south":{"uv":[0,0,6,1],"texture":"#0"},"west":{"uv":[0,0,2,1],"texture":"#0"},"up":{"uv":[0,0,6,2],"texture":"#0"}}},{"from":[7,4,15],"to":[9,5,17],"rotation":{"angle":0,"axis":"y","origin":[15,11,24]},"faces":{"east":{"uv":[0,0,2,1],"texture":"#0"},"south":{"uv":[0,0,2,1],"texture":"#0"},"west":{"uv":[0,0,2,1],"texture":"#0"},"down":{"uv":[0,0,2,2],"texture":"#0"}}},{"from":[1,14,1],"to":[7.75,15,15],"rotation":{"angle":0,"axis":"y","origin":[2,22,9]},"faces":{"north":{"uv":[0,0,6.75,1],"texture":"#0"},"east":{"uv":[0,0,14,1],"texture":"#0"},"south":{"uv":[0,0,6.75,1],"texture":"#0"},"west":{"uv":[0,0,14,1],"texture":"#0"},"up":{"uv":[0,0,6.75,14],"texture":"#0"}}},{"from":[2,15,3],"to":[7.5,16,14],"rotation":{"angle":0,"axis":"y","origin":[5,23,10]},"faces":{"north":{"uv":[0,0,5.5,1],"texture":"#0"},"east":{"uv":[0,0,11,1],"texture":"#0"},"south":{"uv":[0,0,5.5,1],"texture":"#0"},"west":{"uv":[0,0,11,1],"texture":"#0"},"up":{"uv":[0,0,5.5,11],"texture":"#0"}}},{"from":[0,7,15],"to":[7,8,17],"rotation":{"angle":0,"axis":"y","origin":[-1,13,24]},"faces":{"east":{"uv":[1,3,3,4],"texture":"#0"},"south":{"uv":[0,0,7,1],"texture":"#0"},"west":{"uv":[0,0,2,1],"texture":"#0"},"up":{"uv":[0,0,7,2],"texture":"#0"},"down":{"uv":[0,0,7,2],"texture":"#0"}}},{"from":[4,10,15],"to":[7,11,17],"rotation":{"angle":0,"axis":"y","origin":[3,15,24]},"faces":{"south":{"uv":[5,4,8,5],"texture":"#0"},"up":{"uv":[0,0,3,2],"texture":"#0"},"down":{"uv":[0,0,3,2],"texture":"#0"}}},{"from":[6,8,15],"to":[7,10,17],"rotation":{"angle":0,"axis":"y","origin":[5,14,24]},"faces":{"south":{"uv":[5,4,6,6],"texture":"#0"},"west":{"uv":[0,0,2,2],"texture":"#0"}}},{"from":[4,9,15],"to":[5,10,17],"rotation":{"angle":0,"axis":"y","origin":[3,14,24]},"faces":{"east":{"uv":[0,0,2,1],"texture":"#0"},"south":{"uv":[5,4,6,5],"texture":"#0"},"down":{"uv":[0,0,1,2],"texture":"#0"}}},{"from":[3,9,15],"to":[4,11,17],"rotation":{"angle":0,"axis":"y","origin":[2,15,24]},"faces":{"south":{"uv":[5,4,6,6],"texture":"#0"},"west":{"uv":[0,0,2,2],"texture":"#0"},"up":{"uv":[0,0,1,2],"texture":"#0"},"down":{"uv":[0,0,1,2],"texture":"#0"}}},{"from":[12,9,15],"to":[13,11,17],"rotation":{"angle":0,"axis":"y","origin":[11,15,24]},"faces":{"east":{"uv":[0,0,2,2],"texture":"#0"},"south":{"uv":[5,4,6,6],"texture":"#0"},"up":{"uv":[0,0,1,2],"texture":"#0"},"down":{"uv":[0,0,1,2],"texture":"#0"}}},{"from":[11,9,15],"to":[12,10,17],"rotation":{"angle":0,"axis":"y","origin":[10,14,24]},"faces":{"south":{"uv":[5,4,6,5],"texture":"#0"},"west":{"uv":[0,0,2,1],"texture":"#0"},"down":{"uv":[0,0,1,2],"texture":"#0"}}},{"from":[9,10,15],"to":[12,11,17],"rotation":{"angle":0,"axis":"y","origin":[8,15,24]},"faces":{"south":{"uv":[5,4,8,5],"texture":"#0"},"up":{"uv":[0,0,3,2],"texture":"#0"},"down":{"uv":[0,0,3,2],"texture":"#0"}}},{"from":[9,8,15],"to":[10,10,17],"rotation":{"angle":0,"axis":"y","origin":[8,14,24]},"faces":{"east":{"uv":[0,0,2,2],"texture":"#0"},"south":{"uv":[5,4,6,6],"texture":"#0"}}}],"display":{"thirdperson_righthand":{"rotation":[0,-180,0],"translation":[0,3.25,1.25],"scale":[0.5,0.5,0.5]},"thirdperson_lefthand":{"rotation":[0,-180,0],"translation":[0,3,1.25],"scale":[0.5,0.5,0.5]},"firstperson_righthand":{"rotation":[0,-34,0],"translation":[1.75,4,2.25],"scale":[0.4,0.4,0.4]},"firstperson_lefthand":{"rotation":[0,-34,0],"translation":[1.75,4,2.25],"scale":[0.4,0.4,0.4]},"ground":{"translation":[0,1.75,0],"scale":[0.5,0.5,0.5]},"gui":{"rotation":[0,-43.75,0],"translation":[0.25,-0.5,0],"scale":[0.61719,0.61719,0.61719]},"head":{"rotation":[0,-180,0],"translation":[0,1.5,0],"scale":[1.1,1.1,1.1]},"fixed":{"rotation":[-90,0,0],"translation":[0,-1.25,-14.75],"scale":[2,2,2]}},"groups":[{"name":"group","origin":[8,14,24],"children":[0,1,2,3,4,5,6,7,8,9,10,11,12,13,14,15,16,17,18,19,20,21,22,23,24,25,26,27,28,29,30,31]}]}