{"credit":"Made with Blockbench","textures":{"0":"block/pumpkin_side","1":"colors/green_yers","particle":"block/pumpkin_side"},"elements":[{"from":[0,1,0],"to":[16,9,15],"rotation":{"angle":0,"axis":"y","origin":[8,8,24]},"faces":{"north":{"uv":[0,0,16,8],"texture":"#0"},"east":{"uv":[0,0,15,8],"texture":"#0"},"south":{"uv":[0,0,16,8],"texture":"#1"},"west":{"uv":[0,0,15,8],"texture":"#0"},"up":{"uv":[0,0,16,15],"texture":"#0"},"down":{"uv":[0,0,16,15],"texture":"#0"}}},{"from":[0,1,15],"to":[16,2,17],"rotation":{"angle":0,"axis":"y","origin":[8,8,39]},"faces":{"east":{"uv":[0,0,2,1],"texture":"#0"},"south":{"uv":[0,0,16,1],"texture":"#0"},"west":{"uv":[0,0,2,1],"texture":"#0"},"up":{"uv":[0,0,16,2],"texture":"#0"},"down":{"uv":[0,0,16,2],"texture":"#0"}}},{"from":[6,2,15],"to":[10,3,17],"rotation":{"angle":0,"axis":"y","origin":[8,9,39]},"faces":{"east":{"uv":[5,5,6,6],"texture":"#0"},"south":{"uv":[5,5,6,6],"texture":"#0"},"west":{"uv":[5,5,6,6],"texture":"#0"},"up":{"uv":[5,5,6,6],"texture":"#0"}}},{"from":[6,-1,17],"to":[10,2,18],"rotation":{"angle":0,"axis":"y","origin":[8,8,41]},"faces":{"north":{"uv":[5,5,6,6],"texture":"#0"},"east":{"uv":[5,5,6,6],"texture":"#0"},"south":{"uv":[5,5,6,6],"texture":"#0"},"west":{"uv":[5,5,6,6],"texture":"#0"},"up":{"uv":[5,5,6,6],"texture":"#0"},"down":{"uv":[5,5,6,6],"texture":"#0"}}},{"from":[7,-2,17],"to":[9,-1,18],"rotation":{"angle":0,"axis":"y","origin":[8,5,41]},"faces":{"north":{"uv":[5,5,6,6],"texture":"#0"},"east":{"uv":[5,5,6,6],"texture":"#0"},"south":{"uv":[5,5,6,6],"texture":"#0"},"west":{"uv":[5,5,6,6],"texture":"#0"},"down":{"uv":[5,5,6,6],"texture":"#0"}}},{"from":[0,8,15],"to":[16,9,17],"rotation":{"angle":0,"axis":"y","origin":[8,15,39]},"faces":{"east":{"uv":[0,0,2,1],"texture":"#0"},"south":{"uv":[0,0,16,1],"texture":"#0"},"west":{"uv":[0,0,2,1],"texture":"#0"},"up":{"uv":[0,0,16,2],"texture":"#0"},"down":{"uv":[0,0,16,2],"texture":"#0"}}},{"from":[0,2,15],"to":[1,8,17],"rotation":{"angle":0,"axis":"y","origin":[8,14,39]},"faces":{"east":{"uv":[0,0,2,6],"texture":"#0"},"south":{"uv":[0,0,1,6],"texture":"#0"},"west":{"uv":[0,0,2,6],"texture":"#0"}}},{"from":[1,2,15],"to":[4,3,17],"rotation":{"angle":0,"axis":"y","origin":[9,14,39]},"faces":{"east":{"uv":[0,0,2,1],"texture":"#0"},"south":{"uv":[0,0,3,1],"texture":"#0"},"up":{"uv":[0,0,3,2],"texture":"#0"}}},{"from":[12,2,15],"to":[15,3,17],"rotation":{"angle":0,"axis":"y","origin":[20,14,39]},"faces":{"south":{"uv":[0,0,3,1],"texture":"#0"},"west":{"uv":[0,0,2,1],"texture":"#0"},"up":{"uv":[0,0,3,2],"texture":"#0"}}},{"from":[12,7,15],"to":[15,8,17],"rotation":{"angle":0,"axis":"y","origin":[20,19,39]},"faces":{"south":{"uv":[0,0,3,1],"texture":"#0"},"west":{"uv":[0,0,2,1],"texture":"#0"},"down":{"uv":[0,0,3,2],"texture":"#0"}}},{"from":[1,7,15],"to":[4,8,17],"rotation":{"angle":0,"axis":"y","origin":[9,19,39]},"faces":{"east":{"uv":[0,0,2,1],"texture":"#0"},"south":{"uv":[0,0,3,1],"texture":"#0"},"down":{"uv":[0,0,3,2],"texture":"#0"}}},{"from":[1,3,15],"to":[2,5,17],"rotation":{"angle":0,"axis":"y","origin":[9,15,39]},"faces":{"east":{"uv":[0,0,2,2],"texture":"#0"},"south":{"uv":[0,0,1,2],"texture":"#0"},"up":{"uv":[0,0,1,2],"texture":"#0"}}},{"from":[14,3,15],"to":[15,5,17],"rotation":{"angle":0,"axis":"y","origin":[22,15,39]},"faces":{"south":{"uv":[0,0,1,2],"texture":"#0"},"west":{"uv":[0,0,2,2],"texture":"#0"},"up":{"uv":[0,0,1,2],"texture":"#0"}}},{"from":[15,2,15],"to":[16,8,17],"rotation":{"angle":0,"axis":"y","origin":[22,14,39]},"faces":{"east":{"uv":[0,0,2,6],"texture":"#0"},"south":{"uv":[0,0,1,6],"texture":"#0"},"west":{"uv":[0,0,2,6],"texture":"#0"}}},{"from":[1,9,1],"to":[15,19,14],"rotation":{"angle":0,"axis":"y","origin":[9,17,9]},"faces":{"north":{"uv":[0,0,14,10],"texture":"#0"},"east":{"uv":[0,0,13,10],"texture":"#0"},"south":{"uv":[0,0,14,10],"texture":"#1"},"west":{"uv":[0,0,13,10],"texture":"#0"},"up":{"uv":[0,0,14,13],"texture":"#0"}}},{"from":[1,9,14],"to":[7,11,16],"rotation":{"angle":0,"axis":"y","origin":[9,17,22]},"faces":{"east":{"uv":[0,0,2,2],"texture":"#0"},"south":{"uv":[0,0,6,2],"texture":"#0"},"west":{"uv":[0,0,2,2],"texture":"#0"},"up":{"uv":[0,0,6,2],"texture":"#0"}}},{"from":[9,9,14],"to":[15,11,16],"rotation":{"angle":0,"axis":"y","origin":[17,17,22]},"faces":{"east":{"uv":[0,0,2,2],"texture":"#0"},"south":{"uv":[0,0,6,2],"texture":"#0"},"west":{"uv":[0,0,2,2],"texture":"#0"},"up":{"uv":[0,0,6,2],"texture":"#0"}}},{"from":[1,17,14],"to":[15,19,16],"rotation":{"angle":0,"axis":"y","origin":[9,25,22]},"faces":{"east":{"uv":[0,0,2,2],"texture":"#0"},"south":{"uv":[0,0,14,2],"texture":"#0"},"west":{"uv":[0,0,2,2],"texture":"#0"},"up":{"uv":[0,0,14,2],"texture":"#0"},"down":{"uv":[0,0,14,2],"texture":"#0"}}},{"from":[7,11,14],"to":[9,17,16],"rotation":{"angle":0,"axis":"y","origin":[9,23,22]},"faces":{"east":{"uv":[0,0,2,6],"texture":"#0"},"south":{"uv":[0,0,2,6],"texture":"#0"},"west":{"uv":[0,0,2,6],"texture":"#0"},"down":{"uv":[0,0,2,2],"texture":"#0"}}},{"from":[14,11,14],"to":[15,17,16],"rotation":{"angle":0,"axis":"y","origin":[15,23,22]},"faces":{"east":{"uv":[0,0,2,6],"texture":"#0"},"south":{"uv":[0,0,1,6],"texture":"#0"},"west":{"uv":[0,0,2,6],"texture":"#0"}}},{"from":[1,11,14],"to":[2,17,16],"rotation":{"angle":0,"axis":"y","origin":[2,23,22]},"faces":{"east":{"uv":[0,0,2,6],"texture":"#0"},"south":{"uv":[0,0,1,6],"texture":"#0"},"west":{"uv":[0,0,2,6],"texture":"#0"}}},{"from":[2,15,14],"to":[3,17,16],"rotation":{"angle":0,"axis":"y","origin":[3,23,22]},"faces":{"east":{"uv":[0,0,2,2],"texture":"#0"},"south":{"uv":[0,0,1,2],"texture":"#0"},"down":{"uv":[0,0,1,2],"texture":"#0"}}},{"from":[6,11,14],"to":[7,13,16],"rotation":{"angle":0,"axis":"y","origin":[7,19,22]},"faces":{"south":{"uv":[0,0,1,2],"texture":"#0"},"west":{"uv":[0,0,2,2],"texture":"#0"},"up":{"uv":[0,0,1,2],"texture":"#0"}}},{"from":[5,11,14],"to":[6,12,16],"rotation":{"angle":0,"axis":"y","origin":[6,19,22]},"faces":{"south":{"uv":[0,0,1,1],"texture":"#0"},"west":{"uv":[0,0,2,1],"texture":"#0"},"up":{"uv":[0,0,1,2],"texture":"#0"}}},{"from":[3,16,14],"to":[4,17,16],"rotation":{"angle":0,"axis":"y","origin":[4,23,22]},"faces":{"east":{"uv":[0,0,2,1],"texture":"#0"},"south":{"uv":[0,0,1,1],"texture":"#0"},"down":{"uv":[0,0,1,2],"texture":"#0"}}},{"from":[13,15,14],"to":[14,17,16],"rotation":{"angle":0,"axis":"y","origin":[14,23,22]},"faces":{"south":{"uv":[0,0,1,2],"texture":"#0"},"west":{"uv":[0,0,2,2],"texture":"#0"},"down":{"uv":[0,0,1,2],"texture":"#0"}}},{"from":[9,11,14],"to":[10,13,16],"rotation":{"angle":0,"axis":"y","origin":[10,19,22]},"faces":{"east":{"uv":[0,0,2,2],"texture":"#0"},"south":{"uv":[0,0,1,2],"texture":"#0"},"up":{"uv":[0,0,1,2],"texture":"#0"}}},{"from":[12,16,14],"to":[13,17,16],"rotation":{"angle":0,"axis":"y","origin":[13,23,22]},"faces":{"south":{"uv":[0,0,1,1],"texture":"#0"},"west":{"uv":[0,0,2,1],"texture":"#0"},"down":{"uv":[0,0,1,2],"texture":"#0"}}},{"from":[10,11,14],"to":[11,12,16],"rotation":{"angle":0,"axis":"y","origin":[11,18,22]},"faces":{"east":{"uv":[0,0,2,1],"texture":"#0"},"south":{"uv":[0,0,1,1],"texture":"#0"},"up":{"uv":[0,0,1,2],"texture":"#0"}}},{"from":[3,19,3],"to":[13,21,14],"rotation":{"angle":0,"axis":"y","origin":[9,27,9]},"faces":{"north":{"uv":[0,0,10,2],"texture":"#0"},"east":{"uv":[0,0,11,2],"texture":"#0"},"south":{"uv":[0,0,10,2],"texture":"#0"},"west":{"uv":[0,0,11,2],"texture":"#0"},"up":{"uv":[0,0,10,11],"texture":"#0"}}},{"from":[6,21,6],"to":[10,22,11],"rotation":{"angle":0,"axis":"y","origin":[9,29,9]},"faces":{"north":{"uv":[0,0,4,1],"texture":"#0"},"east":{"uv":[0,0,5,1],"texture":"#0"},"south":{"uv":[0,0,4,1],"texture":"#0"},"west":{"uv":[0,0,5,1],"texture":"#0"},"up":{"uv":[0,0,4,5],"texture":"#0"}}},{"from":[1,0,1],"to":[15,1,16],"rotation":{"angle":0,"axis":"y","origin":[9,8,9]},"faces":{"north":{"uv":[0,0,14,1],"texture":"#0"},"east":{"uv":[0,0,15,1],"texture":"#0"},"south":{"uv":[0,0,14,1],"texture":"#0"},"west":{"uv":[0,0,15,1],"texture":"#0"},"down":{"uv":[0,0,14,15],"texture":"#0"}}}],"display":{"thirdperson_righthand":{"rotation":[0,-180,0],"translation":[0,3.25,1.25],"scale":[0.5,0.5,0.5]},"thirdperson_lefthand":{"rotation":[0,-180,0],"translation":[0,3,1.25],"scale":[0.5,0.5,0.5]},"firstperson_righthand":{"rotation":[0,-34,0],"translation":[1.75,4,2.25],"scale":[0.4,0.4,0.4]},"firstperson_lefthand":{"rotation":[0,-34,0],"translation":[1.75,4,2.25],"scale":[0.4,0.4,0.4]},"ground":{"translation":[0,1.75,0],"scale":[0.5,0.5,0.5]},"gui":{"rotation":[0,-43.75,0],"translation":[0.25,-1.75,0],"scale":[0.61719,0.61719,0.61719]},"head":{"rotation":[0,-180,0],"translation":[0,0.75,-0.5],"scale":[1.15,1.15,1.15]},"fixed":{"rotation":[-90,0,0],"translation":[0,-1.25,-14.75],"scale":[2,2,2]}}}