{"credit":"Made with Blockbench","textures":{"0":"block/pumpkin_side","1":"colors/l_gray-yers","particle":"block/pumpkin_side"},"elements":[{"from":[1,4,15],"to":[15,6,17],"rotation":{"angle":0,"axis":"y","origin":[8,10,24]},"faces":{"south":{"uv":[0,0,14,2],"texture":"#0"},"up":{"uv":[0,0,14,2],"texture":"#0"},"down":{"uv":[0,0,14,2],"texture":"#0"}}},{"from":[0,13,15],"to":[16,15,17],"rotation":{"angle":0,"axis":"y","origin":[8,19,24]},"faces":{"east":{"uv":[2,2,4,4],"texture":"#0"},"south":{"uv":[0,0,16,2],"texture":"#0"},"west":{"uv":[0,0,2,2],"texture":"#0"},"up":{"uv":[0,0,16,2],"texture":"#0"},"down":{"uv":[0,0,16,2],"texture":"#0"}}},{"from":[7,11,15],"to":[9,13,17],"rotation":{"angle":0,"axis":"y","origin":[8,14,24]},"faces":{"east":{"uv":[0,0,2,2],"texture":"#0"},"south":{"uv":[2,1,4,3],"texture":"#0"},"west":{"uv":[0,0,2,2],"texture":"#0"}}},{"from":[0,10,15],"to":[16,11,17],"rotation":{"angle":0,"axis":"y","origin":[8,16,24]},"faces":{"east":{"uv":[1,3,3,4],"texture":"#0"},"south":{"uv":[0,0,16,1],"texture":"#0"},"west":{"uv":[0,0,2,1],"texture":"#0"},"up":{"uv":[0,0,16,2],"texture":"#0"},"down":{"uv":[0,0,16,2],"texture":"#0"}}},{"from":[0,4,15],"to":[1,10,17],"rotation":{"angle":0,"axis":"y","origin":[8,11,24]},"faces":{"east":{"uv":[0,0,2,6],"texture":"#0"},"south":{"uv":[0,0,1,6],"texture":"#0"},"west":{"uv":[1,0,3,6],"texture":"#0"},"down":{"uv":[0,0,1,2],"texture":"#0"}}},{"from":[15,4,15],"to":[16,10,17],"rotation":{"angle":0,"axis":"y","origin":[23,11,24]},"faces":{"east":{"uv":[2,0,4,6],"texture":"#0"},"south":{"uv":[0,0,1,6],"texture":"#0"},"west":{"uv":[0,0,2,6],"texture":"#0"},"down":{"uv":[0,0,1,2],"texture":"#0"}}},{"from":[5,8,15],"to":[11,9,17],"rotation":{"angle":0,"axis":"y","origin":[15,15,24]},"faces":{"east":{"uv":[0,0,2,1],"texture":"#0"},"south":{"uv":[0,0,6,1],"texture":"#0"},"west":{"uv":[0,0,2,1],"texture":"#0"},"up":{"uv":[0,0,6,2],"texture":"#0"},"down":{"uv":[0,0,6,2],"texture":"#0"}}},{"from":[9,9,15],"to":[11,10,17],"rotation":{"angle":0,"axis":"y","origin":[19,16,24]},"faces":{"south":{"uv":[0,0,2,1],"texture":"#0"},"west":{"uv":[0,0,2,1],"texture":"#0"}}},{"from":[5,9,15],"to":[7,10,17],"rotation":{"angle":0,"axis":"y","origin":[15,16,24]},"faces":{"east":{"uv":[0,0,2,1],"texture":"#0"},"south":{"uv":[0,0,2,1],"texture":"#0"}}},{"from":[9,7,15],"to":[10,8,17],"rotation":{"angle":0,"axis":"y","origin":[16,14,24]},"faces":{"east":{"uv":[0,0,2,1],"texture":"#0"},"south":{"uv":[0,0,1,1],"texture":"#0"},"west":{"uv":[0,0,2,1],"texture":"#0"},"down":{"uv":[0,0,1,2],"texture":"#0"}}},{"from":[11,9,15],"to":[12,10,17],"rotation":{"angle":0,"axis":"y","origin":[18,16,24]},"faces":{"east":{"uv":[0,0,2,1],"texture":"#0"},"south":{"uv":[0,0,1,1],"texture":"#0"},"down":{"uv":[0,0,1,2],"texture":"#0"}}},{"from":[4,9,15],"to":[5,10,17],"rotation":{"angle":0,"axis":"y","origin":[11,16,24]},"faces":{"south":{"uv":[0,0,1,1],"texture":"#0"},"west":{"uv":[0,0,2,1],"texture":"#0"},"down":{"uv":[0,0,1,2],"texture":"#0"}}},{"from":[1,6,15],"to":[3,7,17],"rotation":{"angle":0,"axis":"y","origin":[8,13,24]},"faces":{"east":{"uv":[0,0,2,1],"texture":"#0"},"south":{"uv":[0,0,2,1],"texture":"#0"},"up":{"uv":[0,0,2,2],"texture":"#0"}}},{"from":[1,7,15],"to":[2,8,17],"rotation":{"angle":0,"axis":"y","origin":[8,14,24]},"faces":{"east":{"uv":[0,0,2,1],"texture":"#0"},"south":{"uv":[0,0,1,1],"texture":"#0"},"up":{"uv":[0,0,1,2],"texture":"#0"}}},{"from":[1,9,15],"to":[2,10,17],"rotation":{"angle":0,"axis":"y","origin":[8,16,24]},"faces":{"east":{"uv":[0,0,2,1],"texture":"#0"},"south":{"uv":[0,0,1,1],"texture":"#0"},"down":{"uv":[0,0,1,2],"texture":"#0"}}},{"from":[13,6,15],"to":[15,7,17],"rotation":{"angle":0,"axis":"y","origin":[20,13,24]},"faces":{"south":{"uv":[0,0,2,1],"texture":"#0"},"west":{"uv":[0,0,2,1],"texture":"#0"},"up":{"uv":[0,0,2,2],"texture":"#0"}}},{"from":[14,7,15],"to":[15,8,17],"rotation":{"angle":0,"axis":"y","origin":[20,14,24]},"faces":{"south":{"uv":[0,0,1,1],"texture":"#0"},"west":{"uv":[0,0,2,1],"texture":"#0"},"up":{"uv":[0,0,1,2],"texture":"#0"}}},{"from":[14,9,15],"to":[15,10,17],"rotation":{"angle":0,"axis":"y","origin":[20,16,24]},"faces":{"south":{"uv":[0,0,1,1],"texture":"#0"},"west":{"uv":[0,0,2,1],"texture":"#0"},"down":{"uv":[0,0,1,2],"texture":"#0"}}},{"from":[6,7,15],"to":[7,8,17],"rotation":{"angle":0,"axis":"y","origin":[13,14,24]},"faces":{"east":{"uv":[0,0,2,1],"texture":"#0"},"south":{"uv":[0,0,1,1],"texture":"#0"},"west":{"uv":[0,0,2,1],"texture":"#0"},"down":{"uv":[0,0,1,2],"texture":"#0"}}},{"from":[14,11,15],"to":[16,13,17],"rotation":{"angle":0,"axis":"y","origin":[15,14,24]},"faces":{"east":{"uv":[6,9,8,11],"texture":"#0"},"south":{"uv":[0,0,2,2],"texture":"#0"},"west":{"uv":[0,0,2,2],"texture":"#0"}}},{"from":[0,11,15],"to":[2,13,17],"rotation":{"angle":0,"axis":"y","origin":[1,14,24]},"faces":{"east":{"uv":[0,0,2,2],"texture":"#0"},"south":{"uv":[0,0,2,2],"texture":"#0"},"west":{"uv":[0,0,2,2],"texture":"#0"}}},{"from":[10,11,15],"to":[13,12,17],"rotation":{"angle":0,"axis":"y","origin":[8,16,24]},"faces":{"east":{"uv":[0,0,2,1],"texture":"#0"},"south":{"uv":[0,0,3,1],"texture":"#0"},"west":{"uv":[0,0,2,1],"texture":"#0"},"up":{"uv":[0,0,3,2],"texture":"#0"}}},{"from":[3,11,15],"to":[6,12,17],"rotation":{"angle":0,"axis":"y","origin":[1,16,24]},"faces":{"east":{"uv":[0,0,2,1],"texture":"#0"},"south":{"uv":[0,0,3,1],"texture":"#0"},"west":{"uv":[0,0,2,1],"texture":"#0"},"up":{"uv":[0,0,3,2],"texture":"#0"}}},{"from":[0,4,0],"to":[16,15,15],"rotation":{"angle":0,"axis":"y","origin":[8,7,24]},"faces":{"north":{"uv":[0,0,16,11],"texture":"#0"},"east":{"uv":[0,0,15,11],"texture":"#0"},"south":{"uv":[0,0,16,11],"texture":"#1"},"west":{"uv":[0,0,15,11],"texture":"#0"},"up":{"uv":[0,0,16,15],"texture":"#0"},"down":{"uv":[0,0,16,15],"texture":"#0"}}},{"from":[1,15,1],"to":[15,16,16],"rotation":{"angle":0,"axis":"y","origin":[8,21,24]},"faces":{"north":{"uv":[0,0,14,1],"texture":"#0"},"east":{"uv":[0,0,15,1],"texture":"#0"},"south":{"uv":[0,0,14,1],"texture":"#0"},"west":{"uv":[0,0,15,1],"texture":"#0"},"up":{"uv":[0,0,14,15],"texture":"#0"}}},{"from":[10,16,11],"to":[11,19,13],"rotation":{"angle":0,"axis":"y","origin":[7,22,22]},"faces":{"north":{"uv":[0,0,1,3],"texture":"#0"},"east":{"uv":[0,0,2,3],"texture":"#0"},"south":{"uv":[0,0,1,3],"texture":"#0"},"west":{"uv":[0,0,2,3],"texture":"#0"},"up":{"uv":[0,0,1,2],"texture":"#0"}}},{"from":[5,16,11],"to":[6,19,13],"rotation":{"angle":0,"axis":"y","origin":[9,22,22]},"faces":{"north":{"uv":[1,0,0,3],"texture":"#0"},"east":{"uv":[2,0,0,3],"texture":"#0"},"south":{"uv":[1,0,0,3],"texture":"#0"},"west":{"uv":[2,0,0,3],"texture":"#0"},"up":{"uv":[1,0,0,2],"texture":"#0"}}},{"from":[11,16,11],"to":[13,19,12],"rotation":{"angle":0,"axis":"y","origin":[9,22,22]},"faces":{"north":{"uv":[0,0,2,3],"texture":"#0"},"south":{"uv":[14,13,16,16],"texture":"#1"}}},{"from":[3,16,11],"to":[5,19,12],"rotation":{"angle":0,"axis":"y","origin":[7,22,22]},"faces":{"north":{"uv":[2,0,0,3],"texture":"#0"},"south":{"uv":[16,13,14,16],"texture":"#1"}}},{"from":[13,16,11],"to":[14,19,13],"rotation":{"angle":0,"axis":"y","origin":[7,22,22]},"faces":{"north":{"uv":[0,0,1,3],"texture":"#0"},"east":{"uv":[0,0,2,3],"texture":"#0"},"south":{"uv":[0,0,1,3],"texture":"#0"},"west":{"uv":[0,0,2,3],"texture":"#0"},"up":{"uv":[0,0,1,2],"texture":"#0"}}},{"from":[2,16,11],"to":[3,19,13],"rotation":{"angle":0,"axis":"y","origin":[9,22,22]},"faces":{"north":{"uv":[1,0,0,3],"texture":"#0"},"east":{"uv":[2,0,0,3],"texture":"#0"},"south":{"uv":[1,0,0,3],"texture":"#0"},"west":{"uv":[2,0,0,3],"texture":"#0"},"up":{"uv":[1,0,0,2],"texture":"#0"}}},{"from":[3,19,11],"to":[5,20,13],"rotation":{"angle":0,"axis":"y","origin":[-1,25,22]},"faces":{"north":{"uv":[0,0,2,1],"texture":"#0"},"east":{"uv":[0,0,2,1],"texture":"#0"},"south":{"uv":[0,0,2,1],"texture":"#0"},"west":{"uv":[0,0,2,1],"texture":"#0"},"up":{"uv":[0,0,2,2],"texture":"#0"},"down":{"uv":[0,0,2,2],"texture":"#0"}}},{"from":[3,16,10],"to":[5,18,11],"rotation":{"angle":0,"axis":"y","origin":[-1,22,20]},"faces":{"north":{"uv":[0,0,2,2],"texture":"#0"},"east":{"uv":[0,0,1,2],"texture":"#0"},"west":{"uv":[0,0,1,2],"texture":"#0"},"up":{"uv":[0,0,2,1],"texture":"#0"}}},{"from":[11,16,10],"to":[13,18,11],"rotation":{"angle":0,"axis":"y","origin":[7,22,20]},"faces":{"north":{"uv":[0,0,2,2],"texture":"#0"},"east":{"uv":[0,0,1,2],"texture":"#0"},"west":{"uv":[0,0,1,2],"texture":"#0"},"up":{"uv":[0,0,2,1],"texture":"#0"}}},{"from":[11,19,11],"to":[13,20,13],"rotation":{"angle":0,"axis":"y","origin":[7,25,22]},"faces":{"north":{"uv":[0,0,2,1],"texture":"#0"},"east":{"uv":[0,0,2,1],"texture":"#0"},"south":{"uv":[0,0,2,1],"texture":"#0"},"west":{"uv":[0,0,2,1],"texture":"#0"},"up":{"uv":[0,0,2,2],"texture":"#0"},"down":{"uv":[0,0,2,2],"texture":"#0"}}},{"from":[2,0,2],"to":[14,2,15],"rotation":{"angle":0,"axis":"y","origin":[9,8,9]},"faces":{"north":{"uv":[0,0,12,2],"texture":"#0"},"east":{"uv":[0,0,13,2],"texture":"#0"},"south":{"uv":[0,0,12,2],"texture":"#0"},"west":{"uv":[0,0,13,2],"texture":"#0"},"down":{"uv":[0,0,12,13],"texture":"#0"}}},{"from":[1,2,1],"to":[15,4,16],"rotation":{"angle":0,"axis":"y","origin":[9,10,9]},"faces":{"north":{"uv":[0,0,14,2],"texture":"#0"},"east":{"uv":[0,0,15,2],"texture":"#0"},"south":{"uv":[0,0,14,2],"texture":"#0"},"west":{"uv":[0,0,15,2],"texture":"#0"},"down":{"uv":[0,0,14,15],"texture":"#0"}}}],"display":{"thirdperson_righthand":{"rotation":[0,-180,0],"translation":[0,3.25,1.25],"scale":[0.5,0.5,0.5]},"thirdperson_lefthand":{"rotation":[0,-180,0],"translation":[0,3,1.25],"scale":[0.5,0.5,0.5]},"firstperson_righthand":{"rotation":[0,-34,0],"translation":[1.75,4,2.25],"scale":[0.4,0.4,0.4]},"firstperson_lefthand":{"rotation":[0,-34,0],"translation":[1.75,4,2.25],"scale":[0.4,0.4,0.4]},"ground":{"translation":[0,1.75,0],"scale":[0.5,0.5,0.5]},"gui":{"rotation":[0,-43.75,0],"translation":[0.25,-1,0],"scale":[0.61719,0.61719,0.61719]},"head":{"rotation":[0,-180,0],"translation":[0,-1,0],"scale":[1.1,1.1,1.1]},"fixed":{"rotation":[-90,0,0],"translation":[0,-1.25,-14.75],"scale":[2,2,2]}}}