{"credit":"","textures":{"0":"block/pumpkin_side","1":"colors/magneta_yers","particle":"block/pumpkin_side"},"elements":[{"from":[0,2,15],"to":[16,4,17],"rotation":{"angle":0,"axis":"y","origin":[8,8,24]},"faces":{"north":{"uv":[0,0,16,2],"texture":"#0"},"east":{"uv":[2,2,4,4],"texture":"#0"},"south":{"uv":[0,0,16,2],"texture":"#0"},"west":{"uv":[0,0,2,2],"texture":"#0"},"up":{"uv":[0,0,16,2],"texture":"#0"},"down":{"uv":[0,0,16,2],"texture":"#0"}}},{"from":[0,2,2],"to":[2,8,15],"rotation":{"angle":0,"axis":"y","origin":[-7,8,9]},"faces":{"north":{"uv":[0,0,2,6],"texture":"#0"},"east":{"uv":[0,0,13,6],"texture":"#0"},"south":{"uv":[2,2,4,8],"texture":"#0"},"west":{"uv":[0,0,13,6],"texture":"#0"},"up":{"uv":[0,0,13,2],"rotation":90,"texture":"#0"},"down":{"uv":[0,0,13,2],"rotation":270,"texture":"#0"}}},{"from":[0,2,0],"to":[16,4,2],"rotation":{"angle":0,"axis":"y","origin":[8,8,9]},"faces":{"north":{"uv":[0,4,16,6],"texture":"#0"},"east":{"uv":[2,2,4,4],"texture":"#0"},"south":{"uv":[0,0,16,2],"texture":"#0"},"west":{"uv":[8,6,10,8],"texture":"#0"},"up":{"uv":[0,0,16,2],"texture":"#0"},"down":{"uv":[0,0,16,2],"texture":"#0"}}},{"from":[11,4,0],"to":[16,6,2],"rotation":{"angle":0,"axis":"y","origin":[8,10,9]},"faces":{"north":{"uv":[4,9,9,11],"texture":"#0"},"east":{"uv":[2,2,4,4],"texture":"#0"},"south":{"uv":[0,0,5,2],"texture":"#0"},"west":{"uv":[0,0,2,2],"texture":"#0"},"up":{"uv":[0,0,5,2],"texture":"#0"},"down":{"uv":[0,0,5,2],"texture":"#0"}}},{"from":[7,7,1],"to":[9,10,2],"rotation":{"angle":0,"axis":"y","origin":[2,14,9]},"faces":{"north":{"uv":[5,4,6,5],"texture":"#0"},"east":{"uv":[5,4,6,5],"texture":"#0"},"south":{"uv":[5,4,6,5],"texture":"#0"},"west":{"uv":[5,4,6,5],"texture":"#0"},"up":{"uv":[5,4,6,5],"texture":"#0"},"down":{"uv":[5,4,6,5],"texture":"#0"}}},{"from":[7,7,15],"to":[9,10,16],"rotation":{"angle":0,"axis":"y","origin":[2,14,23]},"faces":{"north":{"uv":[5,4,6,5],"texture":"#0"},"east":{"uv":[5,4,6,5],"texture":"#0"},"south":{"uv":[5,4,6,5],"texture":"#0"},"west":{"uv":[5,4,6,5],"texture":"#0"},"up":{"uv":[5,4,6,5],"texture":"#0"},"down":{"uv":[5,4,6,5],"texture":"#0"}}},{"from":[11,4,15],"to":[16,6,17],"rotation":{"angle":0,"axis":"y","origin":[8,10,8]},"faces":{"north":{"uv":[5,0,0,2],"texture":"#0"},"east":{"uv":[4,2,2,4],"texture":"#0"},"south":{"uv":[5,0,0,2],"texture":"#0"},"west":{"uv":[2,0,0,2],"texture":"#0"},"up":{"uv":[0,2,5,0],"texture":"#0"},"down":{"uv":[0,2,5,0],"texture":"#0"}}},{"from":[0,4,0],"to":[5,6,2],"rotation":{"angle":0,"axis":"y","origin":[-3,10,9]},"faces":{"north":{"uv":[0,0,5,2],"texture":"#0"},"east":{"uv":[2,2,4,4],"texture":"#0"},"south":{"uv":[0,0,5,2],"texture":"#0"},"west":{"uv":[11,6,13,8],"texture":"#0"},"up":{"uv":[0,0,5,2],"texture":"#0"},"down":{"uv":[0,0,5,2],"texture":"#0"}}},{"from":[0,4,15],"to":[5,6,17],"rotation":{"angle":0,"axis":"y","origin":[-3,10,8]},"faces":{"north":{"uv":[5,0,0,2],"texture":"#0"},"east":{"uv":[4,2,2,4],"texture":"#0"},"south":{"uv":[5,0,0,2],"texture":"#0"},"west":{"uv":[2,0,0,2],"texture":"#0"},"up":{"uv":[0,2,5,0],"texture":"#0"},"down":{"uv":[0,2,5,0],"texture":"#0"}}},{"from":[12,6,0],"to":[16,8,2],"rotation":{"angle":0,"axis":"y","origin":[8,12,9]},"faces":{"north":{"uv":[0,12,4,14],"texture":"#0"},"east":{"uv":[2,2,4,4],"texture":"#0"},"south":{"uv":[0,0,4,2],"texture":"#0"},"west":{"uv":[0,0,2,2],"texture":"#0"},"up":{"uv":[0,0,4,2],"texture":"#0"},"down":{"uv":[0,0,4,2],"texture":"#0"}}},{"from":[12,6,15],"to":[16,8,17],"rotation":{"angle":0,"axis":"y","origin":[8,12,8]},"faces":{"north":{"uv":[4,0,0,2],"texture":"#0"},"east":{"uv":[4,2,2,4],"texture":"#0"},"south":{"uv":[4,0,0,2],"texture":"#0"},"west":{"uv":[2,0,0,2],"texture":"#0"},"up":{"uv":[0,2,4,0],"texture":"#0"},"down":{"uv":[0,2,4,0],"texture":"#0"}}},{"from":[0,6,0],"to":[3,8,2],"rotation":{"angle":0,"axis":"y","origin":[-1,12,9]},"faces":{"north":{"uv":[0,0,3,2],"texture":"#0"},"east":{"uv":[2,2,4,4],"texture":"#0"},"south":{"uv":[0,0,3,2],"texture":"#0"},"west":{"uv":[10,14,12,16],"texture":"#0"},"up":{"uv":[0,0,3,2],"texture":"#0"},"down":{"uv":[0,0,3,2],"texture":"#0"}}},{"from":[0,6,15],"to":[3,8,17],"rotation":{"angle":0,"axis":"y","origin":[-1,12,8]},"faces":{"north":{"uv":[3,0,0,2],"texture":"#0"},"east":{"uv":[4,2,2,4],"texture":"#0"},"south":{"uv":[3,0,0,2],"texture":"#0"},"west":{"uv":[2,0,0,2],"texture":"#0"},"up":{"uv":[0,2,3,0],"texture":"#0"},"down":{"uv":[0,2,3,0],"texture":"#0"}}},{"from":[10,11,0],"to":[16,13,2],"rotation":{"angle":0,"axis":"y","origin":[8,17,9]},"faces":{"north":{"uv":[4,2,10,4],"texture":"#0"},"east":{"uv":[2,2,4,4],"texture":"#0"},"south":{"uv":[0,0,6,2],"texture":"#0"},"west":{"uv":[0,0,2,2],"texture":"#0"},"up":{"uv":[0,0,6,2],"texture":"#0"},"down":{"uv":[0,0,6,2],"texture":"#0"}}},{"from":[10,11,15],"to":[16,13,17],"rotation":{"angle":0,"axis":"y","origin":[8,17,8]},"faces":{"north":{"uv":[6,0,0,2],"texture":"#0"},"east":{"uv":[4,2,2,4],"texture":"#0"},"south":{"uv":[6,0,0,2],"texture":"#0"},"west":{"uv":[2,0,0,2],"texture":"#0"},"up":{"uv":[0,2,6,0],"texture":"#0"},"down":{"uv":[0,2,6,0],"texture":"#0"}}},{"from":[13,9,0],"to":[16,11,2],"rotation":{"angle":0,"axis":"y","origin":[8,15,9]},"faces":{"north":{"uv":[0,0,3,2],"texture":"#0"},"east":{"uv":[2,2,4,4],"texture":"#0"},"south":{"uv":[0,0,3,2],"texture":"#0"},"west":{"uv":[0,0,2,2],"texture":"#0"},"up":{"uv":[0,0,3,2],"texture":"#0"},"down":{"uv":[0,0,3,2],"texture":"#0"}}},{"from":[13,9,15],"to":[16,11,17],"rotation":{"angle":0,"axis":"y","origin":[8,15,8]},"faces":{"north":{"uv":[3,0,0,2],"texture":"#0"},"east":{"uv":[4,2,2,4],"texture":"#0"},"south":{"uv":[3,0,0,2],"texture":"#0"},"west":{"uv":[2,0,0,2],"texture":"#0"},"up":{"uv":[0,2,3,0],"texture":"#0"},"down":{"uv":[0,2,3,0],"texture":"#0"}}},{"from":[0,9,0],"to":[4,11,2],"rotation":{"angle":0,"axis":"y","origin":[0,15,9]},"faces":{"north":{"uv":[0,0,4,2],"texture":"#0"},"east":{"uv":[2,2,4,4],"texture":"#0"},"south":{"uv":[0,0,4,2],"texture":"#0"},"west":{"uv":[5,5,7,7],"texture":"#0"},"up":{"uv":[0,0,4,2],"texture":"#0"},"down":{"uv":[0,0,4,2],"texture":"#0"}}},{"from":[0,9,15],"to":[4,11,17],"rotation":{"angle":0,"axis":"y","origin":[0,15,8]},"faces":{"north":{"uv":[4,0,0,2],"texture":"#0"},"east":{"uv":[4,2,2,4],"texture":"#0"},"south":{"uv":[4,0,0,2],"texture":"#0"},"west":{"uv":[2,0,0,2],"texture":"#0"},"up":{"uv":[0,2,4,0],"texture":"#0"},"down":{"uv":[0,2,4,0],"texture":"#0"}}},{"from":[0,11,0],"to":[6,13,2],"rotation":{"angle":0,"axis":"y","origin":[0,17,9]},"faces":{"north":{"uv":[0,0,6,2],"texture":"#0"},"east":{"uv":[2,2,4,4],"texture":"#0"},"south":{"uv":[0,0,6,2],"texture":"#0"},"west":{"uv":[3,9,5,11],"texture":"#0"},"up":{"uv":[0,0,6,2],"texture":"#0"},"down":{"uv":[0,0,6,2],"texture":"#0"}}},{"from":[0,11,15],"to":[6,13,17],"rotation":{"angle":0,"axis":"y","origin":[0,17,8]},"faces":{"north":{"uv":[6,0,0,2],"texture":"#0"},"east":{"uv":[4,2,2,4],"texture":"#0"},"south":{"uv":[6,0,0,2],"texture":"#0"},"west":{"uv":[2,0,0,2],"texture":"#0"},"up":{"uv":[0,2,6,0],"texture":"#0"},"down":{"uv":[0,2,6,0],"texture":"#0"}}},{"from":[14,2,2],"to":[16,8,15],"rotation":{"angle":0,"axis":"y","origin":[7,8,9]},"faces":{"north":{"uv":[0,0,2,6],"texture":"#0"},"east":{"uv":[0,0,13,6],"texture":"#0"},"south":{"uv":[2,2,4,8],"texture":"#0"},"west":{"uv":[0,0,13,6],"texture":"#0"},"up":{"uv":[0,0,13,2],"rotation":90,"texture":"#0"},"down":{"uv":[0,0,13,2],"rotation":270,"texture":"#0"}}},{"from":[0,13,15],"to":[16,15,17],"rotation":{"angle":0,"axis":"y","origin":[8,19,24]},"faces":{"north":{"uv":[0,0,16,2],"texture":"#0"},"east":{"uv":[2,2,4,4],"texture":"#0"},"south":{"uv":[0,0,16,2],"texture":"#0"},"west":{"uv":[0,0,2,2],"texture":"#0"},"up":{"uv":[0,0,16,2],"texture":"#0"},"down":{"uv":[0,0,16,2],"texture":"#0"}}},{"from":[0,9,2],"to":[2,15,15],"rotation":{"angle":0,"axis":"y","origin":[-7,19,9]},"faces":{"north":{"uv":[0,0,2,6],"texture":"#0"},"east":{"uv":[0,0,13,6],"texture":"#0"},"south":{"uv":[2,2,4,8],"texture":"#0"},"west":{"uv":[0,0,13,6],"texture":"#0"},"up":{"uv":[0,0,13,2],"rotation":90,"texture":"#0"},"down":{"uv":[0,0,13,2],"rotation":270,"texture":"#0"}}},{"from":[0,13,0],"to":[16,15,2],"rotation":{"angle":0,"axis":"y","origin":[8,19,9]},"faces":{"north":{"uv":[0,13,16,15],"texture":"#0"},"east":{"uv":[2,2,4,4],"texture":"#0"},"south":{"uv":[0,0,16,2],"texture":"#0"},"west":{"uv":[4,5,6,7],"texture":"#0"},"up":{"uv":[0,0,16,2],"texture":"#0"},"down":{"uv":[0,0,16,2],"texture":"#0"}}},{"from":[14,9,2],"to":[16,15,15],"rotation":{"angle":0,"axis":"y","origin":[7,19,9]},"faces":{"north":{"uv":[0,0,2,6],"texture":"#0"},"east":{"uv":[0,0,13,6],"texture":"#0"},"south":{"uv":[2,2,4,8],"texture":"#0"},"west":{"uv":[0,0,13,6],"texture":"#0"},"up":{"uv":[0,0,13,2],"rotation":90,"texture":"#0"},"down":{"uv":[0,0,13,2],"rotation":270,"texture":"#0"}}},{"from":[2,2,2],"to":[14,15,15],"rotation":{"angle":0,"axis":"y","origin":[8,8,24]},"faces":{"north":{"uv":[0,0,12,13],"texture":"#1"},"east":{"uv":[0,0,13,13],"texture":"#1"},"south":{"uv":[0,0,12,13],"texture":"#1"},"west":{"uv":[0,0,13,13],"texture":"#1"},"up":{"uv":[0,0,12,13],"texture":"#1"},"down":{"uv":[0,0,12,13],"texture":"#1"}}},{"from":[1,15,1],"to":[15,17,16],"rotation":{"angle":0,"axis":"y","origin":[9,22,9]},"faces":{"north":{"uv":[0,0,14,2],"texture":"#0"},"east":{"uv":[0,0,15,2],"texture":"#0"},"south":{"uv":[0,0,14,2],"texture":"#0"},"west":{"uv":[0,0,15,2],"texture":"#0"},"up":{"uv":[0,0,14,15],"texture":"#0"},"down":{"uv":[0,0,14,15],"texture":"#0"}}},{"from":[1,0,1],"to":[15,2,16],"rotation":{"angle":0,"axis":"y","origin":[9,8,9]},"faces":{"north":{"uv":[0,0,14,2],"texture":"#0"},"east":{"uv":[0,0,15,2],"texture":"#0"},"south":{"uv":[0,0,14,2],"texture":"#0"},"west":{"uv":[0,0,15,2],"texture":"#0"},"up":{"uv":[0,0,14,15],"texture":"#0"},"down":{"uv":[0,0,14,15],"texture":"#0"}}}],"display":{"thirdperson_righthand":{"rotation":[0,-180,0],"translation":[0,3.25,1.25],"scale":[0.5,0.5,0.5]},"thirdperson_lefthand":{"rotation":[0,-180,0],"translation":[0,3,1.25],"scale":[0.5,0.5,0.5]},"firstperson_righthand":{"rotation":[0,-34,0],"translation":[1.75,4,2.25],"scale":[0.4,0.4,0.4]},"firstperson_lefthand":{"rotation":[0,-34,0],"translation":[1.75,4,2.25],"scale":[0.4,0.4,0.4]},"ground":{"translation":[0,1.75,0],"scale":[0.5,0.5,0.5]},"gui":{"rotation":[0,-43.75,0],"translation":[0.25,-0.5,0],"scale":[0.61719,0.61719,0.61719]},"head":{"rotation":[0,-180,0],"translation":[0,0.5,0],"scale":[1.25,1.25,1.25]},"fixed":{"rotation":[-90,0,0],"translation":[0,-1.25,-14.75],"scale":[2,2,2]}}}