{"credit":"","textures":{"0":"block/pumpkin_side","1":"colors/purple_yers","particle":"block/pumpkin_side"},"elements":[{"from":[0,2,15],"to":[16,4,17],"rotation":{"angle":0,"axis":"y","origin":[8,8,24]},"faces":{"north":{"uv":[0,0,16,2],"texture":"#0"},"east":{"uv":[2,2,4,4],"texture":"#0"},"south":{"uv":[0,0,16,2],"texture":"#0"},"west":{"uv":[0,0,2,2],"texture":"#0"},"up":{"uv":[0,0,16,2],"texture":"#0"},"down":{"uv":[0,0,16,2],"texture":"#0"}}},{"from":[0,11,15],"to":[16,13,17],"rotation":{"angle":0,"axis":"y","origin":[8,17,24]},"faces":{"north":{"uv":[0,0,16,2],"texture":"#0"},"east":{"uv":[2,2,4,4],"texture":"#0"},"south":{"uv":[0,0,16,2],"texture":"#0"},"west":{"uv":[0,0,2,2],"texture":"#0"},"up":{"uv":[0,0,16,2],"texture":"#0"},"down":{"uv":[0,0,16,2],"texture":"#0"}}},{"from":[7,8,15],"to":[9,10,17],"rotation":{"angle":0,"axis":"y","origin":[8,14,24]},"faces":{"north":{"uv":[0,0,2,2],"texture":"#0"},"east":{"uv":[0,0,2,2],"texture":"#0"},"south":{"uv":[2,1,4,3],"texture":"#0"},"west":{"uv":[0,0,2,2],"texture":"#0"},"up":{"uv":[0,0,2,2],"texture":"#0"},"down":{"uv":[0,0,2,2],"texture":"#0"}}},{"from":[0,7,15],"to":[16,8,17],"rotation":{"angle":0,"axis":"y","origin":[8,13,24]},"faces":{"north":{"uv":[0,0,16,1],"texture":"#0"},"east":{"uv":[1,3,3,4],"texture":"#0"},"south":{"uv":[0,0,16,1],"texture":"#0"},"west":{"uv":[0,0,2,1],"texture":"#0"},"up":{"uv":[0,0,16,2],"texture":"#0"},"down":{"uv":[0,0,16,2],"texture":"#0"}}},{"from":[0,4,15],"to":[1,7,17],"rotation":{"angle":0,"axis":"y","origin":[8,11,24]},"faces":{"north":{"uv":[0,0,1,3],"texture":"#0"},"east":{"uv":[0,0,2,3],"texture":"#0"},"south":{"uv":[0,0,1,3],"texture":"#0"},"west":{"uv":[1,0,3,3],"texture":"#0"},"up":{"uv":[0,0,1,2],"texture":"#0"},"down":{"uv":[0,0,1,2],"texture":"#0"}}},{"from":[15,4,15],"to":[16,7,17],"rotation":{"angle":0,"axis":"y","origin":[23,11,24]},"faces":{"north":{"uv":[0,0,1,3],"texture":"#0"},"east":{"uv":[2,0,4,3],"texture":"#0"},"south":{"uv":[0,0,1,3],"texture":"#0"},"west":{"uv":[0,0,2,3],"texture":"#0"},"up":{"uv":[0,0,1,2],"texture":"#0"},"down":{"uv":[0,0,1,2],"texture":"#0"}}},{"from":[1,6,15],"to":[15,7,16],"rotation":{"angle":0,"axis":"y","origin":[15,13,24]},"faces":{"north":{"uv":[5,6,6,7],"texture":"#0"},"east":{"uv":[5,6,6,7],"texture":"#0"},"south":{"uv":[5,6,6,7],"texture":"#0"},"west":{"uv":[5,6,6,7],"texture":"#0"},"up":{"uv":[5,6,6,7],"texture":"#0"},"down":{"uv":[5,6,6,7],"texture":"#0"}}},{"from":[1,4,15],"to":[2,5,17],"rotation":{"angle":0,"axis":"y","origin":[15,11,24]},"faces":{"north":{"uv":[0,0,1,1],"texture":"#0"},"east":{"uv":[0,0,2,1],"texture":"#0"},"south":{"uv":[0,0,1,1],"texture":"#0"},"west":{"uv":[0,0,2,1],"texture":"#0"},"up":{"uv":[0,0,1,2],"texture":"#0"},"down":{"uv":[0,0,1,2],"texture":"#0"}}},{"from":[14,4,15],"to":[15,5,17],"rotation":{"angle":0,"axis":"y","origin":[28,11,24]},"faces":{"north":{"uv":[0,0,1,1],"texture":"#0"},"east":{"uv":[0,0,2,1],"texture":"#0"},"south":{"uv":[0,0,1,1],"texture":"#0"},"west":{"uv":[0,0,2,1],"texture":"#0"},"up":{"uv":[0,0,1,2],"texture":"#0"},"down":{"uv":[0,0,1,2],"texture":"#0"}}},{"from":[2,4,15],"to":[14,5,16],"rotation":{"angle":0,"axis":"y","origin":[15,11,24]},"faces":{"north":{"uv":[5,6,6,7],"texture":"#0"},"east":{"uv":[5,6,6,7],"texture":"#0"},"south":{"uv":[5,6,6,7],"texture":"#0"},"west":{"uv":[5,6,6,7],"texture":"#0"},"up":{"uv":[5,6,6,7],"texture":"#0"},"down":{"uv":[5,6,6,7],"texture":"#0"}}},{"from":[14,8,15],"to":[16,11,17],"rotation":{"angle":0,"axis":"y","origin":[15,14,24]},"faces":{"north":{"uv":[0,0,2,3],"texture":"#0"},"east":{"uv":[6,9,8,12],"texture":"#0"},"south":{"uv":[0,0,2,3],"texture":"#0"},"west":{"uv":[0,0,2,3],"texture":"#0"},"up":{"uv":[0,0,2,2],"texture":"#0"},"down":{"uv":[0,0,2,2],"texture":"#0"}}},{"from":[0,8,15],"to":[2,11,17],"rotation":{"angle":0,"axis":"y","origin":[1,14,24]},"faces":{"north":{"uv":[0,0,2,3],"texture":"#0"},"east":{"uv":[0,0,2,3],"texture":"#0"},"south":{"uv":[0,0,2,3],"texture":"#0"},"west":{"uv":[0,0,2,3],"texture":"#0"},"up":{"uv":[0,0,2,2],"texture":"#0"},"down":{"uv":[0,0,2,2],"texture":"#0"}}},{"from":[0,2,0],"to":[16,13,15],"rotation":{"angle":0,"axis":"y","origin":[8,8,24]},"faces":{"north":{"uv":[0,0,16,11],"texture":"#0"},"east":{"uv":[0,0,15,11],"texture":"#0"},"south":{"uv":[0,0,16,11],"texture":"#1"},"west":{"uv":[0,0,15,11],"texture":"#0"},"up":{"uv":[0,0,16,15],"texture":"#0"},"down":{"uv":[0,0,16,15],"texture":"#0"}}},{"from":[1,13,1],"to":[15,15,16],"rotation":{"angle":0,"axis":"y","origin":[9,20,9]},"faces":{"north":{"uv":[0,0,14,2],"texture":"#0"},"east":{"uv":[0,0,15,2],"texture":"#0"},"south":{"uv":[0,0,14,2],"texture":"#0"},"west":{"uv":[0,0,15,2],"texture":"#0"},"up":{"uv":[0,0,14,15],"texture":"#0"},"down":{"uv":[0,0,14,15],"texture":"#0"}}},{"from":[6.75,14,2],"to":[9.75,21,14],"rotation":{"angle":0,"axis":"y","origin":[9.75,23,9]},"faces":{"north":{"uv":[5,3,8,10],"texture":"#0"},"east":{"uv":[1,0,14,7],"texture":"#0"},"south":{"uv":[5,3,8,10],"texture":"#1"},"west":{"uv":[1,0,14,7],"texture":"#0"},"up":{"uv":[5,0,8,13],"texture":"#0"},"down":{"uv":[0,0,3,13],"texture":"#0"}}},{"from":[6.75,14,14],"to":[7.75,21,15],"rotation":{"angle":0,"axis":"y","origin":[9.75,23,9]},"faces":{"north":{"uv":[5,3,6,10],"texture":"#0"},"east":{"uv":[6,4,7,11],"texture":"#0"},"south":{"uv":[5,3,6,10],"texture":"#0"},"west":{"uv":[6,4,7,11],"texture":"#0"},"up":{"uv":[5,0,6,1],"texture":"#0"},"down":{"uv":[9,8,10,9],"texture":"#0"}}},{"from":[8.75,14,14],"to":[9.75,21,15],"rotation":{"angle":0,"axis":"y","origin":[11.75,23,9]},"faces":{"north":{"uv":[5,3,6,10],"texture":"#0"},"east":{"uv":[6,4,7,11],"texture":"#0"},"south":{"uv":[5,3,6,10],"texture":"#0"},"west":{"uv":[6,4,7,11],"texture":"#0"},"up":{"uv":[5,0,6,1],"texture":"#0"},"down":{"uv":[9,8,10,9],"texture":"#0"}}},{"from":[7.75,20,14],"to":[8.75,21,15],"rotation":{"angle":0,"axis":"y","origin":[11.75,23,9]},"faces":{"north":{"uv":[5,3,6,4],"texture":"#0"},"east":{"uv":[6,4,7,5],"texture":"#0"},"south":{"uv":[5,4,6,5],"texture":"#0"},"west":{"uv":[2,4,3,5],"texture":"#0"},"up":{"uv":[5,2,6,3],"texture":"#0"},"down":{"uv":[5,2,6,3],"texture":"#0"}}},{"from":[6.75,13,1],"to":[9.75,20,2],"rotation":{"angle":0,"axis":"y","origin":[9.75,22,-3]},"faces":{"north":{"uv":[5,3,8,10],"texture":"#0"},"east":{"uv":[3,2,4,9],"texture":"#0"},"south":{"uv":[0,0,3,7],"texture":"#0"},"west":{"uv":[3,2,4,9],"texture":"#0"},"up":{"uv":[5,5,8,6],"texture":"#0"},"down":{"uv":[0,0,3,1],"texture":"#0"}}},{"from":[6.75,12,0],"to":[9.75,19,1],"rotation":{"angle":0,"axis":"y","origin":[9.75,21,-4]},"faces":{"north":{"uv":[5,3,8,10],"texture":"#0"},"east":{"uv":[1,0,2,7],"texture":"#0"},"south":{"uv":[0,0,3,7],"texture":"#0"},"west":{"uv":[1,0,2,7],"texture":"#0"},"up":{"uv":[5,8,8,9],"texture":"#0"},"down":{"uv":[0,0,3,1],"texture":"#0"}}},{"from":[6.75,5,-1],"to":[9.75,18,0],"rotation":{"angle":0,"axis":"y","origin":[9.75,20,-5]},"faces":{"north":{"uv":[5,1,8,14],"texture":"#0"},"east":{"uv":[3,2,4,15],"texture":"#0"},"south":{"uv":[0,0,3,13],"texture":"#0"},"west":{"uv":[3,2,4,15],"texture":"#0"},"up":{"uv":[5,9,8,10],"texture":"#0"},"down":{"uv":[5,6,8,7],"texture":"#0"}}},{"from":[6.75,6,-2],"to":[9.75,17,-1],"rotation":{"angle":0,"axis":"y","origin":[9.75,20,-6]},"faces":{"north":{"uv":[5,3,8,14],"texture":"#0"},"east":{"uv":[1,0,2,11],"texture":"#0"},"south":{"uv":[0,0,3,11],"texture":"#0"},"west":{"uv":[1,0,2,11],"texture":"#0"},"up":{"uv":[5,2,8,3],"texture":"#0"},"down":{"uv":[5,4,8,5],"texture":"#0"}}},{"from":[6.75,7,-3],"to":[9.75,16,-2],"rotation":{"angle":0,"axis":"y","origin":[9.75,20,-7]},"faces":{"north":{"uv":[5,1,8,10],"texture":"#0"},"east":{"uv":[3,2,4,11],"texture":"#0"},"south":{"uv":[0,0,3,9],"texture":"#0"},"west":{"uv":[3,2,4,11],"texture":"#0"},"up":{"uv":[5,3,8,4],"texture":"#0"},"down":{"uv":[5,3,8,4],"texture":"#0"}}},{"from":[1,0,1],"to":[15,2,16],"rotation":{"angle":0,"axis":"y","origin":[9,8,9]},"faces":{"north":{"uv":[0,0,14,2],"texture":"#0"},"east":{"uv":[0,0,15,2],"texture":"#0"},"south":{"uv":[0,0,14,2],"texture":"#0"},"west":{"uv":[0,0,15,2],"texture":"#0"},"up":{"uv":[0,0,14,15],"texture":"#0"},"down":{"uv":[0,0,14,15],"texture":"#0"}}}],"display":{"thirdperson_righthand":{"rotation":[0,-180,0],"translation":[0,3.25,1.25],"scale":[0.5,0.5,0.5]},"thirdperson_lefthand":{"rotation":[0,-180,0],"translation":[0,3,1.25],"scale":[0.5,0.5,0.5]},"firstperson_righthand":{"rotation":[0,-34,0],"translation":[1.75,4,2.25],"scale":[0.4,0.4,0.4]},"firstperson_lefthand":{"rotation":[0,-34,0],"translation":[1.75,4,2.25],"scale":[0.4,0.4,0.4]},"ground":{"translation":[0,1.75,0],"scale":[0.5,0.5,0.5]},"gui":{"rotation":[0,-43.75,0],"translation":[0.25,-1,0],"scale":[0.61719,0.61719,0.61719]},"head":{"rotation":[0,-180,0],"translation":[0,0.5,0],"scale":[1.1,1.1,1.1]},"fixed":{"rotation":[-90,0,0],"translation":[0,-1.25,-14.75],"scale":[2,2,2]}}}