{
	"credit": "Dooraley",
	"textures": {
		"0": "cardlabel/cardlabel_logo",
		"particle": "cardlabel/cardlabel_logo"
	},
	"elements": [
		{
			"from": [0, 0, 0],
			"to": [16, 0.01, 16],
			"faces": {
				"north": {"uv": [0, 0, 0.256, 0.16], "texture": "#0"},
				"east": {"uv": [0, 0, 0.256, 0.16], "texture": "#0"},
				"south": {"uv": [0, 0, 0.256, 0.16], "texture": "#0"},
				"west": {"uv": [0, 0, 0.256, 0.16], "texture": "#0"},
				"up": {"uv": [0, 0, 16, 16], "texture": "#0"},
				"down": {"uv": [0, 0, 16, 16], "rotation": 180, "texture": "#0"}
			}
		}
	],
	"display": {
		"thirdperson_righthand": {
			"rotation": [-43, 179, -18.5],
			"translation": [-4.5, 3, 0.75],
			"scale": [0.4, 0.4, 0.4]
		},
		"thirdperson_lefthand": {
			"rotation": [-43, 178, -18.5],
			"translation": [-4.5, 3, 1],
			"scale": [0.4, 0.4, 0.4]
		},
		"firstperson_righthand": {
			"rotation": [82, 0, 0],
			"translation": [6.5, 2, 0],
			"scale": [0.6, 0.6, 0.6]
		},
		"firstperson_lefthand": {
			"rotation": [82, 0, 0],
			"translation": [6.5, 2, 0],
			"scale": [0.6, 0.6, 0.6]
		},
		"ground": {
			"translation": [0, -1.5, 0],
			"scale": [0.3, 0.3, 0.3]
		},
		"gui": {
			"rotation": [90, -11, 4],
			"translation": [-0.25, 0.25, 0],
			"scale": [0.7, 0.7, 0.7]
		},
		"head": {
			"rotation": [90, 0, 0],
			"translation": [0, 0, -0.02],
			"scale": [0.8, 0.8, 0.8]
		},
		"fixed": {
			"rotation": [90, 0, 0],
			"translation": [0, 0, 12.98],
			"scale": [1.5, 1.5, 1.5]
		}
	}
}