{"data":2058,"parent":"item/generated","textures":{"layer0":"item/leather_horse_armor"},"overrides":[{"predicate":{"custom_model_data":1},"model":"modelengine:babyplushi/duckie"},{"predicate":{"custom_model_data":2},"model":"modelengine:bluejay/head"},{"predicate":{"custom_model_data":3},"model":"modelengine:bluejay/rwing"},{"predicate":{"custom_model_data":4},"model":"modelengine:bluejay/lwing"},{"predicate":{"custom_model_data":5},"model":"modelengine:bluejay/body"},{"predicate":{"custom_model_data":6},"model":"modelengine:canadiangoose/mouth"},{"predicate":{"custom_model_data":7},"model":"modelengine:canadiangoose/head"},{"predicate":{"custom_model_data":8},"model":"modelengine:canadiangoose/neck"},{"predicate":{"custom_model_data":9},"model":"modelengine:canadiangoose/lwing"},{"predicate":{"custom_model_data":10},"model":"modelengine:canadiangoose/rwing"},{"predicate":{"custom_model_data":11},"model":"modelengine:canadiangoose/tail"},{"predicate":{"custom_model_data":12},"model":"modelengine:canadiangoose/body"},{"predicate":{"custom_model_data":13},"model":"modelengine:canadiangoose/leftleg"},{"predicate":{"custom_model_data":14},"model":"modelengine:canadiangoose/rightleg"},{"predicate":{"custom_model_data":15},"model":"modelengine:crane/head"},{"predicate":{"custom_model_data":16},"model":"modelengine:crane/neck"},{"predicate":{"custom_model_data":17},"model":"modelengine:crane/lwing"},{"predicate":{"custom_model_data":18},"model":"modelengine:crane/rwing"},{"predicate":{"custom_model_data":19},"model":"modelengine:crane/body"},{"predicate":{"custom_model_data":20},"model":"modelengine:crane/leftleg"},{"predicate":{"custom_model_data":21},"model":"modelengine:crane/rightleg"},{"predicate":{"custom_model_data":22},"model":"modelengine:duckplushi/duck"},{"predicate":{"custom_model_data":23},"model":"modelengine:flamingoplushie/flamingoplushie"},{"predicate":{"custom_model_data":24},"model":"modelengine:goose/mouth"},{"predicate":{"custom_model_data":25},"model":"modelengine:goose/head"},{"predicate":{"custom_model_data":26},"model":"modelengine:goose/neck"},{"predicate":{"custom_model_data":27},"model":"modelengine:goose/lwing"},{"predicate":{"custom_model_data":28},"model":"modelengine:goose/rwing"},{"predicate":{"custom_model_data":29},"model":"modelengine:goose/tail"},{"predicate":{"custom_model_data":30},"model":"modelengine:goose/body"},{"predicate":{"custom_model_data":31},"model":"modelengine:goose/leftleg"},{"predicate":{"custom_model_data":32},"model":"modelengine:goose/rightleg"},{"predicate":{"custom_model_data":33},"model":"modelengine:pelican/leftleg"},{"predicate":{"custom_model_data":34},"model":"modelengine:pelican/rightleg"},{"predicate":{"custom_model_data":35},"model":"modelengine:pelican/mouth"},{"predicate":{"custom_model_data":36},"model":"modelengine:pelican/head"},{"predicate":{"custom_model_data":37},"model":"modelengine:pelican/neck"},{"predicate":{"custom_model_data":38},"model":"modelengine:pelican/tail"},{"predicate":{"custom_model_data":39},"model":"modelengine:pelican/lwing"},{"predicate":{"custom_model_data":40},"model":"modelengine:pelican/rwing"},{"predicate":{"custom_model_data":41},"model":"modelengine:pelican/body"},{"predicate":{"custom_model_data":42},"model":"modelengine:toucan/head"},{"predicate":{"custom_model_data":43},"model":"modelengine:toucan/lwing"},{"predicate":{"custom_model_data":44},"model":"modelengine:toucan/rwing"},{"predicate":{"custom_model_data":45},"model":"modelengine:toucan/tail"},{"predicate":{"custom_model_data":46},"model":"modelengine:toucan/body"},{"predicate":{"custom_model_data":47},"model":"modelengine:toucan/leftfoot"},{"predicate":{"custom_model_data":48},"model":"modelengine:toucan/rightfoot"},{"predicate":{"custom_model_data":49},"model":"modelengine:armadillo/frontleftleg"},{"predicate":{"custom_model_data":50},"model":"modelengine:armadillo/frontrightleg"},{"predicate":{"custom_model_data":51},"model":"modelengine:armadillo/leftbackleg"},{"predicate":{"custom_model_data":52},"model":"modelengine:armadillo/rightbackleg"},{"predicate":{"custom_model_data":53},"model":"modelengine:armadillo/head"},{"predicate":{"custom_model_data":54},"model":"modelengine:armadillo/armadillo"},{"predicate":{"custom_model_data":55},"model":"modelengine:barreleye_fish/right_fin"},{"predicate":{"custom_model_data":56},"model":"modelengine:barreleye_fish/tail"},{"predicate":{"custom_model_data":57},"model":"modelengine:barreleye_fish/left_fin"},{"predicate":{"custom_model_data":58},"model":"modelengine:barreleye_fish/body"},{"predicate":{"custom_model_data":59},"model":"modelengine:cacti/cacti"},{"predicate":{"custom_model_data":60},"model":"modelengine:camel/head"},{"predicate":{"custom_model_data":61},"model":"modelengine:camel/leftbackfoot"},{"predicate":{"custom_model_data":62},"model":"modelengine:camel/leftbackleg"},{"predicate":{"custom_model_data":63},"model":"modelengine:camel/rightbackfoot"},{"predicate":{"custom_model_data":64},"model":"modelengine:camel/rightbackleg"},{"predicate":{"custom_model_data":65},"model":"modelengine:camel/leftfrontfoot"},{"predicate":{"custom_model_data":66},"model":"modelengine:camel/leftfrontleg"},{"predicate":{"custom_model_data":67},"model":"modelengine:camel/rightfrontfoot"},{"predicate":{"custom_model_data":68},"model":"modelengine:camel/rightfrontleg"},{"predicate":{"custom_model_data":69},"model":"modelengine:camel/camel"},{"predicate":{"custom_model_data":70},"model":"modelengine:dirtdevil/bone"},{"predicate":{"custom_model_data":71},"model":"modelengine:dirtdevil/bone2"},{"predicate":{"custom_model_data":72},"model":"modelengine:dirtdevil/dirtdevil"},{"predicate":{"custom_model_data":73},"model":"modelengine:discord1/righth"},{"predicate":{"custom_model_data":74},"model":"modelengine:discord1/lefth"},{"predicate":{"custom_model_data":75},"model":"modelengine:discord1/body"},{"predicate":{"custom_model_data":76},"model":"modelengine:discord1/list3"},{"predicate":{"custom_model_data":77},"model":"modelengine:discord1/list2"},{"predicate":{"custom_model_data":78},"model":"modelengine:discord1/list1"},{"predicate":{"custom_model_data":79},"model":"modelengine:discord1/eyes"},{"predicate":{"custom_model_data":80},"model":"modelengine:discord1/eyes2"},{"predicate":{"custom_model_data":81},"model":"modelengine:discord1/head"},{"predicate":{"custom_model_data":82},"model":"modelengine:discord1/leftl"},{"predicate":{"custom_model_data":83},"model":"modelengine:discord1/rightl"},{"predicate":{"custom_model_data":84},"model":"modelengine:discord2/handles"},{"predicate":{"custom_model_data":85},"model":"modelengine:discord2/wingr"},{"predicate":{"custom_model_data":86},"model":"modelengine:discord2/downr"},{"predicate":{"custom_model_data":87},"model":"modelengine:discord2/topr"},{"predicate":{"custom_model_data":88},"model":"modelengine:discord2/wingl"},{"predicate":{"custom_model_data":89},"model":"modelengine:discord2/downl"},{"predicate":{"custom_model_data":90},"model":"modelengine:discord2/topl"},{"predicate":{"custom_model_data":91},"model":"modelengine:discord2/base"},{"predicate":{"custom_model_data":92},"model":"modelengine:discord2/jetpack"},{"predicate":{"custom_model_data":93},"model":"modelengine:discord2/righth"},{"predicate":{"custom_model_data":94},"model":"modelengine:discord2/lefth"},{"predicate":{"custom_model_data":95},"model":"modelengine:discord2/body"},{"predicate":{"custom_model_data":96},"model":"modelengine:discord2/ears"},{"predicate":{"custom_model_data":97},"model":"modelengine:discord2/helmet"},{"predicate":{"custom_model_data":98},"model":"modelengine:discord2/eyes"},{"predicate":{"custom_model_data":99},"model":"modelengine:discord2/eyes2"},{"predicate":{"custom_model_data":100},"model":"modelengine:discord2/head"},{"predicate":{"custom_model_data":101},"model":"modelengine:discord2/leftl"},{"predicate":{"custom_model_data":102},"model":"modelengine:discord2/rightl"},{"predicate":{"custom_model_data":103},"model":"modelengine:drone/drone"},{"predicate":{"custom_model_data":104},"model":"modelengine:fallenherald/capa"},{"predicate":{"custom_model_data":105},"model":"modelengine:fallenherald/leftarmbot"},{"predicate":{"custom_model_data":106},"model":"modelengine:fallenherald/leftarm"},{"predicate":{"custom_model_data":107},"model":"modelengine:fallenherald/sword"},{"predicate":{"custom_model_data":108},"model":"modelengine:fallenherald/hand"},{"predicate":{"custom_model_data":109},"model":"modelengine:fallenherald/rightarmbot"},{"predicate":{"custom_model_data":110},"model":"modelengine:fallenherald/rightarm"},{"predicate":{"custom_model_data":111},"model":"modelengine:fallenherald/head"},{"predicate":{"custom_model_data":112},"model":"modelengine:fallenherald/body"},{"predicate":{"custom_model_data":113},"model":"modelengine:fallenherald/piedderenn"},{"predicate":{"custom_model_data":114},"model":"modelengine:fallenherald/rightlegbot"},{"predicate":{"custom_model_data":115},"model":"modelengine:fallenherald/rightleg"},{"predicate":{"custom_model_data":116},"model":"modelengine:fallenherald/piedleften"},{"predicate":{"custom_model_data":117},"model":"modelengine:fallenherald/leftlegbot"},{"predicate":{"custom_model_data":118},"model":"modelengine:fallenherald/leftleg"},{"predicate":{"custom_model_data":119},"model":"modelengine:fallenherald2/capa"},{"predicate":{"custom_model_data":120},"model":"modelengine:fallenherald2/leftarmbot"},{"predicate":{"custom_model_data":121},"model":"modelengine:fallenherald2/leftarm"},{"predicate":{"custom_model_data":122},"model":"modelengine:fallenherald2/sword"},{"predicate":{"custom_model_data":123},"model":"modelengine:fallenherald2/hand"},{"predicate":{"custom_model_data":124},"model":"modelengine:fallenherald2/rightarmbot"},{"predicate":{"custom_model_data":125},"model":"modelengine:fallenherald2/rightarm"},{"predicate":{"custom_model_data":126},"model":"modelengine:fallenherald2/head"},{"predicate":{"custom_model_data":127},"model":"modelengine:fallenherald2/body"},{"predicate":{"custom_model_data":128},"model":"modelengine:fallenherald2/piedderenn"},{"predicate":{"custom_model_data":129},"model":"modelengine:fallenherald2/rightlegbot"},{"predicate":{"custom_model_data":130},"model":"modelengine:fallenherald2/rightleg"},{"predicate":{"custom_model_data":131},"model":"modelengine:fallenherald2/piedleften"},{"predicate":{"custom_model_data":132},"model":"modelengine:fallenherald2/leftlegbot"},{"predicate":{"custom_model_data":133},"model":"modelengine:fallenherald2/leftleg"},{"predicate":{"custom_model_data":134},"model":"modelengine:fallenherald3/capa"},{"predicate":{"custom_model_data":135},"model":"modelengine:fallenherald3/body"},{"predicate":{"custom_model_data":136},"model":"modelengine:fallenherald3/head"},{"predicate":{"custom_model_data":137},"model":"modelengine:fallenherald3/leftarm"},{"predicate":{"custom_model_data":138},"model":"modelengine:fallenherald3/leftarmbot"},{"predicate":{"custom_model_data":139},"model":"modelengine:fallenherald3/rightarm"},{"predicate":{"custom_model_data":140},"model":"modelengine:fallenherald3/hand"},{"predicate":{"custom_model_data":141},"model":"modelengine:fallenherald3/rightarmbot"},{"predicate":{"custom_model_data":142},"model":"modelengine:fallenherald3/sword"},{"predicate":{"custom_model_data":143},"model":"modelengine:fallenherald3/rightleg"},{"predicate":{"custom_model_data":144},"model":"modelengine:fallenherald3/rightlegbot"},{"predicate":{"custom_model_data":145},"model":"modelengine:fallenherald3/piedderenn"},{"predicate":{"custom_model_data":146},"model":"modelengine:fallenherald3/leftleg"},{"predicate":{"custom_model_data":147},"model":"modelengine:fallenherald3/leftlegbot"},{"predicate":{"custom_model_data":148},"model":"modelengine:fallenherald3/piedleften"},{"predicate":{"custom_model_data":149},"model":"modelengine:fallenreaper/faldcentral"},{"predicate":{"custom_model_data":150},"model":"modelengine:fallenreaper/faldizq"},{"predicate":{"custom_model_data":151},"model":"modelengine:fallenreaper/faldder"},{"predicate":{"custom_model_data":152},"model":"modelengine:fallenreaper/capa"},{"predicate":{"custom_model_data":153},"model":"modelengine:fallenreaper/leftarmbot"},{"predicate":{"custom_model_data":154},"model":"modelengine:fallenreaper/leftarm"},{"predicate":{"custom_model_data":155},"model":"modelengine:fallenreaper/odesparticles1"},{"predicate":{"custom_model_data":156},"model":"modelengine:fallenreaper/odes"},{"predicate":{"custom_model_data":157},"model":"modelengine:fallenreaper/hand"},{"predicate":{"custom_model_data":158},"model":"modelengine:fallenreaper/rightarmbot"},{"predicate":{"custom_model_data":159},"model":"modelengine:fallenreaper/rightarm"},{"predicate":{"custom_model_data":160},"model":"modelengine:fallenreaper/head"},{"predicate":{"custom_model_data":161},"model":"modelengine:fallenreaper/body"},{"predicate":{"custom_model_data":162},"model":"modelengine:fallenreaper/piedderenn"},{"predicate":{"custom_model_data":163},"model":"modelengine:fallenreaper/rightlegbot"},{"predicate":{"custom_model_data":164},"model":"modelengine:fallenreaper/rightleg"},{"predicate":{"custom_model_data":165},"model":"modelengine:fallenreaper/piedleften"},{"predicate":{"custom_model_data":166},"model":"modelengine:fallenreaper/leftlegbot"},{"predicate":{"custom_model_data":167},"model":"modelengine:fallenreaper/leftleg"},{"predicate":{"custom_model_data":168},"model":"modelengine:fallenreaper2/faldcentral"},{"predicate":{"custom_model_data":169},"model":"modelengine:fallenreaper2/faldizq"},{"predicate":{"custom_model_data":170},"model":"modelengine:fallenreaper2/faldder"},{"predicate":{"custom_model_data":171},"model":"modelengine:fallenreaper2/capa"},{"predicate":{"custom_model_data":172},"model":"modelengine:fallenreaper2/leftarmbot"},{"predicate":{"custom_model_data":173},"model":"modelengine:fallenreaper2/leftarm"},{"predicate":{"custom_model_data":174},"model":"modelengine:fallenreaper2/odes"},{"predicate":{"custom_model_data":175},"model":"modelengine:fallenreaper2/hand"},{"predicate":{"custom_model_data":176},"model":"modelengine:fallenreaper2/rightarmbot"},{"predicate":{"custom_model_data":177},"model":"modelengine:fallenreaper2/rightarm"},{"predicate":{"custom_model_data":178},"model":"modelengine:fallenreaper2/head"},{"predicate":{"custom_model_data":179},"model":"modelengine:fallenreaper2/body"},{"predicate":{"custom_model_data":180},"model":"modelengine:fallenreaper2/piedderenn"},{"predicate":{"custom_model_data":181},"model":"modelengine:fallenreaper2/rightlegbot"},{"predicate":{"custom_model_data":182},"model":"modelengine:fallenreaper2/rightleg"},{"predicate":{"custom_model_data":183},"model":"modelengine:fallenreaper2/piedleften"},{"predicate":{"custom_model_data":184},"model":"modelengine:fallenreaper2/leftlegbot"},{"predicate":{"custom_model_data":185},"model":"modelengine:fallenreaper2/leftleg"},{"predicate":{"custom_model_data":186},"model":"modelengine:fallenreaper3/faldcentral"},{"predicate":{"custom_model_data":187},"model":"modelengine:fallenreaper3/faldizq"},{"predicate":{"custom_model_data":188},"model":"modelengine:fallenreaper3/faldder"},{"predicate":{"custom_model_data":189},"model":"modelengine:fallenreaper3/capa"},{"predicate":{"custom_model_data":190},"model":"modelengine:fallenreaper3/leftarmxd"},{"predicate":{"custom_model_data":191},"model":"modelengine:fallenreaper3/rightarmxd"},{"predicate":{"custom_model_data":192},"model":"modelengine:fallenreaper3/rightleg"},{"predicate":{"custom_model_data":193},"model":"modelengine:fallenreaper3/leftleg"},{"predicate":{"custom_model_data":194},"model":"modelengine:fallenreaper3/body"},{"predicate":{"custom_model_data":195},"model":"modelengine:fallenreaper3/head"},{"predicate":{"custom_model_data":196},"model":"modelengine:fallenreaper3/maske"},{"predicate":{"custom_model_data":197},"model":"modelengine:fallenreaper3/leftarm"},{"predicate":{"custom_model_data":198},"model":"modelengine:fallenreaper3/leftarmbot2"},{"predicate":{"custom_model_data":199},"model":"modelengine:fallenreaper3/rightarm"},{"predicate":{"custom_model_data":200},"model":"modelengine:fallenreaper3/hand2"},{"predicate":{"custom_model_data":201},"model":"modelengine:fallenreaper3/rightarmbot2"},{"predicate":{"custom_model_data":202},"model":"modelengine:fallenreaper3/rightleg2"},{"predicate":{"custom_model_data":203},"model":"modelengine:fallenreaper3/piedderenn"},{"predicate":{"custom_model_data":204},"model":"modelengine:fallenreaper3/rightlegbot"},{"predicate":{"custom_model_data":205},"model":"modelengine:fallenreaper3/piedleften"},{"predicate":{"custom_model_data":206},"model":"modelengine:fallenreaper3/leftlegbot"},{"predicate":{"custom_model_data":207},"model":"modelengine:fallenreaper3/leftleg2"},{"predicate":{"custom_model_data":208},"model":"modelengine:fallenreaper3/odes"},{"predicate":{"custom_model_data":209},"model":"modelengine:fallensoldier/leftarmbot"},{"predicate":{"custom_model_data":210},"model":"modelengine:fallensoldier/leftarm"},{"predicate":{"custom_model_data":211},"model":"modelengine:fallensoldier/sword"},{"predicate":{"custom_model_data":212},"model":"modelengine:fallensoldier/hand"},{"predicate":{"custom_model_data":213},"model":"modelengine:fallensoldier/rightarmbot"},{"predicate":{"custom_model_data":214},"model":"modelengine:fallensoldier/rightarm"},{"predicate":{"custom_model_data":215},"model":"modelengine:fallensoldier/head"},{"predicate":{"custom_model_data":216},"model":"modelengine:fallensoldier/body"},{"predicate":{"custom_model_data":217},"model":"modelengine:fallensoldier/piedderenn"},{"predicate":{"custom_model_data":218},"model":"modelengine:fallensoldier/rightlegbot"},{"predicate":{"custom_model_data":219},"model":"modelengine:fallensoldier/rightleg"},{"predicate":{"custom_model_data":220},"model":"modelengine:fallensoldier/piedleften"},{"predicate":{"custom_model_data":221},"model":"modelengine:fallensoldier/leftlegbot"},{"predicate":{"custom_model_data":222},"model":"modelengine:fallensoldier/leftleg"},{"predicate":{"custom_model_data":223},"model":"modelengine:fallenwarden/leftarmbot"},{"predicate":{"custom_model_data":224},"model":"modelengine:fallenwarden/leftarm"},{"predicate":{"custom_model_data":225},"model":"modelengine:fallenwarden/lanceaxe"},{"predicate":{"custom_model_data":226},"model":"modelengine:fallenwarden/hand"},{"predicate":{"custom_model_data":227},"model":"modelengine:fallenwarden/rightarmbot"},{"predicate":{"custom_model_data":228},"model":"modelengine:fallenwarden/rightarm"},{"predicate":{"custom_model_data":229},"model":"modelengine:fallenwarden/head"},{"predicate":{"custom_model_data":230},"model":"modelengine:fallenwarden/body"},{"predicate":{"custom_model_data":231},"model":"modelengine:fallenwarden/piedderenn"},{"predicate":{"custom_model_data":232},"model":"modelengine:fallenwarden/rightlegbot"},{"predicate":{"custom_model_data":233},"model":"modelengine:fallenwarden/rightleg"},{"predicate":{"custom_model_data":234},"model":"modelengine:fallenwarden/piedleften"},{"predicate":{"custom_model_data":235},"model":"modelengine:fallenwarden/leftlegbot"},{"predicate":{"custom_model_data":236},"model":"modelengine:fallenwarden/leftleg"},{"predicate":{"custom_model_data":237},"model":"modelengine:fallenwarden2/leftarmbot"},{"predicate":{"custom_model_data":238},"model":"modelengine:fallenwarden2/leftarm"},{"predicate":{"custom_model_data":239},"model":"modelengine:fallenwarden2/lanceaxe"},{"predicate":{"custom_model_data":240},"model":"modelengine:fallenwarden2/hand"},{"predicate":{"custom_model_data":241},"model":"modelengine:fallenwarden2/rightarmbot"},{"predicate":{"custom_model_data":242},"model":"modelengine:fallenwarden2/rightarm"},{"predicate":{"custom_model_data":243},"model":"modelengine:fallenwarden2/head"},{"predicate":{"custom_model_data":244},"model":"modelengine:fallenwarden2/body"},{"predicate":{"custom_model_data":245},"model":"modelengine:fallenwarden2/piedderenn"},{"predicate":{"custom_model_data":246},"model":"modelengine:fallenwarden2/rightlegbot"},{"predicate":{"custom_model_data":247},"model":"modelengine:fallenwarden2/rightleg"},{"predicate":{"custom_model_data":248},"model":"modelengine:fallenwarden2/piedleften"},{"predicate":{"custom_model_data":249},"model":"modelengine:fallenwarden2/leftlegbot"},{"predicate":{"custom_model_data":250},"model":"modelengine:fallenwarden2/leftleg"},{"predicate":{"custom_model_data":251},"model":"modelengine:fallenwarden3/leftarmbot"},{"predicate":{"custom_model_data":252},"model":"modelengine:fallenwarden3/leftarm"},{"predicate":{"custom_model_data":253},"model":"modelengine:fallenwarden3/lanceaxe"},{"predicate":{"custom_model_data":254},"model":"modelengine:fallenwarden3/hand"},{"predicate":{"custom_model_data":255},"model":"modelengine:fallenwarden3/rightarmbot"},{"predicate":{"custom_model_data":256},"model":"modelengine:fallenwarden3/rightarm"},{"predicate":{"custom_model_data":257},"model":"modelengine:fallenwarden3/head"},{"predicate":{"custom_model_data":258},"model":"modelengine:fallenwarden3/body"},{"predicate":{"custom_model_data":259},"model":"modelengine:fallenwarden3/piedderenn"},{"predicate":{"custom_model_data":260},"model":"modelengine:fallenwarden3/rightlegbot"},{"predicate":{"custom_model_data":261},"model":"modelengine:fallenwarden3/rightleg"},{"predicate":{"custom_model_data":262},"model":"modelengine:fallenwarden3/piedleften"},{"predicate":{"custom_model_data":263},"model":"modelengine:fallenwarden3/leftlegbot"},{"predicate":{"custom_model_data":264},"model":"modelengine:fallenwarden3/leftleg"},{"predicate":{"custom_model_data":265},"model":"modelengine:firebat/leftwing"},{"predicate":{"custom_model_data":266},"model":"modelengine:firebat/rightwing"},{"predicate":{"custom_model_data":267},"model":"modelengine:firebat/leftleg"},{"predicate":{"custom_model_data":268},"model":"modelengine:firebat/rightleg"},{"predicate":{"custom_model_data":269},"model":"modelengine:firebat/jaw"},{"predicate":{"custom_model_data":270},"model":"modelengine:firebat/firebat"},{"predicate":{"custom_model_data":271},"model":"modelengine:fish_school/class1"},{"predicate":{"custom_model_data":272},"model":"modelengine:fish_school/class2"},{"predicate":{"custom_model_data":273},"model":"modelengine:fish_school/class3"},{"predicate":{"custom_model_data":274},"model":"modelengine:flamingo/head"},{"predicate":{"custom_model_data":275},"model":"modelengine:flamingo/neck"},{"predicate":{"custom_model_data":276},"model":"modelengine:flamingo/rightwing"},{"predicate":{"custom_model_data":277},"model":"modelengine:flamingo/leftwing"},{"predicate":{"custom_model_data":278},"model":"modelengine:flamingo/body"},{"predicate":{"custom_model_data":279},"model":"modelengine:flamingo/leftleg"},{"predicate":{"custom_model_data":280},"model":"modelengine:flamingo/lowerright"},{"predicate":{"custom_model_data":281},"model":"modelengine:flamingo/rightleg"},{"predicate":{"custom_model_data":282},"model":"modelengine:football_fish/left_fin"},{"predicate":{"custom_model_data":283},"model":"modelengine:football_fish/right_fin"},{"predicate":{"custom_model_data":284},"model":"modelengine:football_fish/tail"},{"predicate":{"custom_model_data":285},"model":"modelengine:football_fish/jaw"},{"predicate":{"custom_model_data":286},"model":"modelengine:football_fish/body"},{"predicate":{"custom_model_data":287},"model":"modelengine:hammerhead_shark/jaw"},{"predicate":{"custom_model_data":288},"model":"modelengine:hammerhead_shark/head"},{"predicate":{"custom_model_data":289},"model":"modelengine:hammerhead_shark/tail2"},{"predicate":{"custom_model_data":290},"model":"modelengine:hammerhead_shark/tail1"},{"predicate":{"custom_model_data":291},"model":"modelengine:hammerhead_shark/left_fin"},{"predicate":{"custom_model_data":292},"model":"modelengine:hammerhead_shark/right_fin"},{"predicate":{"custom_model_data":293},"model":"modelengine:hammerhead_shark/body"},{"predicate":{"custom_model_data":294},"model":"modelengine:hornytoad/frontleftarm"},{"predicate":{"custom_model_data":295},"model":"modelengine:hornytoad/frontrightarm"},{"predicate":{"custom_model_data":296},"model":"modelengine:hornytoad/head"},{"predicate":{"custom_model_data":297},"model":"modelengine:hornytoad/backleftarm"},{"predicate":{"custom_model_data":298},"model":"modelengine:hornytoad/backrightarm"},{"predicate":{"custom_model_data":299},"model":"modelengine:hornytoad/hornytoad"},{"predicate":{"custom_model_data":300},"model":"modelengine:hummingbirdblue/body"},{"predicate":{"custom_model_data":301},"model":"modelengine:hummingbirdblue/head"},{"predicate":{"custom_model_data":302},"model":"modelengine:hummingbirdblue/rwing"},{"predicate":{"custom_model_data":303},"model":"modelengine:hummingbirdblue/lwing"},{"predicate":{"custom_model_data":304},"model":"modelengine:hummingbirdbrown/body"},{"predicate":{"custom_model_data":305},"model":"modelengine:hummingbirdbrown/head"},{"predicate":{"custom_model_data":306},"model":"modelengine:hummingbirdbrown/rwing"},{"predicate":{"custom_model_data":307},"model":"modelengine:hummingbirdbrown/lwing"},{"predicate":{"custom_model_data":308},"model":"modelengine:hummingbirdgreen/body"},{"predicate":{"custom_model_data":309},"model":"modelengine:hummingbirdgreen/head"},{"predicate":{"custom_model_data":310},"model":"modelengine:hummingbirdgreen/rwing"},{"predicate":{"custom_model_data":311},"model":"modelengine:hummingbirdgreen/lwing"},{"predicate":{"custom_model_data":312},"model":"modelengine:hummingbirdred/body"},{"predicate":{"custom_model_data":313},"model":"modelengine:hummingbirdred/head"},{"predicate":{"custom_model_data":314},"model":"modelengine:hummingbirdred/rwing"},{"predicate":{"custom_model_data":315},"model":"modelengine:hummingbirdred/lwing"},{"predicate":{"custom_model_data":316},"model":"modelengine:izzys_allay/trail"},{"predicate":{"custom_model_data":317},"model":"modelengine:izzys_allay/left_arm"},{"predicate":{"custom_model_data":318},"model":"modelengine:izzys_allay/right_arm"},{"predicate":{"custom_model_data":319},"model":"modelengine:izzys_allay/head"},{"predicate":{"custom_model_data":320},"model":"modelengine:izzys_allay/left_wing"},{"predicate":{"custom_model_data":321},"model":"modelengine:izzys_allay/right_wing"},{"predicate":{"custom_model_data":322},"model":"modelengine:izzys_allay/body"},{"predicate":{"custom_model_data":323},"model":"modelengine:izzys_copper_golem/left_arm"},{"predicate":{"custom_model_data":324},"model":"modelengine:izzys_copper_golem/right_arm"},{"predicate":{"custom_model_data":325},"model":"modelengine:izzys_copper_golem/head"},{"predicate":{"custom_model_data":326},"model":"modelengine:izzys_copper_golem/body"},{"predicate":{"custom_model_data":327},"model":"modelengine:izzys_copper_golem/left_leg"},{"predicate":{"custom_model_data":328},"model":"modelengine:izzys_copper_golem/right_leg"},{"predicate":{"custom_model_data":329},"model":"modelengine:izzys_glare/upper_outer"},{"predicate":{"custom_model_data":330},"model":"modelengine:izzys_glare/eyebrows"},{"predicate":{"custom_model_data":331},"model":"modelengine:izzys_glare/head"},{"predicate":{"custom_model_data":332},"model":"modelengine:izzys_glare/tail"},{"predicate":{"custom_model_data":333},"model":"modelengine:izzys_glare/torso"},{"predicate":{"custom_model_data":334},"model":"modelengine:izzys_glare/upper"},{"predicate":{"custom_model_data":335},"model":"modelengine:jellycreep/frontright"},{"predicate":{"custom_model_data":336},"model":"modelengine:jellycreep/backright"},{"predicate":{"custom_model_data":337},"model":"modelengine:jellycreep/frontleft"},{"predicate":{"custom_model_data":338},"model":"modelengine:jellycreep/backleft"},{"predicate":{"custom_model_data":339},"model":"modelengine:jellycreep/head"},{"predicate":{"custom_model_data":340},"model":"modelengine:jellycreep/torso"},{"predicate":{"custom_model_data":341},"model":"modelengine:manta_ray/jowl2"},{"predicate":{"custom_model_data":342},"model":"modelengine:manta_ray/tail3"},{"predicate":{"custom_model_data":343},"model":"modelengine:manta_ray/tail2"},{"predicate":{"custom_model_data":344},"model":"modelengine:manta_ray/tail1"},{"predicate":{"custom_model_data":345},"model":"modelengine:manta_ray/right_fin6"},{"predicate":{"custom_model_data":346},"model":"modelengine:manta_ray/right_fin5"},{"predicate":{"custom_model_data":347},"model":"modelengine:manta_ray/right_fin4"},{"predicate":{"custom_model_data":348},"model":"modelengine:manta_ray/left_fin3"},{"predicate":{"custom_model_data":349},"model":"modelengine:manta_ray/left_fin2"},{"predicate":{"custom_model_data":350},"model":"modelengine:manta_ray/left_fin"},{"predicate":{"custom_model_data":351},"model":"modelengine:manta_ray/jowl"},{"predicate":{"custom_model_data":352},"model":"modelengine:manta_ray/body"},{"predicate":{"custom_model_data":353},"model":"modelengine:marlin/left_fin"},{"predicate":{"custom_model_data":354},"model":"modelengine:marlin/right_fin"},{"predicate":{"custom_model_data":355},"model":"modelengine:marlin/tail2"},{"predicate":{"custom_model_data":356},"model":"modelengine:marlin/tail1"},{"predicate":{"custom_model_data":357},"model":"modelengine:marlin/jaw"},{"predicate":{"custom_model_data":358},"model":"modelengine:marlin/body"},{"predicate":{"custom_model_data":359},"model":"modelengine:nautilus/tentacle1_1"},{"predicate":{"custom_model_data":360},"model":"modelengine:nautilus/tentacle1"},{"predicate":{"custom_model_data":361},"model":"modelengine:nautilus/tentacle1_2"},{"predicate":{"custom_model_data":362},"model":"modelengine:nautilus/tentacle2"},{"predicate":{"custom_model_data":363},"model":"modelengine:nautilus/tentacle1_3"},{"predicate":{"custom_model_data":364},"model":"modelengine:nautilus/tentacle3"},{"predicate":{"custom_model_data":365},"model":"modelengine:nautilus/tentacle1_4"},{"predicate":{"custom_model_data":366},"model":"modelengine:nautilus/tentacle4"},{"predicate":{"custom_model_data":367},"model":"modelengine:nautilus/body"},{"predicate":{"custom_model_data":368},"model":"modelengine:nocsy_darkdragon_saddled_version/saddle"},{"predicate":{"custom_model_data":369},"model":"modelengine:nocsy_darkdragon_saddled_version/right_bout"},{"predicate":{"custom_model_data":370},"model":"modelengine:nocsy_darkdragon_saddled_version/right_wing_part2"},{"predicate":{"custom_model_data":371},"model":"modelengine:nocsy_darkdragon_saddled_version/right_wing_part"},{"predicate":{"custom_model_data":372},"model":"modelengine:nocsy_darkdragon_saddled_version/right_wing"},{"predicate":{"custom_model_data":373},"model":"modelengine:nocsy_darkdragon_saddled_version/left_bout"},{"predicate":{"custom_model_data":374},"model":"modelengine:nocsy_darkdragon_saddled_version/left_wing_part2"},{"predicate":{"custom_model_data":375},"model":"modelengine:nocsy_darkdragon_saddled_version/left_wing_part"},{"predicate":{"custom_model_data":376},"model":"modelengine:nocsy_darkdragon_saddled_version/left_wing"},{"predicate":{"custom_model_data":377},"model":"modelengine:nocsy_darkdragon_saddled_version/horn_left"},{"predicate":{"custom_model_data":378},"model":"modelengine:nocsy_darkdragon_saddled_version/horn_left2"},{"predicate":{"custom_model_data":379},"model":"modelengine:nocsy_darkdragon_saddled_version/horn_left3"},{"predicate":{"custom_model_data":380},"model":"modelengine:nocsy_darkdragon_saddled_version/horn_right4"},{"predicate":{"custom_model_data":381},"model":"modelengine:nocsy_darkdragon_saddled_version/front"},{"predicate":{"custom_model_data":382},"model":"modelengine:nocsy_darkdragon_saddled_version/machoire"},{"predicate":{"custom_model_data":383},"model":"modelengine:nocsy_darkdragon_saddled_version/eye_lash_right"},{"predicate":{"custom_model_data":384},"model":"modelengine:nocsy_darkdragon_saddled_version/eye_lash_left"},{"predicate":{"custom_model_data":385},"model":"modelengine:nocsy_darkdragon_saddled_version/head"},{"predicate":{"custom_model_data":386},"model":"modelengine:nocsy_darkdragon_saddled_version/neck"},{"predicate":{"custom_model_data":387},"model":"modelengine:nocsy_darkdragon_saddled_version/tail_end"},{"predicate":{"custom_model_data":388},"model":"modelengine:nocsy_darkdragon_saddled_version/tail"},{"predicate":{"custom_model_data":389},"model":"modelengine:nocsy_darkdragon_saddled_version/left_back_leg_fingers"},{"predicate":{"custom_model_data":390},"model":"modelengine:nocsy_darkdragon_saddled_version/patte_arriere_right"},{"predicate":{"custom_model_data":391},"model":"modelengine:nocsy_darkdragon_saddled_version/right_back_leg_fingers"},{"predicate":{"custom_model_data":392},"model":"modelengine:nocsy_darkdragon_saddled_version/patte_arriere_left"},{"predicate":{"custom_model_data":393},"model":"modelengine:nocsy_darkdragon_saddled_version/left_forward_hang"},{"predicate":{"custom_model_data":394},"model":"modelengine:nocsy_darkdragon_saddled_version/patte_avant_right"},{"predicate":{"custom_model_data":395},"model":"modelengine:nocsy_darkdragon_saddled_version/right_forward_hang"},{"predicate":{"custom_model_data":396},"model":"modelengine:nocsy_darkdragon_saddled_version/patte_avant_left"},{"predicate":{"custom_model_data":397},"model":"modelengine:nocsy_darkdragon_saddled_version/body"},{"predicate":{"custom_model_data":398},"model":"modelengine:nocsy_dragon/right_bout"},{"predicate":{"custom_model_data":399},"model":"modelengine:nocsy_dragon/right_wing_part2"},{"predicate":{"custom_model_data":400},"model":"modelengine:nocsy_dragon/right_wing_part"},{"predicate":{"custom_model_data":401},"model":"modelengine:nocsy_dragon/right_wing"},{"predicate":{"custom_model_data":402},"model":"modelengine:nocsy_dragon/left_bout"},{"predicate":{"custom_model_data":403},"model":"modelengine:nocsy_dragon/left_wing_part2"},{"predicate":{"custom_model_data":404},"model":"modelengine:nocsy_dragon/left_wing_part"},{"predicate":{"custom_model_data":405},"model":"modelengine:nocsy_dragon/left_wing"},{"predicate":{"custom_model_data":406},"model":"modelengine:nocsy_dragon/horn_left"},{"predicate":{"custom_model_data":407},"model":"modelengine:nocsy_dragon/horn_left2"},{"predicate":{"custom_model_data":408},"model":"modelengine:nocsy_dragon/horn_left3"},{"predicate":{"custom_model_data":409},"model":"modelengine:nocsy_dragon/horn_right4"},{"predicate":{"custom_model_data":410},"model":"modelengine:nocsy_dragon/front"},{"predicate":{"custom_model_data":411},"model":"modelengine:nocsy_dragon/machoire"},{"predicate":{"custom_model_data":412},"model":"modelengine:nocsy_dragon/eye_lash_right"},{"predicate":{"custom_model_data":413},"model":"modelengine:nocsy_dragon/eye_lash_left"},{"predicate":{"custom_model_data":414},"model":"modelengine:nocsy_dragon/head"},{"predicate":{"custom_model_data":415},"model":"modelengine:nocsy_dragon/neck"},{"predicate":{"custom_model_data":416},"model":"modelengine:nocsy_dragon/tail_end"},{"predicate":{"custom_model_data":417},"model":"modelengine:nocsy_dragon/tail"},{"predicate":{"custom_model_data":418},"model":"modelengine:nocsy_dragon/left_back_leg_fingers"},{"predicate":{"custom_model_data":419},"model":"modelengine:nocsy_dragon/patte_arriere_right"},{"predicate":{"custom_model_data":420},"model":"modelengine:nocsy_dragon/right_back_leg_fingers"},{"predicate":{"custom_model_data":421},"model":"modelengine:nocsy_dragon/patte_arriere_left"},{"predicate":{"custom_model_data":422},"model":"modelengine:nocsy_dragon/left_forward_hang"},{"predicate":{"custom_model_data":423},"model":"modelengine:nocsy_dragon/patte_avant_right"},{"predicate":{"custom_model_data":424},"model":"modelengine:nocsy_dragon/right_forward_hang"},{"predicate":{"custom_model_data":425},"model":"modelengine:nocsy_dragon/patte_avant_left"},{"predicate":{"custom_model_data":426},"model":"modelengine:nocsy_dragon/body"},{"predicate":{"custom_model_data":427},"model":"modelengine:nocsy_dragon_saddled_version/saddle"},{"predicate":{"custom_model_data":428},"model":"modelengine:nocsy_dragon_saddled_version/right_bout"},{"predicate":{"custom_model_data":429},"model":"modelengine:nocsy_dragon_saddled_version/right_wing_part2"},{"predicate":{"custom_model_data":430},"model":"modelengine:nocsy_dragon_saddled_version/right_wing_part"},{"predicate":{"custom_model_data":431},"model":"modelengine:nocsy_dragon_saddled_version/right_wing"},{"predicate":{"custom_model_data":432},"model":"modelengine:nocsy_dragon_saddled_version/left_bout"},{"predicate":{"custom_model_data":433},"model":"modelengine:nocsy_dragon_saddled_version/left_wing_part2"},{"predicate":{"custom_model_data":434},"model":"modelengine:nocsy_dragon_saddled_version/left_wing_part"},{"predicate":{"custom_model_data":435},"model":"modelengine:nocsy_dragon_saddled_version/left_wing"},{"predicate":{"custom_model_data":436},"model":"modelengine:nocsy_dragon_saddled_version/horn_left"},{"predicate":{"custom_model_data":437},"model":"modelengine:nocsy_dragon_saddled_version/horn_left2"},{"predicate":{"custom_model_data":438},"model":"modelengine:nocsy_dragon_saddled_version/horn_left3"},{"predicate":{"custom_model_data":439},"model":"modelengine:nocsy_dragon_saddled_version/horn_right4"},{"predicate":{"custom_model_data":440},"model":"modelengine:nocsy_dragon_saddled_version/front"},{"predicate":{"custom_model_data":441},"model":"modelengine:nocsy_dragon_saddled_version/machoire"},{"predicate":{"custom_model_data":442},"model":"modelengine:nocsy_dragon_saddled_version/eye_lash_right"},{"predicate":{"custom_model_data":443},"model":"modelengine:nocsy_dragon_saddled_version/eye_lash_left"},{"predicate":{"custom_model_data":444},"model":"modelengine:nocsy_dragon_saddled_version/head"},{"predicate":{"custom_model_data":445},"model":"modelengine:nocsy_dragon_saddled_version/neck"},{"predicate":{"custom_model_data":446},"model":"modelengine:nocsy_dragon_saddled_version/tail_end"},{"predicate":{"custom_model_data":447},"model":"modelengine:nocsy_dragon_saddled_version/tail"},{"predicate":{"custom_model_data":448},"model":"modelengine:nocsy_dragon_saddled_version/left_back_leg_fingers"},{"predicate":{"custom_model_data":449},"model":"modelengine:nocsy_dragon_saddled_version/patte_arriere_right"},{"predicate":{"custom_model_data":450},"model":"modelengine:nocsy_dragon_saddled_version/right_back_leg_fingers"},{"predicate":{"custom_model_data":451},"model":"modelengine:nocsy_dragon_saddled_version/patte_arriere_left"},{"predicate":{"custom_model_data":452},"model":"modelengine:nocsy_dragon_saddled_version/left_forward_hang"},{"predicate":{"custom_model_data":453},"model":"modelengine:nocsy_dragon_saddled_version/patte_avant_right"},{"predicate":{"custom_model_data":454},"model":"modelengine:nocsy_dragon_saddled_version/right_forward_hang"},{"predicate":{"custom_model_data":455},"model":"modelengine:nocsy_dragon_saddled_version/patte_avant_left"},{"predicate":{"custom_model_data":456},"model":"modelengine:nocsy_dragon_saddled_version/body"},{"predicate":{"custom_model_data":457},"model":"modelengine:nocsy_pet_penguin/left_foot"},{"predicate":{"custom_model_data":458},"model":"modelengine:nocsy_pet_penguin/right_foot"},{"predicate":{"custom_model_data":459},"model":"modelengine:nocsy_pet_penguin/head"},{"predicate":{"custom_model_data":460},"model":"modelengine:nocsy_pet_penguin/left_arm"},{"predicate":{"custom_model_data":461},"model":"modelengine:nocsy_pet_penguin/right_arm"},{"predicate":{"custom_model_data":462},"model":"modelengine:nocsy_pet_penguin/body"},{"predicate":{"custom_model_data":463},"model":"modelengine:nocsy_pet_reaper/left_arm"},{"predicate":{"custom_model_data":464},"model":"modelengine:nocsy_pet_reaper/right_arm"},{"predicate":{"custom_model_data":465},"model":"modelengine:nocsy_pet_reaper/body"},{"predicate":{"custom_model_data":466},"model":"modelengine:nocsy_pikachu/arms"},{"predicate":{"custom_model_data":467},"model":"modelengine:nocsy_pikachu/legs"},{"predicate":{"custom_model_data":468},"model":"modelengine:nocsy_pikachu/tail"},{"predicate":{"custom_model_data":469},"model":"modelengine:nocsy_pikachu/right_ear"},{"predicate":{"custom_model_data":470},"model":"modelengine:nocsy_pikachu/left_ear"},{"predicate":{"custom_model_data":471},"model":"modelengine:nocsy_pikachu/head"},{"predicate":{"custom_model_data":472},"model":"modelengine:nocsy_pikachu/body"},{"predicate":{"custom_model_data":473},"model":"modelengine:npcgreeting/head"},{"predicate":{"custom_model_data":474},"model":"modelengine:oar_fish/tail"},{"predicate":{"custom_model_data":475},"model":"modelengine:oar_fish/body_m_2"},{"predicate":{"custom_model_data":476},"model":"modelengine:oar_fish/body_m_1"},{"predicate":{"custom_model_data":477},"model":"modelengine:oar_fish/body_l_5"},{"predicate":{"custom_model_data":478},"model":"modelengine:oar_fish/body_l_4"},{"predicate":{"custom_model_data":479},"model":"modelengine:oar_fish/body_l_3"},{"predicate":{"custom_model_data":480},"model":"modelengine:oar_fish/body_l_2"},{"predicate":{"custom_model_data":481},"model":"modelengine:oar_fish/left_fin"},{"predicate":{"custom_model_data":482},"model":"modelengine:oar_fish/right_fin"},{"predicate":{"custom_model_data":483},"model":"modelengine:oar_fish/head"},{"predicate":{"custom_model_data":484},"model":"modelengine:oar_fish/body_l_1"},{"predicate":{"custom_model_data":485},"model":"modelengine:owl/lleg"},{"predicate":{"custom_model_data":486},"model":"modelengine:owl/rleg"},{"predicate":{"custom_model_data":487},"model":"modelengine:owl/body"},{"predicate":{"custom_model_data":488},"model":"modelengine:owl/head"},{"predicate":{"custom_model_data":489},"model":"modelengine:owl/rwing"},{"predicate":{"custom_model_data":490},"model":"modelengine:owl/lwing"},{"predicate":{"custom_model_data":491},"model":"modelengine:peacock/head"},{"predicate":{"custom_model_data":492},"model":"modelengine:peacock/neck"},{"predicate":{"custom_model_data":493},"model":"modelengine:peacock/rwing"},{"predicate":{"custom_model_data":494},"model":"modelengine:peacock/lwing"},{"predicate":{"custom_model_data":495},"model":"modelengine:peacock/tail"},{"predicate":{"custom_model_data":496},"model":"modelengine:peacock/smalltail"},{"predicate":{"custom_model_data":497},"model":"modelengine:peacock/body"},{"predicate":{"custom_model_data":498},"model":"modelengine:peacock/leftleg"},{"predicate":{"custom_model_data":499},"model":"modelengine:peacock/rightleg"},{"predicate":{"custom_model_data":500},"model":"modelengine:pet_robolumberjack/right_leg"},{"predicate":{"custom_model_data":501},"model":"modelengine:pet_robolumberjack/left_arm"},{"predicate":{"custom_model_data":502},"model":"modelengine:pet_robolumberjack/right_arm"},{"predicate":{"custom_model_data":503},"model":"modelengine:pet_robolumberjack/head"},{"predicate":{"custom_model_data":504},"model":"modelengine:pet_robolumberjack/left_leg"},{"predicate":{"custom_model_data":505},"model":"modelengine:pet_robolumberjack/body"},{"predicate":{"custom_model_data":506},"model":"modelengine:pharaoh/head"},{"predicate":{"custom_model_data":507},"model":"modelengine:pharaoh/bandage"},{"predicate":{"custom_model_data":508},"model":"modelengine:pharaoh/righthand"},{"predicate":{"custom_model_data":509},"model":"modelengine:pharaoh/rightarm"},{"predicate":{"custom_model_data":510},"model":"modelengine:pharaoh/lefthand"},{"predicate":{"custom_model_data":511},"model":"modelengine:pharaoh/leftarm"},{"predicate":{"custom_model_data":512},"model":"modelengine:pharaoh/rightfoot"},{"predicate":{"custom_model_data":513},"model":"modelengine:pharaoh/rightleg"},{"predicate":{"custom_model_data":514},"model":"modelengine:pharaoh/leftfoot"},{"predicate":{"custom_model_data":515},"model":"modelengine:pharaoh/leftleg"},{"predicate":{"custom_model_data":516},"model":"modelengine:pharaoh/pharaoh"},{"predicate":{"custom_model_data":517},"model":"modelengine:plague/hand"},{"predicate":{"custom_model_data":518},"model":"modelengine:plague/fore"},{"predicate":{"custom_model_data":519},"model":"modelengine:plague/arm"},{"predicate":{"custom_model_data":520},"model":"modelengine:rattler/jaw"},{"predicate":{"custom_model_data":521},"model":"modelengine:rattler/rattle"},{"predicate":{"custom_model_data":522},"model":"modelengine:rattler/link5"},{"predicate":{"custom_model_data":523},"model":"modelengine:rattler/link4"},{"predicate":{"custom_model_data":524},"model":"modelengine:rattler/link3"},{"predicate":{"custom_model_data":525},"model":"modelengine:rattler/link2"},{"predicate":{"custom_model_data":526},"model":"modelengine:rattler/link"},{"predicate":{"custom_model_data":527},"model":"modelengine:rattler/head"},{"predicate":{"custom_model_data":528},"model":"modelengine:scarab/leftlegs"},{"predicate":{"custom_model_data":529},"model":"modelengine:scarab/rightlegs"},{"predicate":{"custom_model_data":530},"model":"modelengine:scarab/leftleg2"},{"predicate":{"custom_model_data":531},"model":"modelengine:scarab/rightleg2"},{"predicate":{"custom_model_data":532},"model":"modelengine:scarab/leftleg"},{"predicate":{"custom_model_data":533},"model":"modelengine:scarab/rightleg3"},{"predicate":{"custom_model_data":534},"model":"modelengine:scarab/scarab"},{"predicate":{"custom_model_data":535},"model":"modelengine:sea_horse_pink/left_fin"},{"predicate":{"custom_model_data":536},"model":"modelengine:sea_horse_pink/right_fin"},{"predicate":{"custom_model_data":537},"model":"modelengine:sea_horse_pink/tail"},{"predicate":{"custom_model_data":538},"model":"modelengine:sea_horse_pink/body"},{"predicate":{"custom_model_data":539},"model":"modelengine:sea_horse_purple/left_fin"},{"predicate":{"custom_model_data":540},"model":"modelengine:sea_horse_purple/right_fin"},{"predicate":{"custom_model_data":541},"model":"modelengine:sea_horse_purple/tail"},{"predicate":{"custom_model_data":542},"model":"modelengine:sea_horse_purple/body"},{"predicate":{"custom_model_data":543},"model":"modelengine:sea_horse_red/left_fin"},{"predicate":{"custom_model_data":544},"model":"modelengine:sea_horse_red/right_fin"},{"predicate":{"custom_model_data":545},"model":"modelengine:sea_horse_red/tail"},{"predicate":{"custom_model_data":546},"model":"modelengine:sea_horse_red/body"},{"predicate":{"custom_model_data":547},"model":"modelengine:sea_horse_teal/left_fin"},{"predicate":{"custom_model_data":548},"model":"modelengine:sea_horse_teal/right_fin"},{"predicate":{"custom_model_data":549},"model":"modelengine:sea_horse_teal/tail"},{"predicate":{"custom_model_data":550},"model":"modelengine:sea_horse_teal/body"},{"predicate":{"custom_model_data":551},"model":"modelengine:sea_horse_yellow/left_fin"},{"predicate":{"custom_model_data":552},"model":"modelengine:sea_horse_yellow/right_fin"},{"predicate":{"custom_model_data":553},"model":"modelengine:sea_horse_yellow/tail"},{"predicate":{"custom_model_data":554},"model":"modelengine:sea_horse_yellow/body"},{"predicate":{"custom_model_data":555},"model":"modelengine:tribal_barrel/flag2"},{"predicate":{"custom_model_data":556},"model":"modelengine:tribal_barrel/flag"},{"predicate":{"custom_model_data":557},"model":"modelengine:tribal_barrel/mid"},{"predicate":{"custom_model_data":558},"model":"modelengine:tribal_minion/head"},{"predicate":{"custom_model_data":559},"model":"modelengine:tribal_minion/spear"},{"predicate":{"custom_model_data":560},"model":"modelengine:tribal_minion/right_arm2"},{"predicate":{"custom_model_data":561},"model":"modelengine:tribal_minion/right_arm"},{"predicate":{"custom_model_data":562},"model":"modelengine:tribal_minion/left_arm2"},{"predicate":{"custom_model_data":563},"model":"modelengine:tribal_minion/left_arm"},{"predicate":{"custom_model_data":564},"model":"modelengine:tribal_minion/upper"},{"predicate":{"custom_model_data":565},"model":"modelengine:tribal_minion/right_feet"},{"predicate":{"custom_model_data":566},"model":"modelengine:tribal_minion/right_leg2"},{"predicate":{"custom_model_data":567},"model":"modelengine:tribal_minion/right_leg"},{"predicate":{"custom_model_data":568},"model":"modelengine:tribal_minion/left_feet"},{"predicate":{"custom_model_data":569},"model":"modelengine:tribal_minion/left_leg2"},{"predicate":{"custom_model_data":570},"model":"modelengine:tribal_minion/left_leg"},{"predicate":{"custom_model_data":571},"model":"modelengine:tribal_shaman/clothright"},{"predicate":{"custom_model_data":572},"model":"modelengine:tribal_shaman/clothleft"},{"predicate":{"custom_model_data":573},"model":"modelengine:tribal_shaman/cloth"},{"predicate":{"custom_model_data":574},"model":"modelengine:tribal_shaman/right_feet"},{"predicate":{"custom_model_data":575},"model":"modelengine:tribal_shaman/right_leg2"},{"predicate":{"custom_model_data":576},"model":"modelengine:tribal_shaman/right_leg"},{"predicate":{"custom_model_data":577},"model":"modelengine:tribal_shaman/left_feet"},{"predicate":{"custom_model_data":578},"model":"modelengine:tribal_shaman/left_leg2"},{"predicate":{"custom_model_data":579},"model":"modelengine:tribal_shaman/left_leg"},{"predicate":{"custom_model_data":580},"model":"modelengine:tribal_shaman/cape3"},{"predicate":{"custom_model_data":581},"model":"modelengine:tribal_shaman/cape2"},{"predicate":{"custom_model_data":582},"model":"modelengine:tribal_shaman/cape1"},{"predicate":{"custom_model_data":583},"model":"modelengine:tribal_shaman/horn"},{"predicate":{"custom_model_data":584},"model":"modelengine:tribal_shaman/head"},{"predicate":{"custom_model_data":585},"model":"modelengine:tribal_shaman/neck"},{"predicate":{"custom_model_data":586},"model":"modelengine:tribal_shaman/decofront"},{"predicate":{"custom_model_data":587},"model":"modelengine:tribal_shaman/skull"},{"predicate":{"custom_model_data":588},"model":"modelengine:tribal_shaman/sign"},{"predicate":{"custom_model_data":589},"model":"modelengine:tribal_shaman/right_arm2"},{"predicate":{"custom_model_data":590},"model":"modelengine:tribal_shaman/right_arm"},{"predicate":{"custom_model_data":591},"model":"modelengine:tribal_shaman/urn"},{"predicate":{"custom_model_data":592},"model":"modelengine:tribal_shaman/left_arm2"},{"predicate":{"custom_model_data":593},"model":"modelengine:tribal_shaman/left_arm"},{"predicate":{"custom_model_data":594},"model":"modelengine:tribal_shaman/upperbody"},{"predicate":{"custom_model_data":595},"model":"modelengine:tribal_shaman/body"},{"predicate":{"custom_model_data":596},"model":"modelengine:tribal_shaman_totem_damage/skull4"},{"predicate":{"custom_model_data":597},"model":"modelengine:tribal_shaman_totem_damage/skull3"},{"predicate":{"custom_model_data":598},"model":"modelengine:tribal_shaman_totem_damage/skull2"},{"predicate":{"custom_model_data":599},"model":"modelengine:tribal_shaman_totem_damage/skull1"},{"predicate":{"custom_model_data":600},"model":"modelengine:tribal_shaman_totem_damage/totem"},{"predicate":{"custom_model_data":601},"model":"modelengine:tribal_shaman_totem_damage_skull/skull1"},{"predicate":{"custom_model_data":602},"model":"modelengine:tribal_shaman_totem_field/yop"},{"predicate":{"custom_model_data":603},"model":"modelengine:tribal_shaman_totem_field/totem"},{"predicate":{"custom_model_data":604},"model":"modelengine:tribal_shaman_totem_heal/swing2"},{"predicate":{"custom_model_data":605},"model":"modelengine:tribal_shaman_totem_heal/swing1"},{"predicate":{"custom_model_data":606},"model":"modelengine:tribal_shaman_totem_heal/yop"},{"predicate":{"custom_model_data":607},"model":"modelengine:tribal_shaman_totem_heal/totem"},{"predicate":{"custom_model_data":608},"model":"modelengine:tribal_shaman_urn/urn"},{"predicate":{"custom_model_data":609},"model":"modelengine:tumbleweed/tumbleweed"},{"predicate":{"custom_model_data":610},"model":"modelengine:voodoo_bugs/back"},{"predicate":{"custom_model_data":611},"model":"modelengine:voodoo_bugs/head"},{"predicate":{"custom_model_data":612},"model":"modelengine:voodoo_bugs/bone6"},{"predicate":{"custom_model_data":613},"model":"modelengine:voodoo_bugs/bone"},{"predicate":{"custom_model_data":614},"model":"modelengine:voodoo_bugs/bone2"},{"predicate":{"custom_model_data":615},"model":"modelengine:voodoo_bugs/bone3"},{"predicate":{"custom_model_data":616},"model":"modelengine:voodoo_bugs/bone4"},{"predicate":{"custom_model_data":617},"model":"modelengine:voodoo_bugs/bone5"},{"predicate":{"custom_model_data":618},"model":"modelengine:voodoo_bugs/body"},{"predicate":{"custom_model_data":619},"model":"modelengine:vulture/head"},{"predicate":{"custom_model_data":620},"model":"modelengine:vulture/rightleg"},{"predicate":{"custom_model_data":621},"model":"modelengine:vulture/leftleg"},{"predicate":{"custom_model_data":622},"model":"modelengine:vulture/rightwing"},{"predicate":{"custom_model_data":623},"model":"modelengine:vulture/leftwing3"},{"predicate":{"custom_model_data":624},"model":"modelengine:vulture/vulture"},{"predicate":{"custom_model_data":625},"model":"modelengine:warden/chain"},{"predicate":{"custom_model_data":626},"model":"modelengine:warden/sword"},{"predicate":{"custom_model_data":627},"model":"modelengine:warden/frontright"},{"predicate":{"custom_model_data":628},"model":"modelengine:warden/rightarm"},{"predicate":{"custom_model_data":629},"model":"modelengine:warden/frontleft"},{"predicate":{"custom_model_data":630},"model":"modelengine:warden/feather1"},{"predicate":{"custom_model_data":631},"model":"modelengine:warden/feather2"},{"predicate":{"custom_model_data":632},"model":"modelengine:warden/leftarm"},{"predicate":{"custom_model_data":633},"model":"modelengine:warden/head"},{"predicate":{"custom_model_data":634},"model":"modelengine:warden/neck"},{"predicate":{"custom_model_data":635},"model":"modelengine:warden/upperbody"},{"predicate":{"custom_model_data":636},"model":"modelengine:warden/rightfeet"},{"predicate":{"custom_model_data":637},"model":"modelengine:warden/rightleg2"},{"predicate":{"custom_model_data":638},"model":"modelengine:warden/rightleg"},{"predicate":{"custom_model_data":639},"model":"modelengine:warden/leftfeet"},{"predicate":{"custom_model_data":640},"model":"modelengine:warden/leftleg2"},{"predicate":{"custom_model_data":641},"model":"modelengine:warden/leftleg"},{"predicate":{"custom_model_data":642},"model":"modelengine:warden/body"},{"predicate":{"custom_model_data":643},"model":"modelengine:wheelchair/wheel"},{"predicate":{"custom_model_data":644},"model":"modelengine:wheelchair/chair"},{"predicate":{"custom_model_data":645},"model":"modelengine:zebra_turkey_fish/jaw"},{"predicate":{"custom_model_data":646},"model":"modelengine:zebra_turkey_fish/tail"},{"predicate":{"custom_model_data":647},"model":"modelengine:zebra_turkey_fish/left_fin"},{"predicate":{"custom_model_data":648},"model":"modelengine:zebra_turkey_fish/right_fin"},{"predicate":{"custom_model_data":649},"model":"modelengine:zebra_turkey_fish/body"},{"predicate":{"custom_model_data":1001},"model":"modelengine:tribal_barrel/flag2"},{"predicate":{"custom_model_data":1002},"model":"modelengine:tribal_barrel/flag"},{"predicate":{"custom_model_data":1003},"model":"modelengine:tribal_barrel/mid"},{"predicate":{"custom_model_data":1004},"model":"modelengine:tribal_minion/head"},{"predicate":{"custom_model_data":1005},"model":"modelengine:tribal_minion/spear"},{"predicate":{"custom_model_data":1006},"model":"modelengine:tribal_minion/right_arm2"},{"predicate":{"custom_model_data":1007},"model":"modelengine:tribal_minion/right_arm"},{"predicate":{"custom_model_data":1008},"model":"modelengine:tribal_minion/left_arm2"},{"predicate":{"custom_model_data":1009},"model":"modelengine:tribal_minion/left_arm"},{"predicate":{"custom_model_data":1010},"model":"modelengine:tribal_minion/upper"},{"predicate":{"custom_model_data":1011},"model":"modelengine:tribal_minion/right_feet"},{"predicate":{"custom_model_data":1012},"model":"modelengine:tribal_minion/right_leg2"},{"predicate":{"custom_model_data":1013},"model":"modelengine:tribal_minion/right_leg"},{"predicate":{"custom_model_data":1014},"model":"modelengine:tribal_minion/left_feet"},{"predicate":{"custom_model_data":1015},"model":"modelengine:tribal_minion/left_leg2"},{"predicate":{"custom_model_data":1016},"model":"modelengine:tribal_minion/left_leg"},{"predicate":{"custom_model_data":1017},"model":"modelengine:tribal_shaman/clothright"},{"predicate":{"custom_model_data":1018},"model":"modelengine:tribal_shaman/clothleft"},{"predicate":{"custom_model_data":1019},"model":"modelengine:tribal_shaman/cloth"},{"predicate":{"custom_model_data":1020},"model":"modelengine:tribal_shaman/right_feet"},{"predicate":{"custom_model_data":1021},"model":"modelengine:tribal_shaman/right_leg2"},{"predicate":{"custom_model_data":1022},"model":"modelengine:tribal_shaman/right_leg"},{"predicate":{"custom_model_data":1023},"model":"modelengine:tribal_shaman/left_feet"},{"predicate":{"custom_model_data":1024},"model":"modelengine:tribal_shaman/left_leg2"},{"predicate":{"custom_model_data":1025},"model":"modelengine:tribal_shaman/left_leg"},{"predicate":{"custom_model_data":1026},"model":"modelengine:tribal_shaman/cape3"},{"predicate":{"custom_model_data":1027},"model":"modelengine:tribal_shaman/cape2"},{"predicate":{"custom_model_data":1028},"model":"modelengine:tribal_shaman/cape1"},{"predicate":{"custom_model_data":1029},"model":"modelengine:tribal_shaman/horn"},{"predicate":{"custom_model_data":1030},"model":"modelengine:tribal_shaman/head"},{"predicate":{"custom_model_data":1031},"model":"modelengine:tribal_shaman/neck"},{"predicate":{"custom_model_data":1032},"model":"modelengine:tribal_shaman/decofront"},{"predicate":{"custom_model_data":1033},"model":"modelengine:tribal_shaman/skull"},{"predicate":{"custom_model_data":1034},"model":"modelengine:tribal_shaman/sign"},{"predicate":{"custom_model_data":1035},"model":"modelengine:tribal_shaman/right_arm2"},{"predicate":{"custom_model_data":1036},"model":"modelengine:tribal_shaman/right_arm"},{"predicate":{"custom_model_data":1037},"model":"modelengine:tribal_shaman/urn"},{"predicate":{"custom_model_data":1038},"model":"modelengine:tribal_shaman/left_arm2"},{"predicate":{"custom_model_data":1039},"model":"modelengine:tribal_shaman/left_arm"},{"predicate":{"custom_model_data":1040},"model":"modelengine:tribal_shaman/upperbody"},{"predicate":{"custom_model_data":1041},"model":"modelengine:tribal_shaman/body"},{"predicate":{"custom_model_data":1042},"model":"modelengine:tribal_shaman_totem_damage/skull4"},{"predicate":{"custom_model_data":1043},"model":"modelengine:tribal_shaman_totem_damage/skull3"},{"predicate":{"custom_model_data":1044},"model":"modelengine:tribal_shaman_totem_damage/skull2"},{"predicate":{"custom_model_data":1045},"model":"modelengine:tribal_shaman_totem_damage/skull1"},{"predicate":{"custom_model_data":1046},"model":"modelengine:tribal_shaman_totem_damage/totem"},{"predicate":{"custom_model_data":1047},"model":"modelengine:tribal_shaman_totem_damage_skull/skull1"},{"predicate":{"custom_model_data":1048},"model":"modelengine:tribal_shaman_totem_field/yop"},{"predicate":{"custom_model_data":1049},"model":"modelengine:tribal_shaman_totem_field/totem"},{"predicate":{"custom_model_data":1050},"model":"modelengine:tribal_shaman_totem_heal/swing2"},{"predicate":{"custom_model_data":1051},"model":"modelengine:tribal_shaman_totem_heal/swing1"},{"predicate":{"custom_model_data":1052},"model":"modelengine:tribal_shaman_totem_heal/yop"},{"predicate":{"custom_model_data":1053},"model":"modelengine:tribal_shaman_totem_heal/totem"},{"predicate":{"custom_model_data":1054},"model":"modelengine:tribal_shaman_urn/urn"},{"predicate":{"custom_model_data":1055},"model":"modelengine:voodoo_bugs/back"},{"predicate":{"custom_model_data":1056},"model":"modelengine:voodoo_bugs/head"},{"predicate":{"custom_model_data":1057},"model":"modelengine:voodoo_bugs/bone6"},{"predicate":{"custom_model_data":1058},"model":"modelengine:voodoo_bugs/bone"},{"predicate":{"custom_model_data":1059},"model":"modelengine:voodoo_bugs/bone2"},{"predicate":{"custom_model_data":1060},"model":"modelengine:voodoo_bugs/bone3"},{"predicate":{"custom_model_data":1061},"model":"modelengine:voodoo_bugs/bone4"},{"predicate":{"custom_model_data":1062},"model":"modelengine:voodoo_bugs/bone5"},{"predicate":{"custom_model_data":1063},"model":"modelengine:voodoo_bugs/body"},{"predicate":{"custom_model_data":1064},"model":"modelengine:warden/chain"},{"predicate":{"custom_model_data":1065},"model":"modelengine:warden/sword"},{"predicate":{"custom_model_data":1066},"model":"modelengine:warden/frontright"},{"predicate":{"custom_model_data":1067},"model":"modelengine:warden/rightarm"},{"predicate":{"custom_model_data":1068},"model":"modelengine:warden/frontleft"},{"predicate":{"custom_model_data":1069},"model":"modelengine:warden/feather1"},{"predicate":{"custom_model_data":1070},"model":"modelengine:warden/feather2"},{"predicate":{"custom_model_data":1071},"model":"modelengine:warden/leftarm"},{"predicate":{"custom_model_data":1072},"model":"modelengine:warden/head"},{"predicate":{"custom_model_data":1073},"model":"modelengine:warden/neck"},{"predicate":{"custom_model_data":1074},"model":"modelengine:warden/upperbody"},{"predicate":{"custom_model_data":1075},"model":"modelengine:warden/rightfeet"},{"predicate":{"custom_model_data":1076},"model":"modelengine:warden/rightleg2"},{"predicate":{"custom_model_data":1077},"model":"modelengine:warden/rightleg"},{"predicate":{"custom_model_data":1078},"model":"modelengine:warden/leftfeet"},{"predicate":{"custom_model_data":1079},"model":"modelengine:warden/leftleg2"},{"predicate":{"custom_model_data":1080},"model":"modelengine:warden/leftleg"},{"predicate":{"custom_model_data":1081},"model":"modelengine:warden/body"},{"predicate":{"custom_model_data":2001},"model":"modelengine:adventurer/righthand"},{"predicate":{"custom_model_data":2002},"model":"modelengine:adventurer/rightarm"},{"predicate":{"custom_model_data":2003},"model":"modelengine:adventurer/head"},{"predicate":{"custom_model_data":2004},"model":"modelengine:adventurer/rightfoot"},{"predicate":{"custom_model_data":2005},"model":"modelengine:adventurer/rightleg"},{"predicate":{"custom_model_data":2006},"model":"modelengine:adventurer/leftfoot"},{"predicate":{"custom_model_data":2007},"model":"modelengine:adventurer/leftleg"},{"predicate":{"custom_model_data":2008},"model":"modelengine:adventurer/lefthand"},{"predicate":{"custom_model_data":2009},"model":"modelengine:adventurer/leftarm"},{"predicate":{"custom_model_data":2010},"model":"modelengine:adventurer/adventurer"},{"predicate":{"custom_model_data":2011},"model":"modelengine:anchor/anchor"},{"predicate":{"custom_model_data":2012},"model":"modelengine:anchor/chain"},{"predicate":{"custom_model_data":2013},"model":"modelengine:king/righthand"},{"predicate":{"custom_model_data":2014},"model":"modelengine:king/rightarm"},{"predicate":{"custom_model_data":2015},"model":"modelengine:king/head"},{"predicate":{"custom_model_data":2016},"model":"modelengine:king/lefthand"},{"predicate":{"custom_model_data":2017},"model":"modelengine:king/leftarm"},{"predicate":{"custom_model_data":2018},"model":"modelengine:king/leftfoot"},{"predicate":{"custom_model_data":2019},"model":"modelengine:king/leftleg"},{"predicate":{"custom_model_data":2020},"model":"modelengine:king/rightfoot"},{"predicate":{"custom_model_data":2021},"model":"modelengine:king/rightleg"},{"predicate":{"custom_model_data":2022},"model":"modelengine:king/king"},{"predicate":{"custom_model_data":2023},"model":"modelengine:lootbag/shield"},{"predicate":{"custom_model_data":2024},"model":"modelengine:lootbag/lootbag"},{"predicate":{"custom_model_data":2025},"model":"modelengine:minecart/minecart"},{"predicate":{"custom_model_data":2026},"model":"modelengine:miner/head"},{"predicate":{"custom_model_data":2027},"model":"modelengine:miner/leftfoot"},{"predicate":{"custom_model_data":2028},"model":"modelengine:miner/leftleg"},{"predicate":{"custom_model_data":2029},"model":"modelengine:miner/rightfoot"},{"predicate":{"custom_model_data":2030},"model":"modelengine:miner/rightleg"},{"predicate":{"custom_model_data":2031},"model":"modelengine:miner/righthand"},{"predicate":{"custom_model_data":2032},"model":"modelengine:miner/rightarm"},{"predicate":{"custom_model_data":2033},"model":"modelengine:miner/lefthand"},{"predicate":{"custom_model_data":2034},"model":"modelengine:miner/leftarm"},{"predicate":{"custom_model_data":2035},"model":"modelengine:miner/lantern"},{"predicate":{"custom_model_data":2036},"model":"modelengine:miner/miner"},{"predicate":{"custom_model_data":2037},"model":"modelengine:pirate/leftfoot"},{"predicate":{"custom_model_data":2038},"model":"modelengine:pirate/leftleg"},{"predicate":{"custom_model_data":2039},"model":"modelengine:pirate/rightfoot"},{"predicate":{"custom_model_data":2040},"model":"modelengine:pirate/rightleg"},{"predicate":{"custom_model_data":2041},"model":"modelengine:pirate/lefthand"},{"predicate":{"custom_model_data":2042},"model":"modelengine:pirate/leftarm"},{"predicate":{"custom_model_data":2043},"model":"modelengine:pirate/righthand"},{"predicate":{"custom_model_data":2044},"model":"modelengine:pirate/rightarm"},{"predicate":{"custom_model_data":2045},"model":"modelengine:pirate/head"},{"predicate":{"custom_model_data":2046},"model":"modelengine:pirate/bard"},{"predicate":{"custom_model_data":2047},"model":"modelengine:tap/tap"},{"predicate":{"custom_model_data":2048},"model":"modelengine:tavern/righthand"},{"predicate":{"custom_model_data":2049},"model":"modelengine:tavern/rightarm"},{"predicate":{"custom_model_data":2050},"model":"modelengine:tavern/lefthand"},{"predicate":{"custom_model_data":2051},"model":"modelengine:tavern/leftarm"},{"predicate":{"custom_model_data":2052},"model":"modelengine:tavern/rightfoot"},{"predicate":{"custom_model_data":2053},"model":"modelengine:tavern/rightleg"},{"predicate":{"custom_model_data":2054},"model":"modelengine:tavern/leftfoot"},{"predicate":{"custom_model_data":2055},"model":"modelengine:tavern/leftleg"},{"predicate":{"custom_model_data":2056},"model":"modelengine:tavern/head"},{"predicate":{"custom_model_data":2057},"model":"modelengine:tavern/tavern"},{"predicate":{"custom_model_data":2058},"model":"modelengine:throne/throne"}]}