{
	"credit": "Dooraley",
	"textures": {
		"0": "block/barrel_side",
		"1": "block/barrel_bottom",
		"3": "block/bone_block_side",
		"particle": "block/barrel_side"
	},
	"elements": [
		{
			"from": [7, 0, 4],
			"to": [12, 8, 9],
			"rotation": {"angle": 0, "axis": "y", "origin": [15, 8, 14]},
			"faces": {
				"north": {"uv": [9, 0, 16, 16], "texture": "#0"},
				"east": {"uv": [9, 0, 16, 16], "texture": "#0"},
				"south": {"uv": [9, 0, 16, 16], "texture": "#0"},
				"west": {"uv": [9, 0, 16, 16], "texture": "#0"},
				"down": {"uv": [0, 6, 7, 9], "texture": "#0"}
			}
		},
		{
			"from": [5, 6, 6],
			"to": [7, 7, 7],
			"rotation": {"angle": 0, "axis": "y", "origin": [14, 14, 14]},
			"faces": {
				"north": {"uv": [1, 3, 6, 6], "texture": "#1"},
				"south": {"uv": [1, 3, 6, 6], "texture": "#1"},
				"west": {"uv": [1, 3, 6, 6], "texture": "#1"},
				"up": {"uv": [1, 3, 6, 6], "texture": "#1"},
				"down": {"uv": [1, 3, 6, 6], "texture": "#1"}
			}
		},
		{
			"from": [4.1, 2, 6],
			"to": [5.1, 6, 7],
			"rotation": {"angle": 0, "axis": "y", "origin": [12.1, 13, 14]},
			"faces": {
				"north": {"uv": [1, 3, 4, 9], "texture": "#1"},
				"east": {"uv": [1, 3, 4, 9], "texture": "#1"},
				"south": {"uv": [1, 3, 4, 9], "texture": "#1"},
				"west": {"uv": [1, 3, 4, 9], "texture": "#1"},
				"up": {"uv": [1, 3, 4, 9], "texture": "#1"},
				"down": {"uv": [1, 3, 4, 9], "texture": "#1"}
			}
		},
		{
			"from": [5, 1, 6],
			"to": [7, 2, 7],
			"rotation": {"angle": 0, "axis": "y", "origin": [14, 9, 14]},
			"faces": {
				"north": {"uv": [3, 2, 7, 5], "texture": "#1"},
				"south": {"uv": [2, 2, 6, 4], "texture": "#1"},
				"west": {"uv": [4, 7, 7, 10], "texture": "#1"},
				"up": {"uv": [5, 2, 8, 4], "texture": "#1"},
				"down": {"uv": [0, 0, 1, 1], "texture": "#1"}
			}
		},
		{
			"from": [7, 8, 4],
			"to": [13, 9, 9],
			"rotation": {"angle": 0, "axis": "y", "origin": [17, 16, 13]},
			"faces": {
				"north": {"uv": [11, 8, 16, 16], "texture": "#3"},
				"east": {"uv": [11, 8, 16, 16], "texture": "#3"},
				"south": {"uv": [11, 8, 16, 16], "texture": "#3"},
				"west": {"uv": [11, 8, 16, 16], "texture": "#3"},
				"up": {"uv": [11, 8, 16, 16], "texture": "#3"}
			}
		},
		{
			"from": [9, 7, 3],
			"to": [10, 9, 4],
			"rotation": {"angle": 0, "axis": "y", "origin": [17, 16, -4]},
			"faces": {
				"north": {"uv": [13, 4, 16, 16], "texture": "#3"},
				"east": {"uv": [13, 4, 16, 16], "texture": "#3"},
				"west": {"uv": [13, 4, 16, 16], "texture": "#3"},
				"up": {"uv": [13, 4, 16, 16], "texture": "#3"},
				"down": {"uv": [13, 4, 16, 16], "texture": "#3"}
			}
		},
		{
			"from": [8, 8, 3],
			"to": [9, 9, 4],
			"rotation": {"angle": 0, "axis": "y", "origin": [16, 16, 11]},
			"faces": {
				"north": {"uv": [14, 6, 16, 16], "texture": "#3"},
				"west": {"uv": [14, 6, 16, 16], "texture": "#3"},
				"up": {"uv": [14, 6, 16, 16], "texture": "#3"},
				"down": {"uv": [14, 6, 16, 16], "texture": "#3"}
			}
		},
		{
			"from": [6, 7, 5],
			"to": [7, 9, 6],
			"rotation": {"angle": 0, "axis": "y", "origin": [14, 16, 13]},
			"faces": {
				"north": {"uv": [13, 11, 16, 16], "texture": "#3"},
				"south": {"uv": [13, 11, 16, 16], "texture": "#3"},
				"west": {"uv": [13, 11, 16, 16], "texture": "#3"},
				"up": {"uv": [13, 11, 16, 16], "texture": "#3"},
				"down": {"uv": [13, 11, 16, 16], "texture": "#3"}
			}
		},
		{
			"from": [10, 8, 3],
			"to": [11, 9, 4],
			"rotation": {"angle": 0, "axis": "y", "origin": [18, 16, 11]},
			"faces": {
				"north": {"uv": [13, 10, 16, 16], "texture": "#3"},
				"up": {"uv": [13, 10, 16, 16], "texture": "#3"},
				"down": {"uv": [13, 10, 16, 16], "texture": "#3"}
			}
		},
		{
			"from": [11, 6, 3],
			"to": [12, 9, 4],
			"rotation": {"angle": 0, "axis": "y", "origin": [19, 16, 11]},
			"faces": {
				"north": {"uv": [13, 7, 16, 16], "texture": "#3"},
				"east": {"uv": [13, 7, 16, 16], "texture": "#3"},
				"west": {"uv": [13, 7, 16, 16], "texture": "#3"},
				"up": {"uv": [13, 7, 16, 16], "texture": "#3"},
				"down": {"uv": [13, 7, 16, 16], "texture": "#3"}
			}
		},
		{
			"from": [7, 8, 9],
			"to": [12, 9, 10],
			"rotation": {"angle": 0, "axis": "y", "origin": [19, 16, 17]},
			"faces": {
				"east": {"uv": [13, 3, 16, 16], "texture": "#3"},
				"south": {"uv": [13, 3, 16, 16], "texture": "#3"},
				"west": {"uv": [13, 3, 16, 16], "texture": "#3"},
				"up": {"uv": [13, 3, 16, 16], "texture": "#3"}
			}
		},
		{
			"from": [12, 7, 4],
			"to": [13, 8, 5],
			"rotation": {"angle": 0, "axis": "y", "origin": [20, 15, 12]},
			"faces": {
				"north": {"uv": [13, 10, 16, 16], "texture": "#3"},
				"east": {"uv": [13, 10, 16, 16], "texture": "#3"},
				"down": {"uv": [13, 10, 16, 16], "texture": "#3"}
			}
		},
		{
			"from": [12, 6, 5],
			"to": [13, 8, 6],
			"rotation": {"angle": 0, "axis": "y", "origin": [20, 15, 13]},
			"faces": {
				"north": {"uv": [14, 9, 16, 16], "texture": "#3"},
				"east": {"uv": [14, 9, 16, 16], "texture": "#3"},
				"south": {"uv": [14, 9, 16, 16], "texture": "#3"},
				"down": {"uv": [14, 9, 16, 16], "texture": "#3"}
			}
		},
		{
			"from": [12, 7, 6],
			"to": [13, 8, 7],
			"rotation": {"angle": 0, "axis": "y", "origin": [20, 15, 14]},
			"faces": {
				"east": {"uv": [13, 10, 16, 16], "texture": "#3"},
				"down": {"uv": [13, 10, 16, 16], "texture": "#3"}
			}
		},
		{
			"from": [12, 7, 7],
			"to": [13, 8, 8],
			"rotation": {"angle": 0, "axis": "y", "origin": [20, 15, 15]},
			"faces": {
				"east": {"uv": [13, 14, 16, 16], "texture": "#3"},
				"down": {"uv": [13, 14, 16, 16], "texture": "#3"}
			}
		},
		{
			"from": [12, 5, 8],
			"to": [13, 8, 9],
			"rotation": {"angle": 0, "axis": "y", "origin": [20, 15, 16]},
			"faces": {
				"north": {"uv": [13, 9, 16, 16], "texture": "#3"},
				"east": {"uv": [13, 9, 16, 16], "texture": "#3"},
				"south": {"uv": [13, 9, 16, 16], "texture": "#3"},
				"down": {"uv": [13, 9, 16, 16], "texture": "#3"}
			}
		},
		{
			"from": [11, 7, 9],
			"to": [12, 8, 10],
			"rotation": {"angle": 0, "axis": "y", "origin": [19, 15, 17]},
			"faces": {
				"east": {"uv": [12, 9, 16, 16], "texture": "#3"},
				"south": {"uv": [12, 9, 16, 16], "texture": "#3"},
				"down": {"uv": [12, 9, 16, 16], "texture": "#3"}
			}
		},
		{
			"from": [10, 7, 9],
			"to": [11, 8, 10],
			"rotation": {"angle": 0, "axis": "y", "origin": [18, 15, 17]},
			"faces": {
				"south": {"uv": [14, 10, 16, 16], "texture": "#3"},
				"down": {"uv": [14, 10, 16, 16], "texture": "#3"}
			}
		},
		{
			"from": [8, 7, 9],
			"to": [9, 8, 10],
			"rotation": {"angle": 0, "axis": "y", "origin": [16, 15, 17]},
			"faces": {
				"south": {"uv": [12, 10, 16, 16], "texture": "#3"},
				"down": {"uv": [12, 10, 16, 16], "texture": "#3"}
			}
		},
		{
			"from": [7, 5, 9],
			"to": [8, 8, 10],
			"rotation": {"angle": 0, "axis": "y", "origin": [15, 15, 17]},
			"faces": {
				"east": {"uv": [13, 6, 16, 16], "texture": "#3"},
				"south": {"uv": [13, 6, 16, 16], "texture": "#3"},
				"west": {"uv": [13, 6, 16, 16], "texture": "#3"},
				"down": {"uv": [13, 6, 16, 16], "texture": "#3"}
			}
		},
		{
			"from": [9, 6, 9],
			"to": [10, 8, 10],
			"rotation": {"angle": 0, "axis": "y", "origin": [17, 15, 17]},
			"faces": {
				"east": {"uv": [13, 9, 16, 16], "texture": "#3"},
				"south": {"uv": [13, 9, 16, 16], "texture": "#3"},
				"west": {"uv": [13, 9, 16, 16], "texture": "#3"},
				"down": {"uv": [13, 9, 16, 16], "texture": "#3"}
			}
		},
		{
			"from": [10, 9, 4],
			"to": [12, 10, 6],
			"rotation": {"angle": 0, "axis": "y", "origin": [19, 17, 13]},
			"faces": {
				"north": {"uv": [12, 12, 16, 16], "texture": "#3"},
				"east": {"uv": [12, 12, 16, 16], "texture": "#3"},
				"south": {"uv": [12, 12, 16, 16], "texture": "#3"},
				"west": {"uv": [12, 12, 16, 16], "texture": "#3"},
				"up": {"uv": [12, 12, 16, 16], "texture": "#3"}
			}
		},
		{
			"from": [8, 9, 7],
			"to": [11, 10, 9],
			"rotation": {"angle": 0, "axis": "y", "origin": [18, 17, 15]},
			"faces": {
				"north": {"uv": [11, 12, 16, 16], "texture": "#3"},
				"east": {"uv": [11, 12, 16, 16], "texture": "#3"},
				"south": {"uv": [11, 12, 16, 16], "texture": "#3"},
				"west": {"uv": [11, 12, 16, 16], "texture": "#3"},
				"up": {"uv": [11, 12, 16, 16], "texture": "#3"}
			}
		}
	],
	"display": {
		"thirdperson_righthand": {
			"rotation": [16, 122, 3],
			"translation": [-1.5, 2.75, -0.5],
			"scale": [0.7, 0.7, 0.7]
		},
		"thirdperson_lefthand": {
			"rotation": [1, -48, -6],
			"translation": [-3.25, 2.25, -0.25],
			"scale": [0.7, 0.7, 0.7]
		},
		"firstperson_righthand": {
			"rotation": [11, 122, 3],
			"translation": [2, 5.75, 1.5],
			"scale": [0.7, 0.7, 0.7]
		},
		"firstperson_lefthand": {
			"rotation": [6, -69, -1],
			"translation": [2, 5.25, 1],
			"scale": [0.7, 0.7, 0.7]
		},
		"ground": {
			"translation": [-0.5, 2.25, -0.25],
			"scale": [0.7, 0.7, 0.7]
		},
		"gui": {
			"rotation": [13, -150, 0],
			"translation": [0.5, 3.5, 0]
		},
		"head": {
			"rotation": [0, 38, 0],
			"translation": [0, 12.75, 1],
			"scale": [0.8, 0.8, 0.8]
		},
		"fixed": {
			"rotation": [-90, 0, 0],
			"translation": [-2.25, 2.25, -10.9],
			"scale": [1.5, 1.5, 1.5]
		}
	}
}