{
	"credit": "Dooraley",
	"textures": {
		"0": "block/white_concrete_powder",
		"1": "block/brown_terracotta",
		"2": "brewery/coffee",
		"3": "brewery/coffee_sl",
		"particle": "block/white_concrete_powder"
	},
	"elements": [
		{
			"from": [6, 0, 5],
			"to": [9, 4, 8],
			"rotation": {"angle": 0, "axis": "y", "origin": [16, 7, 13]},
			"faces": {
				"north": {"uv": [0, 0, 13, 16], "texture": "#0"},
				"east": {"uv": [0, 0, 13, 16], "texture": "#0"},
				"south": {"uv": [0, 0, 13, 16], "texture": "#0"},
				"west": {"uv": [0, 0, 13, 16], "texture": "#0"},
				"up": {"uv": [0, 0, 13, 16], "texture": "#0"},
				"down": {"uv": [0, 0, 13, 16], "texture": "#0"}
			}
		},
		{
			"from": [6, 0, 8.001],
			"to": [9, 3.7, 8.011],
			"rotation": {"angle": 0, "axis": "y", "origin": [16, 6.7, 13.1]},
			"faces": {
				"south": {"uv": [0, 0, 16, 16], "texture": "#2"}
			}
		},
		{
			"from": [6, 0, 4.999],
			"to": [9, 3.7, 5.009],
			"rotation": {"angle": 0, "axis": "y", "origin": [16, 6.7, 10.1]},
			"faces": {
				"north": {"uv": [0, 0, 16, 16], "texture": "#2"}
			}
		},
		{
			"from": [9.01, 0, 5.01],
			"to": [9.02, 3.7, 8.01],
			"rotation": {"angle": 0, "axis": "y", "origin": [8.995, 1.85, 6.51]},
			"faces": {
				"east": {"uv": [0, 0, 16, 16], "texture": "#3"}
			}
		},
		{
			"from": [5.999, 0, 5.01],
			"to": [6.009, 3.7, 8.01],
			"rotation": {"angle": 0, "axis": "y", "origin": [5.995, 1.85, 6.51]},
			"faces": {
				"west": {"uv": [0, 0, 16, 16], "texture": "#3"}
			}
		},
		{
			"from": [5.8, 4, 4.8],
			"to": [9.2, 4.3, 8.2],
			"rotation": {"angle": 0, "axis": "y", "origin": [14, 12, 15]},
			"faces": {
				"north": {"uv": [0, 0, 14, 1], "texture": "#1"},
				"east": {"uv": [0, 0, 14, 1], "texture": "#1"},
				"south": {"uv": [0, 0, 14, 1], "texture": "#1"},
				"west": {"uv": [0, 0, 14, 1], "texture": "#1"},
				"up": {"uv": [0, 0, 14, 1], "texture": "#1"},
				"down": {"uv": [0, 0, 14, 1], "texture": "#1"}
			}
		},
		{
			"from": [5.9, 4.3, 4.9],
			"to": [9.1, 4.4, 8.1],
			"rotation": {"angle": 0, "axis": "y", "origin": [14, 12.1, 15]},
			"faces": {
				"north": {"uv": [0, 0, 13, 1], "texture": "#1"},
				"east": {"uv": [0, 0, 13, 1], "texture": "#1"},
				"south": {"uv": [0, 0, 13, 1], "texture": "#1"},
				"west": {"uv": [0, 0, 13, 1], "texture": "#1"},
				"up": {"uv": [0, 0, 13, 1], "texture": "#1"},
				"down": {"uv": [0, 0, 13, 1], "texture": "#1"}
			}
		},
		{
			"from": [6.1, 4.4, 5.1],
			"to": [8.9, 4.7, 7.9],
			"rotation": {"angle": 0, "axis": "y", "origin": [14, 12.2, 15]},
			"faces": {
				"north": {"uv": [0, 0, 16, 1], "texture": "#1"},
				"east": {"uv": [0, 0, 16, 1], "texture": "#1"},
				"south": {"uv": [0, 0, 16, 1], "texture": "#1"},
				"west": {"uv": [0, 0, 16, 1], "texture": "#1"},
				"up": {"uv": [0, 0, 14, 13], "texture": "#1"},
				"down": {"uv": [0, 0, 16, 1], "texture": "#1"}
			}
		},
		{
			"from": [6.1, 4.7, 5.1],
			"to": [6.3, 4.8, 7.9],
			"rotation": {"angle": 0, "axis": "y", "origin": [14, 12.5, 15]},
			"faces": {
				"north": {"uv": [0, 0, 1, 1], "texture": "#1"},
				"east": {"uv": [0, 0, 1, 1], "texture": "#1"},
				"south": {"uv": [0, 0, 1, 1], "texture": "#1"},
				"west": {"uv": [0, 0, 1, 1], "texture": "#1"},
				"up": {"uv": [0, 0, 1, 1], "texture": "#1"},
				"down": {"uv": [0, 0, 1, 1], "texture": "#1"}
			}
		},
		{
			"from": [8.7, 4.7, 5.1],
			"to": [8.9, 4.8, 7.9],
			"rotation": {"angle": 0, "axis": "y", "origin": [16.6, 12.5, 15]},
			"faces": {
				"north": {"uv": [0, 0, 1, 1], "texture": "#1"},
				"east": {"uv": [0, 0, 1, 1], "texture": "#1"},
				"south": {"uv": [0, 0, 1, 1], "texture": "#1"},
				"west": {"uv": [0, 0, 1, 1], "texture": "#1"},
				"up": {"uv": [0, 0, 1, 1], "texture": "#1"},
				"down": {"uv": [0, 0, 1, 1], "texture": "#1"}
			}
		},
		{
			"from": [6.3, 4.7, 7.7],
			"to": [8.7, 4.8, 7.9],
			"rotation": {"angle": 0, "axis": "y", "origin": [7.5, 4.85, 7.8]},
			"faces": {
				"north": {"uv": [0, 0, 1, 1], "rotation": 90, "texture": "#1"},
				"east": {"uv": [0, 0, 1, 1], "rotation": 90, "texture": "#1"},
				"south": {"uv": [0, 0, 1, 1], "rotation": 90, "texture": "#1"},
				"west": {"uv": [0, 0, 1, 1], "rotation": 90, "texture": "#1"},
				"up": {"uv": [0, 0, 1, 1], "rotation": 90, "texture": "#1"},
				"down": {"uv": [0, 0, 1, 1], "rotation": 90, "texture": "#1"}
			}
		},
		{
			"from": [6.3, 4.7, 5.1],
			"to": [8.7, 4.8, 5.3],
			"rotation": {"angle": 0, "axis": "y", "origin": [7.5, 4.85, 5.2]},
			"faces": {
				"north": {"uv": [0, 0, 1, 1], "rotation": 90, "texture": "#1"},
				"east": {"uv": [0, 0, 1, 1], "rotation": 90, "texture": "#1"},
				"south": {"uv": [0, 0, 1, 1], "rotation": 90, "texture": "#1"},
				"west": {"uv": [0, 0, 1, 1], "rotation": 90, "texture": "#1"},
				"up": {"uv": [0, 0, 1, 1], "rotation": 90, "texture": "#1"},
				"down": {"uv": [0, 0, 1, 1], "rotation": 90, "texture": "#1"}
			}
		},
		{
			"from": [6.3, 4.7, 5.9],
			"to": [8.7, 4.8, 6],
			"rotation": {"angle": 0, "axis": "y", "origin": [7.5, 4.85, 6]},
			"faces": {
				"north": {"uv": [0, 0, 1, 1], "rotation": 90, "texture": "#1"},
				"east": {"uv": [0, 0, 1, 1], "rotation": 90, "texture": "#1"},
				"south": {"uv": [0, 0, 1, 1], "rotation": 90, "texture": "#1"},
				"west": {"uv": [0, 0, 1, 1], "rotation": 90, "texture": "#1"},
				"up": {"uv": [0, 0, 1, 1], "rotation": 90, "texture": "#1"},
				"down": {"uv": [0, 0, 1, 1], "rotation": 90, "texture": "#1"}
			}
		},
		{
			"from": [7.7, 4.7, 5.3],
			"to": [7.8, 4.75, 5.9],
			"rotation": {"angle": 0, "axis": "y", "origin": [7.7, 4.85, 6.2]},
			"faces": {
				"north": {"uv": [0, 0, 1, 1], "rotation": 180, "texture": "#1"},
				"east": {"uv": [0, 0, 1, 1], "rotation": 180, "texture": "#1"},
				"south": {"uv": [0, 0, 1, 1], "rotation": 180, "texture": "#1"},
				"west": {"uv": [0, 0, 1, 1], "rotation": 180, "texture": "#1"},
				"up": {"uv": [0, 0, 1, 1], "rotation": 180, "texture": "#1"},
				"down": {"uv": [0, 0, 1, 1], "rotation": 180, "texture": "#1"}
			}
		},
		{
			"from": [7.2, 4.7, 5.3],
			"to": [7.3, 4.75, 5.9],
			"rotation": {"angle": 0, "axis": "y", "origin": [7.2, 4.85, 6.2]},
			"faces": {
				"north": {"uv": [0, 0, 1, 1], "rotation": 180, "texture": "#1"},
				"east": {"uv": [0, 0, 1, 1], "rotation": 180, "texture": "#1"},
				"south": {"uv": [0, 0, 1, 1], "rotation": 180, "texture": "#1"},
				"west": {"uv": [0, 0, 1, 1], "rotation": 180, "texture": "#1"},
				"up": {"uv": [0, 0, 1, 1], "rotation": 180, "texture": "#1"},
				"down": {"uv": [0, 0, 1, 1], "rotation": 180, "texture": "#1"}
			}
		}
	],
	"display": {
		"thirdperson_righthand": {
			"rotation": [0, 115, 0],
			"translation": [-1.5, 5.5, -1.75]
		},
		"thirdperson_lefthand": {
			"rotation": [0, 115, 0],
			"translation": [-1.5, 5.5, -0.5]
		},
		"firstperson_righthand": {
			"rotation": [4, 125, -4],
			"translation": [2.25, 9.25, 0.25]
		},
		"firstperson_lefthand": {
			"rotation": [1, 102, -4],
			"translation": [0.25, 9.25, 3.75]
		},
		"ground": {
			"translation": [0.5, 4.25, 0]
		},
		"gui": {
			"rotation": [18, 139, 0],
			"translation": [1.5, 11.75, 0],
			"scale": [2, 2, 2]
		},
		"head": {
			"rotation": [33.5, -176.75, 0],
			"translation": [-0.5, -0.5, -6.5]
		},
		"fixed": {
			"rotation": [-90, 0, 0],
			"translation": [0.75, 2.5, -14.75],
			"scale": [2, 2, 2]
		}
	}
}