{
	"credit": "Dooraley",
	"textures": {
		"0": "block/light_blue_stained_glass",
		"1": "block/light_blue_concrete",
		"2": "block/black_concrete_powder",
		"3": "block/white_concrete_powder",
		"4": "brewery/gin_logo",
		"particle": "block/light_blue_stained_glass"
	},
	"elements": [
		{
			"from": [9, 0, 6],
			"to": [12, 6.3, 8],
			"rotation": {"angle": 0, "axis": "y", "origin": [17, 8, 14]},
			"faces": {
				"north": {"uv": [3, 1, 10, 11], "texture": "#0"},
				"east": {"uv": [1, 5, 10, 15], "texture": "#0"},
				"south": {"uv": [1, 5, 10, 15], "texture": "#0"},
				"west": {"uv": [3, 2, 7, 15], "rotation": 180, "texture": "#0"},
				"up": {"uv": [1, 7, 4, 9], "texture": "#0"},
				"down": {"uv": [1, 5, 10, 15], "texture": "#0"}
			}
		},
		{
			"from": [9.3, 0.5, 5.995],
			"to": [11.7, 5.6, 6],
			"rotation": {"angle": 0, "axis": "y", "origin": [17.3, 8.5, 12.095]},
			"faces": {
				"north": {"uv": [0, 0, 16, 16], "texture": "#4"},
				"east": {"uv": [0, 0, 0.6, 0.46667], "texture": "#4"},
				"south": {"uv": [0, 0, 0.6, 0.46667], "texture": "#4"},
				"west": {"uv": [0, 0, 0.6, 0.46667], "texture": "#4"},
				"up": {"uv": [0, 0, 0.6, 0.46667], "texture": "#4"},
				"down": {"uv": [0, 0, 0.6, 0.46667], "texture": "#4"}
			}
		},
		{
			"from": [9.3, 0.4, 6.3],
			"to": [11.7, 5.5, 7.7],
			"rotation": {"angle": 0, "axis": "y", "origin": [16, 8, 15]},
			"faces": {
				"north": {"uv": [9, 0, 14, 9], "texture": "#1"},
				"east": {"uv": [9, 0, 14, 9], "texture": "#1"},
				"south": {"uv": [9, 0, 14, 9], "texture": "#1"},
				"west": {"uv": [9, 0, 14, 9], "texture": "#1"},
				"up": {"uv": [9, 0, 14, 9], "texture": "#1"},
				"down": {"uv": [9, 0, 14, 9], "texture": "#1"}
			}
		},
		{
			"from": [9.4, 6.3, 6.3],
			"to": [11.6, 6.9, 7.7],
			"rotation": {"angle": 0, "axis": "y", "origin": [18, 14.3, 14]},
			"faces": {
				"north": {"uv": [1, 6, 5, 9], "texture": "#0"},
				"east": {"uv": [1, 6, 5, 9], "texture": "#0"},
				"south": {"uv": [1, 6, 5, 9], "texture": "#0"},
				"west": {"uv": [1, 6, 5, 9], "texture": "#0"},
				"up": {"uv": [1, 6, 5, 9], "texture": "#0"},
				"down": {"uv": [1, 6, 5, 9], "texture": "#0"}
			}
		},
		{
			"from": [9.7, 6.9, 6.5],
			"to": [11.3, 7.2, 7.5],
			"rotation": {"angle": 0, "axis": "y", "origin": [18, 14.9, 13.9]},
			"faces": {
				"north": {"uv": [1, 6, 5, 9], "texture": "#0"},
				"east": {"uv": [1, 6, 5, 9], "texture": "#0"},
				"south": {"uv": [1, 6, 5, 9], "texture": "#0"},
				"west": {"uv": [1, 6, 5, 9], "texture": "#0"},
				"up": {"uv": [1, 6, 5, 9], "texture": "#0"},
				"down": {"uv": [1, 6, 5, 9], "texture": "#0"}
			}
		},
		{
			"from": [10.1, 7.2, 6.6],
			"to": [10.9, 7.6, 7.4],
			"rotation": {"angle": 0, "axis": "y", "origin": [18.1, 15.2, 14.6]},
			"faces": {
				"north": {"uv": [8, 4, 12, 5], "texture": "#0"},
				"east": {"uv": [8, 4, 12, 5], "texture": "#0"},
				"south": {"uv": [8, 4, 12, 5], "texture": "#0"},
				"west": {"uv": [8, 4, 12, 5], "texture": "#0"},
				"up": {"uv": [8, 4, 12, 5], "texture": "#0"},
				"down": {"uv": [8, 4, 12, 5], "texture": "#0"}
			}
		},
		{
			"from": [10.1, 7.6, 6.6],
			"to": [10.9, 8.6, 7.4],
			"rotation": {"angle": 0, "axis": "y", "origin": [18.1, 15.3, 14.6]},
			"faces": {
				"north": {"uv": [1, 1, 5, 6], "texture": "#2"},
				"east": {"uv": [1, 1, 5, 6], "texture": "#2"},
				"south": {"uv": [1, 1, 5, 6], "texture": "#2"},
				"west": {"uv": [1, 1, 5, 6], "texture": "#2"},
				"up": {"uv": [1, 1, 5, 6], "texture": "#2"},
				"down": {"uv": [1, 1, 5, 6], "texture": "#2"}
			}
		},
		{
			"from": [10.3, 7.4, 6.58],
			"to": [10.7, 8.3, 6.61],
			"rotation": {"angle": 0, "axis": "y", "origin": [18.1, 15.1, 14.6]},
			"faces": {
				"north": {"uv": [1, 1, 5, 6], "texture": "#3"},
				"east": {"uv": [1, 1, 5, 6], "texture": "#3"},
				"south": {"uv": [1, 1, 5, 6], "texture": "#3"},
				"west": {"uv": [1, 1, 5, 6], "texture": "#3"},
				"up": {"uv": [1, 1, 5, 6], "texture": "#3"},
				"down": {"uv": [1, 1, 5, 6], "texture": "#3"}
			}
		}
	],
	"display": {
		"thirdperson_righthand": {
			"rotation": [32, 41, -1],
			"translation": [-2, 1.5, 2.75],
			"scale": [0.8, 0.8, 0.8]
		},
		"thirdperson_lefthand": {
			"rotation": [32, 28, -1],
			"translation": [0.75, 3.25, 1.5],
			"scale": [0.8, 0.8, 0.8]
		},
		"firstperson_righthand": {
			"rotation": [5.5, 156, 0],
			"translation": [4.5, 7, 0.75]
		},
		"firstperson_lefthand": {
			"rotation": [1, 125, -1],
			"translation": [-0.25, 8, 0.75],
			"scale": [0.8, 0.8, 0.8]
		},
		"ground": {
			"translation": [-3.25, 5, 0.5]
		},
		"gui": {
			"rotation": [13, 154, 1],
			"translation": [3.75, 5.75, 0],
			"scale": [1.5, 1.5, 1.5]
		},
		"head": {
			"translation": [-4, 18.25, 0],
			"scale": [1.5, 1.5, 1.5]
		},
		"fixed": {
			"rotation": [-90, 0, 0],
			"translation": [-5, 1.25, -14.65],
			"scale": [2, 2, 2]
		}
	}
}