{
	"credit": "Dooraley",
	"textures": {
		"2": "block/light_gray_stained_glass",
		"4": "block/brown_shulker_box",
		"7": "block/white_shulker_box",
		"8": "block/red_shulker_box"
	},
	"elements": [
		{
			"from": [6, 0, 6],
			"to": [9, 1, 9],
			"rotation": {"angle": 0, "axis": "y", "origin": [16, 8, 14]},
			"faces": {
				"north": {"uv": [3, 3, 6, 4], "texture": "#2"},
				"east": {"uv": [0, 3, 3, 4], "texture": "#2"},
				"south": {"uv": [9, 3, 12, 4], "texture": "#2"},
				"west": {"uv": [6, 3, 9, 4], "texture": "#2"},
				"up": {"uv": [6, 3, 3, 0], "texture": "#2"},
				"down": {"uv": [9, 0, 6, 3], "texture": "#2"}
			}
		},
		{
			"from": [7, 1, 7],
			"to": [8, 2, 8],
			"rotation": {"angle": 0, "axis": "y", "origin": [15, 9, 15]},
			"faces": {
				"north": {"uv": [1, 1, 2, 2], "texture": "#2"},
				"east": {"uv": [0, 1, 1, 2], "texture": "#2"},
				"south": {"uv": [3, 1, 4, 2], "texture": "#2"},
				"west": {"uv": [2, 1, 3, 2], "texture": "#2"},
				"up": {"uv": [2, 1, 1, 0], "texture": "#2"},
				"down": {"uv": [3, 0, 2, 1], "texture": "#2"}
			}
		},
		{
			"from": [6, 2, 5],
			"to": [9, 3, 10],
			"rotation": {"angle": 0, "axis": "y", "origin": [15, 10, 15]},
			"faces": {
				"north": {"uv": [5, 5, 8, 6], "texture": "#2"},
				"east": {"uv": [0, 5, 5, 6], "texture": "#2"},
				"south": {"uv": [13, 5, 16, 6], "texture": "#2"},
				"west": {"uv": [8, 5, 13, 6], "texture": "#2"},
				"up": {"uv": [8, 5, 5, 0], "texture": "#2"},
				"down": {"uv": [11, 0, 8, 5], "texture": "#2"}
			}
		},
		{
			"from": [9, 3, 6],
			"to": [10, 8, 9],
			"rotation": {"angle": 0, "axis": "y", "origin": [17, 11, 14]},
			"faces": {
				"north": {"uv": [12, 14, 9, 9], "texture": "#2"},
				"east": {"uv": [14, 14, 11, 9], "texture": "#2"},
				"south": {"uv": [12, 14, 9, 9], "texture": "#2"},
				"west": {"uv": [12, 14, 9, 9], "texture": "#2"},
				"up": {"uv": [12, 14, 9, 9], "texture": "#2"},
				"down": {"uv": [12, 14, 9, 9], "texture": "#2"}
			}
		},
		{
			"from": [6, 3, 5],
			"to": [9, 8, 6],
			"rotation": {"angle": 0, "axis": "y", "origin": [15, 11, 13]},
			"faces": {
				"north": {"uv": [6, 6, 9, 11], "texture": "#2"},
				"east": {"uv": [5, 6, 6, 11], "texture": "#2"},
				"south": {"uv": [10, 6, 13, 11], "texture": "#2"},
				"west": {"uv": [9, 6, 10, 11], "texture": "#2"},
				"up": {"uv": [9, 6, 6, 5], "texture": "#2"},
				"down": {"uv": [12, 5, 9, 6], "texture": "#2"}
			}
		},
		{
			"from": [5, 3, 6],
			"to": [6, 8, 9],
			"rotation": {"angle": 0, "axis": "y", "origin": [13, 11, 14]},
			"faces": {
				"north": {"uv": [11, 11, 12, 16], "texture": "#2"},
				"east": {"uv": [8, 11, 11, 16], "texture": "#2"},
				"south": {"uv": [15, 11, 16, 16], "texture": "#2"},
				"west": {"uv": [12, 11, 15, 16], "texture": "#2"},
				"up": {"uv": [12, 11, 11, 8], "texture": "#2"},
				"down": {"uv": [13, 8, 12, 11], "texture": "#2"}
			}
		},
		{
			"from": [6, 3, 9],
			"to": [9, 8, 10],
			"rotation": {"angle": 0, "axis": "y", "origin": [16, 11, 17]},
			"faces": {
				"north": {"uv": [1, 1, 4, 6], "texture": "#2"},
				"east": {"uv": [0, 1, 1, 6], "texture": "#2"},
				"south": {"uv": [5, 1, 8, 6], "texture": "#2"},
				"west": {"uv": [4, 1, 5, 6], "texture": "#2"},
				"up": {"uv": [4, 1, 1, 0], "texture": "#2"},
				"down": {"uv": [7, 0, 4, 1], "texture": "#2"}
			}
		},
		{
			"from": [9, 2, 6],
			"to": [10, 3, 9],
			"rotation": {"angle": 0, "axis": "y", "origin": [17, 10, 14]},
			"faces": {
				"north": {"uv": [3, 3, 4, 4], "texture": "#2"},
				"east": {"uv": [0, 3, 3, 4], "texture": "#2"},
				"south": {"uv": [7, 3, 8, 4], "texture": "#2"},
				"west": {"uv": [4, 3, 7, 4], "texture": "#2"},
				"up": {"uv": [4, 3, 3, 0], "texture": "#2"},
				"down": {"uv": [5, 0, 4, 3], "texture": "#2"}
			}
		},
		{
			"from": [5, 2, 6],
			"to": [6, 3, 9],
			"rotation": {"angle": 0, "axis": "y", "origin": [13, 10, 14]},
			"faces": {
				"north": {"uv": [3, 3, 4, 4], "texture": "#2"},
				"east": {"uv": [0, 3, 3, 4], "texture": "#2"},
				"south": {"uv": [7, 3, 8, 4], "texture": "#2"},
				"west": {"uv": [4, 3, 7, 4], "texture": "#2"},
				"up": {"uv": [4, 3, 3, 0], "texture": "#2"},
				"down": {"uv": [5, 0, 4, 3], "texture": "#2"}
			}
		},
		{
			"from": [7, 6, 10],
			"to": [8, 7, 11],
			"rotation": {"angle": 0, "axis": "y", "origin": [15, 14, 18]},
			"faces": {
				"north": {"uv": [1, 1, 2, 2], "texture": "#2"},
				"east": {"uv": [0, 1, 1, 2], "texture": "#2"},
				"south": {"uv": [3, 1, 4, 2], "texture": "#2"},
				"west": {"uv": [2, 1, 3, 2], "texture": "#2"},
				"up": {"uv": [2, 1, 1, 0], "texture": "#2"},
				"down": {"uv": [3, 0, 2, 1], "texture": "#2"}
			}
		},
		{
			"from": [7, 5, 11],
			"to": [8, 6, 12],
			"rotation": {"angle": 0, "axis": "y", "origin": [15, 13, 19]},
			"faces": {
				"north": {"uv": [4, 2, 5, 3], "texture": "#2"},
				"east": {"uv": [4, 2, 5, 3], "texture": "#2"},
				"south": {"uv": [4, 2, 5, 3], "texture": "#2"},
				"west": {"uv": [4, 2, 5, 3], "texture": "#2"},
				"up": {"uv": [4, 2, 5, 3], "texture": "#2"},
				"down": {"uv": [4, 2, 5, 3], "texture": "#2"}
			}
		},
		{
			"from": [7, 4, 11],
			"to": [8, 5, 12],
			"rotation": {"angle": 0, "axis": "y", "origin": [15, 12, 19]},
			"faces": {
				"north": {"uv": [1, 1, 2, 2], "texture": "#2"},
				"east": {"uv": [0, 1, 1, 2], "texture": "#2"},
				"south": {"uv": [3, 1, 4, 2], "texture": "#2"},
				"west": {"uv": [2, 1, 3, 2], "texture": "#2"},
				"up": {"uv": [2, 1, 1, 0], "texture": "#2"},
				"down": {"uv": [3, 0, 2, 1], "texture": "#2"}
			}
		},
		{
			"from": [7, 3, 10],
			"to": [8, 4, 11],
			"rotation": {"angle": 0, "axis": "y", "origin": [15, 11, 18]},
			"faces": {
				"north": {"uv": [1, 1, 2, 2], "texture": "#2"},
				"east": {"uv": [0, 1, 1, 2], "texture": "#2"},
				"south": {"uv": [3, 1, 4, 2], "texture": "#2"},
				"west": {"uv": [2, 1, 3, 2], "texture": "#2"},
				"up": {"uv": [2, 1, 1, 0], "texture": "#2"},
				"down": {"uv": [3, 0, 2, 1], "texture": "#2"}
			}
		},
		{
			"from": [6, 3, 6],
			"to": [9, 7, 9],
			"rotation": {"angle": 0, "axis": "y", "origin": [15, 11, 15]},
			"faces": {
				"north": {"uv": [16, 16, 11, 11], "texture": "#4"},
				"east": {"uv": [16, 16, 11, 11], "texture": "#4"},
				"south": {"uv": [16, 16, 11, 11], "texture": "#4"},
				"west": {"uv": [16, 16, 11, 11], "texture": "#4"},
				"up": {"uv": [16, 16, 11, 11], "texture": "#4"},
				"down": {"uv": [16, 16, 11, 11], "texture": "#4"}
			}
		},
		{
			"from": [6, 7, 6],
			"to": [9, 8, 9],
			"rotation": {"angle": 0, "axis": "y", "origin": [15, 15, 15]},
			"faces": {
				"north": {"uv": [16, 16, 13, 13], "texture": "#8"},
				"east": {"uv": [16, 16, 13, 13], "texture": "#8"},
				"south": {"uv": [16, 16, 13, 13], "texture": "#8"},
				"west": {"uv": [16, 16, 13, 13], "texture": "#8"},
				"up": {"uv": [16, 16, 13, 13], "texture": "#8"},
				"down": {"uv": [16, 16, 13, 13], "texture": "#8"}
			}
		},
		{
			"from": [7.3, 8, 8.3],
			"to": [7.7, 9, 8.8],
			"rotation": {"angle": 0, "axis": "y", "origin": [15, 16, 16]},
			"faces": {
				"north": {"uv": [0, 0, 6, 7], "texture": "#8"},
				"east": {"uv": [0, 0, 6, 7], "texture": "#8"},
				"south": {"uv": [0, 0, 6, 7], "texture": "#8"},
				"west": {"uv": [0, 0, 6, 7], "texture": "#8"},
				"up": {"uv": [0, 0, 6, 7], "texture": "#8"},
				"down": {"uv": [0, 0, 6, 7], "texture": "#8"}
			}
		},
		{
			"from": [7.3001, 9.71037, 8.35761],
			"to": [7.6999, 10.21037, 9.55761],
			"rotation": {"angle": -22.5, "axis": "x", "origin": [7.5003, 9.96037, 8.85761]},
			"faces": {
				"north": {"uv": [0, 0, 9, 5], "texture": "#8"},
				"east": {"uv": [0, 0, 9, 5], "texture": "#8"},
				"south": {"uv": [0, 0, 4, 5], "texture": "#8"},
				"west": {"uv": [0, 0, 9, 5], "texture": "#8"},
				"up": {"uv": [0, 0, 2, 7], "texture": "#8"},
				"down": {"uv": [0, 0, 2, 8], "texture": "#8"}
			}
		},
		{
			"from": [7.3, 9, 8.3],
			"to": [7.7, 10, 8.8],
			"rotation": {"angle": 0, "axis": "y", "origin": [14.9, 17, 16]},
			"faces": {
				"north": {"uv": [0, 0, 5, 5], "texture": "#7"},
				"east": {"uv": [0, 0, 5, 5], "texture": "#7"},
				"south": {"uv": [0, 0, 5, 5], "texture": "#7"},
				"west": {"uv": [0, 0, 5, 5], "texture": "#7"},
				"up": {"uv": [0, 0, 5, 5], "texture": "#7"},
				"down": {"uv": [0, 0, 5, 5], "texture": "#7"}
			}
		}
	],
	"display": {
		"thirdperson_righthand": {
			"rotation": [21, 34, 0],
			"translation": [-2, 1.75, -0.75],
			"scale": [0.6, 0.6, 0.6]
		},
		"thirdperson_lefthand": {
			"rotation": [21, 34, 0],
			"translation": [-2, 1.75, -0.75],
			"scale": [0.6, 0.6, 0.6]
		},
		"firstperson_righthand": {
			"rotation": [11, 12, 11],
			"translation": [-1.5, 6.75, 3.5],
			"scale": [0.7, 0.7, 0.7]
		},
		"firstperson_lefthand": {
			"rotation": [11, 12, 11],
			"translation": [-1.5, 6.75, 3.5],
			"scale": [0.7, 0.7, 0.7]
		},
		"ground": {
			"translation": [0, 2, 0],
			"scale": [0.6, 0.6, 0.6]
		},
		"gui": {
			"rotation": [19, 71, -7],
			"translation": [0.75, 4, 0],
			"scale": [1.3, 1.3, 1.3]
		},
		"head": {
			"translation": [0, 14.25, 0.75]
		},
		"fixed": {
			"rotation": [-90, 0, 0],
			"translation": [0.25, 0.5, -11.25],
			"scale": [1.55, 1.55, 1.55]
		}
	}
}