{"credit":"Made with Blockbench","texture_size":[32,32],"textures":{"0":"block/white_wool","1":"block/yellow_concrete","particle":"block/white_wool"},"elements":[{"from":[-1,23,8],"to":[22,24,9],"rotation":{"angle":0,"axis":"y","origin":[25,23,16]},"faces":{"north":{"uv":[0,0,12.5,0.5],"texture":"#0"},"east":{"uv":[0,0,0.5,0.5],"texture":"#0"},"south":{"uv":[0,0,12.5,0.5],"texture":"#0"},"west":{"uv":[0,0,0.5,0.5],"texture":"#0"},"up":{"uv":[0,0,12.5,0.5],"texture":"#0"},"down":{"uv":[0,0,12.5,0.5],"texture":"#0"}}},{"from":[23,10,8],"to":[25,11,9],"rotation":{"angle":0,"axis":"y","origin":[28,10,16]},"faces":{"north":{"uv":[0,0,1,0.5],"texture":"#0"},"east":{"uv":[0,0,0.5,0.5],"texture":"#0"},"south":{"uv":[0,0,1,0.5],"texture":"#0"},"west":{"uv":[0,0,0.5,0.5],"texture":"#0"},"up":{"uv":[0,0,1,0.5],"texture":"#0"},"down":{"uv":[0,0,1,0.5],"texture":"#0"}}},{"from":[-4,10,8],"to":[-2,11,9],"rotation":{"angle":0,"axis":"y","origin":[1,10,16]},"faces":{"north":{"uv":[0,0,1,0.5],"texture":"#0"},"east":{"uv":[0,0,0.5,0.5],"texture":"#0"},"south":{"uv":[0,0,1,0.5],"texture":"#0"},"west":{"uv":[0,0,0.5,0.5],"texture":"#0"},"up":{"uv":[0,0,1,0.5],"texture":"#0"},"down":{"uv":[0,0,1,0.5],"texture":"#0"}}},{"from":[-5,20,8],"to":[-3,21,9],"rotation":{"angle":0,"axis":"y","origin":[0,20,16]},"faces":{"north":{"uv":[0,0,1,0.5],"texture":"#0"},"east":{"uv":[0,0,0.5,0.5],"texture":"#0"},"south":{"uv":[0,0,1,0.5],"texture":"#0"},"west":{"uv":[0,0,0.5,0.5],"texture":"#0"},"up":{"uv":[0,0,1,0.5],"texture":"#0"},"down":{"uv":[0,0,1,0.5],"texture":"#0"}}},{"from":[24,20,8],"to":[26,21,9],"rotation":{"angle":0,"axis":"y","origin":[29,20,16]},"faces":{"north":{"uv":[0,0,1,0.5],"texture":"#0"},"east":{"uv":[0,0,0.5,0.5],"texture":"#0"},"south":{"uv":[0,0,1,0.5],"texture":"#0"},"west":{"uv":[0,0,0.5,0.5],"texture":"#0"},"up":{"uv":[0,0,1,0.5],"texture":"#0"},"down":{"uv":[0,0,1,0.5],"texture":"#0"}}},{"from":[22,8,8],"to":[23,10,9],"rotation":{"angle":0,"axis":"y","origin":[26,9,16]},"faces":{"north":{"uv":[0,0,0.5,1],"texture":"#0"},"east":{"uv":[0,0,0.5,1],"texture":"#0"},"south":{"uv":[0,0,0.5,1],"texture":"#0"},"west":{"uv":[0,0,0.5,1],"texture":"#0"},"up":{"uv":[0,0,0.5,0.5],"texture":"#0"},"down":{"uv":[0,0,0.5,0.5],"texture":"#0"}}},{"from":[-2,8,8],"to":[-1,10,9],"rotation":{"angle":0,"axis":"y","origin":[2,9,16]},"faces":{"north":{"uv":[0,0,0.5,1],"texture":"#0"},"east":{"uv":[0,0,0.5,1],"texture":"#0"},"south":{"uv":[0,0,0.5,1],"texture":"#0"},"west":{"uv":[0,0,0.5,1],"texture":"#0"},"up":{"uv":[0,0,0.5,0.5],"texture":"#0"},"down":{"uv":[0,0,0.5,0.5],"texture":"#0"}}},{"from":[-8,6,8],"to":[-4,8,9],"rotation":{"angle":0,"axis":"y","origin":[-4,7,16]},"faces":{"north":{"uv":[0,0,2,1],"texture":"#0"},"east":{"uv":[0,0,0.5,1],"texture":"#0"},"south":{"uv":[0,0,2,1],"texture":"#0"},"west":{"uv":[0,0,0.5,1],"texture":"#0"},"up":{"uv":[0,0,2,0.5],"texture":"#0"},"down":{"uv":[0,0,2,0.5],"texture":"#0"}}},{"from":[-3,22,8],"to":[-1,23,9],"rotation":{"angle":0,"axis":"y","origin":[2,22,16]},"faces":{"north":{"uv":[0,0,1,0.5],"texture":"#0"},"east":{"uv":[0,0,0.5,0.5],"texture":"#0"},"south":{"uv":[0,0,1,0.5],"texture":"#0"},"west":{"uv":[0,0,0.5,0.5],"texture":"#0"},"up":{"uv":[0,0,1,0.5],"texture":"#0"},"down":{"uv":[0,0,1,0.5],"texture":"#0"}}},{"from":[22,22,8],"to":[24,23,9],"rotation":{"angle":0,"axis":"y","origin":[27,22,16]},"faces":{"north":{"uv":[0,0,1,0.5],"texture":"#0"},"east":{"uv":[0,0,0.5,0.5],"texture":"#0"},"south":{"uv":[0,0,1,0.5],"texture":"#0"},"west":{"uv":[0,0,0.5,0.5],"texture":"#0"},"up":{"uv":[0,0,1,0.5],"texture":"#0"},"down":{"uv":[0,0,1,0.5],"texture":"#0"}}},{"from":[24,11,8],"to":[25,12,9],"rotation":{"angle":0,"axis":"y","origin":[28,11,16]},"faces":{"north":{"uv":[0,0,0.5,0.5],"texture":"#0"},"south":{"uv":[0,0,0.5,0.5],"texture":"#0"},"west":{"uv":[0,0,0.5,0.5],"texture":"#0"},"up":{"uv":[0,0,0.5,0.5],"texture":"#0"}}},{"from":[23,9,8],"to":[24,10,9],"rotation":{"angle":0,"axis":"y","origin":[27,9,16]},"faces":{"north":{"uv":[0,0,0.5,0.5],"texture":"#0"},"east":{"uv":[0,0,0.5,0.5],"texture":"#0"},"south":{"uv":[0,0,0.5,0.5],"texture":"#0"},"down":{"uv":[0,0,0.5,0.5],"texture":"#0"}}},{"from":[-3,9,8],"to":[-2,10,9],"rotation":{"angle":0,"axis":"y","origin":[1,9,16]},"faces":{"north":{"uv":[0,0,0.5,0.5],"texture":"#0"},"south":{"uv":[0,0,0.5,0.5],"texture":"#0"},"west":{"uv":[0,0,0.5,0.5],"texture":"#0"},"down":{"uv":[0,0,0.5,0.5],"texture":"#0"}}},{"from":[-7,8,8],"to":[-5,9,9],"rotation":{"angle":0,"axis":"y","origin":[-2,8,16]},"faces":{"north":{"uv":[0,0,1,0.5],"texture":"#0"},"east":{"uv":[0,0,0.5,0.5],"texture":"#0"},"south":{"uv":[0,0,1,0.5],"texture":"#0"},"west":{"uv":[0,0,0.5,0.5],"texture":"#0"},"up":{"uv":[0,0,1,0.5],"texture":"#0"}}},{"from":[-7,5,8],"to":[-5,6,9],"rotation":{"angle":0,"axis":"y","origin":[-2,5,16]},"faces":{"north":{"uv":[0,0,1,0.5],"texture":"#0"},"east":{"uv":[0,0,0.5,0.5],"texture":"#0"},"south":{"uv":[0,0,1,0.5],"texture":"#0"},"west":{"uv":[0,0,0.5,0.5],"texture":"#0"},"down":{"uv":[0,0,1,0.5],"texture":"#0"}}},{"from":[-10,2,8],"to":[-8,4,9],"rotation":{"angle":0,"axis":"y","origin":[-5,2,16]},"faces":{"north":{"uv":[0,0,1,1],"texture":"#0"},"east":{"uv":[0,0,0.5,1],"texture":"#0"},"south":{"uv":[0,0,1,1],"texture":"#0"},"west":{"uv":[0,0,0.5,1],"texture":"#0"},"up":{"uv":[0,0,1,0.5],"texture":"#0"},"down":{"uv":[0,0,1,0.5],"texture":"#0"}}},{"from":[-3,21,8],"to":[-2,22,9],"rotation":{"angle":0,"axis":"y","origin":[1,21,16]},"faces":{"north":{"uv":[0,0,0.5,0.5],"texture":"#0"},"east":{"uv":[0,0,0.5,0.5],"texture":"#0"},"south":{"uv":[0,0,0.5,0.5],"texture":"#0"},"down":{"uv":[0,0,0.5,0.5],"texture":"#0"}}},{"from":[24,21,8],"to":[25,22,9],"rotation":{"angle":0,"axis":"y","origin":[28,21,16]},"faces":{"north":{"uv":[0,0,0.5,0.5],"texture":"#0"},"east":{"uv":[0,0,0.5,0.5],"texture":"#0"},"south":{"uv":[0,0,0.5,0.5],"texture":"#0"},"up":{"uv":[0,0,0.5,0.5],"texture":"#0"}}},{"from":[-4,11,8],"to":[-3,12,9],"rotation":{"angle":0,"axis":"y","origin":[0,11,16]},"faces":{"north":{"uv":[0,0,0.5,0.5],"texture":"#0"},"east":{"uv":[0,0,0.5,0.5],"texture":"#0"},"south":{"uv":[0,0,0.5,0.5],"texture":"#0"},"up":{"uv":[0,0,0.5,0.5],"texture":"#0"}}},{"from":[-4,21,8],"to":[-3,22,9],"rotation":{"angle":0,"axis":"y","origin":[0,21,16]},"faces":{"north":{"uv":[0,0,0.5,0.5],"texture":"#0"},"south":{"uv":[0,0,0.5,0.5],"texture":"#0"},"west":{"uv":[0,0,0.5,0.5],"texture":"#0"},"up":{"uv":[0,0,0.5,0.5],"texture":"#0"}}},{"from":[23,21,8],"to":[24,22,9],"rotation":{"angle":0,"axis":"y","origin":[27,21,16]},"faces":{"north":{"uv":[0,0,0.5,0.5],"texture":"#0"},"south":{"uv":[0,0,0.5,0.5],"texture":"#0"},"west":{"uv":[0,0,0.5,0.5],"texture":"#0"},"down":{"uv":[0,0,0.5,0.5],"texture":"#0"}}},{"from":[25,11,8],"to":[26,20,9],"rotation":{"angle":0,"axis":"y","origin":[29,12,16]},"faces":{"north":{"uv":[0,0,0.5,4.5],"texture":"#0"},"east":{"uv":[0,0,0.5,4.5],"texture":"#0"},"south":{"uv":[0,0,0.5,4.5],"texture":"#0"},"west":{"uv":[0,0,0.5,4.5],"texture":"#0"},"down":{"uv":[0,0,0.5,0.5],"texture":"#0"}}},{"from":[-5,11,8],"to":[-4,20,9],"rotation":{"angle":0,"axis":"y","origin":[-1,12,16]},"faces":{"north":{"uv":[0,0,0.5,4.5],"texture":"#0"},"east":{"uv":[0,0,0.5,4.5],"texture":"#0"},"south":{"uv":[0,0,0.5,4.5],"texture":"#0"},"west":{"uv":[0,0,0.5,4.5],"texture":"#0"},"down":{"uv":[0,0,0.5,0.5],"texture":"#0"}}},{"from":[-1,8,8],"to":[22,9,9],"rotation":{"angle":0,"axis":"y","origin":[25,8,16]},"faces":{"north":{"uv":[0,0,12.5,0.5],"texture":"#0"},"south":{"uv":[0,0,12.5,0.5],"texture":"#0"},"up":{"uv":[0,0,12.5,0.5],"texture":"#0"},"down":{"uv":[0,0,12.5,0.5],"texture":"#0"}}},{"from":[-1,9,9],"to":[22,23,10],"rotation":{"angle":0,"axis":"y","origin":[25,9,17]},"faces":{"north":{"uv":[0,0,12.5,7],"texture":"#0"},"east":{"uv":[0,0,0.5,7],"texture":"#0"},"south":{"uv":[0,0,12.5,7],"texture":"#0"},"west":{"uv":[0,0,0.5,7],"texture":"#0"},"up":{"uv":[0,0,12.5,0.5],"texture":"#0"},"down":{"uv":[0,0,12.5,0.5],"texture":"#0"}}},{"from":[22,10,9],"to":[23,22,10],"rotation":{"angle":0,"axis":"y","origin":[26,9,17]},"faces":{"north":{"uv":[0,0,0.5,6],"texture":"#0"},"east":{"uv":[0,0,0.5,6],"texture":"#0"},"south":{"uv":[0,0,0.5,6],"texture":"#0"},"up":{"uv":[0,0,0.5,0.5],"texture":"#0"},"down":{"uv":[0,0,0.5,0.5],"texture":"#0"}}},{"from":[-2,10,9],"to":[-1,22,10],"rotation":{"angle":0,"axis":"y","origin":[2,9,17]},"faces":{"north":{"uv":[0,0,0.5,6],"texture":"#0"},"south":{"uv":[0,0,0.5,6],"texture":"#0"},"west":{"uv":[0,0,0.5,6],"texture":"#0"},"up":{"uv":[0,0,0.5,0.5],"texture":"#0"},"down":{"uv":[0,0,0.5,0.5],"texture":"#0"}}},{"from":[23,11,9],"to":[24,21,10],"rotation":{"angle":0,"axis":"y","origin":[27,9,17]},"faces":{"north":{"uv":[0,0,0.5,5],"texture":"#0"},"east":{"uv":[0,0,0.5,5],"texture":"#0"},"south":{"uv":[0,0,0.5,5],"texture":"#0"},"up":{"uv":[0,0,0.5,0.5],"texture":"#0"},"down":{"uv":[0,0,0.5,0.5],"texture":"#0"}}},{"from":[-3,11,9],"to":[-2,21,10],"rotation":{"angle":0,"axis":"y","origin":[1,9,17]},"faces":{"north":{"uv":[0,0,0.5,5],"texture":"#0"},"south":{"uv":[0,0,0.5,5],"texture":"#0"},"west":{"uv":[0,0,0.5,5],"texture":"#0"},"up":{"uv":[0,0,0.5,0.5],"texture":"#0"},"down":{"uv":[0,0,0.5,0.5],"texture":"#0"}}},{"from":[24,12,9],"to":[25,20,10],"rotation":{"angle":0,"axis":"y","origin":[28,9,17]},"faces":{"north":{"uv":[0,0,0.5,4],"texture":"#0"},"east":{"uv":[0,0,0.5,4],"texture":"#0"},"south":{"uv":[0,0,0.5,4],"texture":"#0"},"up":{"uv":[0,0,0.5,0.5],"texture":"#0"},"down":{"uv":[0,0,0.5,0.5],"texture":"#0"}}},{"from":[-4,12,9],"to":[-3,20,10],"rotation":{"angle":0,"axis":"y","origin":[0,9,17]},"faces":{"north":{"uv":[0,0,0.5,4],"texture":"#0"},"south":{"uv":[0,0,0.5,4],"texture":"#0"},"west":{"uv":[0,0,0.5,4],"texture":"#0"},"up":{"uv":[0,0,0.5,0.5],"texture":"#0"},"down":{"uv":[0,0,0.5,0.5],"texture":"#0"}}},{"from":[20,10,8],"to":[21,17,9],"rotation":{"angle":0,"axis":"y","origin":[42,9,16]},"faces":{"north":{"uv":[0,0,12.5,7],"texture":"#1"},"east":{"uv":[0,0,0.5,7],"texture":"#1"},"west":{"uv":[0,0,0.5,7],"texture":"#1"},"up":{"uv":[0,0,12.5,0.5],"texture":"#1"},"down":{"uv":[0,0,12.5,0.5],"texture":"#1"}}},{"from":[15,14,8],"to":[20,15,9],"rotation":{"angle":0,"axis":"y","origin":[39,11,16]},"faces":{"north":{"uv":[0,0,12.5,7],"texture":"#1"},"up":{"uv":[0,0,12.5,0.5],"texture":"#1"},"down":{"uv":[0,0,12.5,0.5],"texture":"#1"}}},{"from":[19,15,8],"to":[20,20,9],"rotation":{"angle":0,"axis":"y","origin":[41,12,16]},"faces":{"north":{"uv":[0,0,12.5,7],"texture":"#1"},"east":{"uv":[0,0,0.5,7],"texture":"#1"},"west":{"uv":[0,0,0.5,7],"texture":"#1"},"up":{"uv":[0,0,12.5,0.5],"texture":"#1"}}},{"from":[18,18,8],"to":[19,21,9],"rotation":{"angle":0,"axis":"y","origin":[40,13,16]},"faces":{"north":{"uv":[0,0,12.5,7],"texture":"#1"},"east":{"uv":[0,0,0.5,7],"texture":"#1"},"west":{"uv":[0,0,0.5,7],"texture":"#1"},"up":{"uv":[0,0,12.5,0.5],"texture":"#1"},"down":{"uv":[0,0,12.5,0.5],"texture":"#1"}}},{"from":[15,15,8],"to":[16,20,9],"rotation":{"angle":0,"axis":"y","origin":[37,12,16]},"faces":{"north":{"uv":[0,0,12.5,7],"texture":"#1"},"east":{"uv":[0,0,0.5,7],"texture":"#1"},"west":{"uv":[0,0,0.5,7],"texture":"#1"},"up":{"uv":[0,0,12.5,0.5],"texture":"#1"}}},{"from":[16,18,8],"to":[17,21,9],"rotation":{"angle":0,"axis":"y","origin":[38,13,16]},"faces":{"north":{"uv":[0,0,12.5,7],"texture":"#1"},"east":{"uv":[0,0,0.5,7],"texture":"#1"},"west":{"uv":[0,0,0.5,7],"texture":"#1"},"up":{"uv":[0,0,12.5,0.5],"texture":"#1"},"down":{"uv":[0,0,12.5,0.5],"texture":"#1"}}},{"from":[17,20,8],"to":[18,22,9],"rotation":{"angle":0,"axis":"y","origin":[39,14,16]},"faces":{"north":{"uv":[0,0,12.5,7],"texture":"#1"},"east":{"uv":[0,0,0.5,7],"texture":"#1"},"west":{"uv":[0,0,0.5,7],"texture":"#1"},"up":{"uv":[0,0,12.5,0.5],"texture":"#1"},"down":{"uv":[0,0,12.5,0.5],"texture":"#1"}}},{"from":[14,10,8],"to":[15,17,9],"rotation":{"angle":0,"axis":"y","origin":[36,9,16]},"faces":{"north":{"uv":[0,0,12.5,7],"texture":"#1"},"east":{"uv":[0,0,0.5,7],"texture":"#1"},"west":{"uv":[0,0,0.5,7],"texture":"#1"},"up":{"uv":[0,0,12.5,0.5],"texture":"#1"},"down":{"uv":[0,0,12.5,0.5],"texture":"#1"}}},{"from":[12,10,8],"to":[13,22,9],"rotation":{"angle":0,"axis":"y","origin":[34,9,16]},"faces":{"north":{"uv":[0,0,12.5,7],"texture":"#1"},"east":{"uv":[0,0,0.5,7],"texture":"#1"},"west":{"uv":[0,0,0.5,7],"texture":"#1"},"up":{"uv":[0,0,12.5,0.5],"texture":"#1"},"down":{"uv":[0,0,12.5,0.5],"texture":"#1"}}},{"from":[5,10,8],"to":[6,22,9],"rotation":{"angle":0,"axis":"y","origin":[27,9,16]},"faces":{"north":{"uv":[0,0,12.5,7],"texture":"#1"},"east":{"uv":[0,0,0.5,7],"texture":"#1"},"west":{"uv":[0,0,0.5,7],"texture":"#1"},"up":{"uv":[0,0,12.5,0.5],"texture":"#1"},"down":{"uv":[0,0,12.5,0.5],"texture":"#1"}}},{"from":[7,21,8],"to":[12,22,9],"rotation":{"angle":0,"axis":"y","origin":[33,9,16]},"faces":{"north":{"uv":[0,0,12.5,7],"texture":"#1"},"west":{"uv":[0,0,0.5,7],"texture":"#1"},"up":{"uv":[0,0,12.5,0.5],"texture":"#1"},"down":{"uv":[0,0,12.5,0.5],"texture":"#1"}}},{"from":[8,16,8],"to":[12,17,9],"rotation":{"angle":0,"axis":"y","origin":[32,9,16]},"faces":{"north":{"uv":[0,0,12.5,7],"texture":"#1"},"west":{"uv":[0,0,0.5,7],"texture":"#1"},"up":{"uv":[0,0,12.5,0.5],"texture":"#1"},"down":{"uv":[0,0,12.5,0.5],"texture":"#1"}}},{"from":[3,16,8],"to":[5,17,9],"rotation":{"angle":0,"axis":"y","origin":[25,9,16]},"faces":{"north":{"uv":[0,0,12.5,7],"texture":"#1"},"west":{"uv":[0,0,0.5,7],"texture":"#1"},"up":{"uv":[0,0,12.5,0.5],"texture":"#1"},"down":{"uv":[0,0,12.5,0.5],"texture":"#1"}}},{"from":[2,17,8],"to":[3,18,9],"rotation":{"angle":0,"axis":"y","origin":[24,10,16]},"faces":{"north":{"uv":[0,0,12.5,7],"texture":"#1"},"east":{"uv":[0,0,0.5,7],"texture":"#1"},"west":{"uv":[0,0,0.5,7],"texture":"#1"},"up":{"uv":[0,0,12.5,0.5],"texture":"#1"},"down":{"uv":[0,0,12.5,0.5],"texture":"#1"}}},{"from":[2,15,8],"to":[3,16,9],"rotation":{"angle":0,"axis":"y","origin":[24,8,16]},"faces":{"north":{"uv":[0,0,12.5,7],"texture":"#1"},"east":{"uv":[0,0,0.5,7],"texture":"#1"},"west":{"uv":[0,0,0.5,7],"texture":"#1"},"up":{"uv":[0,0,12.5,0.5],"texture":"#1"},"down":{"uv":[0,0,12.5,0.5],"texture":"#1"}}},{"from":[1,18,8],"to":[2,20,9],"rotation":{"angle":0,"axis":"y","origin":[23,11,16]},"faces":{"north":{"uv":[0,0,12.5,7],"texture":"#1"},"east":{"uv":[0,0,0.5,7],"texture":"#1"},"west":{"uv":[0,0,0.5,7],"texture":"#1"},"up":{"uv":[0,0,12.5,0.5],"texture":"#1"},"down":{"uv":[0,0,12.5,0.5],"texture":"#1"}}},{"from":[1,12,8],"to":[2,15,9],"rotation":{"angle":0,"axis":"y","origin":[23,6,16]},"faces":{"north":{"uv":[0,0,12.5,7],"texture":"#1"},"east":{"uv":[0,0,0.5,7],"texture":"#1"},"west":{"uv":[0,0,0.5,7],"texture":"#1"},"up":{"uv":[0,0,12.5,0.5],"texture":"#1"},"down":{"uv":[0,0,12.5,0.5],"texture":"#1"}}},{"from":[0,20,8],"to":[1,22,9],"rotation":{"angle":0,"axis":"y","origin":[22,13,16]},"faces":{"north":{"uv":[0,0,12.5,7],"texture":"#1"},"east":{"uv":[0,0,0.5,7],"texture":"#1"},"west":{"uv":[0,0,0.5,7],"texture":"#1"},"up":{"uv":[0,0,12.5,0.5],"texture":"#1"},"down":{"uv":[0,0,12.5,0.5],"texture":"#1"}}},{"from":[0,10,8],"to":[1,12,9],"rotation":{"angle":0,"axis":"y","origin":[22,3,16]},"faces":{"north":{"uv":[0,0,12.5,7],"texture":"#1"},"east":{"uv":[0,0,0.5,7],"texture":"#1"},"west":{"uv":[0,0,0.5,7],"texture":"#1"},"up":{"uv":[0,0,12.5,0.5],"texture":"#1"},"down":{"uv":[0,0,12.5,0.5],"texture":"#1"}}}],"display":{"thirdperson_righthand":{"rotation":[66.5,-3.25,0],"translation":[6,5.5,12.5],"scale":[0.5,0.5,0.5]},"thirdperson_lefthand":{"rotation":[66.5,-3.25,0],"translation":[-18.25,5.5,12.5],"scale":[0.5,0.5,0.5]},"firstperson_righthand":{"rotation":[0,116,0],"translation":[2.75,-1,-3],"scale":[0.5,0.5,0.5]},"firstperson_lefthand":{"rotation":[0,116,0],"translation":[2.75,-2.25,-5],"scale":[0.5,0.5,0.5]},"ground":{"rotation":[90,0,0]},"gui":{"rotation":[-180,-18,-157],"translation":[-0.5,-2.25,0],"scale":[0.45,0.45,0.45]},"head":{"translation":[18,12.75,-5],"scale":[0.8,0.8,0.8]},"fixed":{"rotation":[-90,0,0],"translation":[66.25,0.75,-27.25],"scale":[4,4,4]}},"groups":[{"name":"Табличка (Облачко)","origin":[3,9,17],"children":[0,1,2,3,4,5,6,7,8,9,10,11,12,13,14,15,16,17,18,19,20,21,22,23,24,25,26,27,28,29,30]},31,32,33,34,35,36,37,38,39,40,41,42,43,44,45,46,47,48,49]}