{
	"credit": "Made with Blockbench",
	"textures": {
		"5": "column/column"
	},
	"elements": [
		{
			"from": [5, 4, 7],
			"to": [11, 5, 10],
			"rotation": {"angle": 0, "axis": "y", "origin": [14, 12, 15]},
			"faces": {
				"north": {"uv": [7.5, 0, 12.5, 1], "texture": "#5"},
				"east": {"uv": [11.5, 0, 12.5, 2.5], "rotation": 270, "texture": "#5"},
				"south": {"uv": [7.5, 0, 12.5, 1], "texture": "#5"},
				"west": {"uv": [11.5, 0, 12.5, 2.5], "rotation": 270, "texture": "#5"},
				"up": {"uv": [7.5, 0, 12.5, 2.5], "texture": "#5"},
				"down": {"uv": [7.5, 0, 12.5, 1], "texture": "#5"}
			}
		},
		{
			"from": [5, 0, 7],
			"to": [11, 1, 10],
			"rotation": {"angle": 0, "axis": "y", "origin": [14, 8, 15]},
			"faces": {
				"north": {"uv": [7.5, 0, 12.5, 1], "texture": "#5"},
				"east": {"uv": [11.5, 0, 12.5, 2.5], "rotation": 270, "texture": "#5"},
				"south": {"uv": [7.5, 0, 12.5, 1], "texture": "#5"},
				"west": {"uv": [11.5, 0, 12.5, 2.5], "rotation": 270, "texture": "#5"},
				"up": {"uv": [7.5, 0, 12.5, 2.5], "texture": "#5"},
				"down": {"uv": [7.5, 0, 12.5, 1], "texture": "#5"}
			}
		},
		{
			"from": [6, 0.5, 6.5],
			"to": [10, 4.5, 10.5],
			"rotation": {"angle": 0, "axis": "y", "origin": [14, 12, 15]},
			"faces": {
				"north": {"uv": [0, 0, 4, 1.5], "texture": "#5"},
				"east": {"uv": [0, 0, 4, 1.5], "texture": "#5"},
				"south": {"uv": [0, 0, 4, 1.5], "texture": "#5"},
				"west": {"uv": [0, 0, 4, 1.5], "texture": "#5"},
				"up": {"uv": [0, 0, 4, 1.5], "texture": "#5"},
				"down": {"uv": [0, 0, 4, 1.5], "texture": "#5"}
			}
		},
		{
			"from": [4.5, 1.5, 6.5],
			"to": [11.5, 3.75, 10.5],
			"rotation": {"angle": 0, "axis": "y", "origin": [14, 12, 15]},
			"faces": {
				"north": {"uv": [0, 0, 4, 1.5], "texture": "#5"},
				"east": {"uv": [0, 0, 4, 1.5], "texture": "#5"},
				"south": {"uv": [0, 0, 4, 1.5], "texture": "#5"},
				"west": {"uv": [0, 0, 4, 1.5], "texture": "#5"},
				"up": {"uv": [0, 0, 4, 1.5], "texture": "#5"},
				"down": {"uv": [0, 0, 4, 1.5], "texture": "#5"}
			}
		},
		{
			"from": [5, 1, 6],
			"to": [11, 4, 11],
			"rotation": {"angle": 0, "axis": "y", "origin": [14, 11, 14]},
			"faces": {
				"north": {"uv": [2.5, 11.5, 13, 16], "texture": "#5"},
				"east": {"uv": [2.5, 7.5, 13, 12], "texture": "#5"},
				"south": {"uv": [2.5, 11.5, 13, 16], "texture": "#5"},
				"west": {"uv": [2.5, 11.5, 13, 16], "texture": "#5"},
				"up": {"uv": [1.5, 7, 12, 11.5], "rotation": 270, "texture": "#5"},
				"down": {"uv": [2.5, 7, 13, 11.5], "texture": "#5"}
			}
		},
		{
			"from": [11, 1, 7],
			"to": [13, 4, 7.5],
			"rotation": {"angle": 0, "axis": "y", "origin": [20, 11, 17]},
			"faces": {
				"north": {"uv": [4, 0, 6.5, 3.5], "rotation": 180, "texture": "#5"},
				"east": {"uv": [6, 0, 6.5, 3.5], "rotation": 180, "texture": "#5"},
				"south": {"uv": [4, 0, 6.5, 3.5], "rotation": 180, "texture": "#5"},
				"west": {"uv": [4, 0, 6.5, 3.5], "rotation": 180, "texture": "#5"},
				"up": {"uv": [4, 0, 6.5, 0.5], "texture": "#5"},
				"down": {"uv": [4, 0, 6.5, 0.5], "texture": "#5"}
			}
		},
		{
			"from": [11, 1, 9.5],
			"to": [13, 4, 10],
			"rotation": {"angle": 0, "axis": "y", "origin": [20, 11, 19.5]},
			"faces": {
				"north": {"uv": [4, 0, 6.5, 3.5], "rotation": 180, "texture": "#5"},
				"east": {"uv": [6, 0, 6.5, 3.5], "rotation": 180, "texture": "#5"},
				"south": {"uv": [4, 0, 6.5, 3.5], "rotation": 180, "texture": "#5"},
				"west": {"uv": [4, 0, 6.5, 3.5], "rotation": 180, "texture": "#5"},
				"up": {"uv": [4, 0, 6.5, 0.5], "texture": "#5"},
				"down": {"uv": [4, 0, 6.5, 0.5], "texture": "#5"}
			}
		},
		{
			"from": [3, 1, 7],
			"to": [5, 4, 7.5],
			"rotation": {"angle": 0, "axis": "y", "origin": [12, 11, 17]},
			"faces": {
				"north": {"uv": [4, 0, 6.5, 3.5], "texture": "#5"},
				"east": {"uv": [4, 0, 6.5, 3.5], "texture": "#5"},
				"south": {"uv": [4, 0, 6.5, 3.5], "texture": "#5"},
				"west": {"uv": [6, 0, 6.5, 3.5], "texture": "#5"},
				"up": {"uv": [4, 0, 6.5, 0.5], "rotation": 180, "texture": "#5"},
				"down": {"uv": [4, 0, 6.5, 0.5], "rotation": 180, "texture": "#5"}
			}
		},
		{
			"from": [3, 1, 9.5],
			"to": [5, 4, 10],
			"rotation": {"angle": 0, "axis": "y", "origin": [12, 11, 19.5]},
			"faces": {
				"north": {"uv": [4, 0, 6.5, 3.5], "texture": "#5"},
				"east": {"uv": [4, 0, 6.5, 3.5], "texture": "#5"},
				"south": {"uv": [4, 0, 6.5, 3.5], "rotation": 180, "texture": "#5"},
				"west": {"uv": [6, 0, 6.5, 3.5], "texture": "#5"},
				"up": {"uv": [4, 0, 6.5, 0.5], "rotation": 180, "texture": "#5"},
				"down": {"uv": [4, 0, 6.5, 0.5], "rotation": 180, "texture": "#5"}
			}
		},
		{
			"from": [11, 3.5, 7.5],
			"to": [13, 4, 9.5],
			"rotation": {"angle": 0, "axis": "y", "origin": [20, 13.5, 19.5]},
			"faces": {
				"north": {"uv": [4, 0.5, 6.5, 3], "texture": "#5"},
				"east": {"uv": [6, 0.5, 6.5, 3], "texture": "#5"},
				"south": {"uv": [4, 0.5, 6.5, 3], "texture": "#5"},
				"west": {"uv": [4, 0.5, 6.5, 3], "texture": "#5"},
				"up": {"uv": [4, 0.5, 6.5, 3], "texture": "#5"},
				"down": {"uv": [4, 0.5, 6.5, 3], "texture": "#5"}
			}
		},
		{
			"from": [11, 1, 7.5],
			"to": [13, 1.5, 9.5],
			"rotation": {"angle": 0, "axis": "y", "origin": [20, 11, 19.5]},
			"faces": {
				"north": {"uv": [4, 0.5, 6.5, 3], "texture": "#5"},
				"east": {"uv": [6, 0.5, 6.5, 3], "texture": "#5"},
				"south": {"uv": [4, 0.5, 6.5, 3], "texture": "#5"},
				"west": {"uv": [4, 0.5, 6.5, 3], "texture": "#5"},
				"up": {"uv": [4, 0.5, 6.5, 3], "texture": "#5"},
				"down": {"uv": [4, 0.5, 6.5, 3], "texture": "#5"}
			}
		},
		{
			"from": [3, 3.5, 7.5],
			"to": [5, 4, 9.5],
			"rotation": {"angle": 0, "axis": "y", "origin": [12, 13.5, 19.5]},
			"faces": {
				"north": {"uv": [4, 0.5, 6.5, 3], "rotation": 180, "texture": "#5"},
				"east": {"uv": [4, 0.5, 6.5, 3], "rotation": 180, "texture": "#5"},
				"south": {"uv": [4, 0.5, 6.5, 3], "rotation": 180, "texture": "#5"},
				"west": {"uv": [6, 0.5, 6.5, 3], "rotation": 180, "texture": "#5"},
				"up": {"uv": [4, 0.5, 6.5, 3], "rotation": 180, "texture": "#5"},
				"down": {"uv": [4, 0.5, 6.5, 3], "rotation": 180, "texture": "#5"}
			}
		},
		{
			"from": [3, 1, 7.5],
			"to": [5, 1.5, 9.5],
			"rotation": {"angle": 0, "axis": "y", "origin": [12, 11, 19.5]},
			"faces": {
				"north": {"uv": [4, 0.5, 6.5, 3], "rotation": 180, "texture": "#5"},
				"east": {"uv": [4, 0.5, 6.5, 3], "rotation": 180, "texture": "#5"},
				"south": {"uv": [4, 0.5, 6.5, 3], "rotation": 180, "texture": "#5"},
				"west": {"uv": [6, 0.5, 6.5, 3], "rotation": 180, "texture": "#5"},
				"up": {"uv": [4, 0.5, 6.5, 3], "rotation": 180, "texture": "#5"},
				"down": {"uv": [4, 0.5, 6.5, 3], "rotation": 180, "texture": "#5"}
			}
		},
		{
			"from": [3.25, 1.5, 7.5],
			"to": [5.25, 3.5, 9.5],
			"rotation": {"angle": 0, "axis": "y", "origin": [12.25, 11.5, 19.5]},
			"faces": {
				"north": {"uv": [10.5, 8, 16, 13.5], "texture": "#5"},
				"east": {"uv": [10.5, 8, 16, 13.5], "texture": "#5"},
				"south": {"uv": [10.5, 8, 16, 13.5], "texture": "#5"},
				"west": {"uv": [10.5, 8, 16, 13.5], "texture": "#5"},
				"up": {"uv": [10.5, 8, 16, 13.5], "texture": "#5"},
				"down": {"uv": [10.5, 8, 16, 13.5], "texture": "#5"}
			}
		},
		{
			"from": [10.75, 1.5, 7.5],
			"to": [12.75, 3.5, 9.5],
			"rotation": {"angle": 0, "axis": "y", "origin": [19.75, 11.5, 19.5]},
			"faces": {
				"north": {"uv": [10.5, 8, 16, 13.5], "texture": "#5"},
				"east": {"uv": [10.5, 8, 16, 13.5], "texture": "#5"},
				"south": {"uv": [10.5, 8, 16, 13.5], "texture": "#5"},
				"west": {"uv": [10.5, 8, 16, 13.5], "texture": "#5"},
				"up": {"uv": [10.5, 8, 16, 13.5], "texture": "#5"},
				"down": {"uv": [10.5, 8, 16, 13.5], "texture": "#5"}
			}
		},
		{
			"from": [7, 1.4, 5.999],
			"to": [9, 3.4, 5.999],
			"rotation": {"angle": 0, "axis": "y", "origin": [15, 9.5, 14]},
			"faces": {
				"north": {"uv": [7, 2.5, 15.5, 7], "texture": "#5"},
				"east": {"uv": [14.5, 1.5, 16, 6], "texture": "#5"},
				"south": {"uv": [7, 2.5, 15.5, 7], "texture": "#5"},
				"west": {"uv": [14.5, 1.5, 16, 6], "texture": "#5"},
				"up": {"uv": [14.5, 1.5, 16, 6], "texture": "#5"},
				"down": {"uv": [14.5, 1.5, 16, 6], "texture": "#5"}
			}
		},
		{
			"from": [7, 1.4, 11.001],
			"to": [9, 3.4, 11.001],
			"rotation": {"angle": 0, "axis": "y", "origin": [15, 9.5, 19]},
			"faces": {
				"north": {"uv": [7, 2.5, 15.5, 7], "texture": "#5"},
				"east": {"uv": [14.5, 0.5, 16, 5], "texture": "#5"},
				"south": {"uv": [7, 2.5, 15.5, 7], "texture": "#5"},
				"west": {"uv": [14.5, 0.5, 16, 5], "texture": "#5"},
				"up": {"uv": [14.5, 0.5, 16, 5], "texture": "#5"},
				"down": {"uv": [14.5, 0.5, 16, 5], "texture": "#5"}
			}
		}
	],
	"display": {
		"thirdperson_righthand": {
			"rotation": [0, -90, -90],
			"translation": [0.5, -2, 3.5]
		},
		"thirdperson_lefthand": {
			"rotation": [90, 90, 0],
			"translation": [-0.5, -1.75, 3.5]
		},
		"firstperson_righthand": {
			"rotation": [0, -90, 0],
			"translation": [0, 7, 1]
		},
		"firstperson_lefthand": {
			"rotation": [0, -90, 0],
			"translation": [0, 7, 1]
		},
		"ground": {
			"translation": [0, 2.75, 0]
		},
		"gui": {
			"rotation": [47, 27, 0],
			"translation": [-0.5, 5.5, 0],
			"scale": [1.38, 1.38, 1.38]
		},
		"head": {
			"rotation": [0, -90, -30],
			"translation": [-8.75, 7.75, 3],
			"scale": [1.27, 1.27, 1.27]
		},
		"fixed": {
			"rotation": [-90, 0, 0],
			"translation": [0, 0, -17.75],
			"scale": [2.35, 2.35, 2.35]
		}
	},
	"groups": [
		{
			"name": "group",
			"origin": [8, 0.5, 8],
			"children": []
		},
		{
			"name": "group",
			"origin": [8, 15.125, 8],
			"children": []
		},
		{
			"name": "group",
			"origin": [11, 8, 11],
			"children": []
		}, 0, 1, 2, 3, 4, 5, 6, 7, 8, 9, 10, 11, 12, 13, 14, 15, 16]
}