{
	"credit": "Made with Blockbench",
	"textures": {
		"0": "docs/magic_book",
		"particle": "docs/magic_book"
	},
	"elements": [
		{
			"from": [4.0119, 8.5, 3.5],
			"to": [12.0119, 8.75, 12.5],
			"faces": {
				"north": {"uv": [0, 0, 8, 0], "texture": "#0"},
				"east": {"uv": [0, 0, 8, 0], "texture": "#0"},
				"south": {"uv": [0, 0, 8, 0], "texture": "#0"},
				"west": {"uv": [0, 0, 8, 0], "texture": "#0"},
				"up": {"uv": [0, 0, 8, 9], "texture": "#0"},
				"down": {"uv": [0, 0, 8, 9], "texture": "#0"}
			}
		},
		{
			"from": [4.2619, 8.75, 3.75],
			"to": [5.7619, 9, 12.25],
			"faces": {
				"north": {"uv": [0, 0, 1.5, 0.25], "texture": "#0"},
				"east": {"uv": [0, 0, 8, 0.5], "texture": "#0"},
				"south": {"uv": [0, 0, 1.5, 0.25], "texture": "#0"},
				"west": {"uv": [0, 0, 8, 0.5], "texture": "#0"},
				"up": {"uv": [0.25, 0, 1.75, 9], "texture": "#0"},
				"down": {"uv": [0, 0, 1.5, 9], "texture": "#0"}
			}
		},
		{
			"from": [10.2619, 8.75, 3.75],
			"to": [11.7619, 9, 12.25],
			"faces": {
				"north": {"uv": [0, 0, 1.5, 0.25], "texture": "#0"},
				"east": {"uv": [0, 0, 8, 0.5], "texture": "#0"},
				"south": {"uv": [0, 0, 1.5, 0.25], "texture": "#0"},
				"west": {"uv": [0, 0, 8, 0.5], "texture": "#0"},
				"up": {"uv": [6.25, 0, 7.75, 9], "texture": "#0"},
				"down": {"uv": [0, 0, 1.5, 9], "texture": "#0"}
			}
		},
		{
			"from": [10.7619, 6.85, 6.75],
			"to": [12.5119, 9.15, 9.25],
			"faces": {
				"north": {"uv": [4, 11, 8, 16], "rotation": 90, "texture": "#0"},
				"east": {"uv": [4, 11, 8, 16], "rotation": 90, "texture": "#0"},
				"south": {"uv": [4, 11, 8, 16], "rotation": 90, "texture": "#0"},
				"west": {"uv": [4, 11, 8, 16], "rotation": 90, "texture": "#0"},
				"up": {"uv": [0, 11, 4, 16], "texture": "#0"},
				"down": {"uv": [0, 11, 4, 16], "texture": "#0"}
			}
		},
		{
			"from": [5.7619, 8.75, 10.75],
			"to": [10.2619, 9, 12.25],
			"faces": {
				"north": {"uv": [0, 0, 1.5, 0.25], "texture": "#0"},
				"east": {"uv": [0, 0, 8, 0.5], "texture": "#0"},
				"south": {"uv": [0, 0, 1.5, 0.25], "texture": "#0"},
				"west": {"uv": [0, 0, 8, 0.5], "texture": "#0"},
				"up": {"uv": [1.5, 7.25, 6, 8.75], "texture": "#0"},
				"down": {"uv": [0, 0, 1.5, 9], "texture": "#0"}
			}
		},
		{
			"from": [5.7619, 8.75, 3.75],
			"to": [10.2619, 9, 5.25],
			"faces": {
				"north": {"uv": [0, 0, 1.5, 0.25], "texture": "#0"},
				"east": {"uv": [0, 0, 8, 0.5], "texture": "#0"},
				"south": {"uv": [0, 0, 1.5, 0.25], "texture": "#0"},
				"west": {"uv": [0, 0, 8, 0.5], "texture": "#0"},
				"up": {"uv": [1.75, 0.25, 6.25, 1.75], "texture": "#0"},
				"down": {"uv": [0, 0, 1.5, 9], "texture": "#0"}
			}
		},
		{
			"from": [10.3619, 9, 10.85],
			"to": [11.6619, 9.15, 12.15],
			"faces": {
				"north": {"uv": [0, 0, 1.3, 0.15], "texture": "#0"},
				"east": {"uv": [0, 0, 1.3, 0.15], "texture": "#0"},
				"south": {"uv": [0, 0, 1.3, 0.15], "texture": "#0"},
				"west": {"uv": [0, 0, 1.3, 0.15], "texture": "#0"},
				"up": {"uv": [6, 7, 8, 9], "texture": "#0"},
				"down": {"uv": [0, 0, 1.5, 9], "texture": "#0"}
			}
		},
		{
			"from": [4.3619, 9, 10.85],
			"to": [5.6619, 9.15, 12.15],
			"faces": {
				"north": {"uv": [0, 0, 1.3, 0.15], "texture": "#0"},
				"east": {"uv": [0, 0, 1.3, 0.15], "texture": "#0"},
				"south": {"uv": [0, 0, 1.3, 0.15], "texture": "#0"},
				"west": {"uv": [0, 0, 1.3, 0.15], "texture": "#0"},
				"up": {"uv": [0, 7, 2, 9], "texture": "#0"},
				"down": {"uv": [0, 0, 1.5, 9], "texture": "#0"}
			}
		},
		{
			"from": [4.3619, 9, 3.85],
			"to": [5.6619, 9.15, 5.15],
			"faces": {
				"north": {"uv": [0, 0, 1.3, 0.15], "texture": "#0"},
				"east": {"uv": [0, 0, 1.3, 0.15], "texture": "#0"},
				"south": {"uv": [0, 0, 1.3, 0.15], "texture": "#0"},
				"west": {"uv": [0, 0, 1.3, 0.15], "texture": "#0"},
				"up": {"uv": [0, 0, 2, 2], "texture": "#0"},
				"down": {"uv": [0, 0, 1.5, 9], "texture": "#0"}
			}
		},
		{
			"from": [10.3619, 9, 3.85],
			"to": [11.6619, 9.15, 5.15],
			"faces": {
				"north": {"uv": [0, 0, 1.3, 0.15], "texture": "#0"},
				"east": {"uv": [0, 0, 1.3, 0.15], "texture": "#0"},
				"south": {"uv": [0, 0, 1.3, 0.15], "texture": "#0"},
				"west": {"uv": [0, 0, 1.3, 0.15], "texture": "#0"},
				"up": {"uv": [6, 0, 8, 2], "texture": "#0"},
				"down": {"uv": [0, 0, 1.5, 9], "texture": "#0"}
			}
		},
		{
			"from": [4.0119, 7.25, 3.5],
			"to": [12.0119, 7.5, 12.5],
			"faces": {
				"north": {"uv": [0, 0, 8, 0], "texture": "#0"},
				"east": {"uv": [0, 0, 8, 0], "texture": "#0"},
				"south": {"uv": [0, 0, 8, 0], "texture": "#0"},
				"west": {"uv": [0, 0, 8, 0], "texture": "#0"},
				"up": {"uv": [0, 9, 8, 0], "texture": "#0"},
				"down": {"uv": [0, 9, 8, 0], "texture": "#0"}
			}
		},
		{
			"from": [4.0119, 7.5, 3.5],
			"to": [4.2619, 8.5, 12.5],
			"faces": {
				"north": {"uv": [0, 0, 8, 0], "texture": "#0"},
				"east": {"uv": [0, 0, 8, 0], "texture": "#0"},
				"south": {"uv": [0, 0, 8, 0], "texture": "#0"},
				"west": {"uv": [0, 0, 8, 0], "texture": "#0"},
				"up": {"uv": [0, 0, 8, 0], "texture": "#0"},
				"down": {"uv": [0, 0, 8, 0], "texture": "#0"}
			}
		},
		{
			"from": [4.2619, 7.5, 3.75],
			"to": [11.7619, 8.5, 12.25],
			"faces": {
				"north": {"uv": [14, 16, 16, 2.5], "rotation": 90, "texture": "#0"},
				"east": {"uv": [14, 16, 16, 0], "rotation": 90, "texture": "#0"},
				"south": {"uv": [14, 13.5, 16, 0], "rotation": 90, "texture": "#0"},
				"west": {"uv": [14, 16, 16, 0], "rotation": 90, "texture": "#0"},
				"up": {"uv": [15.5, 16, 16, 0], "texture": "#0"},
				"down": {"uv": [14, 16, 14.5, 0], "texture": "#0"}
			}
		},
		{
			"from": [4.2619, 7, 3.75],
			"to": [5.7619, 7.25, 12.25],
			"faces": {
				"north": {"uv": [0, 0.25, 1.5, 0], "texture": "#0"},
				"east": {"uv": [0, 0.5, 8, 0], "texture": "#0"},
				"south": {"uv": [0, 0.25, 1.5, 0], "texture": "#0"},
				"west": {"uv": [0, 0.5, 8, 0], "texture": "#0"},
				"up": {"uv": [0, 9, 1.5, 0], "texture": "#0"},
				"down": {"uv": [0.25, 9, 1.75, 0], "texture": "#0"}
			}
		},
		{
			"from": [10.2619, 7, 3.75],
			"to": [11.7619, 7.25, 12.25],
			"faces": {
				"north": {"uv": [0, 0.25, 1.5, 0], "texture": "#0"},
				"east": {"uv": [0, 0.5, 8, 0], "texture": "#0"},
				"south": {"uv": [0, 0.25, 1.5, 0], "texture": "#0"},
				"west": {"uv": [0, 0.5, 8, 0], "texture": "#0"},
				"up": {"uv": [0, 9, 1.5, 0], "texture": "#0"},
				"down": {"uv": [6.25, 9, 7.75, 0], "texture": "#0"}
			}
		},
		{
			"from": [5.7619, 7, 10.75],
			"to": [10.2619, 7.25, 12.25],
			"faces": {
				"north": {"uv": [0, 0.25, 1.5, 0], "texture": "#0"},
				"east": {"uv": [0, 0.5, 8, 0], "texture": "#0"},
				"south": {"uv": [0, 0.25, 1.5, 0], "texture": "#0"},
				"west": {"uv": [0, 0.5, 8, 0], "texture": "#0"},
				"up": {"uv": [0, 9, 1.5, 0], "texture": "#0"},
				"down": {"uv": [1.5, 8.75, 6, 7.25], "texture": "#0"}
			}
		},
		{
			"from": [5.7619, 7, 3.75],
			"to": [10.2619, 7.25, 5.25],
			"faces": {
				"north": {"uv": [0, 0.25, 1.5, 0], "texture": "#0"},
				"east": {"uv": [0, 0.5, 8, 0], "texture": "#0"},
				"south": {"uv": [0, 0.25, 1.5, 0], "texture": "#0"},
				"west": {"uv": [0, 0.5, 8, 0], "texture": "#0"},
				"up": {"uv": [0, 9, 1.5, 0], "texture": "#0"},
				"down": {"uv": [1.75, 1.75, 6.25, 0.25], "texture": "#0"}
			}
		},
		{
			"from": [10.3619, 6.85, 10.85],
			"to": [11.6619, 7, 12.15],
			"faces": {
				"north": {"uv": [0, 0.15, 1.3, 0], "texture": "#0"},
				"east": {"uv": [0, 0.15, 1.3, 0], "texture": "#0"},
				"south": {"uv": [0, 0.15, 1.3, 0], "texture": "#0"},
				"west": {"uv": [0, 0.15, 1.3, 0], "texture": "#0"},
				"up": {"uv": [0, 9, 1.5, 0], "texture": "#0"},
				"down": {"uv": [6, 9, 8, 7], "texture": "#0"}
			}
		},
		{
			"from": [4.3619, 6.85, 10.85],
			"to": [5.6619, 7, 12.15],
			"faces": {
				"north": {"uv": [0, 0.15, 1.3, 0], "texture": "#0"},
				"east": {"uv": [0, 0.15, 1.3, 0], "texture": "#0"},
				"south": {"uv": [0, 0.15, 1.3, 0], "texture": "#0"},
				"west": {"uv": [0, 0.15, 1.3, 0], "texture": "#0"},
				"up": {"uv": [0, 9, 1.5, 0], "texture": "#0"},
				"down": {"uv": [0, 9, 2, 7], "texture": "#0"}
			}
		},
		{
			"from": [4.3619, 6.85, 3.85],
			"to": [5.6619, 7, 5.15],
			"faces": {
				"north": {"uv": [0, 0.15, 1.3, 0], "texture": "#0"},
				"east": {"uv": [0, 0.15, 1.3, 0], "texture": "#0"},
				"south": {"uv": [0, 0.15, 1.3, 0], "texture": "#0"},
				"west": {"uv": [0, 0.15, 1.3, 0], "texture": "#0"},
				"up": {"uv": [0, 9, 1.5, 0], "texture": "#0"},
				"down": {"uv": [0, 2, 2, 0], "texture": "#0"}
			}
		},
		{
			"from": [10.3619, 6.85, 3.85],
			"to": [11.6619, 7, 5.15],
			"faces": {
				"north": {"uv": [0, 0.15, 1.3, 0], "texture": "#0"},
				"east": {"uv": [0, 0.15, 1.3, 0], "texture": "#0"},
				"south": {"uv": [0, 0.15, 1.3, 0], "texture": "#0"},
				"west": {"uv": [0, 0.15, 1.3, 0], "texture": "#0"},
				"up": {"uv": [0, 9, 1.5, 0], "texture": "#0"},
				"down": {"uv": [6, 2, 8, 0], "texture": "#0"}
			}
		}
	],
	"display": {
		"thirdperson_righthand": {
			"rotation": [95.25, 0, -130.5],
			"translation": [-2.25, 1.25, -1.25],
			"scale": [0.83984, 0.83984, 0.83984]
		},
		"thirdperson_lefthand": {
			"rotation": [95.25, 0, 48],
			"translation": [-2.25, 1.25, -1.25],
			"scale": [0.83984, 0.83984, 0.83984]
		},
		"firstperson_righthand": {
			"rotation": [95.25, 0, -130.5],
			"translation": [3.5, 0.25, -1.25],
			"scale": [0.83984, 0.83984, 0.83984]
		},
		"firstperson_lefthand": {
			"rotation": [95.25, 0, 48],
			"translation": [3.5, 0, -1.25],
			"scale": [0.83984, 0.83984, 0.83984]
		},
		"gui": {
			"rotation": [119, -17, 31.5],
			"translation": [-0.25, -0.25, 0]
		},
		"head": {
			"rotation": [-45, 162, 0],
			"translation": [0, 21, 0],
			"scale": [2.18359, 2.18359, 2.18359]
		},
		"fixed": {
			"rotation": [-90, -180, 0],
			"translation": [0, 0, -0.5],
			"scale": [2, 2, 2]
		}
	},
	"groups": [
		{
			"name": "group",
			"origin": [15, 10.25, 3],
			"children": [0, 1, 2, 3, 4, 5, 6, 7, 8, 9]
		},
		{
			"name": "group",
			"origin": [15, 10.25, 3],
			"children": [10, 11, 12, 13, 14, 15, 16, 17, 18, 19, 20]
		}
	]
}