{"credit":"Made by Overseer","textures":{"0":"army/helmet/1","1":"army/helmet/2","2":"army/helmet/3","3":"army/helmet/4","4":"army/helmet/5","particle":"army/helmet/1"},"elements":[{"from":[13,1.75,8.25],"to":[13.5,4.25,13],"rotation":{"angle":0,"axis":"y","origin":[21,8,20]},"faces":{"north":{"uv":[0,0,0.5,2.5],"texture":"#2"},"east":{"uv":[0,0,4.75,2.5],"texture":"#2"},"south":{"uv":[0,0,0.5,2.5],"texture":"#2"},"west":{"uv":[0,0,4.75,2.5],"texture":"#missing"},"up":{"uv":[0,0,0.5,4.75],"texture":"#missing"},"down":{"uv":[0,0,0.5,4.75],"texture":"#2"}}},{"from":[12.89645,4,8.25],"to":[13.39645,4.5,13],"rotation":{"angle":45,"axis":"z","origin":[13.14645,4.25,10.625]},"faces":{"north":{"uv":[0,0,0.5,0.5],"texture":"#2"},"east":{"uv":[0,0,4.75,0.5],"texture":"#2"},"south":{"uv":[0,0,0.5,0.5],"texture":"#2"},"west":{"uv":[0,0,4.75,0.5],"texture":"#missing"},"up":{"uv":[0,0,0.5,4.75],"texture":"#missing"},"down":{"uv":[0,0,0.5,4.75],"texture":"#missing"}}},{"from":[12.42336,6.1147,7.25],"to":[12.92336,6.6147,13.75],"rotation":{"angle":-22.5,"axis":"z","origin":[12.67336,6.3647,9.625]},"faces":{"north":{"uv":[0,0,0.5,0.5],"rotation":90,"texture":"#2"},"east":{"uv":[0,0,0.5,6.5],"rotation":270,"texture":"#missing"},"south":{"uv":[0,0,0.5,0.5],"rotation":270,"texture":"#2"},"west":{"uv":[0,0,0.5,6.5],"rotation":270,"texture":"#2"},"up":{"uv":[0,0,6.5,0.5],"rotation":270,"texture":"#2"},"down":{"uv":[0,0,6.5,0.5],"rotation":270,"texture":"#missing"}}},{"from":[4.32664,6.1147,7.25],"to":[4.82664,6.6147,13.75],"rotation":{"angle":22.5,"axis":"z","origin":[4.57664,6.3647,9.625]},"faces":{"north":{"uv":[0,0,0.5,0.5],"texture":"#2"},"east":{"uv":[0,0,6.5,0.5],"texture":"#2"},"south":{"uv":[0,0,0.5,0.5],"texture":"#2"},"west":{"uv":[0,0,6.5,0.5],"texture":"#missing"},"up":{"uv":[0,0,0.5,6.5],"texture":"#2"},"down":{"uv":[0,0,0.5,6.5],"texture":"#missing"}}},{"from":[3.85355,4,8],"to":[4.35355,4.5,13],"rotation":{"angle":45,"axis":"z","origin":[4.10355,4.25,10.625]},"faces":{"north":{"uv":[0,0,0.5,0.5],"texture":"#2"},"east":{"uv":[0,0,5,0.5],"texture":"#2"},"south":{"uv":[0,0,0.5,0.5],"texture":"#2"},"west":{"uv":[0,0,5,0.5],"texture":"#missing"},"up":{"uv":[0,0,0.5,5],"texture":"#2"},"down":{"uv":[0,0,0.5,5],"texture":"#missing"}}},{"from":[3.75,1.75,8],"to":[4.25,4.25,13],"rotation":{"angle":0,"axis":"y","origin":[11.75,8,20]},"faces":{"north":{"uv":[0,0,0.5,2.5],"texture":"#2"},"east":{"uv":[0,0,5,2.5],"texture":"#missing"},"south":{"uv":[0,0,0.5,2.5],"texture":"#2"},"west":{"uv":[0,0,5,2.5],"texture":"#2"},"up":{"uv":[0,0,0.5,5],"texture":"#missing"},"down":{"uv":[0,0,0.5,5],"texture":"#2"}}},{"from":[12.25,1.75,7.25],"to":[13,6.5,13.75],"rotation":{"angle":0,"axis":"y","origin":[21,8,20]},"faces":{"north":{"uv":[0,0,0.75,4.75],"texture":"#2"},"east":{"uv":[0.32,0,6.88,4.8],"texture":"#2"},"south":{"uv":[0,0,0.75,4.75],"texture":"#2"},"west":{"uv":[0,0,6.5,4.75],"texture":"#1"},"up":{"uv":[0,0,0.75,6.5],"texture":"#missing"},"down":{"uv":[0,0,0.75,6.5],"texture":"#2"}}},{"from":[12.25,4.75,5.75],"to":[13,6.5,7.25],"rotation":{"angle":0,"axis":"y","origin":[21,8,20]},"faces":{"north":{"uv":[0,0,0.75,1.75],"texture":"#2"},"east":{"uv":[0,0,1.5,1.75],"texture":"#2"},"south":{"uv":[0,0,0.75,1.75],"texture":"#missing"},"west":{"uv":[0,0,1.5,1.75],"texture":"#1"},"up":{"uv":[0,0,0.75,1.5],"texture":"#2"},"down":{"uv":[0,0,0.75,1.5],"texture":"#2"}}},{"from":[4.75,5.5,5.5],"to":[12.5,6.5,6],"rotation":{"angle":0,"axis":"y","origin":[21,8,20]},"faces":{"north":{"uv":[0,0,7.75,1],"texture":"#2"},"east":{"uv":[0,0,0.5,1],"texture":"#2"},"south":{"uv":[0,0,7.75,1],"texture":"#1"},"west":{"uv":[0,0,0.5,1],"texture":"#2"},"up":{"uv":[0,0,7.75,0.5],"texture":"#2"},"down":{"uv":[0,0,7.75,0.5],"texture":"#2"}}},{"from":[4.25,4.75,5.75],"to":[5,6.5,7.5],"rotation":{"angle":0,"axis":"y","origin":[13,8,20]},"faces":{"north":{"uv":[0,0,0.75,1.75],"texture":"#2"},"east":{"uv":[0,0,1.75,1.75],"texture":"#1"},"south":{"uv":[0,0,0.75,1.75],"texture":"#missing"},"west":{"uv":[0,0,1.75,1.75],"texture":"#2"},"up":{"uv":[0,0,0.75,1.75],"texture":"#2"},"down":{"uv":[0,0,0.75,1.75],"texture":"#2"}}},{"from":[4.25,3.25,6.25],"to":[5,4.75,7.25],"rotation":{"angle":0,"axis":"y","origin":[13,8,20]},"faces":{"north":{"uv":[0,0,0.75,1.5],"texture":"#2"},"east":{"uv":[0,0,1,1.5],"texture":"#1"},"south":{"uv":[0,0,0.75,1.5],"texture":"#missing"},"west":{"uv":[0,0,1,1.5],"texture":"#2"},"up":{"uv":[0,0,0.75,1],"texture":"#missing"},"down":{"uv":[0,0,0.75,1],"texture":"#2"}}},{"from":[12.25,3.25,6.25],"to":[13,4.75,7.25],"rotation":{"angle":0,"axis":"y","origin":[21,8,20]},"faces":{"north":{"uv":[0,0,0.75,1.5],"texture":"#2"},"east":{"uv":[0,0,1,1.5],"texture":"#2"},"south":{"uv":[0,0,0.75,1.5],"texture":"#missing"},"west":{"uv":[0,0,1,1.5],"texture":"#1"},"up":{"uv":[0,0,0.75,1],"texture":"#missing"},"down":{"uv":[0,0,0.75,1],"texture":"#2"}}},{"from":[4.25,1.75,7.25],"to":[5,6.5,13.75],"rotation":{"angle":0,"axis":"y","origin":[13,8,20]},"faces":{"north":{"uv":[0,0,0.75,4.75],"texture":"#2"},"east":{"uv":[0,0,6.5,4.75],"texture":"#1"},"south":{"uv":[0,0,0.75,4.75],"texture":"#2"},"west":{"uv":[0,0,6.5,4.75],"texture":"#2"},"up":{"uv":[0,0,0.75,6.5],"texture":"#missing"},"down":{"uv":[0,0,0.75,6.5],"texture":"#2"}}},{"from":[4.75,1.75,13.75],"to":[12.5,6.5,14],"rotation":{"angle":0,"axis":"y","origin":[13,8,20]},"faces":{"north":{"uv":[0,0,7.75,4.75],"texture":"#1"},"east":{"uv":[0,0,0.25,4.75],"texture":"#2"},"south":{"uv":[0,0,7.75,4.75],"texture":"#2"},"west":{"uv":[0,0,0.25,4.75],"texture":"#2"},"up":{"uv":[0,0,7.75,0.25],"texture":"#missing"},"down":{"uv":[0,0,7.75,0.25],"texture":"#2"}}},{"from":[4.75,6,6],"to":[12.5,7,14],"rotation":{"angle":0,"axis":"y","origin":[13,8,20]},"faces":{"north":{"uv":[0,0,7.75,1],"texture":"#2"},"east":{"uv":[0,0,5.12,0.96],"texture":"#2"},"south":{"uv":[0,0,7.75,1],"texture":"#2"},"west":{"uv":[0,0,8,1],"texture":"#2"},"up":{"uv":[0,0,6.88,3.2],"texture":"#2"},"down":{"uv":[0,0,7.75,8],"texture":"#1"}}},{"from":[5.5,6.5,5.75],"to":[11.75,7.25,13.75],"rotation":{"angle":0,"axis":"y","origin":[13,8,20]},"faces":{"north":{"uv":[0,0,7.75,1],"texture":"#2"},"east":{"uv":[0,0,5.12,0.96],"texture":"#2"},"south":{"uv":[0,0,7.75,1],"texture":"#2"},"west":{"uv":[0,0,8,1],"texture":"#2"},"up":{"uv":[0,0,6.88,3.2],"texture":"#2"},"down":{"uv":[0,0,7.75,8],"texture":"#missing"}}},{"from":[4.5,0.25,7.75],"to":[4.75,3.75,9],"rotation":{"angle":0,"axis":"y","origin":[12,8,14.5]},"faces":{"north":{"uv":[0,0,0.25,3.5],"texture":"#3"},"east":{"uv":[0,0,1.25,3.5],"texture":"#3"},"south":{"uv":[0,0,0.25,3.5],"texture":"#3"},"west":{"uv":[0,0,1.25,3.5],"texture":"#3"},"up":{"uv":[0,0,0.25,1.25],"texture":"#missing"},"down":{"uv":[0,0,0.25,1.25],"texture":"#3"}}},{"from":[12.5,0.25,7.75],"to":[12.75,4,9],"rotation":{"angle":0,"axis":"y","origin":[20.25,8,14.5]},"faces":{"north":{"uv":[0,0,0.25,3.75],"texture":"#3"},"east":{"uv":[0,0,1.25,3.75],"texture":"#3"},"south":{"uv":[0,0,0.25,3.75],"texture":"#3"},"west":{"uv":[0,0,1.25,3.75],"texture":"#3"},"up":{"uv":[0,0,0.25,1.25],"texture":"#missing"},"down":{"uv":[0,0,0.25,1.25],"texture":"#3"}}},{"from":[4.5,0.25,7.75],"to":[12.75,0.5,9],"rotation":{"angle":0,"axis":"y","origin":[20.25,9,14.5]},"faces":{"north":{"uv":[0,0,8.25,0.25],"texture":"#3"},"east":{"uv":[0,0,1.25,0.25],"texture":"#3"},"south":{"uv":[0,0,8.25,0.25],"texture":"#3"},"west":{"uv":[0,0,1.25,0.25],"texture":"#3"},"up":{"uv":[0,0,8.25,1.25],"texture":"#3"},"down":{"uv":[0,0,8.25,1.25],"texture":"#3"}}},{"from":[13,4.75,5.75],"to":[13.5,5.25,13.75],"rotation":{"angle":0,"axis":"y","origin":[20.5,12.75,16.25]},"faces":{"north":{"uv":[0,0,0.5,0.5],"texture":"#4"},"east":{"uv":[0,0,8,0.5],"texture":"#4"},"south":{"uv":[0,0,0.5,0.5],"texture":"#4"},"west":{"uv":[0,0,8,0.5],"texture":"#missing"},"up":{"uv":[0,0,0.5,8],"texture":"#4"},"down":{"uv":[0,0,0.5,8],"texture":"#4"}}},{"from":[12.25,4.75,5.5],"to":[13,5.25,5.75],"rotation":{"angle":0,"axis":"y","origin":[20.5,12.75,16.25]},"faces":{"north":{"uv":[0,0,0.75,0.5],"texture":"#4"},"east":{"uv":[0,0,0.25,0.5],"texture":"#4"},"south":{"uv":[0,0,0.75,0.5],"texture":"#missing"},"west":{"uv":[0,0,0.25,0.5],"texture":"#4"},"up":{"uv":[0,0,0.75,0.25],"texture":"#4"},"down":{"uv":[0,0,0.75,0.25],"texture":"#4"}}},{"from":[4.25,4.75,5.5],"to":[5,5.25,5.75],"rotation":{"angle":0,"axis":"y","origin":[12.5,12.75,16.25]},"faces":{"north":{"uv":[0,0,0.75,0.5],"texture":"#4"},"east":{"uv":[0,0,0.25,0.5],"texture":"#4"},"south":{"uv":[0,0,0.75,0.5],"texture":"#missing"},"west":{"uv":[0,0,0.25,0.5],"texture":"#4"},"up":{"uv":[0,0,0.75,0.25],"texture":"#4"},"down":{"uv":[0,0,0.75,0.25],"texture":"#4"}}},{"from":[3.75,4.75,5.75],"to":[4.25,5.25,13.75],"rotation":{"angle":0,"axis":"y","origin":[11.5,12.75,16.25]},"faces":{"north":{"uv":[0,0,0.5,0.5],"texture":"#4"},"east":{"uv":[0,0,8,0.5],"texture":"#missing"},"south":{"uv":[0,0,0.5,0.5],"texture":"#4"},"west":{"uv":[0,0,8,0.5],"texture":"#4"},"up":{"uv":[0,0,0.5,8],"texture":"#4"},"down":{"uv":[0,0,0.5,8],"texture":"#4"}}},{"from":[12.5,4.75,13.75],"to":[13,5.25,14],"rotation":{"angle":0,"axis":"y","origin":[20.5,12.75,16.25]},"faces":{"north":{"uv":[0,0,0.5,0.5],"texture":"#missing"},"east":{"uv":[0,0,0.25,0.5],"texture":"#4"},"south":{"uv":[0,0,0.5,0.5],"texture":"#4"},"west":{"uv":[0,0,0.25,0.5],"texture":"#missing"},"up":{"uv":[0,0,0.5,0.25],"texture":"#4"},"down":{"uv":[0,0,0.5,0.25],"texture":"#4"}}},{"from":[4.25,4.75,13.75],"to":[4.75,5.25,14],"rotation":{"angle":0,"axis":"y","origin":[12.25,12.75,16.25]},"faces":{"north":{"uv":[0,0,0.5,0.5],"texture":"#missing"},"east":{"uv":[0,0,0.25,0.5],"texture":"#missing"},"south":{"uv":[0,0,0.5,0.5],"texture":"#4"},"west":{"uv":[0,0,0.25,0.5],"texture":"#4"},"up":{"uv":[0,0,0.5,0.25],"texture":"#4"},"down":{"uv":[0,0,0.5,0.25],"texture":"#4"}}},{"from":[4.75,4.75,14],"to":[12.5,5.25,14.25],"rotation":{"angle":0,"axis":"y","origin":[20.5,12.75,16.25]},"faces":{"north":{"uv":[0,0,7.75,0.5],"texture":"#missing"},"east":{"uv":[0,0,0.25,0.5],"texture":"#4"},"south":{"uv":[0,0,7.75,0.5],"texture":"#4"},"west":{"uv":[0,0,0.25,0.5],"texture":"#4"},"up":{"uv":[0,0,7.75,0.25],"texture":"#4"},"down":{"uv":[0,0,7.75,0.25],"texture":"#4"}}},{"from":[4,4,6.75],"to":[4.25,6.5,8.25],"rotation":{"angle":0,"axis":"y","origin":[11.25,12.25,14.75]},"faces":{"north":{"uv":[7.04,8.64,7.36,11.2],"texture":"#0"},"east":{"uv":[0,0,1.5,2.5],"texture":"#missing"},"south":{"uv":[10.4,9.44,10.72,12],"texture":"#0"},"west":{"uv":[2.72,7.68,7.52,15.36],"texture":"#0"},"up":{"uv":[10.4,11.68,10.72,13.12],"texture":"#0"},"down":{"uv":[5.76,7.84,6.08,9.28],"texture":"#0"}}}],"display":{"thirdperson_righthand":{"rotation":[-137,-11,11],"translation":[0,-6.25,-4.25]},"thirdperson_lefthand":{"rotation":[-180,0,0],"translation":[2,-7,3.25]},"firstperson_righthand":{"translation":[0,5.25,0]},"firstperson_lefthand":{"translation":[0,5.5,0]},"ground":{"rotation":[-180,0,0],"translation":[0,-5.25,5],"scale":[1.69,1.69,1.69]},"gui":{"rotation":[7,137,0],"translation":[-0.5,4,0],"scale":[1,1.2,1]},"head":{"translation":[-1,9.25,-3.5],"scale":[1.81,2.07,1.83]},"fixed":{"rotation":[-53,0,0],"translation":[-1,2.25,-20.75],"scale":[3.01,3.01,3.01]}}}