{
	"credit": "Made with Blockbench",
	"textures": {
		"0": "card_smi/press_card",
		"1": "card_smi/press_card1",
		"particle": "card_smi/press_card"
	},
	"elements": [
		{
			"from": [8, 0, 5],
			"to": [8, 13, 12],
			"rotation": {"angle": 0, "axis": "y", "origin": [16, 8, 13]},
			"faces": {
				"north": {"uv": [12.33333, 8.16667, 13.30556, 10.16667], "texture": "#0"},
				"east": {"uv": [0, 0, 16, 16], "texture": "#1"},
				"south": {"uv": [11.80556, 8.5, 13.02778, 9.61111], "texture": "#0"},
				"west": {"uv": [0, 0, 16, 16], "texture": "#0"},
				"up": {"uv": [1.80556, 7.58333, 3.72222, 10.47222], "texture": "#0"},
				"down": {"uv": [1.52778, 7.69444, 3.02778, 10.63889], "texture": "#0"}
			}
		}
	],
	"display": {
		"thirdperson_righthand": {
			"rotation": [0, 90, 0],
			"translation": [-0.25, 2.5, 0],
			"scale": [0.5, 0.5, 0.5]
		},
		"thirdperson_lefthand": {
			"rotation": [0, -90, 0],
			"translation": [0.25, 2.5, 0],
			"scale": [0.5, 0.5, 0.5]
		},
		"firstperson_righthand": {
			"translation": [0, 0, 1]
		},
		"firstperson_lefthand": {
			"rotation": [0, -180, 0],
			"translation": [0, 0, 0.75]
		},
		"ground": {
			"rotation": [0, 0, -90],
			"translation": [0, -3.75, 0]
		},
		"gui": {
			"rotation": [36, 58, -55],
			"translation": [0.25, 1.5, 0]
		},
		"head": {
			"rotation": [0, -90, 0],
			"translation": [-3.25, -12, -3.25],
			"scale": [0.4, 0.4, 0.4]
		},
		"fixed": {
			"rotation": [0, -90, 0],
			"translation": [0.5, 0, 0.99]
		}
	}
}