{"credit":"Made with Blockbench","textures":{"0":"blood/blood","particle":"blood/blood"},"elements":[{"from":[3,0,3],"to":[13,0,13],"rotation":{"angle":0,"axis":"y","origin":[16,8,14]},"faces":{"north":{"uv":[0,0,10,0],"texture":"#missing"},"east":{"uv":[0,0,10,0],"texture":"#missing"},"south":{"uv":[0,0,10,0],"texture":"#missing"},"west":{"uv":[0,0,10,0],"texture":"#missing"},"up":{"uv":[0.96,0.8,14.4,13.92],"texture":"#0"},"down":{"uv":[0.64,0.48,13.6,14.72],"texture":"#0"}}}],"display":{"thirdperson_righthand":{"translation":[0.25,3.25,4.5],"scale":[0.40234,0.40234,0.40234]},"thirdperson_lefthand":{"translation":[0.25,3.25,5.75],"scale":[0.38672,0.38672,0.38672]},"ground":{"translation":[0,4,0]},"gui":{"rotation":[47,42,0],"translation":[0.75,5.5,22],"scale":[1.06,1.06,1.06]},"head":{"translation":[0,14.5,0]},"fixed":{"rotation":[-90,0,0],"translation":[0,0,-32],"scale":[4,4,4]}}}