{"credit":"Dooraley","textures":{"0":"block/gray_concrete","4":"block/barrel_bottom","5":"block/anvil","6":"block/black_concrete","7":"block/light_gray_concrete","particle":"block/gray_concrete"},"elements":[{"from":[4.95,0.15,8.05],"to":[13.6,0.85,8.25],"rotation":{"angle":0,"axis":"y","origin":[12.92002,0.46144,6.27084]},"faces":{"north":{"uv":[0,0,1.45,1.1],"texture":"#0"},"east":{"uv":[0,0,1,1.1],"texture":"#0"},"south":{"uv":[0,0,1.45,1.1],"texture":"#0"},"west":{"uv":[0,0,1,1.1],"texture":"#0"},"up":{"uv":[0,0,1.45,1],"texture":"#0"},"down":{"uv":[0,0,1.45,1],"texture":"#0"}}},{"from":[11.95,0.1,7.75],"to":[12.1,0.9,8.3],"rotation":{"angle":0,"axis":"y","origin":[12.92002,0.46144,6.27084]},"faces":{"north":{"uv":[0,0,1.45,1.1],"texture":"#0"},"east":{"uv":[0,0,1,1.1],"texture":"#0"},"south":{"uv":[0,0,1.45,1.1],"texture":"#0"},"west":{"uv":[0,0,1,1.1],"texture":"#0"},"up":{"uv":[0,0,1.45,1],"texture":"#0"},"down":{"uv":[0,0,1.45,1],"texture":"#0"}}},{"from":[8.85,0.1,7.75],"to":[9,0.9,8.3],"rotation":{"angle":0,"axis":"y","origin":[12.92002,0.46144,6.27084]},"faces":{"north":{"uv":[0,0,1.45,1.1],"texture":"#0"},"east":{"uv":[0,0,1,1.1],"texture":"#0"},"south":{"uv":[0,0,1.45,1.1],"texture":"#0"},"west":{"uv":[0,0,1,1.1],"texture":"#0"},"up":{"uv":[0,0,1.45,1],"texture":"#0"},"down":{"uv":[0,0,1.45,1],"texture":"#0"}}},{"from":[5.75,0.1,7.75],"to":[5.9,0.9,8.3],"rotation":{"angle":0,"axis":"y","origin":[12.92002,0.46144,6.27084]},"faces":{"north":{"uv":[0,0,1.45,1.1],"texture":"#0"},"east":{"uv":[0,0,1,1.1],"texture":"#0"},"south":{"uv":[0,0,1.45,1.1],"texture":"#0"},"west":{"uv":[0,0,1,1.1],"texture":"#0"},"up":{"uv":[0,0,1.45,1],"texture":"#0"},"down":{"uv":[0,0,1.45,1],"texture":"#0"}}},{"from":[15.35,0.15,7.95],"to":[18.4,0.85,8.25],"rotation":{"angle":0,"axis":"y","origin":[12.92002,0.46144,6.27084]},"faces":{"north":{"uv":[0,0,1.45,1.1],"texture":"#4"},"east":{"uv":[0,0,1,1.1],"texture":"#4"},"south":{"uv":[0,0,1.45,1.1],"texture":"#4"},"west":{"uv":[0,0,1,1.1],"texture":"#4"},"up":{"uv":[0,0,1.45,1],"texture":"#4"},"down":{"uv":[0,0,1.45,1],"texture":"#4"}}},{"from":[18.4,0.15,7.25],"to":[20.55,0.85,7.95],"rotation":{"angle":0,"axis":"y","origin":[12.92002,0.46144,6.27084]},"faces":{"north":{"uv":[0,0,1.45,1.1],"texture":"#0"},"east":{"uv":[0,0,1,1.1],"texture":"#0"},"south":{"uv":[0,0,1.45,1.1],"texture":"#0"},"west":{"uv":[0,0,1,1.1],"texture":"#0"},"up":{"uv":[0,0,1.45,1],"texture":"#0"},"down":{"uv":[0,0,1.45,1],"texture":"#0"}}},{"from":[19.65,0.4,6.45],"to":[20.35,0.6,7.5],"rotation":{"angle":0,"axis":"y","origin":[12.92002,0.46144,6.27084]},"faces":{"north":{"uv":[0,0,1,1.1],"texture":"#0"},"east":{"uv":[0,0,1.45,1.1],"texture":"#0"},"south":{"uv":[0,0,1,1.1],"texture":"#0"},"west":{"uv":[0,0,1.45,1.1],"texture":"#0"},"up":{"uv":[0,0,1.45,1],"rotation":270,"texture":"#0"},"down":{"uv":[0,0,1.45,1],"rotation":90,"texture":"#0"}}},{"from":[22.45,0.4,5.9],"to":[23.15,0.6,6.15],"rotation":{"angle":0,"axis":"y","origin":[12.92002,0.46144,6.27084]},"faces":{"north":{"uv":[0,0,1,1.1],"texture":"#0"},"east":{"uv":[0,0,1.45,1.1],"texture":"#0"},"south":{"uv":[0,0,1,1.1],"texture":"#0"},"west":{"uv":[0,0,1.45,1.1],"texture":"#0"},"up":{"uv":[0,0,1.45,1],"rotation":270,"texture":"#0"},"down":{"uv":[0,0,1.45,1],"rotation":90,"texture":"#0"}}},{"from":[19.75,0.4,5.9],"to":[20.45,0.6,6.15],"rotation":{"angle":0,"axis":"y","origin":[12.92002,0.46144,6.27084]},"faces":{"north":{"uv":[0,0,1,1.1],"texture":"#0"},"east":{"uv":[0,0,1.45,1.1],"texture":"#0"},"south":{"uv":[0,0,1,1.1],"texture":"#0"},"west":{"uv":[0,0,1.45,1.1],"texture":"#0"},"up":{"uv":[0,0,1.45,1],"rotation":270,"texture":"#0"},"down":{"uv":[0,0,1.45,1],"rotation":90,"texture":"#0"}}},{"from":[19.25,0.45,6],"to":[23.55,0.55,6.1],"rotation":{"angle":0,"axis":"y","origin":[12.92002,0.46144,6.27084]},"faces":{"north":{"uv":[0,0,1,1.1],"texture":"#0"},"east":{"uv":[0,0,1.45,1.1],"texture":"#0"},"south":{"uv":[0,0,1,1.1],"texture":"#0"},"west":{"uv":[0,0,1.45,1.1],"texture":"#0"},"up":{"uv":[0,0,1.45,1],"rotation":270,"texture":"#0"},"down":{"uv":[0,0,1.45,1],"rotation":90,"texture":"#0"}}},{"from":[23.35,0.45,6.1],"to":[23.55,0.55,6.2],"rotation":{"angle":0,"axis":"y","origin":[12.92002,0.46144,6.27084]},"faces":{"north":{"uv":[0,0,1,1.1],"texture":"#0"},"east":{"uv":[0,0,1.45,1.1],"texture":"#0"},"south":{"uv":[0,0,1,1.1],"texture":"#0"},"west":{"uv":[0,0,1.45,1.1],"texture":"#0"},"up":{"uv":[0,0,1.45,1],"rotation":270,"texture":"#0"},"down":{"uv":[0,0,1.45,1],"rotation":90,"texture":"#0"}}},{"from":[22.4,0.15,6.15],"to":[23.65,0.85,6.85],"rotation":{"angle":0,"axis":"y","origin":[12.92002,0.46144,6.27084]},"faces":{"north":{"uv":[0,0,1.45,1.1],"texture":"#0"},"east":{"uv":[0,0,1,1.1],"texture":"#0"},"south":{"uv":[0,0,1.45,1.1],"texture":"#0"},"west":{"uv":[0,0,1,1.1],"texture":"#0"},"up":{"uv":[0,0,1.45,1],"texture":"#0"},"down":{"uv":[0,0,1.45,1],"texture":"#0"}}},{"from":[22.6,0.2,6.85],"to":[23.55,0.8,6.95],"rotation":{"angle":0,"axis":"y","origin":[12.92002,0.46144,6.27084]},"faces":{"north":{"uv":[0,0,1.45,1.1],"texture":"#0"},"east":{"uv":[0,0,1,1.1],"texture":"#0"},"south":{"uv":[0,0,1.45,1.1],"texture":"#0"},"west":{"uv":[0,0,1,1.1],"texture":"#0"},"up":{"uv":[0,0,1.45,1],"texture":"#0"},"down":{"uv":[0,0,1.45,1],"texture":"#0"}}},{"from":[21.60325,0.2,10.46533],"to":[21.80325,0.8,11.71533],"rotation":{"angle":22.5,"axis":"y","origin":[12.92002,0.46144,6.27084]},"faces":{"north":{"uv":[0,0,1,1.1],"texture":"#0"},"east":{"uv":[0,0,1.45,1.1],"texture":"#0"},"south":{"uv":[0,0,1,1.1],"texture":"#0"},"west":{"uv":[0,0,1.45,1.1],"texture":"#0"},"up":{"uv":[0,0,1.45,1],"rotation":90,"texture":"#0"},"down":{"uv":[0,0,1.45,1],"rotation":270,"texture":"#0"}}},{"from":[23.35,0.2,6.9],"to":[23.55,0.8,7.95],"rotation":{"angle":0,"axis":"y","origin":[12.92002,0.46144,6.27084]},"faces":{"north":{"uv":[0,0,1,1.1],"texture":"#0"},"east":{"uv":[0,0,1.45,1.1],"texture":"#0"},"south":{"uv":[0,0,1,1.1],"texture":"#0"},"west":{"uv":[0,0,1.45,1.1],"texture":"#0"},"up":{"uv":[0,0,1.45,1],"rotation":90,"texture":"#0"},"down":{"uv":[0,0,1.45,1],"rotation":270,"texture":"#0"}}},{"from":[23,0.2,7.85],"to":[23.55,0.8,8.3],"rotation":{"angle":0,"axis":"y","origin":[12.92002,0.46144,6.27084]},"faces":{"north":{"uv":[0,0,1,1.1],"texture":"#0"},"east":{"uv":[0,0,1.45,1.1],"texture":"#0"},"south":{"uv":[0,0,1,1.1],"texture":"#0"},"west":{"uv":[0,0,1.45,1.1],"texture":"#0"},"up":{"uv":[0,0,1.45,1],"rotation":90,"texture":"#0"},"down":{"uv":[0,0,1.45,1],"rotation":270,"texture":"#0"}}},{"from":[23,0.7,8.3],"to":[23.55,0.8,8.7],"rotation":{"angle":0,"axis":"y","origin":[12.92002,0.46144,6.27084]},"faces":{"north":{"uv":[0,0,1,1.1],"texture":"#0"},"east":{"uv":[0,0,1.45,1.1],"texture":"#0"},"south":{"uv":[0,0,1,1.1],"texture":"#0"},"west":{"uv":[0,0,1.45,1.1],"texture":"#0"},"up":{"uv":[0,0,1.45,1],"rotation":90,"texture":"#0"},"down":{"uv":[0,0,1.45,1],"rotation":270,"texture":"#0"}}},{"from":[23,0.2,8.3],"to":[23.55,0.3,8.7],"rotation":{"angle":0,"axis":"y","origin":[12.92002,0.46144,6.27084]},"faces":{"north":{"uv":[0,0,1,1.1],"texture":"#0"},"east":{"uv":[0,0,1.45,1.1],"texture":"#0"},"south":{"uv":[0,0,1,1.1],"texture":"#0"},"west":{"uv":[0,0,1.45,1.1],"texture":"#0"},"up":{"uv":[0,0,1.45,1],"rotation":90,"texture":"#0"},"down":{"uv":[0,0,1.45,1],"rotation":270,"texture":"#0"}}},{"from":[23,0.3,8.7],"to":[23.55,0.7,8.8],"rotation":{"angle":0,"axis":"y","origin":[12.92002,0.46144,6.27084]},"faces":{"north":{"uv":[0,0,1,1.1],"texture":"#0"},"east":{"uv":[0,0,1.45,1.1],"texture":"#0"},"south":{"uv":[0,0,1,1.1],"texture":"#0"},"west":{"uv":[0,0,1.45,1.1],"texture":"#0"},"up":{"uv":[0,0,1.45,1],"rotation":90,"texture":"#0"},"down":{"uv":[0,0,1.45,1],"rotation":270,"texture":"#0"}}},{"from":[23,0.45,8.3],"to":[23.55,0.55,8.5],"rotation":{"angle":0,"axis":"y","origin":[12.92002,0.46144,6.27084]},"faces":{"north":{"uv":[0,0,1,1.1],"texture":"#0"},"east":{"uv":[0,0,1.45,1.1],"texture":"#0"},"south":{"uv":[0,0,1,1.1],"texture":"#0"},"west":{"uv":[0,0,1.45,1.1],"texture":"#0"},"up":{"uv":[0,0,1.45,1],"rotation":90,"texture":"#0"},"down":{"uv":[0,0,1.45,1],"rotation":270,"texture":"#0"}}},{"from":[19.3,0.15,6.15],"to":[20.55,0.85,6.85],"rotation":{"angle":0,"axis":"y","origin":[12.92002,0.46144,6.27084]},"faces":{"north":{"uv":[0,0,1.45,1.1],"texture":"#0"},"east":{"uv":[0,0,1,1.1],"texture":"#0"},"south":{"uv":[0,0,1.45,1.1],"texture":"#0"},"west":{"uv":[0,0,1,1.1],"texture":"#0"},"up":{"uv":[0,0,1.45,1],"texture":"#0"},"down":{"uv":[0,0,1.45,1],"texture":"#0"}}},{"from":[18.4,0.2,6.2],"to":[24.15,0.8,6.8],"rotation":{"angle":0,"axis":"y","origin":[12.92002,0.46144,6.27084]},"faces":{"north":{"uv":[0,0,1.45,1.1],"texture":"#0"},"east":{"uv":[0,0,1,1.1],"texture":"#0"},"south":{"uv":[0,0,1.45,1.1],"texture":"#0"},"west":{"uv":[0,0,1,1.1],"texture":"#0"},"up":{"uv":[0,0,1.45,1],"texture":"#0"},"down":{"uv":[0,0,1.45,1],"texture":"#0"}}},{"from":[24.15,0.1,6.7],"to":[25.7,0.9,6.9],"rotation":{"angle":0,"axis":"y","origin":[12.92002,0.46144,6.27084]},"faces":{"north":{"uv":[0,0,1.45,1.1],"texture":"#0"},"east":{"uv":[0,0,1,1.1],"texture":"#0"},"south":{"uv":[0,0,1.45,1.1],"texture":"#0"},"west":{"uv":[0,0,1,1.1],"texture":"#0"},"up":{"uv":[0,0,1.45,1],"texture":"#0"},"down":{"uv":[0,0,1.45,1],"texture":"#0"}}},{"from":[24.15,0.7,6.3],"to":[25.7,0.9,6.7],"rotation":{"angle":0,"axis":"y","origin":[12.92002,0.46144,6.27084]},"faces":{"north":{"uv":[0,0,1.45,1.1],"texture":"#0"},"east":{"uv":[0,0,1,1.1],"texture":"#0"},"south":{"uv":[0,0,1.45,1.1],"texture":"#0"},"west":{"uv":[0,0,1,1.1],"texture":"#0"},"up":{"uv":[0,0,1.45,1],"texture":"#0"},"down":{"uv":[0,0,1.45,1],"texture":"#0"}}},{"from":[24.15,0.1,6.3],"to":[25.7,0.3,6.7],"rotation":{"angle":0,"axis":"y","origin":[12.92002,0.46144,6.27084]},"faces":{"north":{"uv":[0,0,1.45,1.1],"texture":"#0"},"east":{"uv":[0,0,1,1.1],"texture":"#0"},"south":{"uv":[0,0,1.45,1.1],"texture":"#0"},"west":{"uv":[0,0,1,1.1],"texture":"#0"},"up":{"uv":[0,0,1.45,1],"texture":"#0"},"down":{"uv":[0,0,1.45,1],"texture":"#0"}}},{"from":[24.15,0.3,6.3],"to":[25.2,0.7,6.7],"rotation":{"angle":0,"axis":"y","origin":[12.92002,0.46144,6.27084]},"faces":{"north":{"uv":[0,0,1.45,1.1],"texture":"#6"},"east":{"uv":[0,0,1,1.1],"texture":"#6"},"south":{"uv":[0,0,1.45,1.1],"texture":"#6"},"west":{"uv":[0,0,1,1.1],"texture":"#6"},"up":{"uv":[0,0,1.45,1],"texture":"#6"},"down":{"uv":[0,0,1.45,1],"texture":"#6"}}},{"from":[24.15,0.1,6.1],"to":[25.7,0.9,6.3],"rotation":{"angle":0,"axis":"y","origin":[12.92002,0.46144,6.27084]},"faces":{"north":{"uv":[0,0,1.45,1.1],"texture":"#0"},"east":{"uv":[0,0,1,1.1],"texture":"#0"},"south":{"uv":[0,0,1.45,1.1],"texture":"#0"},"west":{"uv":[0,0,1,1.1],"texture":"#0"},"up":{"uv":[0,0,1.45,1],"texture":"#0"},"down":{"uv":[0,0,1.45,1],"texture":"#0"}}},{"from":[7.45606,0.15,12.18397],"to":[8.70606,0.85,13.28397],"rotation":{"angle":-45,"axis":"y","origin":[12.92002,0.46144,6.27084]},"faces":{"north":{"uv":[0,0,1.45,1.1],"texture":"#0"},"east":{"uv":[0,0,1,1.1],"texture":"#0"},"south":{"uv":[0,0,1.45,1.1],"texture":"#0"},"west":{"uv":[0,0,1,1.1],"texture":"#0"},"up":{"uv":[0,0,1.45,1],"texture":"#0"},"down":{"uv":[0,0,1.45,1],"texture":"#0"}}},{"from":[4.95,-0.52387,7.01363],"to":[13.6,0.17613,7.96363],"rotation":{"angle":-22.5,"axis":"x","origin":[12.92002,0.46144,6.27084]},"faces":{"north":{"uv":[0,0,1.45,1.1],"texture":"#0"},"east":{"uv":[0,0,1,1.1],"texture":"#0"},"south":{"uv":[0,0,1.45,1.1],"texture":"#0"},"west":{"uv":[0,0,1,1.1],"texture":"#0"},"up":{"uv":[0,0,1.45,1],"texture":"#0"},"down":{"uv":[0,0,1.45,1],"texture":"#0"}}},{"from":[15.35,-0.52387,7.31363],"to":[18.4,0.17613,7.96363],"rotation":{"angle":-22.5,"axis":"x","origin":[12.92002,0.46144,6.27084]},"faces":{"north":{"uv":[0,0,1.45,1.1],"texture":"#4"},"east":{"uv":[0,0,1,1.1],"texture":"#4"},"south":{"uv":[0,0,1.45,1.1],"texture":"#4"},"west":{"uv":[0,0,1,1.1],"texture":"#4"},"up":{"uv":[0,0,1.45,1],"texture":"#4"},"down":{"uv":[0,0,1.45,1],"texture":"#4"}}},{"from":[4.65,0.1,5.65],"to":[14.1,1.15,7.35],"rotation":{"angle":0,"axis":"y","origin":[12.92002,0.46144,6.27084]},"faces":{"north":{"uv":[0,0,1.45,1.1],"texture":"#0"},"east":{"uv":[0,0,1,1.1],"texture":"#0"},"south":{"uv":[0,0,1.45,1.1],"texture":"#0"},"west":{"uv":[0,0,1,1.1],"texture":"#0"},"up":{"uv":[0,0,1.45,1],"texture":"#0"},"down":{"uv":[0,0,1.45,1],"texture":"#0"}}},{"from":[13.05,0.1,5.5],"to":[13.2,1.15,5.65],"rotation":{"angle":0,"axis":"y","origin":[12.92002,0.46144,6.27084]},"faces":{"north":{"uv":[0,0,1.45,1.1],"texture":"#0"},"east":{"uv":[0,0,1,1.1],"texture":"#0"},"south":{"uv":[0,0,1.45,1.1],"texture":"#0"},"west":{"uv":[0,0,1,1.1],"texture":"#0"},"up":{"uv":[0,0,1.45,1],"texture":"#0"},"down":{"uv":[0,0,1.45,1],"texture":"#0"}}},{"from":[4.65,-0.15,5.65],"to":[10.3,0.9,7.35],"rotation":{"angle":0,"axis":"y","origin":[12.92002,0.46144,6.27084]},"faces":{"north":{"uv":[0,0,1.45,1.1],"texture":"#0"},"east":{"uv":[0,0,1,1.1],"texture":"#0"},"south":{"uv":[0,0,1.45,1.1],"texture":"#0"},"west":{"uv":[0,0,1,1.1],"texture":"#0"},"up":{"uv":[0,0,1.45,1],"texture":"#0"},"down":{"uv":[0,0,1.45,1],"texture":"#0"}}},{"from":[5.95,-0.25,6.4],"to":[6.5,-0.2,6.95],"rotation":{"angle":0,"axis":"y","origin":[12.92002,0.46144,6.27084]},"faces":{"north":{"uv":[0,0,1.45,1.1],"texture":"#5"},"east":{"uv":[0,0,1,1.1],"texture":"#5"},"south":{"uv":[0,0,1.45,1.1],"texture":"#5"},"west":{"uv":[0,0,1,1.1],"texture":"#5"},"up":{"uv":[0,0,1.45,1],"texture":"#5"},"down":{"uv":[0,0,1.45,1],"texture":"#5"}}},{"from":[6.15,-0.3,6.6],"to":[6.3,-0.25,6.75],"rotation":{"angle":0,"axis":"y","origin":[12.92002,0.46144,6.27084]},"faces":{"north":{"uv":[0,0,1.45,1.1],"texture":"#5"},"east":{"uv":[0,0,1,1.1],"texture":"#5"},"south":{"uv":[0,0,1.45,1.1],"texture":"#5"},"west":{"uv":[0,0,1,1.1],"texture":"#5"},"up":{"uv":[0,0,1.45,1],"texture":"#5"},"down":{"uv":[0,0,1.45,1],"texture":"#5"}}},{"from":[6.5,-0.25,6.7],"to":[7.35,-0.2,6.95],"rotation":{"angle":0,"axis":"y","origin":[12.92002,0.46144,6.27084]},"faces":{"north":{"uv":[0,0,1.45,1.1],"texture":"#5"},"east":{"uv":[0,0,1,1.1],"texture":"#5"},"south":{"uv":[0,0,1.45,1.1],"texture":"#5"},"west":{"uv":[0,0,1,1.1],"texture":"#5"},"up":{"uv":[0,0,1.45,1],"texture":"#5"},"down":{"uv":[0,0,1.45,1],"texture":"#5"}}},{"from":[7.03387,-0.25,8.92679],"to":[7.68387,-0.2,9.17679],"rotation":{"angle":-22.5,"axis":"y","origin":[12.92002,0.46144,6.27084]},"faces":{"north":{"uv":[0,0,1.45,1.1],"texture":"#5"},"east":{"uv":[0,0,1,1.1],"texture":"#5"},"south":{"uv":[0,0,1.45,1.1],"texture":"#5"},"west":{"uv":[0,0,1,1.1],"texture":"#5"},"up":{"uv":[0,0,1.45,1],"texture":"#5"},"down":{"uv":[0,0,1.45,1],"texture":"#5"}}},{"from":[10.3,-0.15,5.65],"to":[12.75,0.9,6.85],"rotation":{"angle":0,"axis":"y","origin":[12.92002,0.46144,6.27084]},"faces":{"north":{"uv":[0,0,1.45,1.1],"texture":"#0"},"east":{"uv":[0,0,1,1.1],"texture":"#0"},"south":{"uv":[0,0,1.45,1.1],"texture":"#0"},"west":{"uv":[0,0,1,1.1],"texture":"#0"},"up":{"uv":[0,0,1.45,1],"texture":"#0"},"down":{"uv":[0,0,1.45,1],"texture":"#0"}}},{"from":[10.3,-0.1,6.85],"to":[12.75,0.9,7.35],"rotation":{"angle":0,"axis":"y","origin":[12.92002,0.46144,6.27084]},"faces":{"north":{"uv":[0,0,1.45,1.1],"texture":"#7"},"east":{"uv":[0,0,1,1.1],"texture":"#7"},"south":{"uv":[0,0,1.45,1.1],"texture":"#7"},"west":{"uv":[0,0,1,1.1],"texture":"#7"},"up":{"uv":[0,0,1.45,1],"texture":"#7"},"down":{"uv":[0,0,1.45,1],"texture":"#7"}}},{"from":[12.4,-0.6,6.85],"to":[12.75,-0.1,6.95],"rotation":{"angle":0,"axis":"y","origin":[12.92002,0.46144,6.27084]},"faces":{"north":{"uv":[0,0,1.45,1.1],"texture":"#5"},"east":{"uv":[0,0,1,1.1],"texture":"#5"},"south":{"uv":[0,0,1.45,1.1],"texture":"#5"},"west":{"uv":[0,0,1,1.1],"texture":"#5"},"up":{"uv":[0,0,1.45,1],"texture":"#5"},"down":{"uv":[0,0,1.45,1],"texture":"#5"}}},{"from":[12.75,-0.15,5.65],"to":[14.1,0.9,7.35],"rotation":{"angle":0,"axis":"y","origin":[12.92002,0.46144,6.27084]},"faces":{"north":{"uv":[0,0,1.45,1.1],"texture":"#0"},"east":{"uv":[0,0,1,1.1],"texture":"#0"},"south":{"uv":[0,0,1.45,1.1],"texture":"#0"},"west":{"uv":[0,0,1,1.1],"texture":"#0"},"up":{"uv":[0,0,1.45,1],"texture":"#0"},"down":{"uv":[0,0,1.45,1],"texture":"#0"}}},{"from":[4.95,-0.15,5.5],"to":[7.5,1.15,5.65],"rotation":{"angle":0,"axis":"y","origin":[12.92002,0.46144,6.27084]},"faces":{"north":{"uv":[0,0,1.45,1.1],"texture":"#4"},"east":{"uv":[0,0,1,1.1],"texture":"#4"},"south":{"uv":[0,0,1.45,1.1],"texture":"#4"},"west":{"uv":[0,0,1,1.1],"texture":"#4"},"up":{"uv":[0,0,1.45,1],"texture":"#4"},"down":{"uv":[0,0,1.45,1],"texture":"#4"}}},{"from":[5.35,0,4.35],"to":[7.5,1,5.6],"rotation":{"angle":0,"axis":"y","origin":[12.92002,0.46144,6.27084]},"faces":{"north":{"uv":[0,0,1.45,1.1],"texture":"#4"},"east":{"uv":[0,0,1,1.1],"texture":"#4"},"south":{"uv":[0,0,1.45,1.1],"texture":"#4"},"west":{"uv":[0,0,1,1.1],"texture":"#4"},"up":{"uv":[0,0,1.45,1],"texture":"#4"},"down":{"uv":[0,0,1.45,1],"texture":"#4"}}},{"from":[7.45,0,4.35],"to":[7.8,1,4.4],"rotation":{"angle":0,"axis":"y","origin":[12.92002,0.46144,6.27084]},"faces":{"north":{"uv":[0,0,1.45,1.1],"texture":"#4"},"east":{"uv":[0,0,1,1.1],"texture":"#4"},"south":{"uv":[0,0,1.45,1.1],"texture":"#4"},"west":{"uv":[0,0,1,1.1],"texture":"#4"},"up":{"uv":[0,0,1.45,1],"texture":"#4"},"down":{"uv":[0,0,1.45,1],"texture":"#4"}}},{"from":[7.45,0,4.35],"to":[7.65,1,4.5],"rotation":{"angle":0,"axis":"y","origin":[12.92002,0.46144,6.27084]},"faces":{"north":{"uv":[0,0,1.45,1.1],"texture":"#4"},"east":{"uv":[0,0,1,1.1],"texture":"#4"},"south":{"uv":[0,0,1.45,1.1],"texture":"#4"},"west":{"uv":[0,0,1,1.1],"texture":"#4"},"up":{"uv":[0,0,1.45,1],"texture":"#4"},"down":{"uv":[0,0,1.45,1],"texture":"#4"}}},{"from":[7.65,0,4.4],"to":[7.7,1,4.5],"rotation":{"angle":0,"axis":"y","origin":[12.92002,0.46144,6.27084]},"faces":{"north":{"uv":[0,0,1.45,1.1],"texture":"#4"},"east":{"uv":[0,0,1,1.1],"texture":"#4"},"south":{"uv":[0,0,1.45,1.1],"texture":"#4"},"west":{"uv":[0,0,1,1.1],"texture":"#4"},"up":{"uv":[0,0,1.45,1],"texture":"#4"},"down":{"uv":[0,0,1.45,1],"texture":"#4"}}},{"from":[7.7,0,4.4],"to":[7.75,1,4.45],"rotation":{"angle":0,"axis":"y","origin":[12.92002,0.46144,6.27084]},"faces":{"north":{"uv":[0,0,1.45,1.1],"texture":"#4"},"east":{"uv":[0,0,1,1.1],"texture":"#4"},"south":{"uv":[0,0,1.45,1.1],"texture":"#4"},"west":{"uv":[0,0,1,1.1],"texture":"#4"},"up":{"uv":[0,0,1.45,1],"texture":"#4"},"down":{"uv":[0,0,1.45,1],"texture":"#4"}}},{"from":[7.6,0,4.5],"to":[7.65,1,4.55],"rotation":{"angle":0,"axis":"y","origin":[12.92002,0.46144,6.27084]},"faces":{"north":{"uv":[0,0,1.45,1.1],"texture":"#4"},"east":{"uv":[0,0,1,1.1],"texture":"#4"},"south":{"uv":[0,0,1.45,1.1],"texture":"#4"},"west":{"uv":[0,0,1,1.1],"texture":"#4"},"up":{"uv":[0,0,1.45,1],"texture":"#4"},"down":{"uv":[0,0,1.45,1],"texture":"#4"}}},{"from":[7.5,0,4.6],"to":[7.55,1,4.65],"rotation":{"angle":0,"axis":"y","origin":[12.92002,0.46144,6.27084]},"faces":{"north":{"uv":[0,0,1.45,1.1],"texture":"#4"},"east":{"uv":[0,0,1,1.1],"texture":"#4"},"south":{"uv":[0,0,1.45,1.1],"texture":"#4"},"west":{"uv":[0,0,1,1.1],"texture":"#4"},"up":{"uv":[0,0,1.45,1],"texture":"#4"},"down":{"uv":[0,0,1.45,1],"texture":"#4"}}},{"from":[7.45,0,4.5],"to":[7.6,1,4.6],"rotation":{"angle":0,"axis":"y","origin":[12.92002,0.46144,6.27084]},"faces":{"north":{"uv":[0,0,1.45,1.1],"texture":"#4"},"east":{"uv":[0,0,1,1.1],"texture":"#4"},"south":{"uv":[0,0,1.45,1.1],"texture":"#4"},"west":{"uv":[0,0,1,1.1],"texture":"#4"},"up":{"uv":[0,0,1.45,1],"texture":"#4"},"down":{"uv":[0,0,1.45,1],"texture":"#4"}}},{"from":[7.9,0.25,4.35],"to":[9.1,0.75,4.4],"rotation":{"angle":0,"axis":"y","origin":[12.92002,0.46144,6.27084]},"faces":{"north":{"uv":[0,0,1.45,1.1],"texture":"#5"},"east":{"uv":[0,0,1,1.1],"texture":"#5"},"south":{"uv":[0,0,1.45,1.1],"texture":"#5"},"west":{"uv":[0,0,1,1.1],"texture":"#5"},"up":{"uv":[0,0,1.45,1],"texture":"#5"},"down":{"uv":[0,0,1.45,1],"texture":"#5"}}},{"from":[9.45,0.25,4.75],"to":[9.5,0.75,5.8],"rotation":{"angle":0,"axis":"y","origin":[12.92002,0.46144,6.27084]},"faces":{"north":{"uv":[0,0,1.45,1.1],"texture":"#5"},"east":{"uv":[0,0,1,1.1],"texture":"#5"},"south":{"uv":[0,0,1.45,1.1],"texture":"#5"},"west":{"uv":[0,0,1,1.1],"texture":"#5"},"up":{"uv":[0,0,1.45,1],"texture":"#5"},"down":{"uv":[0,0,1.45,1],"texture":"#5"}}},{"from":[9.5,0.25,4.65],"to":[9.9,0.75,5.8],"rotation":{"angle":0,"axis":"y","origin":[12.92002,0.46144,6.27084]},"faces":{"north":{"uv":[0,0,1.45,1.1],"texture":"#0"},"east":{"uv":[0,0,1,1.1],"texture":"#0"},"south":{"uv":[0,0,1.45,1.1],"texture":"#0"},"west":{"uv":[0,0,1,1.1],"texture":"#0"},"up":{"uv":[0,0,1.45,1],"texture":"#0"},"down":{"uv":[0,0,1.45,1],"texture":"#0"}}},{"from":[7.5,0.25,4.75],"to":[7.55,0.75,5.8],"rotation":{"angle":0,"axis":"y","origin":[12.92002,0.46144,6.27084]},"faces":{"north":{"uv":[0,0,1.45,1.1],"texture":"#5"},"east":{"uv":[0,0,1,1.1],"texture":"#5"},"south":{"uv":[0,0,1.45,1.1],"texture":"#5"},"west":{"uv":[0,0,1,1.1],"texture":"#5"},"up":{"uv":[0,0,1.45,1],"texture":"#5"},"down":{"uv":[0,0,1.45,1],"texture":"#5"}}},{"from":[8,0.45,5.15],"to":[8.25,0.55,5.8],"rotation":{"angle":0,"axis":"y","origin":[12.92002,0.46144,6.27084]},"faces":{"north":{"uv":[0,0,1.45,1.1],"texture":"#5"},"east":{"uv":[0,0,1,1.1],"texture":"#5"},"south":{"uv":[0,0,1.45,1.1],"texture":"#5"},"west":{"uv":[0,0,1,1.1],"texture":"#5"},"up":{"uv":[0,0,1.45,1],"texture":"#5"},"down":{"uv":[0,0,1.45,1],"texture":"#5"}}},{"from":[8.15,0.45,5],"to":[8.25,0.55,5.15],"rotation":{"angle":0,"axis":"y","origin":[12.92002,0.46144,6.27084]},"faces":{"north":{"uv":[0,0,1.45,1.1],"texture":"#5"},"east":{"uv":[0,0,1,1.1],"texture":"#5"},"south":{"uv":[0,0,1.45,1.1],"texture":"#5"},"west":{"uv":[0,0,1,1.1],"texture":"#5"},"up":{"uv":[0,0,1.45,1],"texture":"#5"},"down":{"uv":[0,0,1.45,1],"texture":"#5"}}},{"from":[7.99644,0.45,6.63586],"to":[8.14644,0.55,7.18586],"rotation":{"angle":-22.5,"axis":"y","origin":[12.92002,0.46144,6.27084]},"faces":{"north":{"uv":[0,0,1.45,1.1],"texture":"#5"},"east":{"uv":[0,0,1,1.1],"texture":"#5"},"south":{"uv":[0,0,1.45,1.1],"texture":"#5"},"west":{"uv":[0,0,1,1.1],"texture":"#5"},"up":{"uv":[0,0,1.45,1],"texture":"#5"},"down":{"uv":[0,0,1.45,1],"texture":"#5"}}},{"from":[8.08397,0.45,7.37867],"to":[8.23397,0.55,7.62867],"rotation":{"angle":-22.5,"axis":"y","origin":[12.92002,0.46144,6.27084]},"faces":{"north":{"uv":[0,0,1.45,1.1],"texture":"#5"},"east":{"uv":[0,0,1,1.1],"texture":"#5"},"south":{"uv":[0,0,1.45,1.1],"texture":"#5"},"west":{"uv":[0,0,1,1.1],"texture":"#5"},"up":{"uv":[0,0,1.45,1],"texture":"#5"},"down":{"uv":[0,0,1.45,1],"texture":"#5"}}},{"from":[9.97903,0.45,2.31535],"to":[10.22903,0.55,2.76535],"rotation":{"angle":45,"axis":"y","origin":[12.92002,0.46144,6.27084]},"faces":{"north":{"uv":[0,0,1.45,1.1],"texture":"#5"},"east":{"uv":[0,0,1,1.1],"texture":"#5"},"south":{"uv":[0,0,1.45,1.1],"texture":"#5"},"west":{"uv":[0,0,1,1.1],"texture":"#5"},"up":{"uv":[0,0,1.45,1],"texture":"#5"},"down":{"uv":[0,0,1.45,1],"texture":"#5"}}},{"from":[9.96647,0.25,1.33857],"to":[10.71647,0.75,1.38857],"rotation":{"angle":45,"axis":"y","origin":[12.92002,0.46144,6.27084]},"faces":{"north":{"uv":[0,0,1.45,1.1],"texture":"#5"},"east":{"uv":[0,0,1,1.1],"texture":"#5"},"south":{"uv":[0,0,1.45,1.1],"texture":"#5"},"west":{"uv":[0,0,1,1.1],"texture":"#5"},"up":{"uv":[0,0,1.45,1],"texture":"#5"},"down":{"uv":[0,0,1.45,1],"texture":"#5"}}},{"from":[8.87634,0.25,7.58942],"to":[9.42634,0.75,7.63942],"rotation":{"angle":-45,"axis":"y","origin":[12.92002,0.46144,6.27084]},"faces":{"north":{"uv":[0,0,1.45,1.1],"texture":"#5"},"east":{"uv":[0,0,1,1.1],"texture":"#5"},"south":{"uv":[0,0,1.45,1.1],"texture":"#5"},"west":{"uv":[0,0,1,1.1],"texture":"#5"},"up":{"uv":[0,0,1.45,1],"texture":"#5"},"down":{"uv":[0,0,1.45,1],"texture":"#5"}}},{"from":[10.16647,0,1.28857],"to":[10.61647,1,1.33857],"rotation":{"angle":45,"axis":"y","origin":[12.92002,0.46144,6.27084]},"faces":{"north":{"uv":[0,0,1.45,1.1],"texture":"#4"},"east":{"uv":[0,0,1,1.1],"texture":"#4"},"south":{"uv":[0,0,1.45,1.1],"texture":"#4"},"west":{"uv":[0,0,1,1.1],"texture":"#4"},"up":{"uv":[0,0,1.45,1],"texture":"#4"},"down":{"uv":[0,0,1.45,1],"texture":"#4"}}},{"from":[6.63774,0,-1.45216],"to":[8.23774,1,2.29784],"rotation":{"angle":22.5,"axis":"y","origin":[12.92002,0.46144,6.27084]},"faces":{"north":{"uv":[0,0,1.45,1.1],"texture":"#4"},"east":{"uv":[0,0,1,1.1],"texture":"#4"},"south":{"uv":[0,0,1.45,1.1],"texture":"#4"},"west":{"uv":[0,0,1,1.1],"texture":"#4"},"up":{"uv":[0,0,1.45,1],"texture":"#4"},"down":{"uv":[0,0,1.45,1],"texture":"#4"}}},{"from":[8.23774,0,-1.45216],"to":[8.43774,1,-1.20216],"rotation":{"angle":22.5,"axis":"y","origin":[12.92002,0.46144,6.27084]},"faces":{"north":{"uv":[0,0,1.45,1.1],"texture":"#4"},"east":{"uv":[0,0,1,1.1],"texture":"#4"},"south":{"uv":[0,0,1.45,1.1],"texture":"#4"},"west":{"uv":[0,0,1,1.1],"texture":"#4"},"up":{"uv":[0,0,1.45,1],"texture":"#4"},"down":{"uv":[0,0,1.45,1],"texture":"#4"}}},{"from":[8.23774,0.1,-1.20216],"to":[8.33774,0.9,-1.10216],"rotation":{"angle":22.5,"axis":"y","origin":[12.92002,0.46144,6.27084]},"faces":{"north":{"uv":[0,0,1.45,1.1],"texture":"#4"},"east":{"uv":[0,0,1,1.1],"texture":"#4"},"south":{"uv":[0,0,1.45,1.1],"texture":"#4"},"west":{"uv":[0,0,1,1.1],"texture":"#4"},"up":{"uv":[0,0,1.45,1],"texture":"#4"},"down":{"uv":[0,0,1.45,1],"texture":"#4"}}},{"from":[9.95,0.1,4.3],"to":[12.15,0.9,6.8],"rotation":{"angle":0,"axis":"y","origin":[12.92002,0.46144,6.27084]},"faces":{"north":{"uv":[0,0,1.45,1.1],"texture":"#4"},"east":{"uv":[0,0,1,1.1],"texture":"#4"},"south":{"uv":[0,0,1.45,1.1],"texture":"#4"},"west":{"uv":[0,0,1,1.1],"texture":"#4"},"up":{"uv":[0,0,1.45,1],"texture":"#4"},"down":{"uv":[0,0,1.45,1],"texture":"#4"}}},{"from":[9.42778,0.1,2.52703],"to":[11.62778,0.9,5.57703],"rotation":{"angle":-22.5,"axis":"y","origin":[12.92002,0.46144,6.27084]},"faces":{"north":{"uv":[0,0,1.45,1.1],"texture":"#4"},"east":{"uv":[0,0,1,1.1],"texture":"#4"},"south":{"uv":[0,0,1.45,1.1],"texture":"#4"},"west":{"uv":[0,0,1,1.1],"texture":"#4"},"up":{"uv":[0,0,1.45,1],"texture":"#4"},"down":{"uv":[0,0,1.45,1],"texture":"#4"}}},{"from":[8.21672,0.1,1.18006],"to":[10.41672,0.9,4.13006],"rotation":{"angle":-45,"axis":"y","origin":[12.92002,0.46144,6.27084]},"faces":{"north":{"uv":[0,0,1.45,1.1],"texture":"#4"},"east":{"uv":[0,0,1,1.1],"texture":"#4"},"south":{"uv":[0,0,1.45,1.1],"texture":"#4"},"west":{"uv":[0,0,1,1.1],"texture":"#4"},"up":{"uv":[0,0,1.45,1],"texture":"#4"},"down":{"uv":[0,0,1.45,1],"texture":"#4"}}},{"from":[8.11672,0,1.08006],"to":[10.51672,1,1.18006],"rotation":{"angle":-45,"axis":"y","origin":[12.92002,0.46144,6.27084]},"faces":{"north":{"uv":[0,0,1.45,1.1],"texture":"#4"},"east":{"uv":[0,0,1,1.1],"texture":"#4"},"south":{"uv":[0,0,1.45,1.1],"texture":"#4"},"west":{"uv":[0,0,1,1.1],"texture":"#4"},"up":{"uv":[0,0,1.45,1],"texture":"#4"},"down":{"uv":[0,0,1.45,1],"texture":"#4"}}},{"from":[5.05,0,5.45],"to":[5.8,1,5.5],"rotation":{"angle":0,"axis":"y","origin":[12.92002,0.46144,6.27084]},"faces":{"north":{"uv":[0,0,1.45,1.1],"texture":"#4"},"east":{"uv":[0,0,1,1.1],"texture":"#4"},"south":{"uv":[0,0,1.45,1.1],"texture":"#4"},"west":{"uv":[0,0,1,1.1],"texture":"#4"},"up":{"uv":[0,0,1.45,1],"texture":"#4"},"down":{"uv":[0,0,1.45,1],"texture":"#4"}}},{"from":[5.48209,0,7.97605],"to":[5.93209,1,8.62605],"rotation":{"angle":-22.5,"axis":"y","origin":[12.92002,0.46144,6.27084]},"faces":{"north":{"uv":[0,0,1.45,1.1],"texture":"#4"},"east":{"uv":[0,0,1,1.1],"texture":"#4"},"south":{"uv":[0,0,1.45,1.1],"texture":"#4"},"west":{"uv":[0,0,1,1.1],"texture":"#4"},"up":{"uv":[0,0,1.45,1],"texture":"#4"},"down":{"uv":[0,0,1.45,1],"texture":"#4"}}},{"from":[6.84037,0,10.62894],"to":[7.24037,1,11.27894],"rotation":{"angle":-45,"axis":"y","origin":[12.92002,0.46144,6.27084]},"faces":{"north":{"uv":[0,0,1.45,1.1],"texture":"#4"},"east":{"uv":[0,0,1,1.1],"texture":"#4"},"south":{"uv":[0,0,1.45,1.1],"texture":"#4"},"west":{"uv":[0,0,1,1.1],"texture":"#4"},"up":{"uv":[0,0,1.45,1],"texture":"#4"},"down":{"uv":[0,0,1.45,1],"texture":"#4"}}},{"from":[13.6,-0.25,5.45],"to":[14.55,1.25,6.45],"rotation":{"angle":0,"axis":"y","origin":[12.92002,0.46144,6.27084]},"faces":{"north":{"uv":[0,0,1.45,1.1],"texture":"#4"},"east":{"uv":[0,0,1,1.1],"texture":"#4"},"south":{"uv":[0,0,1.45,1.1],"texture":"#4"},"west":{"uv":[0,0,1,1.1],"texture":"#4"},"up":{"uv":[0,0,1.45,1],"texture":"#4"},"down":{"uv":[0,0,1.45,1],"texture":"#4"}}},{"from":[13.7,-0.25,5.35],"to":[14.45,1.25,5.45],"rotation":{"angle":0,"axis":"y","origin":[12.92002,0.46144,6.27084]},"faces":{"north":{"uv":[0,0,1.45,1.1],"texture":"#4"},"east":{"uv":[0,0,1,1.1],"texture":"#4"},"south":{"uv":[0,0,1.45,1.1],"texture":"#4"},"west":{"uv":[0,0,1,1.1],"texture":"#4"},"up":{"uv":[0,0,1.45,1],"texture":"#4"},"down":{"uv":[0,0,1.45,1],"texture":"#4"}}},{"from":[19.1,-0.25,5.65],"to":[19.25,1.25,6.45],"rotation":{"angle":0,"axis":"y","origin":[12.92002,0.46144,6.27084]},"faces":{"north":{"uv":[0,0,1.45,1.1],"texture":"#4"},"east":{"uv":[0,0,1,1.1],"texture":"#4"},"south":{"uv":[0,0,1.45,1.1],"texture":"#4"},"west":{"uv":[0,0,1,1.1],"texture":"#4"},"up":{"uv":[0,0,1.45,1],"texture":"#4"},"down":{"uv":[0,0,1.45,1],"texture":"#4"}}},{"from":[19.1,-0.15,5.55],"to":[19.25,1.15,5.65],"rotation":{"angle":0,"axis":"y","origin":[12.92002,0.46144,6.27084]},"faces":{"north":{"uv":[0,0,1.45,1.1],"texture":"#4"},"east":{"uv":[0,0,1,1.1],"texture":"#4"},"south":{"uv":[0,0,1.45,1.1],"texture":"#4"},"west":{"uv":[0,0,1,1.1],"texture":"#4"},"up":{"uv":[0,0,1.45,1],"texture":"#4"},"down":{"uv":[0,0,1.45,1],"texture":"#4"}}},{"from":[18.8,-0.25,5.85],"to":[19.1,1.25,6.45],"rotation":{"angle":0,"axis":"y","origin":[12.92002,0.46144,6.27084]},"faces":{"north":{"uv":[0,0,1.45,1.1],"texture":"#4"},"east":{"uv":[0,0,1,1.1],"texture":"#4"},"south":{"uv":[0,0,1.45,1.1],"texture":"#4"},"west":{"uv":[0,0,1,1.1],"texture":"#4"},"up":{"uv":[0,0,1.45,1],"texture":"#4"},"down":{"uv":[0,0,1.45,1],"texture":"#4"}}},{"from":[14.05,-0.25,5.85],"to":[18.8,1.25,7.45],"rotation":{"angle":0,"axis":"y","origin":[12.92002,0.46144,6.27084]},"faces":{"north":{"uv":[0,0,1.45,1.1],"texture":"#4"},"east":{"uv":[0,0,1,1.1],"texture":"#4"},"south":{"uv":[0,0,1.45,1.1],"texture":"#4"},"west":{"uv":[0,0,1,1.1],"texture":"#4"},"up":{"uv":[0,0,1.45,1],"texture":"#4"},"down":{"uv":[0,0,1.45,1],"texture":"#4"}}},{"from":[13.5133,-0.25,6.65487],"to":[14.8633,1.25,7.75487],"rotation":{"angle":22.5,"axis":"y","origin":[12.92002,0.46144,6.27084]},"faces":{"north":{"uv":[0,0,1.45,1.1],"texture":"#4"},"east":{"uv":[0,0,1,1.1],"texture":"#4"},"south":{"uv":[0,0,1.45,1.1],"texture":"#4"},"west":{"uv":[0,0,1,1.1],"texture":"#4"},"up":{"uv":[0,0,1.45,1],"texture":"#4"},"down":{"uv":[0,0,1.45,1],"texture":"#4"}}},{"from":[18.25702,-0.25,3.97948],"to":[18.80702,1.25,5.07948],"rotation":{"angle":-22.5,"axis":"y","origin":[12.92002,0.46144,6.27084]},"faces":{"north":{"uv":[0,0,1.45,1.1],"texture":"#4"},"east":{"uv":[0,0,1,1.1],"texture":"#4"},"south":{"uv":[0,0,1.45,1.1],"texture":"#4"},"west":{"uv":[0,0,1,1.1],"texture":"#4"},"up":{"uv":[0,0,1.45,1],"texture":"#4"},"down":{"uv":[0,0,1.45,1],"texture":"#4"}}},{"from":[14.09683,-0.25,6.13224],"to":[14.74683,1.25,7.23224],"rotation":{"angle":22.5,"axis":"y","origin":[12.92002,0.46144,6.27084]},"faces":{"north":{"uv":[0,0,1.45,1.1],"texture":"#4"},"east":{"uv":[0,0,1,1.1],"texture":"#4"},"south":{"uv":[0,0,1.45,1.1],"texture":"#4"},"west":{"uv":[0,0,1,1.1],"texture":"#4"},"up":{"uv":[0,0,1.45,1],"texture":"#4"},"down":{"uv":[0,0,1.45,1],"texture":"#4"}}},{"from":[13.6,-0.15,7.35],"to":[15.35,1.15,8.35],"rotation":{"angle":0,"axis":"y","origin":[12.92002,0.46144,6.27084]},"faces":{"north":{"uv":[0,0,1.45,1.1],"texture":"#5"},"east":{"uv":[0,0,1,1.1],"texture":"#5"},"south":{"uv":[0,0,1.45,1.1],"texture":"#5"},"west":{"uv":[0,0,1,1.1],"texture":"#5"},"up":{"uv":[0,0,1.45,1],"texture":"#5"},"down":{"uv":[0,0,1.45,1],"texture":"#5"}}},{"from":[13.75,0.1,8.35],"to":[14.2,0.9,8.45],"rotation":{"angle":0,"axis":"y","origin":[12.92002,0.46144,6.27084]},"faces":{"north":{"uv":[0,0,1.45,1.1],"texture":"#5"},"east":{"uv":[0,0,1,1.1],"texture":"#5"},"south":{"uv":[0,0,1.45,1.1],"texture":"#5"},"west":{"uv":[0,0,1,1.1],"texture":"#5"},"up":{"uv":[0,0,1.45,1],"texture":"#5"},"down":{"uv":[0,0,1.45,1],"texture":"#5"}}},{"from":[13.75,0.25,8.35],"to":[14.9,0.75,8.45],"rotation":{"angle":0,"axis":"y","origin":[12.92002,0.46144,6.27084]},"faces":{"north":{"uv":[0,0,1.45,1.1],"texture":"#5"},"east":{"uv":[0,0,1,1.1],"texture":"#5"},"south":{"uv":[0,0,1.45,1.1],"texture":"#5"},"west":{"uv":[0,0,1,1.1],"texture":"#5"},"up":{"uv":[0,0,1.45,1],"texture":"#5"},"down":{"uv":[0,0,1.45,1],"texture":"#5"}}},{"from":[14.2,0.7,8.35],"to":[14.4,1,8.55],"rotation":{"angle":0,"axis":"y","origin":[12.92002,0.46144,6.27084]},"faces":{"north":{"uv":[0,0,1.45,1.1],"texture":"#5"},"east":{"uv":[0,0,1,1.1],"texture":"#5"},"south":{"uv":[0,0,1.45,1.1],"texture":"#5"},"west":{"uv":[0,0,1,1.1],"texture":"#5"},"up":{"uv":[0,0,1.45,1],"texture":"#5"},"down":{"uv":[0,0,1.45,1],"texture":"#5"}}},{"from":[13.75,0.55,8.45],"to":[13.85,0.9,8.7],"rotation":{"angle":0,"axis":"y","origin":[12.92002,0.46144,6.27084]},"faces":{"north":{"uv":[0,0,1.45,1.1],"texture":"#5"},"east":{"uv":[0,0,1,1.1],"texture":"#5"},"south":{"uv":[0,0,1.45,1.1],"texture":"#5"},"west":{"uv":[0,0,1,1.1],"texture":"#5"},"up":{"uv":[0,0,1.45,1],"texture":"#5"},"down":{"uv":[0,0,1.45,1],"texture":"#5"}}},{"from":[13.75,0.1,8.45],"to":[13.85,0.45,8.7],"rotation":{"angle":0,"axis":"y","origin":[12.92002,0.46144,6.27084]},"faces":{"north":{"uv":[0,0,1.45,1.1],"texture":"#5"},"east":{"uv":[0,0,1,1.1],"texture":"#5"},"south":{"uv":[0,0,1.45,1.1],"texture":"#5"},"west":{"uv":[0,0,1,1.1],"texture":"#5"},"up":{"uv":[0,0,1.45,1],"texture":"#5"},"down":{"uv":[0,0,1.45,1],"texture":"#5"}}},{"from":[13.75,0.45,8.45],"to":[13.85,0.55,8.5],"rotation":{"angle":0,"axis":"y","origin":[12.92002,0.46144,6.27084]},"faces":{"north":{"uv":[0,0,1.45,1.1],"texture":"#5"},"east":{"uv":[0,0,1,1.1],"texture":"#5"},"south":{"uv":[0,0,1.45,1.1],"texture":"#5"},"west":{"uv":[0,0,1,1.1],"texture":"#5"},"up":{"uv":[0,0,1.45,1],"texture":"#5"},"down":{"uv":[0,0,1.45,1],"texture":"#5"}}},{"from":[14.2,0,8.35],"to":[14.4,0.3,8.55],"rotation":{"angle":0,"axis":"y","origin":[12.92002,0.46144,6.27084]},"faces":{"north":{"uv":[0,0,1.45,1.1],"texture":"#5"},"east":{"uv":[0,0,1,1.1],"texture":"#5"},"south":{"uv":[0,0,1.45,1.1],"texture":"#5"},"west":{"uv":[0,0,1,1.1],"texture":"#5"},"up":{"uv":[0,0,1.45,1],"texture":"#5"},"down":{"uv":[0,0,1.45,1],"texture":"#5"}}},{"from":[15.3,-0.05,7.35],"to":[18.4,1.05,7.65],"rotation":{"angle":0,"axis":"y","origin":[12.92002,0.46144,6.27084]},"faces":{"north":{"uv":[0,0,1.45,1.1],"texture":"#4"},"east":{"uv":[0,0,1,1.1],"texture":"#4"},"south":{"uv":[0,0,1.45,1.1],"texture":"#4"},"west":{"uv":[0,0,1,1.1],"texture":"#4"},"up":{"uv":[0,0,1.45,1],"texture":"#4"},"down":{"uv":[0,0,1.45,1],"texture":"#4"}}},{"from":[4.1,-0.15,6.95],"to":[4.85,1.15,7.35],"rotation":{"angle":0,"axis":"y","origin":[12.92002,0.46144,6.27084]},"faces":{"north":{"uv":[0,0,1.45,1.1],"texture":"#0"},"east":{"uv":[0,0,1,1.1],"texture":"#0"},"south":{"uv":[0,0,1.45,1.1],"texture":"#0"},"west":{"uv":[0,0,1,1.1],"texture":"#0"},"up":{"uv":[0,0,1.45,1],"texture":"#0"},"down":{"uv":[0,0,1.45,1],"texture":"#0"}}},{"from":[4.5,0.05,7.35],"to":[5.25,0.95,7.75],"rotation":{"angle":0,"axis":"y","origin":[12.92002,0.46144,6.27084]},"faces":{"north":{"uv":[0,0,1.45,1.1],"texture":"#0"},"east":{"uv":[0,0,1,1.1],"texture":"#0"},"south":{"uv":[0,0,1.45,1.1],"texture":"#0"},"west":{"uv":[0,0,1,1.1],"texture":"#0"},"up":{"uv":[0,0,1.45,1],"texture":"#0"},"down":{"uv":[0,0,1.45,1],"texture":"#0"}}},{"from":[4.5,-0.79976,6.83165],"to":[5.25,-0.59976,6.98165],"rotation":{"angle":-45,"axis":"x","origin":[12.92002,0.46144,6.27084]},"faces":{"north":{"uv":[0,0,1.45,1.1],"texture":"#0"},"east":{"uv":[0,0,1,1.1],"texture":"#0"},"south":{"uv":[0,0,1.45,1.1],"texture":"#0"},"west":{"uv":[0,0,1,1.1],"texture":"#0"},"up":{"uv":[0,0,1.45,1],"texture":"#0"},"down":{"uv":[0,0,1.45,1],"texture":"#0"}}},{"from":[4.3,0.05,7.35],"to":[4.85,0.95,7.55],"rotation":{"angle":0,"axis":"y","origin":[12.92002,0.46144,6.27084]},"faces":{"north":{"uv":[0,0,1.45,1.1],"texture":"#0"},"east":{"uv":[0,0,1,1.1],"texture":"#0"},"south":{"uv":[0,0,1.45,1.1],"texture":"#0"},"west":{"uv":[0,0,1,1.1],"texture":"#0"},"up":{"uv":[0,0,1.45,1],"texture":"#0"},"down":{"uv":[0,0,1.45,1],"texture":"#0"}}},{"from":[4.5,-0.05,7.35],"to":[5.25,1.05,7.55],"rotation":{"angle":0,"axis":"y","origin":[12.92002,0.46144,6.27084]},"faces":{"north":{"uv":[0,0,1.45,1.1],"texture":"#0"},"east":{"uv":[0,0,1,1.1],"texture":"#0"},"south":{"uv":[0,0,1.45,1.1],"texture":"#0"},"west":{"uv":[0,0,1,1.1],"texture":"#0"},"up":{"uv":[0,0,1.45,1],"texture":"#0"},"down":{"uv":[0,0,1.45,1],"texture":"#0"}}},{"from":[4.5,1.56176,6.74531],"to":[5.25,1.76176,6.94531],"rotation":{"angle":45,"axis":"x","origin":[12.92002,0.46144,6.27084]},"faces":{"north":{"uv":[0,0,1.45,1.1],"texture":"#0"},"east":{"uv":[0,0,1,1.1],"texture":"#0"},"south":{"uv":[0,0,1.45,1.1],"texture":"#0"},"west":{"uv":[0,0,1,1.1],"texture":"#0"},"up":{"uv":[0,0,1.45,1],"texture":"#0"},"down":{"uv":[0,0,1.45,1],"texture":"#0"}}},{"from":[5.02756,-0.15,8.85734],"to":[6.07756,1.15,10.25734],"rotation":{"angle":-22.5,"axis":"y","origin":[12.92002,0.46144,6.27084]},"faces":{"north":{"uv":[0,0,1.45,1.1],"texture":"#0"},"east":{"uv":[0,0,1,1.1],"texture":"#0"},"south":{"uv":[0,0,1.45,1.1],"texture":"#0"},"west":{"uv":[0,0,1,1.1],"texture":"#0"},"up":{"uv":[0,0,1.45,1],"texture":"#0"},"down":{"uv":[0,0,1.45,1],"texture":"#0"}}},{"from":[4.95,1.01514,7.01486],"to":[13.6,1.51514,7.81486],"rotation":{"angle":22.5,"axis":"x","origin":[12.92002,0.46144,6.27084]},"faces":{"north":{"uv":[0,0,1.45,1.1],"texture":"#0"},"east":{"uv":[0,0,1,1.1],"texture":"#0"},"south":{"uv":[0,0,1.45,1.1],"texture":"#0"},"west":{"uv":[0,0,1,1.1],"texture":"#0"},"up":{"uv":[0,0,1.45,1],"texture":"#0"},"down":{"uv":[0,0,1.45,1],"texture":"#0"}}},{"from":[15.35,1.01514,7.31486],"to":[18.4,1.51514,7.81486],"rotation":{"angle":22.5,"axis":"x","origin":[12.92002,0.46144,6.27084]},"faces":{"north":{"uv":[0,0,1.45,1.1],"texture":"#4"},"east":{"uv":[0,0,1,1.1],"texture":"#4"},"south":{"uv":[0,0,1.45,1.1],"texture":"#4"},"west":{"uv":[0,0,1,1.1],"texture":"#4"},"up":{"uv":[0,0,1.45,1],"texture":"#4"},"down":{"uv":[0,0,1.45,1],"texture":"#4"}}}],"display":{"thirdperson_righthand":{"rotation":[-90,0,90],"translation":[-7.5,2.25,0.75],"scale":[0.8,1,0.8]},"thirdperson_lefthand":{"rotation":[90,-180,90],"translation":[7.5,2.25,0.75],"scale":[0.8,1,0.8]},"firstperson_righthand":{"rotation":[-89,0,79.5],"translation":[-7.65,6,3],"scale":[1,1.1,1.1]},"firstperson_lefthand":{"rotation":[-88.5,0,-99.5],"translation":[8.5,6,6.25],"scale":[1,1.1,1.1]},"ground":{"rotation":[-180,0,0],"translation":[-5.75,-10.5,-2.25],"scale":[1.1,1.1,1.1]},"gui":{"rotation":[-106,32,-148],"translation":[7,-0.75,0],"scale":[0.8,0.8,0.8]},"head":{"rotation":[-90,-47,0],"translation":[2.25,-10,-5],"scale":[-1.2,1.2,1.2]},"fixed":{"rotation":[90,142,0],"translation":[12,-2,13.25],"scale":[1.8,1.8,1.8]}},"groups":[{"name":"group","origin":[23.6,8,18.2],"children":[0,1,2,3,4,5,6,7,8,9,10,11,12,13,14,15,16,17,18,19,20,21,22,23,24,25,26,27,28,29,30,31,32,33,34,35,36,37,38,39,40,41,42,43,44,45,46,47,48,49,50,51,52,53,54,55,56,57,58,59,60,61,62,63,64,65,66,67,68,69,70,71,72,73,74,75,76,77,78,79,80,81,82,83,84,85,86,87,88,89,90,91,92,93,94,95,96,97,98]}]}