{
	"credit": "Made with Blockbench",
	"textures": {
		"1": "ap_21/ap-21"
	},
	"elements": [
		{
			"from": [0.7, 3.08004, 7.42379],
			"to": [6.5, 5.23004, 8.22379],
			"rotation": {"angle": 0, "axis": "y", "origin": [7.56679, 3.50313, 7.82692]},
			"faces": {
				"north": {"uv": [7.5, 2, 13, 0], "rotation": 180, "texture": "#1"},
				"east": {"uv": [0, 0, 1.65, 0.8], "rotation": 270, "texture": "#1"},
				"south": {"uv": [7.5, 0, 13, 2], "texture": "#1"},
				"west": {"uv": [0, 0, 7, 1.5], "rotation": 90, "texture": "#1"},
				"up": {"uv": [9.5, 2, 8.125, 2.5], "rotation": 180, "texture": "#1"},
				"down": {"uv": [11.5, 0.5, 12, 1], "texture": "#1"}
			}
		},
		{
			"from": [12.95, -3.06996, 7.32379],
			"to": [14.3, 0.73004, 8.32379],
			"rotation": {"angle": 22.5, "axis": "z", "origin": [7.31679, -2.49688, 7.82692]},
			"faces": {
				"north": {"uv": [7.5, 15.5, 9.5, 11.5], "rotation": 180, "texture": "#1"},
				"east": {"uv": [0, 0, 3.8, 1], "rotation": 270, "texture": "#1"},
				"south": {"uv": [7.5, 11.5, 9.5, 15.5], "rotation": 180, "texture": "#1"},
				"west": {"uv": [0, 0, 1, 2], "rotation": 90, "texture": "#1"},
				"up": {"uv": [0, 0, 1.35, 1], "rotation": 180, "texture": "#1"},
				"down": {"uv": [0, 0, 1.35, 1], "texture": "#1"}
			}
		},
		{
			"from": [18.775, 1.58004, 7.22379],
			"to": [19.95, 3.25504, 8.44879],
			"rotation": {"angle": 0, "axis": "y", "origin": [7.56679, 3.50313, 7.82692]},
			"faces": {
				"north": {"uv": [0, 0, 4, 1], "rotation": 270, "texture": "#1"},
				"east": {"uv": [0, 0, 2.65, 1.2], "rotation": 270, "texture": "#1"},
				"south": {"uv": [0, 0, 3, 1.5], "rotation": 90, "texture": "#1"},
				"west": {"uv": [0, 0, 3, 1.5], "rotation": 180, "texture": "#1"},
				"up": {"uv": [0, 0, 3.175, 1.2], "rotation": 180, "texture": "#1"},
				"down": {"uv": [0, 0, 3.175, 1.2], "texture": "#1"}
			}
		},
		{
			"from": [13.175, 3.25504, 7.19879],
			"to": [19.95, 4.23004, 8.44879],
			"rotation": {"angle": 0, "axis": "y", "origin": [7.56679, 3.50313, 7.82692]},
			"faces": {
				"north": {"uv": [0, 14.5, 7, 13], "rotation": 180, "texture": "#1"},
				"east": {"uv": [0, 0, 1.475, 1.2], "rotation": 270, "texture": "#1"},
				"south": {"uv": [0, 13, 7.5, 14.5], "texture": "#1"},
				"west": {"uv": [0, 0, 15.5, 16], "rotation": 90, "texture": "#1"},
				"up": {"uv": [1, 13, 6.5, 13.5], "rotation": 180, "texture": "#1"},
				"down": {"uv": [0, 0, 6.9, 1.2], "texture": "#1"}
			}
		},
		{
			"from": [0.17645, 1.28203, 6.97379],
			"to": [9.42645, 3.08203, 8.72379],
			"rotation": {"angle": 0, "axis": "y", "origin": [7.56679, 3.50313, 7.82692]},
			"faces": {
				"north": {"uv": [9.5, 2, 11.5, 11.5], "rotation": 270, "texture": "#1"},
				"east": {"uv": [0, 2.5, 2, 3.5], "rotation": 270, "texture": "#1"},
				"south": {"uv": [9.5, 2, 11.5, 11.5], "rotation": 90, "texture": "#1"},
				"west": {"uv": [0.5, 2.5, 2.5, 3.5], "rotation": 90, "texture": "#1"},
				"up": {"uv": [9.5, 11.5, 11.5, 2], "rotation": 270, "texture": "#1"},
				"down": {"uv": [9.5, 2, 11.5, 11.5], "rotation": 90, "texture": "#1"}
			}
		},
		{
			"from": [9.4, 1.68004, 7.52379],
			"to": [11.45, 2.98004, 8.12379],
			"rotation": {"angle": 0, "axis": "y", "origin": [7.56679, 3.50313, 7.82692]},
			"faces": {
				"north": {"uv": [5.5, 5.5, 7, 7], "rotation": 180, "texture": "#1"},
				"east": {"uv": [0, 0, 1.3, 0.6], "rotation": 270, "texture": "#1"},
				"south": {"uv": [0, 11.5, 2, 13], "texture": "#1"},
				"west": {"uv": [0, 12, 1.5, 12.5], "rotation": 90, "texture": "#1"},
				"up": {"uv": [0, 0, 1.65, 0.6], "rotation": 180, "texture": "#1"},
				"down": {"uv": [0, 11.5, 1.5, 12], "texture": "#1"}
			}
		},
		{
			"from": [6.5, 2.73004, 7.12379],
			"to": [13.2, 4.33004, 8.52379],
			"rotation": {"angle": 0, "axis": "y", "origin": [7.56679, 3.50313, 7.82692]},
			"faces": {
				"north": {"uv": [0, 2, 7.5, 4], "rotation": 180, "texture": "#1"},
				"east": {"uv": [0.5, 2.5, 2, 4], "rotation": 270, "texture": "#1"},
				"south": {"uv": [0, 2, 7.5, 4], "texture": "#1"},
				"west": {"uv": [2.5, 4, 4, 5.5], "rotation": 90, "texture": "#1"},
				"up": {"uv": [0.5, 2, 7, 3.5], "rotation": 180, "texture": "#1"},
				"down": {"uv": [2.5, 5.5, 9, 7], "texture": "#1"}
			}
		},
		{
			"from": [5.4, 4.33004, 7.32379],
			"to": [12.4, 5.33004, 8.32379],
			"rotation": {"angle": 0, "axis": "y", "origin": [7.56679, 3.50313, 7.82692]},
			"faces": {
				"north": {"uv": [0, 11.5, 7.5, 9.5], "rotation": 180, "texture": "#1"},
				"east": {"uv": [0, 2, 1, 3], "rotation": 270, "texture": "#1"},
				"south": {"uv": [0, 9.5, 7.5, 11.5], "texture": "#1"},
				"west": {"uv": [1, 2.5, 2, 3.5], "rotation": 90, "texture": "#1"},
				"up": {"uv": [0, 2.5, 7, 3.5], "rotation": 180, "texture": "#1"},
				"down": {"uv": [0, 2.5, 7, 3.5], "texture": "#1"}
			}
		},
		{
			"from": [4.3, 0.80504, 7.34879],
			"to": [6.3, 1.80504, 8.29879],
			"rotation": {"angle": 0, "axis": "y", "origin": [7.56679, 3.50313, 7.82692]},
			"faces": {
				"north": {"uv": [0, 4, 7.5, 2], "rotation": 180, "texture": "#1"},
				"east": {"uv": [0, 0, 1, 1], "rotation": 270, "texture": "#1"},
				"south": {"uv": [0, 2, 7.5, 4], "texture": "#1"},
				"west": {"uv": [0, 0, 1, 1], "rotation": 90, "texture": "#1"},
				"up": {"uv": [0.5, 2.5, 2.5, 3.5], "rotation": 180, "texture": "#1"},
				"down": {"uv": [0, 0, 2, 1], "texture": "#1"}
			}
		},
		{
			"from": [-1.55, 3.33004, 7.42379],
			"to": [0.7, 4.28004, 8.22379],
			"rotation": {"angle": 0, "axis": "y", "origin": [7.56679, 3.50313, 7.82692]},
			"faces": {
				"north": {"uv": [1.5, 3, 6.5, 2], "rotation": 180, "texture": "#1"},
				"east": {"uv": [0, 0, 0.95, 0.8], "rotation": 270, "texture": "#1"},
				"south": {"uv": [2, 2, 4, 3], "texture": "#1"},
				"west": {"uv": [1, 2, 2, 3], "rotation": 90, "texture": "#1"},
				"up": {"uv": [0.5, 2, 4, 2.5], "rotation": 180, "texture": "#1"},
				"down": {"uv": [1.5, 2.5, 5, 3.5], "texture": "#1"}
			}
		},
		{
			"from": [-0.075, 4.23004, 7.52379],
			"to": [0.775, 5.93004, 8.12379],
			"rotation": {"angle": 0, "axis": "y", "origin": [7.56679, 3.50313, 7.82692]},
			"faces": {
				"north": {"uv": [0, 4, 7.5, 2], "rotation": 180, "texture": "#1"},
				"east": {"uv": [0, 3, 1, 3.5], "rotation": 270, "texture": "#1"},
				"south": {"uv": [0, 2, 7.5, 4], "texture": "#1"},
				"west": {"uv": [1, 2.5, 2, 3], "rotation": 90, "texture": "#1"},
				"up": {"uv": [1, 3, 2, 3.5], "rotation": 180, "texture": "#1"},
				"down": {"uv": [0, 0, 0.85, 0.6], "texture": "#1"}
			}
		},
		{
			"from": [-2.05, 3.53004, 7.52379],
			"to": [-1.55, 4.13004, 8.12379],
			"rotation": {"angle": 0, "axis": "y", "origin": [7.56679, 3.50313, 7.82692]},
			"faces": {
				"north": {"uv": [1.5, 2, 2, 4], "rotation": 180, "texture": "#1"},
				"east": {"uv": [0, 0, 0.6, 0.6], "rotation": 270, "texture": "#1"},
				"south": {"uv": [0, 2, 7.5, 4], "texture": "#1"},
				"west": {"uv": [4.25, 4.25, 5.25, 5.25], "rotation": 90, "texture": "#1"},
				"up": {"uv": [1.5, 2, 2, 4], "rotation": 180, "texture": "#1"},
				"down": {"uv": [1.5, 4, 2, 2], "texture": "#1"}
			}
		}
	],
	"display": {
		"thirdperson_righthand": {
			"rotation": [-85, -90, -90],
			"translation": [-0.25, 5.75, -2.5]
		},
		"thirdperson_lefthand": {
			"rotation": [-85, 90, 90],
			"translation": [0.25, 5.75, -1.75]
		},
		"firstperson_righthand": {
			"rotation": [-22, -88, -19],
			"translation": [7.75, 6.75, 0],
			"scale": [1.85, 1.85, 1.85]
		},
		"firstperson_lefthand": {
			"rotation": [-15, 81, 9],
			"translation": [4, 8.25, 3.25],
			"scale": [1.85, 1.85, 1.85]
		},
		"ground": {
			"translation": [0, 4.75, 0]
		},
		"gui": {
			"rotation": [22, -36, -5],
			"translation": [-0.5, 4, 0],
			"scale": [0.8, 0.8, 0.8]
		},
		"head": {
			"rotation": [-76, -122, 2],
			"translation": [-10, 18, -9],
			"scale": [1.52, 1.52, 1.52]
		},
		"fixed": {
			"translation": [-1, 8.5, 0.25],
			"scale": [1.85, 1.85, 1.85]
		}
	},
	"groups": [
		{
			"name": "group",
			"origin": [26.55, 8, 4.175],
			"children": [0, 1,
				{
					"name": "group",
					"origin": [20.825, 8, 15.175],
					"children": [2, 3]
				}
			]
		},
		{
			"name": "group",
			"origin": [-3.2, 0.5, 7.25],
			"children": [4, 5, 6, 7, 8, 9, 10, 11]
		}
	]
}