{
	"credit": "Made with Blockbench",
	"textures": {
		"1": "ap_21/ap-21_pink"
	},
	"elements": [
		{
			"from": [0.7, 3.10524, 7.44899],
			"to": [6.5, 5.25524, 8.24899],
			"rotation": {"angle": 0, "axis": "x", "origin": [8.03884, 3.50313, 7.85211]},
			"faces": {
				"north": {"uv": [7.5, 2, 13, 0], "rotation": 180, "texture": "#1"},
				"east": {"uv": [0, 0, 1.65, 0.8], "rotation": 270, "texture": "#1"},
				"south": {"uv": [7.5, 0, 13, 2], "texture": "#1"},
				"west": {"uv": [0, 0, 7, 1.5], "rotation": 90, "texture": "#1"},
				"up": {"uv": [9.5, 2, 8.125, 2.5], "rotation": 180, "texture": "#1"},
				"down": {"uv": [11.5, 0.5, 12, 1], "texture": "#1"}
			}
		},
		{
			"from": [10.38123, -1.71991, 7.34899],
			"to": [11.73123, 2.08009, 8.34899],
			"rotation": {"angle": 22.5, "axis": "z", "origin": [8.03884, 3.50313, 7.85211]},
			"faces": {
				"north": {"uv": [7.5, 15.5, 9.5, 11.5], "rotation": 180, "texture": "#1"},
				"east": {"uv": [0, 0, 3.8, 1], "rotation": 270, "texture": "#1"},
				"south": {"uv": [7.5, 11, 9.5, 15.5], "texture": "#1"},
				"west": {"uv": [0, 0, 1, 2], "rotation": 90, "texture": "#1"},
				"up": {"uv": [0, 0, 1.35, 1], "rotation": 180, "texture": "#1"},
				"down": {"uv": [0, 0, 1.35, 1], "texture": "#1"}
			}
		},
		{
			"from": [18.775, 1.60524, 7.24899],
			"to": [19.95, 3.28024, 8.47399],
			"rotation": {"angle": 0, "axis": "x", "origin": [8.03884, 3.50313, 7.85211]},
			"faces": {
				"north": {"uv": [1.5, 13.5, 4.5, 15], "rotation": 270, "texture": "#1"},
				"east": {"uv": [1.5, 13.5, 4.5, 15], "texture": "#1"},
				"south": {"uv": [1.5, 13.5, 4.5, 15], "rotation": 90, "texture": "#1"},
				"west": {"uv": [1.5, 13.5, 4.5, 15], "rotation": 180, "texture": "#1"},
				"up": {"uv": [1.5, 13.5, 4.5, 15], "rotation": 270, "texture": "#1"},
				"down": {"uv": [1.5, 13.5, 4.5, 15], "rotation": 90, "texture": "#1"}
			}
		},
		{
			"from": [13.175, 3.28024, 7.22399],
			"to": [19.95, 4.25524, 8.47399],
			"rotation": {"angle": 0, "axis": "x", "origin": [8.03884, 3.50313, 7.85211]},
			"faces": {
				"north": {"uv": [0, 14.5, 7, 13], "rotation": 180, "texture": "#1"},
				"east": {"uv": [0, 0, 1.475, 1.2], "rotation": 270, "texture": "#1"},
				"south": {"uv": [0, 13, 7.5, 14.5], "texture": "#1"},
				"west": {"uv": [0, 0, 15.5, 16], "rotation": 90, "texture": "#1"},
				"up": {"uv": [1, 13, 6.5, 13.5], "rotation": 180, "texture": "#1"},
				"down": {"uv": [0, 0, 6.9, 1.2], "texture": "#1"}
			}
		},
		{
			"from": [0.17645, 1.30723, 6.99899],
			"to": [9.42645, 3.10723, 8.74899],
			"rotation": {"angle": 0, "axis": "x", "origin": [8.03884, 3.50313, 7.85211]},
			"faces": {
				"north": {"uv": [9.5, 2, 11.5, 11.5], "rotation": 270, "texture": "#1"},
				"east": {"uv": [0, 2.5, 2, 3.5], "rotation": 270, "texture": "#1"},
				"south": {"uv": [9.5, 2, 11.5, 11.5], "rotation": 90, "texture": "#1"},
				"west": {"uv": [0.5, 2.5, 2.5, 3.5], "rotation": 90, "texture": "#1"},
				"up": {"uv": [9.5, 11.5, 11.5, 2], "rotation": 270, "texture": "#1"},
				"down": {"uv": [9.5, 2, 11.5, 11.5], "rotation": 90, "texture": "#1"}
			}
		},
		{
			"from": [9.4, 1.70524, 7.54899],
			"to": [11.45, 3.00524, 8.14899],
			"rotation": {"angle": 0, "axis": "x", "origin": [8.03884, 3.50313, 7.85211]},
			"faces": {
				"north": {"uv": [5.5, 5.5, 7, 7], "rotation": 180, "texture": "#1"},
				"east": {"uv": [0, 0, 1.3, 0.6], "rotation": 270, "texture": "#1"},
				"south": {"uv": [0, 11.5, 2, 13], "texture": "#1"},
				"west": {"uv": [0, 12, 1.5, 12.5], "rotation": 90, "texture": "#1"},
				"up": {"uv": [0, 0, 1.65, 0.6], "rotation": 180, "texture": "#1"},
				"down": {"uv": [0, 11.5, 1.5, 12], "texture": "#1"}
			}
		},
		{
			"from": [6.5, 2.75524, 7.14899],
			"to": [13.2, 4.35524, 8.54899],
			"rotation": {"angle": 0, "axis": "x", "origin": [8.03884, 3.50313, 7.85211]},
			"faces": {
				"north": {"uv": [0, 2, 7.5, 4], "rotation": 180, "texture": "#1"},
				"east": {"uv": [0.5, 2.5, 2, 4], "rotation": 270, "texture": "#1"},
				"south": {"uv": [0, 2, 7.5, 4], "texture": "#1"},
				"west": {"uv": [2.5, 4, 4, 5.5], "rotation": 90, "texture": "#1"},
				"up": {"uv": [0.5, 2, 7, 3.5], "rotation": 180, "texture": "#1"},
				"down": {"uv": [2.5, 5.5, 9, 7], "texture": "#1"}
			}
		},
		{
			"from": [5.4, 4.35524, 7.34899],
			"to": [12.4, 5.35524, 8.34899],
			"rotation": {"angle": 0, "axis": "x", "origin": [8.03884, 3.50313, 7.85211]},
			"faces": {
				"north": {"uv": [0, 11.5, 7.5, 9.5], "rotation": 180, "texture": "#1"},
				"east": {"uv": [0, 2, 1, 3], "rotation": 270, "texture": "#1"},
				"south": {"uv": [0, 9.5, 7.5, 11.5], "texture": "#1"},
				"west": {"uv": [1, 2.5, 2, 3.5], "rotation": 90, "texture": "#1"},
				"up": {"uv": [0, 2.5, 7, 3.5], "rotation": 180, "texture": "#1"},
				"down": {"uv": [0, 2.5, 7, 3.5], "texture": "#1"}
			}
		},
		{
			"from": [-1.55, 3.35524, 7.44899],
			"to": [0.7, 4.30524, 8.24899],
			"rotation": {"angle": 0, "axis": "x", "origin": [8.03884, 3.50313, 7.85211]},
			"faces": {
				"north": {"uv": [1.5, 3, 6.5, 2], "rotation": 180, "texture": "#1"},
				"east": {"uv": [0, 0, 0.95, 0.8], "rotation": 270, "texture": "#1"},
				"south": {"uv": [2, 2, 4, 3], "texture": "#1"},
				"west": {"uv": [1, 2, 2, 3], "rotation": 90, "texture": "#1"},
				"up": {"uv": [0.5, 2, 4, 2.5], "rotation": 180, "texture": "#1"},
				"down": {"uv": [1.5, 2.5, 5, 3.5], "texture": "#1"}
			}
		},
		{
			"from": [-0.075, 4.25524, 7.54899],
			"to": [0.775, 5.95524, 8.14899],
			"rotation": {"angle": 0, "axis": "x", "origin": [8.03884, 3.50313, 7.85211]},
			"faces": {
				"north": {"uv": [0, 4, 7.5, 2], "rotation": 180, "texture": "#1"},
				"east": {"uv": [0, 3, 1, 3.5], "rotation": 270, "texture": "#1"},
				"south": {"uv": [0, 2, 7.5, 4], "texture": "#1"},
				"west": {"uv": [1, 2.5, 2, 3], "rotation": 90, "texture": "#1"},
				"up": {"uv": [1, 3, 2, 3.5], "rotation": 180, "texture": "#1"},
				"down": {"uv": [0, 0, 0.85, 0.6], "texture": "#1"}
			}
		},
		{
			"from": [-2.05, 3.44989, 7.30092],
			"to": [-1.55, 4.04989, 7.90092],
			"rotation": {"angle": 45, "axis": "x", "origin": [8.03884, 3.50313, 7.85211]},
			"faces": {
				"north": {"uv": [1.5, 2, 2, 4], "rotation": 180, "texture": "#1"},
				"east": {"uv": [0, 0, 0.6, 0.6], "rotation": 270, "texture": "#1"},
				"south": {"uv": [0, 2, 7.5, 4], "texture": "#1"},
				"west": {"uv": [4.25, 4.25, 5.25, 5.25], "rotation": 90, "texture": "#1"},
				"up": {"uv": [1.5, 2, 2, 4], "rotation": 180, "texture": "#1"},
				"down": {"uv": [1.5, 4, 2, 2], "texture": "#1"}
			}
		}
	],
	"display": {
		"thirdperson_righthand": {
			"rotation": [-85, -90, -90],
			"translation": [-0.25, 5.75, -2.5]
		},
		"thirdperson_lefthand": {
			"rotation": [-85, 90, 90],
			"translation": [0.25, 5.75, -1.75]
		},
		"firstperson_righthand": {
			"rotation": [-22, -92, -18],
			"translation": [10, 7.5, -8.5],
			"scale": [1.85, 1.85, 1.85]
		},
		"firstperson_lefthand": {
			"rotation": [-1, 81, -5],
			"translation": [4, 9.75, 2.75],
			"scale": [1.85, 1.85, 1.85]
		},
		"ground": {
			"translation": [0, 4.75, 0]
		},
		"gui": {
			"rotation": [24, -34, -5],
			"translation": [-0.5, 4, 0],
			"scale": [0.8, 0.8, 0.8]
		},
		"head": {
			"rotation": [-76, -122, 2],
			"translation": [-10, 18, -9],
			"scale": [1.52, 1.52, 1.52]
		},
		"fixed": {
			"translation": [-0.75, 8.25, 0.5],
			"scale": [1.85, 1.85, 1.85]
		}
	},
	"groups": [
		{
			"name": "group",
			"origin": [26.55, 8, 4.175],
			"children": [0, 1,
				{
					"name": "group",
					"origin": [20.825, 8, 15.175],
					"children": [2, 3]
				}
			]
		},
		{
			"name": "group",
			"origin": [-3.2, 0.5, 7.25],
			"children": [4, 5, 6, 7, 8, 9, 10]
		}
	]
}