{
	"credit": "Made with Blockbench",
	"texture_size": [64, 64],
	"textures": {
		"0": "ak_47/gray_darker",
		"1": "block/green_terracotta",
		"particle": "ak-47/gray_darker"
	},
	"elements": [
		{
			"from": [1.75, 2, 2.51],
			"to": [13.75, 10, 3.5],
			"faces": {
				"north": {"uv": [6.5, 8, 16, 10], "texture": "#0"},
				"east": {"uv": [6.5, 8, 16, 10], "texture": "#0"},
				"south": {"uv": [6.5, 8, 16, 10], "texture": "#0"},
				"west": {"uv": [6.5, 8, 16, 10], "texture": "#0"},
				"up": {"uv": [6.5, 8, 16, 10], "texture": "#0"},
				"down": {"uv": [6.5, 8, 16, 10], "texture": "#0"}
			}
		},
		{
			"from": [1.5, 1, 14],
			"to": [7, 9, 15],
			"faces": {
				"north": {"uv": [0, 0, 16, 1], "texture": "#0"},
				"east": {"uv": [0, 0, 16, 1], "texture": "#0"},
				"south": {"uv": [0, 0, 16, 1], "texture": "#0"},
				"west": {"uv": [0, 0, 16, 1], "texture": "#0"},
				"up": {"uv": [0, 0, 16, 1], "texture": "#0"},
				"down": {"uv": [0, 0, 16, 1], "texture": "#0"}
			}
		},
		{
			"from": [8.5, 1, 14],
			"to": [14, 9, 15],
			"faces": {
				"north": {"uv": [6.25, 10, 16, 12], "texture": "#0"},
				"east": {"uv": [6.25, 10, 16, 12], "texture": "#0"},
				"south": {"uv": [6.25, 10, 16, 12], "texture": "#0"},
				"west": {"uv": [6.25, 10, 16, 12], "texture": "#0"},
				"up": {"uv": [6.25, 10, 16, 12], "texture": "#0"},
				"down": {"uv": [6.25, 10, 16, 12], "texture": "#0"}
			}
		},
		{
			"from": [1, 9.5, 2.5],
			"to": [14.5, 11, 14.5],
			"rotation": {"angle": 0, "axis": "x", "origin": [4.25, 13, 14.5]},
			"faces": {
				"north": {"uv": [9.25, 10, 16, 10.5], "texture": "#0"},
				"east": {"uv": [9.25, 10, 16, 10.5], "texture": "#0"},
				"south": {"uv": [9.25, 10, 16, 10.5], "texture": "#0"},
				"west": {"uv": [9.25, 10, 16, 10.5], "texture": "#0"},
				"up": {"uv": [9.25, 10, 16, 10.5], "texture": "#0"},
				"down": {"uv": [9.25, 10, 16, 10.5], "texture": "#0"}
			}
		},
		{
			"from": [1.25, 11, 3.25],
			"to": [14.25, 11.25, 13.75],
			"rotation": {"angle": 0, "axis": "y", "origin": [4.25, 13, 14.5]},
			"faces": {
				"north": {"uv": [0, 11.25, 16, 11.5], "texture": "#0"},
				"east": {"uv": [0, 11.25, 16, 11.5], "texture": "#0"},
				"south": {"uv": [0, 11.25, 16, 11.5], "texture": "#0"},
				"west": {"uv": [0, 11.25, 16, 11.5], "texture": "#0"},
				"up": {"uv": [0, 11.25, 16, 11.5], "texture": "#0"},
				"down": {"uv": [0, 11.25, 16, 11.5], "texture": "#0"}
			}
		},
		{
			"from": [1.5, 0.75, 2.25],
			"to": [14, 1, 14.75],
			"rotation": {"angle": 0, "axis": "y", "origin": [4.25, 13, 14.5]},
			"faces": {
				"north": {"uv": [11.25, 6.25, 16, 6.5], "texture": "#0"},
				"east": {"uv": [11.25, 6.25, 16, 6.5], "texture": "#0"},
				"south": {"uv": [11.25, 6.25, 16, 6.5], "texture": "#0"},
				"west": {"uv": [11.25, 6.25, 16, 6.5], "texture": "#0"},
				"up": {"uv": [11.25, 6.25, 16, 6.5], "texture": "#0"},
				"down": {"uv": [11.25, 6.25, 16, 6.5], "texture": "#0"}
			}
		},
		{
			"from": [1.5, 1, 2],
			"to": [14, 9, 3],
			"faces": {
				"north": {"uv": [6.5, 6, 16, 8], "texture": "#0"},
				"east": {"uv": [6.5, 6, 16, 8], "texture": "#0"},
				"south": {"uv": [6.5, 6, 16, 8], "texture": "#0"},
				"west": {"uv": [6.5, 6, 16, 8], "texture": "#0"},
				"up": {"uv": [6.5, 6, 16, 8], "texture": "#0"},
				"down": {"uv": [6.5, 6, 16, 8], "texture": "#0"}
			}
		},
		{
			"from": [14, 1, 2.5],
			"to": [14.5, 9, 14.5],
			"rotation": {"angle": 0, "axis": "y", "origin": [14.5, 4, 8]},
			"faces": {
				"north": {"uv": [1.25, 12.25, 16, 14.25], "texture": "#0"},
				"east": {"uv": [1.25, 12.25, 16, 14.25], "texture": "#0"},
				"south": {"uv": [1.25, 12.25, 16, 14.25], "texture": "#0"},
				"west": {"uv": [1.25, 12.25, 16, 14.25], "texture": "#0"},
				"up": {"uv": [1.25, 12.25, 16, 14.25], "texture": "#0"},
				"down": {"uv": [1.25, 12.25, 16, 14.25], "texture": "#0"}
			}
		},
		{
			"from": [0.75, 9.75, 2.75],
			"to": [1, 10.75, 14.25],
			"rotation": {"angle": 0, "axis": "y", "origin": [14.5, 4, 8]},
			"faces": {
				"north": {"uv": [6.25, 8.75, 16, 9], "texture": "#0"},
				"east": {"uv": [6.25, 8.75, 16, 9], "texture": "#0"},
				"south": {"uv": [6.25, 8.75, 16, 9], "texture": "#0"},
				"west": {"uv": [6.25, 8.75, 16, 9], "texture": "#0"},
				"up": {"uv": [6.25, 8.75, 16, 9], "texture": "#0"},
				"down": {"uv": [6.25, 8.75, 16, 9], "texture": "#0"}
			}
		},
		{
			"from": [14.5, 9.75, 2.75],
			"to": [14.75, 10.75, 14.25],
			"rotation": {"angle": 0, "axis": "y", "origin": [14.5, 4, 8]},
			"faces": {
				"north": {"uv": [3, 9.25, 16, 9.5], "texture": "#0"},
				"east": {"uv": [3, 9.25, 16, 9.5], "texture": "#0"},
				"south": {"uv": [3, 9.25, 16, 9.5], "texture": "#0"},
				"west": {"uv": [3, 9.25, 16, 9.5], "texture": "#0"},
				"up": {"uv": [3, 9.25, 16, 9.5], "texture": "#0"},
				"down": {"uv": [3, 9.25, 16, 9.5], "texture": "#0"}
			}
		},
		{
			"from": [1.5, 9.75, 2.25],
			"to": [14, 10.75, 2.5],
			"rotation": {"angle": 0, "axis": "y", "origin": [14.625, 10.25, 8.5]},
			"faces": {
				"north": {"uv": [11.25, 7.75, 16, 8], "texture": "#0"},
				"east": {"uv": [11.25, 7.75, 16, 8], "texture": "#0"},
				"south": {"uv": [11.25, 7.75, 16, 8], "texture": "#0"},
				"west": {"uv": [11.25, 7.75, 16, 8], "texture": "#0"},
				"up": {"uv": [11.25, 7.75, 16, 8], "texture": "#0"},
				"down": {"uv": [11.25, 7.75, 16, 8], "texture": "#0"}
			}
		},
		{
			"from": [1.5, 9.75, 14.25],
			"to": [14, 10.75, 14.75],
			"rotation": {"angle": 0, "axis": "y", "origin": [14.625, 10.25, 8.5]},
			"faces": {
				"north": {"uv": [11.5, 0.5, 16, 0.75], "texture": "#0"},
				"east": {"uv": [11.5, 0.5, 16, 0.75], "texture": "#0"},
				"south": {"uv": [11.5, 0.5, 16, 0.75], "texture": "#0"},
				"west": {"uv": [11.5, 0.5, 16, 0.75], "texture": "#0"},
				"up": {"uv": [11.5, 0.5, 16, 0.75], "texture": "#0"},
				"down": {"uv": [11.5, 0.5, 16, 0.75], "texture": "#0"}
			}
		},
		{
			"from": [14.25, 1.125, 3],
			"to": [14.75, 8.875, 14],
			"rotation": {"angle": 0, "axis": "y", "origin": [14.5, 4, 8]},
			"faces": {
				"north": {"uv": [1.75, 12.25, 16, 14.25], "texture": "#0"},
				"east": {"uv": [1.75, 12.25, 16, 14.25], "texture": "#0"},
				"south": {"uv": [1.75, 12.25, 16, 14.25], "texture": "#0"},
				"west": {"uv": [1.75, 12.25, 16, 14.25], "texture": "#0"},
				"up": {"uv": [1.75, 12.25, 16, 14.25], "texture": "#0"},
				"down": {"uv": [1.75, 12.25, 16, 14.25], "texture": "#0"}
			}
		},
		{
			"from": [1, 1, 2.5],
			"to": [1.5, 9, 14.5],
			"rotation": {"angle": 0, "axis": "y", "origin": [14.5, 4, 8]},
			"faces": {
				"north": {"uv": [0, 0, 16, 7], "texture": "#0"},
				"east": {"uv": [0, 0, 1, 16], "texture": "#0"},
				"south": {"uv": [0, 0, 16, 7], "texture": "#0"},
				"west": {"uv": [0, 0, 1, 16], "texture": "#0"},
				"up": {"uv": [0, 0, 16, 1.5], "texture": "#0"},
				"down": {"uv": [0, 0, 16, 1.5], "texture": "#0"}
			}
		},
		{
			"from": [1.5, 1, 3],
			"to": [14, 9.5, 14],
			"rotation": {"angle": 0, "axis": "y", "origin": [7.75, 5.25, 8.5]},
			"faces": {
				"north": {"uv": [6.5, 0, 13, 4.5], "texture": "#1"},
				"east": {"uv": [6.5, 9, 12, 13.5], "texture": "#1"},
				"south": {"uv": [0, 5.5, 6.5, 11], "texture": "#1"},
				"west": {"uv": [0, 11, 5.5, 15.5], "texture": "#1"},
				"up": {"uv": [6.5, 5.5, 0, 0], "texture": "#1"},
				"down": {"uv": [6.5, 5.5, 0, 11], "texture": "#1"}
			}
		}
	],
	"display": {
		"thirdperson_righthand": {
			"rotation": [53, 0, 0],
			"translation": [0, 2.5, 1.25],
			"scale": [0.5, 0.5, -0.5]
		},
		"thirdperson_lefthand": {
			"rotation": [53, 0, 0],
			"translation": [0, 2.5, 1.25],
			"scale": [0.5, 0.5, -0.5]
		},
		"firstperson_righthand": {
			"rotation": [-6, -17, 0],
			"translation": [2.25, 0, -7.75]
		},
		"firstperson_lefthand": {
			"rotation": [-6, -33, 0],
			"translation": [4, -0.25, -8.75]
		},
		"ground": {
			"translation": [0, 3, 0],
			"scale": [0.75, 0.75, 0.75]
		},
		"gui": {
			"rotation": [18, 15, 4],
			"translation": [0, 1.75, 0],
			"scale": [0.7, 0.7, 0.7]
		},
		"head": {
			"rotation": [0, -180, 0],
			"translation": [0, 2.75, 0.5],
			"scale": [1.07, 1.34, 1.22]
		},
		"fixed": {
			"translation": [0, -2.25, 0],
			"scale": [1, 1, -1]
		}
	}
}
