{"credit":"Dooraley","textures":{"0":"block/black_shulker_box","particle":"block/black_shulker_box"},"elements":[{"from":[7.749,0.75,12.25],"to":[8.9992,3.5,13.25],"rotation":{"angle":-22.5,"axis":"x","origin":[8.375,1.75,12.625]},"faces":{"north":{"uv":[12,6,13,7],"texture":"#0"},"east":{"uv":[13,5,14,6],"texture":"#0"},"south":{"uv":[12,6,13,7],"texture":"#0"},"west":{"uv":[13,5,14,6],"texture":"#0"},"up":{"uv":[14,6,15,7],"texture":"#0"},"down":{"uv":[14,6,15,7],"texture":"#0"}}},{"from":[7.75,3.12761,11.37788],"to":[9,4.62761,12.87788],"rotation":{"angle":0,"axis":"y","origin":[8.375,1.87761,12.25288]},"faces":{"north":{"uv":[14,6,15,7],"texture":"#0"},"east":{"uv":[14,6,15,7],"texture":"#0"},"south":{"uv":[14,6,15,7],"texture":"#0"},"west":{"uv":[14,6,15,7],"texture":"#0"},"up":{"uv":[14,6,15,7],"texture":"#0"},"down":{"uv":[14,6,15,7],"texture":"#0"}}},{"from":[7.75,3.12761,6.12788],"to":[9,4.62761,9.37788],"rotation":{"angle":0,"axis":"y","origin":[8.375,1.87761,12.25288]},"faces":{"north":{"uv":[14,6,15,7],"texture":"#0"},"east":{"uv":[14,6,15,7],"texture":"#0"},"south":{"uv":[14,6,15,7],"texture":"#0"},"west":{"uv":[14,6,15,7],"texture":"#0"},"up":{"uv":[14,6,15,7],"texture":"#0"},"down":{"uv":[14,6,15,7],"texture":"#0"}}},{"from":[9,2.50656,5.96456],"to":[9.25,2.75656,9.21456],"rotation":{"angle":22.5,"axis":"x","origin":[8.375,2.75656,7.58956]},"faces":{"north":{"uv":[14,6,15,7],"texture":"#0"},"east":{"uv":[14,6,15,7],"texture":"#0"},"south":{"uv":[14,6,15,7],"texture":"#0"},"west":{"uv":[14,6,15,7],"texture":"#0"},"up":{"uv":[14,6,15,7],"texture":"#0"},"down":{"uv":[14,6,15,7],"texture":"#0"}}},{"from":[7.5,2.50656,5.96456],"to":[7.75,2.75656,9.21456],"rotation":{"angle":22.5,"axis":"x","origin":[8.375,2.75656,7.58956]},"faces":{"north":{"uv":[14,6,15,7],"texture":"#0"},"east":{"uv":[14,6,15,7],"texture":"#0"},"south":{"uv":[14,6,15,7],"texture":"#0"},"west":{"uv":[14,6,15,7],"texture":"#0"},"up":{"uv":[14,6,15,7],"texture":"#0"},"down":{"uv":[14,6,15,7],"texture":"#0"}}},{"from":[7.75,3.12761,9.37788],"to":[9,3.37761,11.37788],"rotation":{"angle":0,"axis":"y","origin":[8.375,1.87761,12.25288]},"faces":{"north":{"uv":[14,6,15,7],"texture":"#0"},"east":{"uv":[14,6,15,7],"texture":"#0"},"south":{"uv":[14,6,15,7],"texture":"#0"},"west":{"uv":[14,6,15,7],"texture":"#0"},"up":{"uv":[14,6,15,7],"texture":"#0"},"down":{"uv":[14,6,15,7],"texture":"#0"}}},{"from":[7.75,3.37761,9.37788],"to":[9,4.62761,9.62788],"rotation":{"angle":0,"axis":"y","origin":[8.375,1.87761,12.25288]},"faces":{"north":{"uv":[14,6,15,7],"texture":"#0"},"east":{"uv":[14,6,15,7],"texture":"#0"},"south":{"uv":[14,6,15,7],"texture":"#0"},"west":{"uv":[14,6,15,7],"texture":"#0"},"up":{"uv":[14,6,15,7],"texture":"#0"},"down":{"uv":[14,6,15,7],"texture":"#0"}}},{"from":[7.75,4.62761,5.62788],"to":[9,7.12761,13.87788],"rotation":{"angle":0,"axis":"y","origin":[8.375,1.87761,12.25288]},"faces":{"north":{"uv":[14,6,15,7],"texture":"#0"},"east":{"uv":[14,6,15,7],"texture":"#0"},"south":{"uv":[14,6,15,7],"texture":"#0"},"west":{"uv":[14,6,15,7],"texture":"#0"},"up":{"uv":[14,6,15,7],"texture":"#0"},"down":{"uv":[14,6,15,7],"texture":"#0"}}},{"from":[7.5,7.12761,6.12788],"to":[9.25,7.37761,13.87788],"rotation":{"angle":0,"axis":"y","origin":[8.375,1.87761,12.25288]},"faces":{"north":{"uv":[14,6,15,7],"texture":"#0"},"east":{"uv":[14,6,15,7],"texture":"#0"},"south":{"uv":[14,6,15,7],"texture":"#0"},"west":{"uv":[14,6,15,7],"texture":"#0"},"up":{"uv":[14,6,15,7],"texture":"#0"},"down":{"uv":[14,6,15,7],"texture":"#0"}}},{"from":[7.5,7.37761,12.62788],"to":[9.25,8.12761,13.87788],"rotation":{"angle":0,"axis":"y","origin":[8.375,1.87761,12.25288]},"faces":{"north":{"uv":[14,6,15,7],"texture":"#0"},"east":{"uv":[13,6,14,7],"texture":"#0"},"south":{"uv":[14,6,15,7],"texture":"#0"},"west":{"uv":[13,6,14,7],"texture":"#0"},"up":{"uv":[14,6,15,7],"texture":"#0"},"down":{"uv":[14,6,15,7],"texture":"#0"}}},{"from":[7.5,8.12761,12.62788],"to":[9.25,8.37761,13.62788],"rotation":{"angle":0,"axis":"y","origin":[8.375,1.87761,12.25288]},"faces":{"north":{"uv":[13,6,14,7],"texture":"#0"},"east":{"uv":[13,6,14,7],"texture":"#0"},"south":{"uv":[14,6,15,7],"texture":"#0"},"west":{"uv":[13,6,14,7],"texture":"#0"},"up":{"uv":[14,6,15,7],"texture":"#0"},"down":{"uv":[13,6,14,7],"texture":"#0"}}},{"from":[7.5,8.30439,11.30466],"to":[7.75,8.80439,13.30466],"rotation":{"angle":0,"axis":"y","origin":[8.375,1.55439,10.17966]},"faces":{"north":{"uv":[14,6,15,7],"texture":"#0"},"east":{"uv":[14,6,15,7],"texture":"#0"},"south":{"uv":[14,6,15,7],"texture":"#0"},"west":{"uv":[14,6,15,7],"texture":"#0"},"up":{"uv":[14,6,15,7],"texture":"#0"},"down":{"uv":[14,6,15,7],"texture":"#0"}}},{"from":[9,8.30439,11.05466],"to":[9.25,8.80439,13.30466],"rotation":{"angle":0,"axis":"y","origin":[9.875,1.55439,10.17966]},"faces":{"north":{"uv":[14,6,15,7],"texture":"#0"},"east":{"uv":[14,6,15,7],"texture":"#0"},"south":{"uv":[14,6,15,7],"texture":"#0"},"west":{"uv":[14,6,15,7],"texture":"#0"},"up":{"uv":[14,6,15,7],"texture":"#0"},"down":{"uv":[14,6,15,7],"texture":"#0"}}},{"from":[9,8.80439,11.30466],"to":[9.25,9.05439,12.55466],"rotation":{"angle":0,"axis":"y","origin":[9.875,1.55439,10.67966]},"faces":{"north":{"uv":[11,2,12,3],"texture":"#0"},"east":{"uv":[11,2,12,3],"texture":"#0"},"south":{"uv":[11,2,12,3],"texture":"#0"},"west":{"uv":[11,2,12,3],"texture":"#0"},"up":{"uv":[11,2,12,3],"texture":"#0"},"down":{"uv":[11,2,12,3],"texture":"#0"}}},{"from":[8.25,8.55439,11.80466],"to":[8.5,8.80439,12.55466],"rotation":{"angle":0,"axis":"y","origin":[9.875,1.55439,10.17966]},"faces":{"north":{"uv":[12,6,13,7],"texture":"#0"},"east":{"uv":[12,6,13,7],"texture":"#0"},"south":{"uv":[12,6,13,7],"texture":"#0"},"west":{"uv":[12,6,13,7],"texture":"#0"},"up":{"uv":[12,6,13,7],"texture":"#0"},"down":{"uv":[12,6,13,7],"texture":"#0"}}},{"from":[7.5,8.80439,11.55466],"to":[7.75,9.05439,12.80466],"rotation":{"angle":0,"axis":"y","origin":[9.875,1.55439,10.92966]},"faces":{"north":{"uv":[12,6,13,7],"texture":"#0"},"east":{"uv":[12,6,13,7],"texture":"#0"},"south":{"uv":[12,6,13,7],"texture":"#0"},"west":{"uv":[12,6,13,7],"texture":"#0"},"up":{"uv":[12,6,13,7],"texture":"#0"},"down":{"uv":[12,6,13,7],"texture":"#0"}}},{"from":[7.5003,7.37761,6.12788],"to":[9.2507,8.37761,6.87788],"rotation":{"angle":0,"axis":"y","origin":[8.375,1.87761,12.25288]},"faces":{"north":{"uv":[14,6,15,7],"texture":"#0"},"east":{"uv":[13,6,14,7],"texture":"#0"},"south":{"uv":[14,6,15,7],"texture":"#0"},"west":{"uv":[13,6,14,7],"texture":"#0"},"up":{"uv":[14,6,15,7],"texture":"#0"},"down":{"uv":[14,6,15,7],"texture":"#0"}}},{"from":[7.5,8.25261,6.17966],"to":[9.25,8.50261,6.42966],"rotation":{"angle":45,"axis":"x","origin":[8.375,8.37761,6.30466]},"faces":{"north":{"uv":[14,6,15,7],"texture":"#0"},"east":{"uv":[13,6,14,7],"texture":"#0"},"south":{"uv":[14,6,15,7],"texture":"#0"},"west":{"uv":[13,6,14,7],"texture":"#0"},"up":{"uv":[14,6,15,7],"texture":"#0"},"down":{"uv":[14,6,15,7],"texture":"#0"}}},{"from":[7.499,8.30439,6.30466],"to":[9.2492,8.55439,12.80466],"rotation":{"angle":0,"axis":"y","origin":[8.375,8.17939,8.92966]},"faces":{"north":{"uv":[14,6,15,7],"texture":"#0"},"east":{"uv":[13,6,14,7],"texture":"#0"},"south":{"uv":[14,6,15,7],"texture":"#0"},"west":{"uv":[13,6,14,7],"texture":"#0"},"up":{"uv":[14,6,15,7],"texture":"#0"},"down":{"uv":[14,6,15,7],"texture":"#0"}}},{"from":[7.75,5.12761,5.12788],"to":[9,6.62761,5.62788],"rotation":{"angle":0,"axis":"y","origin":[8.375,1.87761,12.25288]},"faces":{"north":{"uv":[14,6,15,7],"texture":"#0"},"east":{"uv":[14,6,15,7],"texture":"#0"},"south":{"uv":[14,6,15,7],"texture":"#0"},"west":{"uv":[14,6,15,7],"texture":"#0"},"up":{"uv":[14,6,15,7],"texture":"#0"},"down":{"uv":[14,6,15,7],"texture":"#0"}}},{"from":[7.5,4.87761,4.87788],"to":[9.25,6.87761,5.12788],"rotation":{"angle":0,"axis":"y","origin":[8.375,1.87761,12.25288]},"faces":{"north":{"uv":[15,6,16,7],"texture":"#0"},"east":{"uv":[15,6,16,7],"texture":"#0"},"south":{"uv":[15,6,16,7],"texture":"#0"},"west":{"uv":[15,6,16,7],"texture":"#0"},"up":{"uv":[15,6,16,7],"texture":"#0"},"down":{"uv":[15,6,16,7],"texture":"#0"}}},{"from":[7.75,5.37761,13.87788],"to":[9,6.62761,14.37788],"rotation":{"angle":45,"axis":"z","origin":[8.375,6.00261,14.12788]},"faces":{"north":{"uv":[14,6,15,7],"texture":"#0"},"east":{"uv":[14,6,15,7],"texture":"#0"},"south":{"uv":[14,6,15,7],"texture":"#0"},"west":{"uv":[14,6,15,7],"texture":"#0"},"up":{"uv":[14,6,15,7],"texture":"#0"},"down":{"uv":[14,6,15,7],"texture":"#0"}}},{"from":[7.5,6.27761,5.82788],"to":[9.25,6.57761,13.62788],"rotation":{"angle":0,"axis":"y","origin":[8.375,1.57761,13.25288]},"faces":{"north":{"uv":[12,6,13,7],"texture":"#0"},"east":{"uv":[12,6,13,7],"texture":"#0"},"south":{"uv":[12,6,13,7],"texture":"#0"},"west":{"uv":[12,6,13,7],"texture":"#0"},"up":{"uv":[12,6,13,7],"texture":"#0"},"down":{"uv":[12,6,13,7],"texture":"#0"}}},{"from":[7.5,5.77761,6.02788],"to":[9.25,6.07761,13.42788],"rotation":{"angle":0,"axis":"y","origin":[8.375,1.07761,13.25288]},"faces":{"north":{"uv":[15,6,16,7],"texture":"#0"},"east":{"uv":[15,6,16,7],"texture":"#0"},"south":{"uv":[15,6,16,7],"texture":"#0"},"west":{"uv":[15,6,16,7],"texture":"#0"},"up":{"uv":[15,6,16,7],"texture":"#0"},"down":{"uv":[15,6,16,7],"texture":"#0"}}},{"from":[7.75,5.87761,14.37788],"to":[9,6.62761,20.62788],"rotation":{"angle":0,"axis":"y","origin":[8.375,1.87761,12.25288]},"faces":{"north":{"uv":[15,6,16,7],"texture":"#0"},"east":{"uv":[15,6,16,7],"texture":"#0"},"south":{"uv":[15,6,16,7],"texture":"#0"},"west":{"uv":[15,6,16,7],"texture":"#0"},"up":{"uv":[15,6,16,7],"texture":"#0"},"down":{"uv":[15,6,16,7],"texture":"#0"}}},{"from":[8.001,5.57157,14.66646],"to":[8.7508,6.32157,15.91646],"rotation":{"angle":45,"axis":"x","origin":[8.375,5.82157,15.16646]},"faces":{"north":{"uv":[13,5,14,6],"texture":"#0"},"east":{"uv":[13,5,14,6],"texture":"#0"},"south":{"uv":[13,5,14,6],"texture":"#0"},"west":{"uv":[13,5,14,6],"texture":"#0"},"up":{"uv":[13,5,14,6],"texture":"#0"},"down":{"uv":[13,5,14,6],"texture":"#0"}}},{"from":[8,5.11446,15.52001],"to":[8.75,6.36446,20.52001],"rotation":{"angle":0,"axis":"y","origin":[8.375,5.86446,15.77001]},"faces":{"north":{"uv":[13,5,14,6],"texture":"#0"},"east":{"uv":[13,5,14,6],"texture":"#0"},"south":{"uv":[13,5,14,6],"texture":"#0"},"west":{"uv":[13,5,14,6],"texture":"#0"},"up":{"uv":[13,5,14,6],"texture":"#0"},"down":{"uv":[13,5,14,6],"texture":"#0"}}},{"from":[8,3.86446,17.02001],"to":[8.75,5.11446,20.52001],"rotation":{"angle":0,"axis":"y","origin":[8.375,5.86446,15.77001]},"faces":{"north":{"uv":[13,5,14,6],"texture":"#0"},"east":{"uv":[13,5,14,6],"texture":"#0"},"south":{"uv":[13,5,14,6],"texture":"#0"},"west":{"uv":[13,5,14,6],"texture":"#0"},"up":{"uv":[13,5,14,6],"texture":"#0"},"down":{"uv":[13,5,14,6],"texture":"#0"}}},{"from":[7.999,4.74155,15.64475],"to":[8.7492,5.49155,17.39475],"rotation":{"angle":22.5,"axis":"x","origin":[8.375,5.24155,16.51975]},"faces":{"north":{"uv":[13,5,14,6],"texture":"#0"},"east":{"uv":[13,5,14,6],"texture":"#0"},"south":{"uv":[13,5,14,6],"texture":"#0"},"west":{"uv":[13,5,14,6],"texture":"#0"},"up":{"uv":[13,5,14,6],"texture":"#0"},"down":{"uv":[13,5,14,6],"texture":"#0"}}},{"from":[8,6.62761,14.37788],"to":[8.75,6.87761,20.12788],"rotation":{"angle":0,"axis":"y","origin":[8.375,1.87761,12.25288]},"faces":{"north":{"uv":[13,6,14,7],"texture":"#0"},"east":{"uv":[13,6,14,7],"texture":"#0"},"south":{"uv":[13,6,14,7],"texture":"#0"},"west":{"uv":[13,6,14,7],"texture":"#0"},"up":{"uv":[13,6,14,7],"texture":"#0"},"down":{"uv":[13,6,14,7],"texture":"#0"}}},{"from":[7.749,3.87761,12.06722],"to":[8.9992,5.37761,13.56722],"rotation":{"angle":45,"axis":"x","origin":[8.375,4.62761,12.81722]},"faces":{"north":{"uv":[14,6,15,7],"texture":"#0"},"east":{"uv":[14,6,15,7],"texture":"#0"},"south":{"uv":[14,6,15,7],"texture":"#0"},"west":{"uv":[14,6,15,7],"texture":"#0"},"up":{"uv":[14,6,15,7],"texture":"#0"},"down":{"uv":[14,6,15,7],"texture":"#0"}}},{"from":[7.7501,2.61608,6.06673],"to":[8.9999,3.91608,9.06673],"rotation":{"angle":22.5,"axis":"x","origin":[8.125,2.74108,7.44173]},"faces":{"north":{"uv":[14,6,15,7],"texture":"#0"},"east":{"uv":[14,6,15,7],"texture":"#0"},"south":{"uv":[14,6,15,7],"texture":"#0"},"west":{"uv":[14,6,15,7],"texture":"#0"},"up":{"uv":[14,6,15,7],"texture":"#0"},"down":{"uv":[14,6,15,7],"texture":"#0"}}},{"from":[8,0,12],"to":[8.75,3.5,13.5],"rotation":{"angle":-22.5,"axis":"x","origin":[8.375,1.75,12.625]},"faces":{"north":{"uv":[14,6,15,7],"texture":"#0"},"east":{"uv":[14,6,15,7],"texture":"#0"},"south":{"uv":[14,6,15,7],"texture":"#0"},"west":{"uv":[14,6,15,7],"texture":"#0"},"up":{"uv":[14,6,15,7],"texture":"#0"},"down":{"uv":[14,6,15,7],"texture":"#0"}}},{"from":[8,0.45373,6.2452],"to":[8.75,3.45373,8.7452],"rotation":{"angle":22.5,"axis":"x","origin":[8.375,2.32873,7.6202]},"faces":{"north":{"uv":[3,3,11,13],"texture":"#0"},"east":{"uv":[3,3,11,13],"texture":"#0"},"south":{"uv":[3,3,11,13],"texture":"#0"},"west":{"uv":[3,3,11,13],"texture":"#0"},"up":{"uv":[3,3,11,13],"texture":"#0"},"down":{"uv":[3,3,11,13],"texture":"#0"}}},{"from":[7.999,-1.75195,5.83315],"to":[8.7492,0.99805,8.18315],"rotation":{"angle":45,"axis":"x","origin":[8.275,0.87305,7.05815]},"faces":{"north":{"uv":[5,4,12,12],"texture":"#0"},"east":{"uv":[5,4,12,12],"texture":"#0"},"south":{"uv":[5,4,12,12],"texture":"#0"},"west":{"uv":[5,4,12,12],"texture":"#0"},"up":{"uv":[5,4,12,12],"texture":"#0"},"down":{"uv":[5,4,12,12],"texture":"#0"}}},{"from":[8,4.75,-0.25],"to":[8.75,5.5,5],"rotation":{"angle":0,"axis":"y","origin":[15.75,12.75,12]},"faces":{"north":{"uv":[14,1,15,2],"texture":"#0"},"east":{"uv":[15,5,16,6],"texture":"#0"},"south":{"uv":[15,5,16,6],"texture":"#0"},"west":{"uv":[15,5,16,6],"texture":"#0"},"up":{"uv":[15,5,16,6],"texture":"#0"},"down":{"uv":[15,5,16,6],"texture":"#0"}}},{"from":[8,6.31066,-0.25],"to":[8.75,7.06066,5],"rotation":{"angle":0,"axis":"y","origin":[15.75,14.31066,12]},"faces":{"north":{"uv":[14,1,15,2],"texture":"#0"},"east":{"uv":[15,5,16,6],"texture":"#0"},"south":{"uv":[15,5,16,6],"texture":"#0"},"west":{"uv":[15,5,16,6],"texture":"#0"},"up":{"uv":[15,5,16,6],"texture":"#0"},"down":{"uv":[15,5,16,6],"texture":"#0"}}},{"from":[8.53033,5.28033,-0.25],"to":[9.28033,6.53033,5],"rotation":{"angle":0,"axis":"y","origin":[8.90533,5.40533,4.5]},"faces":{"north":{"uv":[14,1,15,2],"rotation":270,"texture":"#0"},"east":{"uv":[15,5,16,6],"rotation":270,"texture":"#0"},"south":{"uv":[15,5,16,6],"rotation":270,"texture":"#0"},"west":{"uv":[15,5,16,6],"rotation":270,"texture":"#0"},"up":{"uv":[15,5,16,6],"rotation":270,"texture":"#0"},"down":{"uv":[15,5,16,6],"rotation":270,"texture":"#0"}}},{"from":[8,5.31066,-0.5],"to":[8.75,6.81066,0],"rotation":{"angle":0,"axis":"y","origin":[8.875,5.18566,4.5]},"faces":{"north":{"uv":[14,6,15,7],"rotation":270,"texture":"#0"},"east":{"uv":[14,6,15,7],"rotation":270,"texture":"#0"},"south":{"uv":[14,6,15,7],"rotation":270,"texture":"#0"},"west":{"uv":[14,6,15,7],"rotation":270,"texture":"#0"},"up":{"uv":[14,6,15,7],"rotation":270,"texture":"#0"},"down":{"uv":[14,6,15,7],"rotation":270,"texture":"#0"}}},{"from":[8.25,6.81066,-2.25],"to":[8.5,8.06066,-2],"rotation":{"angle":0,"axis":"y","origin":[8.875,5.18566,4.5]},"faces":{"north":{"uv":[14,6,15,7],"rotation":270,"texture":"#0"},"east":{"uv":[14,6,15,7],"rotation":270,"texture":"#0"},"south":{"uv":[14,6,15,7],"rotation":270,"texture":"#0"},"west":{"uv":[14,6,15,7],"rotation":270,"texture":"#0"},"up":{"uv":[12,6,13,7],"rotation":270,"texture":"#0"},"down":{"uv":[14,6,15,7],"rotation":270,"texture":"#0"}}},{"from":[8,5.56066,-2.25],"to":[8.75,6.81066,-2],"rotation":{"angle":0,"axis":"y","origin":[8.875,5.18566,4.5]},"faces":{"north":{"uv":[14,6,15,7],"rotation":270,"texture":"#0"},"east":{"uv":[14,6,15,7],"rotation":270,"texture":"#0"},"south":{"uv":[14,6,15,7],"rotation":270,"texture":"#0"},"west":{"uv":[14,6,15,7],"rotation":270,"texture":"#0"},"up":{"uv":[14,6,15,7],"rotation":270,"texture":"#0"},"down":{"uv":[14,6,15,7],"rotation":270,"texture":"#0"}}},{"from":[8.25,7.31066,-2],"to":[8.5,7.81066,-1.75],"rotation":{"angle":0,"axis":"y","origin":[8.875,5.18566,4.5]},"faces":{"north":{"uv":[14,6,15,7],"rotation":270,"texture":"#0"},"east":{"uv":[14,6,15,7],"rotation":270,"texture":"#0"},"south":{"uv":[14,6,15,7],"rotation":270,"texture":"#0"},"west":{"uv":[14,6,15,7],"rotation":270,"texture":"#0"},"up":{"uv":[14,6,15,7],"rotation":270,"texture":"#0"},"down":{"uv":[14,6,15,7],"rotation":270,"texture":"#0"}}},{"from":[8.25,7.75331,-2.21168],"to":[8.5,8.00331,0.53832],"rotation":{"angle":22.5,"axis":"x","origin":[8.375,7.87831,-2.08668]},"faces":{"north":{"uv":[14,6,15,7],"rotation":270,"texture":"#0"},"east":{"uv":[14,6,15,7],"rotation":270,"texture":"#0"},"south":{"uv":[14,6,15,7],"rotation":270,"texture":"#0"},"west":{"uv":[14,6,15,7],"rotation":270,"texture":"#0"},"up":{"uv":[14,6,15,7],"rotation":270,"texture":"#0"},"down":{"uv":[14,6,15,7],"rotation":270,"texture":"#0"}}},{"from":[8.75,5.56066,-0.5],"to":[9,6.56066,0],"rotation":{"angle":0,"axis":"y","origin":[8.875,5.18566,4.5]},"faces":{"north":{"uv":[14,6,15,7],"rotation":270,"texture":"#0"},"east":{"uv":[14,6,15,7],"rotation":270,"texture":"#0"},"south":{"uv":[14,6,15,7],"rotation":270,"texture":"#0"},"west":{"uv":[14,6,15,7],"rotation":270,"texture":"#0"},"up":{"uv":[14,6,15,7],"rotation":270,"texture":"#0"},"down":{"uv":[14,6,15,7],"rotation":270,"texture":"#0"}}},{"from":[7.75,5.56066,-0.5],"to":[8,6.56066,0],"rotation":{"angle":0,"axis":"y","origin":[7.875,5.18566,4.5]},"faces":{"north":{"uv":[14,6,15,7],"rotation":270,"texture":"#0"},"east":{"uv":[14,6,15,7],"rotation":270,"texture":"#0"},"south":{"uv":[14,6,15,7],"rotation":270,"texture":"#0"},"west":{"uv":[14,6,15,7],"rotation":270,"texture":"#0"},"up":{"uv":[14,6,15,7],"rotation":270,"texture":"#0"},"down":{"uv":[14,6,15,7],"rotation":270,"texture":"#0"}}},{"from":[7.46967,5.28033,-0.25],"to":[8.21967,6.53033,5],"rotation":{"angle":0,"axis":"y","origin":[7.84467,5.40533,4.5]},"faces":{"north":{"uv":[14,1,15,2],"rotation":270,"texture":"#0"},"east":{"uv":[15,5,16,6],"rotation":270,"texture":"#0"},"south":{"uv":[15,5,16,6],"rotation":270,"texture":"#0"},"west":{"uv":[15,5,16,6],"rotation":270,"texture":"#0"},"up":{"uv":[15,5,16,6],"rotation":270,"texture":"#0"},"down":{"uv":[15,5,16,6],"rotation":270,"texture":"#0"}}},{"from":[8.375,4.90533,-0.25],"to":[9.125,5.65533,5],"rotation":{"angle":45,"axis":"z","origin":[8.75,5.28033,4.5]},"faces":{"north":{"uv":[14,1,15,2],"texture":"#0"},"east":{"uv":[15,5,16,6],"texture":"#0"},"south":{"uv":[15,5,16,6],"texture":"#0"},"west":{"uv":[15,5,16,6],"texture":"#0"},"up":{"uv":[15,5,16,6],"texture":"#0"},"down":{"uv":[15,5,16,6],"texture":"#0"}}},{"from":[7.625,6.15533,-0.25],"to":[8.375,6.90533,5],"rotation":{"angle":45,"axis":"z","origin":[8,6.53033,4.5]},"faces":{"north":{"uv":[14,1,15,2],"texture":"#0"},"east":{"uv":[15,5,16,6],"texture":"#0"},"south":{"uv":[15,5,16,6],"texture":"#0"},"west":{"uv":[15,5,16,6],"texture":"#0"},"up":{"uv":[15,5,16,6],"texture":"#0"},"down":{"uv":[15,5,16,6],"texture":"#0"}}},{"from":[8.375,6.15533,-0.25],"to":[9.125,6.90533,5],"rotation":{"angle":45,"axis":"z","origin":[8.75,6.53033,4.5]},"faces":{"north":{"uv":[14,1,15,2],"texture":"#0"},"east":{"uv":[15,5,16,6],"texture":"#0"},"south":{"uv":[15,5,16,6],"texture":"#0"},"west":{"uv":[15,5,16,6],"texture":"#0"},"up":{"uv":[15,5,16,6],"texture":"#0"},"down":{"uv":[15,5,16,6],"texture":"#0"}}},{"from":[7.625,4.90533,-0.25],"to":[8.375,5.65533,5],"rotation":{"angle":45,"axis":"z","origin":[8,5.28033,4.5]},"faces":{"north":{"uv":[14,1,15,2],"texture":"#0"},"east":{"uv":[15,5,16,6],"texture":"#0"},"south":{"uv":[15,5,16,6],"texture":"#0"},"west":{"uv":[15,5,16,6],"texture":"#0"},"up":{"uv":[15,5,16,6],"texture":"#0"},"down":{"uv":[15,5,16,6],"texture":"#0"}}},{"from":[8.25,5.75,-6.25],"to":[8.5,6,1.75],"rotation":{"angle":0,"axis":"y","origin":[15.5,13.75,8.75]},"faces":{"north":{"uv":[1,2,2,3],"texture":"#0"},"east":{"uv":[2,2,3,3],"texture":"#0"},"south":{"uv":[2,2,3,3],"texture":"#0"},"west":{"uv":[2,2,3,3],"texture":"#0"},"up":{"uv":[2,2,3,3],"texture":"#0"},"down":{"uv":[2,2,3,3],"texture":"#0"}}},{"from":[8.25,6.10355,-6.25],"to":[8.5,6.35355,1.75],"rotation":{"angle":0,"axis":"y","origin":[15.5,14.10355,8.75]},"faces":{"north":{"uv":[1,2,2,3],"texture":"#0"},"east":{"uv":[2,2,3,3],"texture":"#0"},"south":{"uv":[2,2,3,3],"texture":"#0"},"west":{"uv":[2,2,3,3],"texture":"#0"},"up":{"uv":[2,2,3,3],"texture":"#0"},"down":{"uv":[2,2,3,3],"texture":"#0"}}},{"from":[8.375,5.80178,-6.25],"to":[8.625,6.05178,1.75],"rotation":{"angle":-45,"axis":"z","origin":[8.5,5.92678,0.875]},"faces":{"north":{"uv":[1,2,2,3],"texture":"#0"},"east":{"uv":[2,2,3,3],"texture":"#0"},"south":{"uv":[2,2,3,3],"texture":"#0"},"west":{"uv":[2,2,3,3],"texture":"#0"},"up":{"uv":[2,2,3,3],"texture":"#0"},"down":{"uv":[2,2,3,3],"texture":"#0"}}},{"from":[8.125,5.80178,-6.25],"to":[8.375,6.05178,1.75],"rotation":{"angle":-45,"axis":"z","origin":[8.25,5.92678,0.875]},"faces":{"north":{"uv":[1,2,2,3],"texture":"#0"},"east":{"uv":[2,2,3,3],"texture":"#0"},"south":{"uv":[2,2,3,3],"texture":"#0"},"west":{"uv":[2,2,3,3],"texture":"#0"},"up":{"uv":[2,2,3,3],"texture":"#0"},"down":{"uv":[2,2,3,3],"texture":"#0"}}},{"from":[8.375,6.05178,-6.25],"to":[8.625,6.30178,1.75],"rotation":{"angle":-45,"axis":"z","origin":[8.5,6.17678,0.875]},"faces":{"north":{"uv":[1,2,2,3],"texture":"#0"},"east":{"uv":[2,2,3,3],"texture":"#0"},"south":{"uv":[2,2,3,3],"texture":"#0"},"west":{"uv":[2,2,3,3],"texture":"#0"},"up":{"uv":[2,2,3,3],"texture":"#0"},"down":{"uv":[2,2,3,3],"texture":"#0"}}},{"from":[8.125,6.05178,-6.25],"to":[8.375,6.30178,1.75],"rotation":{"angle":-45,"axis":"z","origin":[8.25,6.17678,0.875]},"faces":{"north":{"uv":[1,2,2,3],"texture":"#0"},"east":{"uv":[2,2,3,3],"texture":"#0"},"south":{"uv":[2,2,3,3],"texture":"#0"},"west":{"uv":[2,2,3,3],"texture":"#0"},"up":{"uv":[2,2,3,3],"texture":"#0"},"down":{"uv":[2,2,3,3],"texture":"#0"}}},{"from":[8.07322,5.92678,-6.25],"to":[8.32322,6.17678,1.75],"rotation":{"angle":0,"axis":"y","origin":[8.19822,6.05178,0.875]},"faces":{"north":{"uv":[1,2,2,3],"rotation":90,"texture":"#0"},"east":{"uv":[2,2,3,3],"rotation":90,"texture":"#0"},"south":{"uv":[2,2,3,3],"rotation":90,"texture":"#0"},"west":{"uv":[2,2,3,3],"rotation":90,"texture":"#0"},"up":{"uv":[2,2,3,3],"rotation":90,"texture":"#0"},"down":{"uv":[2,2,3,3],"rotation":90,"texture":"#0"}}},{"from":[8.42678,5.92678,-6.25],"to":[8.67678,6.17678,1.75],"rotation":{"angle":0,"axis":"y","origin":[8.55178,6.05178,0.875]},"faces":{"north":{"uv":[1,2,2,3],"rotation":90,"texture":"#0"},"east":{"uv":[2,2,3,3],"rotation":90,"texture":"#0"},"south":{"uv":[2,2,3,3],"rotation":90,"texture":"#0"},"west":{"uv":[2,2,3,3],"rotation":90,"texture":"#0"},"up":{"uv":[2,2,3,3],"rotation":90,"texture":"#0"},"down":{"uv":[2,2,3,3],"rotation":90,"texture":"#0"}}},{"from":[8.25,4.25,11],"to":[8.5,4.75,11.25],"rotation":{"angle":0,"axis":"y","origin":[15.5,12.5,18.25]},"faces":{"north":{"uv":[12,2,13,3],"texture":"#0"},"east":{"uv":[12,2,13,3],"texture":"#0"},"south":{"uv":[12,2,13,3],"texture":"#0"},"west":{"uv":[12,2,13,3],"texture":"#0"},"up":{"uv":[12,2,13,3],"texture":"#0"},"down":{"uv":[12,2,13,3],"texture":"#0"}}},{"from":[8.25,3.66161,10.85983],"to":[8.5,4.41161,11.10983],"rotation":{"angle":45,"axis":"x","origin":[8.375,4.16161,10.98483]},"faces":{"north":{"uv":[12,2,13,3],"texture":"#0"},"east":{"uv":[12,2,13,3],"texture":"#0"},"south":{"uv":[12,2,13,3],"texture":"#0"},"west":{"uv":[12,2,13,3],"texture":"#0"},"up":{"uv":[12,2,13,3],"texture":"#0"},"down":{"uv":[12,2,13,3],"texture":"#0"}}},{"from":[8.25,3.61448,10.44086],"to":[8.5,3.86448,10.69086],"rotation":{"angle":-22.5,"axis":"x","origin":[8.375,3.73948,10.44086]},"faces":{"north":{"uv":[12,2,13,3],"texture":"#0"},"east":{"uv":[12,2,13,3],"texture":"#0"},"south":{"uv":[12,2,13,3],"texture":"#0"},"west":{"uv":[12,2,13,3],"texture":"#0"},"up":{"uv":[12,2,13,3],"texture":"#0"},"down":{"uv":[12,2,13,3],"texture":"#0"}}},{"from":[8.25,3.624,9.9887],"to":[8.5,3.874,10.4887],"rotation":{"angle":0,"axis":"y","origin":[8.375,3.749,10.2387]},"faces":{"north":{"uv":[12,2,13,3],"texture":"#0"},"east":{"uv":[12,2,13,3],"texture":"#0"},"south":{"uv":[12,2,13,3],"texture":"#0"},"west":{"uv":[12,2,13,3],"texture":"#0"},"up":{"uv":[12,2,13,3],"texture":"#0"},"down":{"uv":[12,2,13,3],"texture":"#0"}}}],"display":{"thirdperson_righthand":{"translation":[-0.5,3.25,-1.5],"scale":[0.87,0.87,0.87]},"thirdperson_lefthand":{"translation":[0.5,3.25,-1.5],"scale":[0.87,0.87,0.87]},"firstperson_righthand":{"rotation":[13,13,0],"translation":[-0.75,5.75,0],"scale":[1.31,1.38,1.38]},"firstperson_lefthand":{"rotation":[13,13,0],"translation":[-0.75,5.75,0],"scale":[1.31,1.38,1.38]},"ground":{"rotation":[0,0,-90],"translation":[2.75,0.5,0]},"gui":{"rotation":[66,50,-50],"translation":[0.75,1.5,0],"scale":[0.65,0.65,0.65]},"head":{"rotation":[90,129,-90],"translation":[-3.75,-12.5,4.75],"scale":[1.3,1.3,1.3]},"fixed":{"rotation":[0,90,0],"translation":[-1.75,6.75,0.25],"scale":[2.4,2.4,2.4]}}}