{
	"credit": "Made with Blockbench",
	"textures": {
		"1": "obrez/obrez1",
		"2": "obrez/obrez"
	},
	"elements": [
		{
			"from": [8, 4, 0],
			"to": [10, 11, 2],
			"rotation": {"angle": 45, "axis": "x", "origin": [9, 7.5, 1]},
			"faces": {
				"north": {"uv": [0, 1.28, 1.6, 8.32], "texture": "#2"},
				"east": {"uv": [5.12, 7.68, 7.68, 12.48], "texture": "#1"},
				"south": {"uv": [0, 0.64, 1.76, 7.68], "texture": "#2"},
				"west": {"uv": [5.28, 7.68, 7.68, 12.48], "texture": "#1"},
				"up": {"uv": [8, 0, 10, 2], "texture": "#missing"},
				"down": {"uv": [0, 4.16, 1.12, 6.08], "texture": "#2"}
			}
		},
		{
			"from": [7, 7.68198, 2.76777],
			"to": [11, 10.68198, 7.76777],
			"rotation": {"angle": 0, "axis": "y", "origin": [8, 9.68198, 6.26777]},
			"faces": {
				"north": {"uv": [3.68, 2.56, 4.8, 5.6], "rotation": 180, "texture": "#2"},
				"east": {"uv": [3.68, 3.68, 4.96, 6.72], "rotation": 270, "texture": "#2"},
				"south": {"uv": [2.08, 2.88, 2.88, 5.92], "texture": "#2"},
				"west": {"uv": [4.48, 2.88, 4.64, 5.92], "rotation": 90, "texture": "#2"},
				"up": {"uv": [3.52, 2.4, 5.12, 7.36], "rotation": 180, "texture": "#2"},
				"down": {"uv": [4, 1.6, 4.8, 6.56], "texture": "#2"}
			}
		},
		{
			"from": [7, 6.68198, 7.76777],
			"to": [11, 9.68198, 17.76777],
			"rotation": {"angle": 0, "axis": "y", "origin": [8, 9.68198, 11.26777]},
			"faces": {
				"north": {"uv": [2.24, 9.6, 4.96, 12.64], "rotation": 180, "texture": "#2"},
				"east": {"uv": [0.16, 9.28, 3.36, 16], "rotation": 270, "texture": "#2"},
				"south": {"uv": [1.76, 9.28, 5.12, 14.08], "texture": "#2"},
				"west": {"uv": [3.36, 9.28, 7.04, 16], "rotation": 90, "texture": "#2"},
				"up": {"uv": [1.6, 9.44, 5.12, 15.84], "rotation": 180, "texture": "#2"},
				"down": {"uv": [1.76, 9.28, 5.44, 16], "texture": "#2"}
			}
		},
		{
			"from": [8, 6.681, 6.76777],
			"to": [10, 7.931, 18.76777],
			"rotation": {"angle": 0, "axis": "y", "origin": [8, 9.68198, 11.26777]},
			"faces": {
				"north": {"uv": [0, 3.84, 1.28, 5.6], "rotation": 180, "texture": "#2"},
				"east": {"uv": [0, 0, 1.6, 9.28], "rotation": 270, "texture": "#2"},
				"south": {"uv": [0, 1.76, 0.8, 3.36], "texture": "#2"},
				"west": {"uv": [0, 0.16, 1.28, 8.64], "rotation": 90, "texture": "#2"},
				"up": {"uv": [0.16, 0, 0.96, 6.24], "rotation": 180, "texture": "#2"},
				"down": {"uv": [0, 0, 0.8, 8], "texture": "#2"}
			}
		},
		{
			"from": [8, 8.5, 7],
			"to": [10, 10.5, 20],
			"rotation": {"angle": 0, "axis": "y", "origin": [17, 17, 15]},
			"faces": {
				"north": {"uv": [2.08, 0.8, 2.88, 2.72], "texture": "#2"},
				"east": {"uv": [2.24, 0, 3.04, 2.88], "texture": "#2"},
				"south": {"uv": [5.12, 12.32, 6.56, 13.76], "texture": "#1"},
				"west": {"uv": [2.08, 0.32, 3.04, 2.4], "texture": "#2"},
				"up": {"uv": [1.92, 0, 3.04, 8.16], "texture": "#2"},
				"down": {"uv": [2.08, 0, 2.72, 8.48], "texture": "#2"}
			}
		},
		{
			"from": [8, 6.68198, 2.76777],
			"to": [10, 7.68198, 4.76777],
			"rotation": {"angle": 0, "axis": "y", "origin": [18, 14.68198, 10.76777]},
			"faces": {
				"north": {"uv": [0, 0, 1.44, 1.6], "texture": "#2"},
				"east": {"uv": [7.04, 13.92, 11.36, 16], "texture": "#2"},
				"south": {"uv": [0, 1.12, 1.12, 2.08], "texture": "#2"},
				"west": {"uv": [7.2, 13.92, 11.36, 16], "texture": "#2"},
				"up": {"uv": [0, 0, 2, 2], "texture": "#missing"},
				"down": {"uv": [5.76, 0.64, 6.88, 2.08], "texture": "#2"}
			}
		}
	],
	"display": {
		"thirdperson_righthand": {
			"rotation": [0, -180, 0],
			"translation": [0.75, 0, -3.75],
			"scale": [0.71, 1, 1]
		},
		"thirdperson_lefthand": {
			"rotation": [0, -180, 0],
			"translation": [-0.75, 0, -4],
			"scale": [0.71, 1, 1]
		},
		"firstperson_righthand": {
			"rotation": [0, -180, 0],
			"translation": [2.25, 0, -0.75],
			"scale": [0.71, 1, 1]
		},
		"firstperson_lefthand": {
			"rotation": [0, -180, 0],
			"translation": [6.5, 0, 0],
			"scale": [0.71, 1, 1]
		},
		"ground": {
			"translation": [0, 2.5, 0],
			"scale": [0.83, 1, 1]
		},
		"gui": {
			"rotation": [0, -47, 0]
		},
		"head": {
			"translation": [0, 6, 0]
		},
		"fixed": {
			"rotation": [0, -90, 0],
			"translation": [0, 0, -8],
			"scale": [3.06, 3.06, 3.06]
		}
	}
}