{
	"credit": "Made with Blockbench",
	"textures": {
		"0": "block/gray_concrete",
		"1": "block/black_concrete",
		"2": "block/anvil",
		"particle": "block/gray_concrete"
	},
	"elements": [
		{
			"from": [7.45724, 5.7463, 8.08905],
			"to": [8.45724, 8.7463, 10.08905],
			"rotation": {"angle": 0, "axis": "y", "origin": [7.95724, 8.08229, 8.12248]},
			"faces": {
				"north": {"uv": [0, 0, 1, 3], "texture": "#2"},
				"east": {"uv": [0, 0, 2, 3], "texture": "#2"},
				"south": {"uv": [0, 0, 1, 3], "texture": "#2"},
				"west": {"uv": [0, 0, 2, 3], "texture": "#2"},
				"up": {"uv": [0, 0, 1, 2], "texture": "#2"},
				"down": {"uv": [0, 0, 1, 2], "texture": "#2"}
			}
		},
		{
			"from": [7.35724, 5.7463, 7.98905],
			"to": [8.55724, 5.8463, 10.18905],
			"rotation": {"angle": 0, "axis": "y", "origin": [7.95724, 8.08229, 8.12248]},
			"faces": {
				"north": {"uv": [0, 0, 1.2, 0.1], "texture": "#2"},
				"east": {"uv": [0, 0, 2.2, 0.1], "texture": "#2"},
				"south": {"uv": [0, 0, 1.2, 0.1], "texture": "#2"},
				"west": {"uv": [0, 0, 2.2, 0.1], "texture": "#2"},
				"up": {"uv": [0, 0, 1.2, 2.2], "texture": "#2"},
				"down": {"uv": [0, 0, 1.2, 2.2], "texture": "#2"}
			}
		},
		{
			"from": [7.70724, 0.7463, 8.33905],
			"to": [8.20724, 5.7463, 9.83905],
			"rotation": {"angle": 0, "axis": "y", "origin": [7.95724, 8.08229, 8.12248]},
			"faces": {
				"north": {"uv": [0, 0, 0.5, 5], "texture": "#0"},
				"east": {"uv": [0, 0, 1.5, 5], "texture": "#0"},
				"south": {"uv": [0, 0, 0.5, 5], "texture": "#0"},
				"west": {"uv": [0, 0, 1.5, 5], "texture": "#0"},
				"up": {"uv": [0, 0, 0.5, 1.5], "texture": "#0"},
				"down": {"uv": [0, 0, 0.5, 1.5], "texture": "#0"}
			}
		},
		{
			"from": [7.55724, 0.6463, 8.08905],
			"to": [8.35724, 0.7463, 9.98905],
			"rotation": {"angle": 0, "axis": "y", "origin": [7.95724, 8.08229, 8.12248]},
			"faces": {
				"north": {"uv": [0, 0, 0.8, 0.1], "texture": "#0"},
				"east": {"uv": [0, 0, 1.9, 0.1], "texture": "#0"},
				"south": {"uv": [0, 0, 0.8, 0.1], "texture": "#0"},
				"west": {"uv": [0, 0, 1.9, 0.1], "texture": "#0"},
				"up": {"uv": [0, 0, 0.8, 1.9], "texture": "#0"},
				"down": {"uv": [0, 0, 0.8, 1.9], "texture": "#0"}
			}
		},
		{
			"from": [7.45724, 8.7463, 7.08905],
			"to": [8.45724, 9.7463, 14.08905],
			"rotation": {"angle": 0, "axis": "y", "origin": [7.95724, 8.08229, 8.12248]},
			"faces": {
				"north": {"uv": [0, 0, 1, 1], "texture": "#2"},
				"east": {"uv": [0, 0, 7, 1], "texture": "#2"},
				"south": {"uv": [0, 0, 1, 1], "texture": "#2"},
				"west": {"uv": [0, 0, 7, 1], "texture": "#2"},
				"up": {"uv": [0, 0, 1, 7], "texture": "#2"},
				"down": {"uv": [0, 0, 1, 7], "texture": "#2"}
			}
		},
		{
			"from": [6.38477, 8.72139, 6.96493],
			"to": [7.31815, 9.65477, 14.10493],
			"rotation": {"angle": -45, "axis": "z", "origin": [7.95724, 8.08229, 8.12248]},
			"faces": {
				"north": {"uv": [0, 0, 0.70711, 0.70711], "texture": "#0"},
				"east": {"uv": [0, 0, 7, 0.70711], "texture": "#0"},
				"south": {"uv": [0, 0, 0.70711, 0.70711], "texture": "#0"},
				"west": {"uv": [0, 0, 7, 0.70711], "texture": "#0"},
				"up": {"uv": [0, 0, 0.70711, 7], "texture": "#0"},
				"down": {"uv": [0, 0, 0.70711, 7], "texture": "#0"}
			}
		},
		{
			"from": [6.58277, 8.91939, 2.34493],
			"to": [7.12015, 9.45677, 6.96493],
			"rotation": {"angle": -45, "axis": "z", "origin": [7.95724, 8.08229, 8.12248]},
			"faces": {
				"north": {"uv": [0, 0, 0.40711, 0.40711], "texture": "#1"},
				"east": {"uv": [0, 0, 3.5, 0.40711], "texture": "#2"},
				"south": {"uv": [0, 0, 0.40711, 0.40711], "texture": "#2"},
				"west": {"uv": [0, 0, 3.5, 0.40711], "texture": "#2"},
				"up": {"uv": [0, 0, 0.40711, 3.5], "texture": "#2"},
				"down": {"uv": [0, 0, 0.40711, 3.5], "texture": "#2"}
			}
		},
		{
			"from": [6.38477, 8.72139, 6.63493],
			"to": [7.31815, 9.65477, 6.96493],
			"rotation": {"angle": -45, "axis": "z", "origin": [7.95724, 8.08229, 8.12248]},
			"faces": {
				"north": {"uv": [0, 0, 0.70711, 0.70711], "texture": "#0"},
				"east": {"uv": [0, 0, 0.25, 0.70711], "texture": "#0"},
				"south": {"uv": [0, 0, 0.70711, 0.70711], "texture": "#0"},
				"west": {"uv": [0, 0, 0.25, 0.70711], "texture": "#0"},
				"up": {"uv": [0, 0, 0.70711, 0.25], "texture": "#0"},
				"down": {"uv": [0, 0, 0.70711, 0.25], "texture": "#0"}
			}
		},
		{
			"from": [6.38477, 8.72139, 5.31493],
			"to": [7.31815, 9.65477, 5.64493],
			"rotation": {"angle": -45, "axis": "z", "origin": [7.95724, 8.08229, 8.12248]},
			"faces": {
				"north": {"uv": [0, 0, 0.70711, 0.70711], "texture": "#0"},
				"east": {"uv": [0, 0, 0.25, 0.70711], "texture": "#0"},
				"south": {"uv": [0, 0, 0.70711, 0.70711], "texture": "#0"},
				"west": {"uv": [0, 0, 0.25, 0.70711], "texture": "#0"},
				"up": {"uv": [0, 0, 0.70711, 0.25], "texture": "#0"},
				"down": {"uv": [0, 0, 0.70711, 0.25], "texture": "#0"}
			}
		},
		{
			"from": [6.38477, 8.72139, 3.99493],
			"to": [7.31815, 9.65477, 4.32493],
			"rotation": {"angle": -45, "axis": "z", "origin": [7.95724, 8.08229, 8.12248]},
			"faces": {
				"north": {"uv": [0, 0, 0.70711, 0.70711], "texture": "#0"},
				"east": {"uv": [0, 0, 0.25, 0.70711], "texture": "#0"},
				"south": {"uv": [0, 0, 0.70711, 0.70711], "texture": "#0"},
				"west": {"uv": [0, 0, 0.25, 0.70711], "texture": "#0"},
				"up": {"uv": [0, 0, 0.70711, 0.25], "texture": "#0"},
				"down": {"uv": [0, 0, 0.70711, 0.25], "texture": "#0"}
			}
		},
		{
			"from": [6.38477, 8.72139, 2.67493],
			"to": [7.31815, 9.65477, 3.00493],
			"rotation": {"angle": -45, "axis": "z", "origin": [7.95724, 8.08229, 8.12248]},
			"faces": {
				"north": {"uv": [0, 0, 0.70711, 0.70711], "texture": "#0"},
				"east": {"uv": [0, 0, 0.25, 0.70711], "texture": "#0"},
				"south": {"uv": [0, 0, 0.70711, 0.70711], "texture": "#0"},
				"west": {"uv": [0, 0, 0.25, 0.70711], "texture": "#0"},
				"up": {"uv": [0, 0, 0.70711, 0.25], "texture": "#0"},
				"down": {"uv": [0, 0, 0.70711, 0.25], "texture": "#0"}
			}
		},
		{
			"from": [6.38477, 9.52277, 2.67493],
			"to": [6.51677, 9.65477, 6.96493],
			"rotation": {"angle": -45, "axis": "z", "origin": [7.95724, 8.08229, 8.12248]},
			"faces": {
				"north": {"uv": [0, 0, 0.1, 0.1], "texture": "#0"},
				"east": {"uv": [0, 0, 3.25, 0.1], "texture": "#0"},
				"south": {"uv": [0, 0, 0.1, 0.1], "texture": "#0"},
				"west": {"uv": [0, 0, 3.25, 0.1], "texture": "#0"},
				"up": {"uv": [0, 0, 0.1, 3.25], "texture": "#0"},
				"down": {"uv": [0, 0, 0.1, 3.25], "texture": "#0"}
			}
		},
		{
			"from": [7.18615, 9.52277, 2.67493],
			"to": [7.31815, 9.65477, 6.96493],
			"rotation": {"angle": -45, "axis": "z", "origin": [7.95724, 8.08229, 8.12248]},
			"faces": {
				"north": {"uv": [0, 0, 0.1, 0.1], "texture": "#0"},
				"east": {"uv": [0, 0, 3.25, 0.1], "texture": "#0"},
				"south": {"uv": [0, 0, 0.1, 0.1], "texture": "#0"},
				"west": {"uv": [0, 0, 3.25, 0.1], "texture": "#0"},
				"up": {"uv": [0, 0, 0.1, 3.25], "texture": "#0"},
				"down": {"uv": [0, 0, 0.1, 3.25], "texture": "#0"}
			}
		},
		{
			"from": [7.18615, 8.72139, 2.67493],
			"to": [7.31815, 8.85339, 6.96493],
			"rotation": {"angle": -45, "axis": "z", "origin": [7.95724, 8.08229, 8.12248]},
			"faces": {
				"north": {"uv": [0, 0, 0.1, 0.1], "texture": "#0"},
				"east": {"uv": [0, 0, 3.25, 0.1], "texture": "#0"},
				"south": {"uv": [0, 0, 0.1, 0.1], "texture": "#0"},
				"west": {"uv": [0, 0, 3.25, 0.1], "texture": "#0"},
				"up": {"uv": [0, 0, 0.1, 3.25], "texture": "#0"},
				"down": {"uv": [0, 0, 0.1, 3.25], "texture": "#0"}
			}
		},
		{
			"from": [6.38477, 8.72139, 2.67493],
			"to": [6.51677, 8.85339, 6.96493],
			"rotation": {"angle": -45, "axis": "z", "origin": [7.95724, 8.08229, 8.12248]},
			"faces": {
				"north": {"uv": [0, 0, 0.1, 0.1], "texture": "#0"},
				"east": {"uv": [0, 0, 3.25, 0.1], "texture": "#0"},
				"south": {"uv": [0, 0, 0.1, 0.1], "texture": "#0"},
				"west": {"uv": [0, 0, 3.25, 0.1], "texture": "#0"},
				"up": {"uv": [0, 0, 0.1, 3.25], "texture": "#0"},
				"down": {"uv": [0, 0, 0.1, 3.25], "texture": "#0"}
			}
		},
		{
			"from": [7.4672, 4.17781, 12.04122],
			"to": [8.4672, 7.17781, 14.04122],
			"rotation": {"angle": -22.5, "axis": "x", "origin": [7.95724, 8.08229, 8.12248]},
			"faces": {
				"north": {"uv": [0, 0, 1, 3], "texture": "#2"},
				"east": {"uv": [0, 0, 2, 3], "texture": "#2"},
				"south": {"uv": [0, 0, 1, 3], "texture": "#2"},
				"west": {"uv": [0, 0, 2, 3], "texture": "#2"},
				"up": {"uv": [0, 0, 1, 2], "texture": "#2"},
				"down": {"uv": [0, 0, 1, 2], "texture": "#2"}
			}
		},
		{
			"from": [7.45724, 4.07781, 11.94122],
			"to": [8.45724, 4.17781, 14.04122],
			"rotation": {"angle": -22.5, "axis": "x", "origin": [7.95724, 8.08229, 8.12248]},
			"faces": {
				"north": {"uv": [0, 0, 1, 0.1], "texture": "#2"},
				"east": {"uv": [0, 0, 2.1, 0.1], "texture": "#2"},
				"south": {"uv": [0, 0, 1, 0.1], "texture": "#2"},
				"west": {"uv": [0, 0, 2.1, 0.1], "texture": "#2"},
				"up": {"uv": [0, 0, 1, 2.1], "texture": "#2"},
				"down": {"uv": [0, 0, 1, 2.1], "texture": "#2"}
			}
		},
		{
			"from": [7.45724, 7.24316, 10.08696],
			"to": [8.45724, 7.49316, 12.83696],
			"rotation": {"angle": 0, "axis": "y", "origin": [7.95724, 8.08229, 8.12248]},
			"faces": {
				"north": {"uv": [0, 0, 1, 0.25], "texture": "#2"},
				"east": {"uv": [0, 0, 2.75, 0.25], "texture": "#2"},
				"south": {"uv": [0, 0, 1, 0.25], "texture": "#2"},
				"west": {"uv": [0, 0, 2.75, 0.25], "texture": "#2"},
				"up": {"uv": [0, 0, 1, 2.75], "texture": "#2"},
				"down": {"uv": [0, 0, 1, 2.75], "texture": "#2"}
			}
		},
		{
			"from": [7.4562, 8.0332, 7.13435],
			"to": [8.4562, 8.5832, 8.18435],
			"rotation": {"angle": 45, "axis": "x", "origin": [7.95724, 8.08229, 8.12248]},
			"faces": {
				"north": {"uv": [0, 0, 1, 0.55], "texture": "#2"},
				"east": {"uv": [0, 0, 1.05, 0.55], "texture": "#2"},
				"south": {"uv": [0, 0, 1, 0.55], "texture": "#2"},
				"west": {"uv": [0, 0, 1.05, 0.55], "texture": "#2"},
				"up": {"uv": [0, 0, 1, 1.05], "texture": "#2"},
				"down": {"uv": [0, 0, 1, 1.05], "texture": "#2"}
			}
		},
		{
			"from": [7.7073, 8.49316, 11.33696],
			"to": [8.2073, 9.24316, 11.58696],
			"rotation": {"angle": 0, "axis": "y", "origin": [7.95724, 8.08229, 8.12248]},
			"faces": {
				"north": {"uv": [0, 0, 0.5, 0.75], "rotation": 180, "texture": "#0"},
				"east": {"uv": [0, 0, 0.75, 0.25], "rotation": 90, "texture": "#0"},
				"south": {"uv": [0, 0, 0.5, 0.75], "texture": "#0"},
				"west": {"uv": [0, 0, 0.75, 0.25], "rotation": 270, "texture": "#0"},
				"up": {"uv": [0, 0, 0.5, 0.25], "texture": "#0"},
				"down": {"uv": [0, 0, 0.5, 0.25], "rotation": 180, "texture": "#0"}
			}
		},
		{
			"from": [7.70724, 9.03768, 10.91601],
			"to": [8.20724, 9.78768, 11.16601],
			"rotation": {"angle": 22.5, "axis": "x", "origin": [7.95724, 8.08229, 8.12248]},
			"faces": {
				"north": {"uv": [0, 0, 0.5, 0.75], "rotation": 180, "texture": "#0"},
				"east": {"uv": [0, 0, 0.75, 0.25], "rotation": 90, "texture": "#0"},
				"south": {"uv": [0, 0, 0.5, 0.75], "texture": "#0"},
				"west": {"uv": [0, 0, 0.75, 0.25], "rotation": 270, "texture": "#0"},
				"up": {"uv": [0, 0, 0.5, 0.25], "texture": "#0"},
				"down": {"uv": [0, 0, 0.5, 0.25], "rotation": 180, "texture": "#0"}
			}
		}
	],
	"display": {
		"thirdperson_righthand": {
			"translation": [0, 0, -4.25]
		},
		"thirdperson_lefthand": {
			"translation": [0, 0, -4.25]
		},
		"firstperson_righthand": {
			"translation": [5.75, 0, -4.25]
		},
		"firstperson_lefthand": {
			"translation": [5.75, 0, -4.25]
		},
		"ground": {
			"rotation": [0, 0, 90],
			"translation": [0, -2, 0]
		},
		"gui": {
			"rotation": [-17, 125.25, 16],
			"translation": [-1.25, 1.75, -3.5]
		},
		"head": {
			"translation": [0, 4.25, -10.5],
			"scale": [2.11, 2.11, 2.11]
		},
		"fixed": {
			"rotation": [0, -90, 0],
			"translation": [1.5, 1.75, 0],
			"scale": [1.7, 1.7, 1.7]
		}
	}
}