{
	"credit": "Made with Blockbench",
	"textures": {
		"0": "block/anvil",
		"2": "block/gray_concrete",
		"4": "block/brown_wool",
		"5": "block/black_concrete",
		"particle": "block/anvil"
	},
	"elements": [
		{
			"from": [8, -4, 10.5],
			"to": [9, 6, 13],
			"rotation": {"angle": 0, "axis": "y", "origin": [16, 8, 20]},
			"faces": {
				"north": {"uv": [0, 0, 1, 10], "texture": "#2"},
				"east": {"uv": [0, 0, 2.5, 10], "texture": "#2"},
				"south": {"uv": [0, 0, 1, 10], "texture": "#2"},
				"west": {"uv": [0, 0, 2.5, 10], "texture": "#2"},
				"up": {"uv": [0, 0, 1, 2.5], "texture": "#2"},
				"down": {"uv": [0, 0, 1, 2.5], "texture": "#2"}
			}
		},
		{
			"from": [7.85, -4.1, 10.25],
			"to": [9.15, -4, 13.15],
			"rotation": {"angle": 0, "axis": "y", "origin": [16, 5, 20]},
			"faces": {
				"north": {"uv": [0, 0, 1.3, 0.1], "texture": "#2"},
				"east": {"uv": [0, 0, 2.9, 0.1], "texture": "#2"},
				"south": {"uv": [0, 0, 1.3, 0.1], "texture": "#2"},
				"west": {"uv": [0, 0, 2.9, 0.1], "texture": "#2"},
				"up": {"uv": [0, 0, 1.3, 2.9], "texture": "#2"},
				"down": {"uv": [0, 0, 1.3, 2.9], "texture": "#2"}
			}
		},
		{
			"from": [7, 2, 10],
			"to": [10, 9, 13],
			"rotation": {"angle": 0, "axis": "y", "origin": [15, 10, 18]},
			"faces": {
				"north": {"uv": [0, 0, 3, 7], "texture": "#0"},
				"east": {"uv": [0, 0, 3, 7], "texture": "#4"},
				"south": {"uv": [0, 0, 3, 7], "texture": "#0"},
				"west": {"uv": [0, 0, 3, 7], "texture": "#4"},
				"up": {"uv": [0, 0, 3, 3], "texture": "#missing"},
				"down": {"uv": [0, 0, 3, 3], "texture": "#0"}
			}
		},
		{
			"from": [7, 2, 13],
			"to": [10, 6, 14],
			"rotation": {"angle": 0, "axis": "y", "origin": [15, 10, 21]},
			"faces": {
				"north": {"uv": [0, 0, 3, 4], "texture": "#missing"},
				"east": {"uv": [0, 0, 1, 4], "texture": "#4"},
				"south": {"uv": [0, 0, 3, 4], "texture": "#0"},
				"west": {"uv": [0, 0, 1, 4], "texture": "#4"},
				"up": {"uv": [0, 0, 3, 1], "texture": "#missing"},
				"down": {"uv": [0, 0, 3, 1], "texture": "#0"}
			}
		},
		{
			"from": [7.001, 5.61836, 12.08135],
			"to": [10.001, 10.61836, 13.08135],
			"rotation": {"angle": -22.5, "axis": "x", "origin": [8.5, 8.11836, 12.58135]},
			"faces": {
				"north": {"uv": [0, 0, 3, 5], "texture": "#missing"},
				"east": {"uv": [0, 1, 1, 6], "texture": "#4"},
				"south": {"uv": [0, 0, 3, 5], "texture": "#0"},
				"west": {"uv": [0, 1, 1, 6], "texture": "#4"},
				"up": {"uv": [0, 0, 3, 1], "texture": "#missing"},
				"down": {"uv": [0, 0, 3, 1], "texture": "#missing"}
			}
		},
		{
			"from": [7, 9.56865, 12.51836],
			"to": [10, 10.56865, 14.01836],
			"rotation": {"angle": -22.5, "axis": "x", "origin": [8.5, 10.06865, 15.01836]},
			"faces": {
				"north": {"uv": [0, 0, 3, 1], "rotation": 180, "texture": "#4"},
				"east": {"uv": [0, 4, 1, 6], "rotation": 270, "texture": "#4"},
				"south": {"uv": [0, 0, 3, 1], "texture": "#4"},
				"west": {"uv": [0, 4, 1, 6], "rotation": 270, "texture": "#4"},
				"up": {"uv": [0, 0, 3, 1.5], "rotation": 180, "texture": "#4"},
				"down": {"uv": [0, 0, 3, 1.5], "texture": "#0"}
			}
		},
		{
			"from": [7, 6, 6],
			"to": [10, 6.25, 10],
			"rotation": {"angle": 0, "axis": "y", "origin": [16, 14, 17]},
			"faces": {
				"north": {"uv": [0, 0, 3, 0.25], "texture": "#0"},
				"east": {"uv": [0, 0, 4, 0.25], "texture": "#0"},
				"south": {"uv": [0, 0, 3, 0.25], "texture": "#0"},
				"west": {"uv": [0, 0, 4, 0.25], "texture": "#0"},
				"up": {"uv": [0, 0, 3, 4], "texture": "#0"},
				"down": {"uv": [0, 0, 3, 4], "texture": "#0"}
			}
		},
		{
			"from": [7, 7.20208, 6.95208],
			"to": [10, 9.20208, 7.20208],
			"rotation": {"angle": 0, "axis": "y", "origin": [16, 15.20208, 14.95208]},
			"faces": {
				"north": {"uv": [0, 0, 3, 2], "texture": "#0"},
				"east": {"uv": [0, 0, 0.25, 2], "texture": "#0"},
				"south": {"uv": [0, 0, 3, 2], "texture": "#0"},
				"west": {"uv": [0, 0, 0.25, 2], "texture": "#0"},
				"up": {"uv": [0, 0, 3, 0.25], "texture": "#0"},
				"down": {"uv": [0, 0, 3, 0.25], "texture": "#0"}
			}
		},
		{
			"from": [8, 7.70208, 8.70208],
			"to": [9, 9.70208, 9.20208],
			"rotation": {"angle": 0, "axis": "y", "origin": [16, 15.70208, 16.95208]},
			"faces": {
				"north": {"uv": [0, 0, 1, 2], "texture": "#2"},
				"east": {"uv": [0, 0, 0.5, 2], "texture": "#2"},
				"south": {"uv": [0, 0, 1, 2], "texture": "#2"},
				"west": {"uv": [0, 0, 0.5, 2], "texture": "#2"},
				"up": {"uv": [0, 0, 1, 0.5], "texture": "#2"},
				"down": {"uv": [0, 0, 1, 0.5], "texture": "#2"}
			}
		},
		{
			"from": [8.001, 6.87387, 8.33843],
			"to": [9.001, 7.87387, 8.83843],
			"rotation": {"angle": 22.5, "axis": "x", "origin": [8.5, 6.87387, 8.58843]},
			"faces": {
				"north": {"uv": [0, 0, 1, 1], "texture": "#2"},
				"east": {"uv": [0, 0, 0.5, 1], "texture": "#2"},
				"south": {"uv": [0, 0, 1, 1], "texture": "#2"},
				"west": {"uv": [0, 0, 0.5, 1], "texture": "#2"},
				"up": {"uv": [0, 0, 1, 0.5], "texture": "#2"},
				"down": {"uv": [0, 0, 1, 0.5], "texture": "#2"}
			}
		},
		{
			"from": [7.001, 5.7955, 6.49372],
			"to": [10.001, 7.4955, 6.74372],
			"rotation": {"angle": 45, "axis": "x", "origin": [8.5, 6.7955, 6.61872]},
			"faces": {
				"north": {"uv": [0, 0, 3, 1.7], "texture": "#0"},
				"east": {"uv": [0, 0, 0.25, 1.7], "texture": "#0"},
				"south": {"uv": [0, 0, 3, 1.7], "texture": "#0"},
				"west": {"uv": [0, 0, 0.25, 1.7], "texture": "#0"},
				"up": {"uv": [0, 0, 3, 0.25], "texture": "#0"},
				"down": {"uv": [0, 0, 3, 0.25], "texture": "#0"}
			}
		},
		{
			"from": [6, 10.00454, 1],
			"to": [11, 14, 17.42518],
			"rotation": {"angle": 0, "axis": "y", "origin": [16, 17, 15]},
			"faces": {
				"north": {"uv": [0, 0, 5, 3.99546], "texture": "#0"},
				"east": {"uv": [0, 0, 16, 3.99546], "texture": "#0"},
				"south": {"uv": [0, 0, 5, 3.99546], "texture": "#0"},
				"west": {"uv": [0, 0, 16, 3.99546], "texture": "#0"},
				"up": {"uv": [0, 0, 5, 16], "texture": "#0"},
				"down": {"uv": [0, 0, 5, 16], "texture": "#0"}
			}
		},
		{
			"from": [6, 9, 2],
			"to": [11, 10, 14],
			"rotation": {"angle": 0, "axis": "y", "origin": [16, 17, 15]},
			"faces": {
				"north": {"uv": [0, 0, 5, 1], "texture": "#0"},
				"east": {"uv": [0, 0, 12, 1], "texture": "#0"},
				"south": {"uv": [0, 0, 5, 1], "texture": "#0"},
				"west": {"uv": [0, 0, 12, 1], "texture": "#0"},
				"up": {"uv": [0, 0, 5, 12], "texture": "#0"},
				"down": {"uv": [0, 0, 5, 12], "texture": "#0"}
			}
		},
		{
			"from": [6.001, 11.44938, 13.31388],
			"to": [11.001, 12.44938, 15.93888],
			"rotation": {"angle": -22.5, "axis": "x", "origin": [8.5, 11.94938, 19.81388]},
			"faces": {
				"north": {"uv": [0, 0, 5, 1], "texture": "#0"},
				"east": {"uv": [0, 0, 2.625, 1], "texture": "#0"},
				"south": {"uv": [0, 0, 5, 1], "texture": "#0"},
				"west": {"uv": [0, 0, 2.625, 1], "texture": "#0"},
				"up": {"uv": [0, 0, 5, 2.625], "texture": "#0"},
				"down": {"uv": [0, 0, 5, 2.625], "texture": "#0"}
			}
		},
		{
			"from": [6.001, 9.20711, 1.08579],
			"to": [11.001, 10.20711, 2.5],
			"rotation": {"angle": 45, "axis": "x", "origin": [8.5, 9.70711, 2]},
			"faces": {
				"north": {"uv": [0, 0, 5, 1], "texture": "#0"},
				"east": {"uv": [0, 0, 1, 1], "texture": "#0"},
				"south": {"uv": [0, 0, 5, 1], "texture": "#0"},
				"west": {"uv": [0, 0, 1, 1], "texture": "#0"},
				"up": {"uv": [0, 0, 5, 1], "texture": "#0"},
				"down": {"uv": [0, 0, 5, 1], "texture": "#0"}
			}
		},
		{
			"from": [6.5, 10, -1],
			"to": [10.5, 13.75, 1],
			"rotation": {"angle": 0, "axis": "y", "origin": [16, 17, 0]},
			"faces": {
				"north": {"uv": [0, 0, 4, 3.75], "texture": "#0"},
				"east": {"uv": [0, 0, 2, 3.75], "texture": "#0"},
				"south": {"uv": [0, 0, 4, 3.75], "texture": "#0"},
				"west": {"uv": [0, 0, 2, 3.75], "texture": "#0"},
				"up": {"uv": [0, 0, 4, 2], "texture": "#0"},
				"down": {"uv": [0, 0, 4, 2], "texture": "#0"}
			}
		},
		{
			"from": [7.5, 13.75, -1],
			"to": [9.5, 15.25, -0.25],
			"rotation": {"angle": 0, "axis": "y", "origin": [16, 20.75, 0]},
			"faces": {
				"north": {"uv": [0, 0, 2, 1.5], "texture": "#2"},
				"east": {"uv": [0, 0, 0.75, 1.5], "texture": "#2"},
				"south": {"uv": [0, 0, 2, 1.5], "texture": "#2"},
				"west": {"uv": [0, 0, 0.75, 1.5], "texture": "#2"},
				"up": {"uv": [0, 0, 2, 0.75], "texture": "#2"},
				"down": {"uv": [0, 0, 2, 0.75], "texture": "#2"}
			}
		},
		{
			"from": [8.25, 14, 2],
			"to": [8.75, 15.75, 2.75],
			"rotation": {"angle": 0, "axis": "y", "origin": [16, 21, 3]},
			"faces": {
				"north": {"uv": [0, 0, 0.5, 1.75], "texture": "#2"},
				"east": {"uv": [0, 0, 0.75, 1.75], "texture": "#2"},
				"south": {"uv": [0, 0, 0.5, 1.75], "texture": "#2"},
				"west": {"uv": [0, 0, 0.75, 1.75], "texture": "#2"},
				"up": {"uv": [0, 0, 0.5, 0.75], "texture": "#2"},
				"down": {"uv": [0, 0, 0.5, 0.75], "texture": "#2"}
			}
		},
		{
			"from": [8.25, 15.83573, 3.26433],
			"to": [8.75, 16.58573, 4.76433],
			"rotation": {"angle": 22.5, "axis": "x", "origin": [16, 16.83573, -2.23567]},
			"faces": {
				"north": {"uv": [0, 0, 0.5, 0.75], "rotation": 180, "texture": "#2"},
				"east": {"uv": [0, 0, 0.75, 1.5], "rotation": 90, "texture": "#2"},
				"south": {"uv": [0, 0, 0.5, 0.75], "texture": "#2"},
				"west": {"uv": [0, 0, 0.75, 1.5], "rotation": 270, "texture": "#2"},
				"up": {"uv": [0, 0, 0.5, 1.5], "texture": "#2"},
				"down": {"uv": [0, 0, 0.5, 1.5], "rotation": 180, "texture": "#2"}
			}
		},
		{
			"from": [7.5, 13.75, -0.25],
			"to": [9.5, 14.5, 0.5],
			"rotation": {"angle": 0, "axis": "y", "origin": [16, 20.75, 0.75]},
			"faces": {
				"north": {"uv": [0, 0, 2, 0.75], "texture": "#2"},
				"east": {"uv": [0, 0, 0.75, 0.75], "texture": "#2"},
				"south": {"uv": [0, 0, 2, 0.75], "texture": "#2"},
				"west": {"uv": [0, 0, 0.75, 0.75], "texture": "#2"},
				"up": {"uv": [0, 0, 2, 0.75], "texture": "#2"},
				"down": {"uv": [0, 0, 2, 0.75], "texture": "#2"}
			}
		},
		{
			"from": [7.501, 14.08839, -0.49372],
			"to": [9.501, 15.14905, 0.25628],
			"rotation": {"angle": -45, "axis": "x", "origin": [8.5, 14.58839, -0.11872]},
			"faces": {
				"north": {"uv": [0, 0, 2, 0.75], "texture": "#2"},
				"east": {"uv": [0, 0, 0.75, 0.75], "texture": "#2"},
				"south": {"uv": [0, 0, 2, 0.75], "texture": "#2"},
				"west": {"uv": [0, 0, 0.75, 0.75], "texture": "#2"},
				"up": {"uv": [0, 0, 2, 0.75], "texture": "#2"},
				"down": {"uv": [0, 0, 2, 0.75], "texture": "#2"}
			}
		},
		{
			"from": [6.5, 9.75, -1],
			"to": [10.5, 10, -0.5],
			"rotation": {"angle": 0, "axis": "y", "origin": [16, 13, 0]},
			"faces": {
				"north": {"uv": [0, 0, 4, 0.25], "texture": "#0"},
				"east": {"uv": [0, 0, 0.5, 0.25], "texture": "#0"},
				"south": {"uv": [0, 0, 4, 0.25], "texture": "#0"},
				"west": {"uv": [0, 0, 0.5, 0.25], "texture": "#0"},
				"up": {"uv": [0, 0, 4, 0.5], "texture": "#0"},
				"down": {"uv": [0, 0, 4, 0.5], "texture": "#0"}
			}
		},
		{
			"from": [6.5, 9.75, -0.25],
			"to": [10.5, 10, 0.25],
			"rotation": {"angle": 0, "axis": "y", "origin": [16, 13, 0.75]},
			"faces": {
				"north": {"uv": [0, 0, 4, 0.25], "texture": "#0"},
				"east": {"uv": [0, 0, 0.5, 0.25], "texture": "#0"},
				"south": {"uv": [0, 0, 4, 0.25], "texture": "#0"},
				"west": {"uv": [0, 0, 0.5, 0.25], "texture": "#0"},
				"up": {"uv": [0, 0, 4, 0.5], "texture": "#0"},
				"down": {"uv": [0, 0, 4, 0.5], "texture": "#0"}
			}
		},
		{
			"from": [6.5, 9.75, 0.5],
			"to": [10.5, 10, 1],
			"rotation": {"angle": 0, "axis": "y", "origin": [16, 13, 1.5]},
			"faces": {
				"north": {"uv": [0, 0, 4, 0.25], "texture": "#0"},
				"east": {"uv": [0, 0, 0.5, 0.25], "texture": "#0"},
				"south": {"uv": [0, 0, 4, 0.25], "texture": "#0"},
				"west": {"uv": [0, 0, 0.5, 0.25], "texture": "#0"},
				"up": {"uv": [0, 0, 4, 0.5], "texture": "#0"},
				"down": {"uv": [0, 0, 4, 0.5], "texture": "#0"}
			}
		},
		{
			"from": [8, 11.25, -3.75],
			"to": [9.5, 12.75, -0.75],
			"rotation": {"angle": 45, "axis": "z", "origin": [8.625, 12, -2.25]},
			"faces": {
				"north": {"uv": [0, 0, 1.5, 1.5], "texture": "#5"},
				"east": {"uv": [0, 0, 3, 1.5], "texture": "#0"},
				"south": {"uv": [0, 0, 1.5, 1.5], "texture": "#0"},
				"west": {"uv": [0, 0, 3, 1.5], "texture": "#0"},
				"up": {"uv": [0, 0, 1.5, 3], "texture": "#0"},
				"down": {"uv": [0, 0, 1.5, 3], "texture": "#0"}
			}
		},
		{
			"from": [7.75, 11, -1.75],
			"to": [9.75, 13, -0.75],
			"rotation": {"angle": 45, "axis": "z", "origin": [8.625, 12, -2.25]},
			"faces": {
				"north": {"uv": [0, 0, 2, 2], "texture": "#2"},
				"east": {"uv": [0, 0, 1, 2], "texture": "#2"},
				"south": {"uv": [0, 0, 2, 2], "texture": "#2"},
				"west": {"uv": [0, 0, 1, 2], "texture": "#2"},
				"up": {"uv": [0, 0, 2, 1], "texture": "#2"},
				"down": {"uv": [0, 0, 2, 1], "texture": "#2"}
			}
		},
		{
			"from": [6, 14, 14.4],
			"to": [7, 15.25, 16.4],
			"rotation": {"angle": 0, "axis": "y", "origin": [14, 22, 24.4]},
			"faces": {
				"north": {"uv": [0, 0, 1, 1.25], "texture": "#2"},
				"east": {"uv": [0, 0, 2, 1.25], "texture": "#2"},
				"south": {"uv": [0, 0, 1, 1.25], "texture": "#2"},
				"west": {"uv": [0, 0, 2, 1.25], "texture": "#2"},
				"up": {"uv": [0, 0, 1, 2], "texture": "#2"},
				"down": {"uv": [0, 0, 1, 2], "texture": "#2"}
			}
		},
		{
			"from": [6, 14, 16.4],
			"to": [7, 14.25, 17.4],
			"rotation": {"angle": 0, "axis": "y", "origin": [14, 22, 24.4]},
			"faces": {
				"north": {"uv": [0, 0, 1, 0.25], "texture": "#2"},
				"east": {"uv": [0, 0, 1, 0.25], "texture": "#2"},
				"south": {"uv": [0, 0, 1, 0.25], "texture": "#2"},
				"west": {"uv": [0, 0, 1, 0.25], "texture": "#2"},
				"up": {"uv": [0, 0, 1, 1], "texture": "#2"},
				"down": {"uv": [0, 0, 1, 1], "texture": "#2"}
			}
		},
		{
			"from": [10, 14, 14.4],
			"to": [11, 15.25, 16.4],
			"rotation": {"angle": 0, "axis": "y", "origin": [18, 22, 24.4]},
			"faces": {
				"north": {"uv": [0, 0, 1, 1.25], "texture": "#2"},
				"east": {"uv": [0, 0, 2, 1.25], "texture": "#2"},
				"south": {"uv": [0, 0, 1, 1.25], "texture": "#2"},
				"west": {"uv": [0, 0, 2, 1.25], "texture": "#2"},
				"up": {"uv": [0, 0, 1, 2], "texture": "#2"},
				"down": {"uv": [0, 0, 1, 2], "texture": "#2"}
			}
		},
		{
			"from": [10, 14, 16.4],
			"to": [11, 14.25, 17.4],
			"rotation": {"angle": 0, "axis": "y", "origin": [18, 22, 24.4]},
			"faces": {
				"north": {"uv": [0, 0, 1, 0.25], "texture": "#2"},
				"east": {"uv": [0, 0, 1, 0.25], "texture": "#2"},
				"south": {"uv": [0, 0, 1, 0.25], "texture": "#2"},
				"west": {"uv": [0, 0, 1, 0.25], "texture": "#2"},
				"up": {"uv": [0, 0, 1, 1], "texture": "#2"},
				"down": {"uv": [0, 0, 1, 1], "texture": "#2"}
			}
		},
		{
			"from": [10.01, 13.62868, 15.9],
			"to": [11.01, 15.04289, 16.9],
			"rotation": {"angle": -45, "axis": "x", "origin": [10.5, 14.54289, 16.4]},
			"faces": {
				"north": {"uv": [0, 0, 1, 1.41421], "texture": "#2"},
				"east": {"uv": [0, 0, 1, 1.41421], "texture": "#2"},
				"south": {"uv": [0, 0, 1, 1.41421], "texture": "#2"},
				"west": {"uv": [0, 0, 1, 1.41421], "texture": "#2"},
				"up": {"uv": [0, 0, 1, 1], "texture": "#2"},
				"down": {"uv": [0, 0, 1, 1], "texture": "#2"}
			}
		},
		{
			"from": [6.001, 13.62868, 15.9],
			"to": [7.001, 15.04289, 16.9],
			"rotation": {"angle": -45, "axis": "x", "origin": [6.5, 14.54289, 16.4]},
			"faces": {
				"north": {"uv": [0, 0, 1, 1.41421], "texture": "#2"},
				"east": {"uv": [0, 0, 1, 1.41421], "texture": "#2"},
				"south": {"uv": [0, 0, 1, 1.41421], "texture": "#2"},
				"west": {"uv": [0, 0, 1, 1.41421], "texture": "#2"},
				"up": {"uv": [0, 0, 1, 1], "texture": "#2"},
				"down": {"uv": [0, 0, 1, 1], "texture": "#2"}
			}
		}
	],
	"display": {
		"thirdperson_righthand": {
			"translation": [0, -0.25, -0.75],
			"scale": [0.44, 0.44, 0.44]
		},
		"thirdperson_lefthand": {
			"translation": [0, -0.25, -0.75],
			"scale": [0.44, 0.44, 0.44]
		},
		"firstperson_righthand": {
			"translation": [0.25, -0.25, -0.75],
			"scale": [0.44, 0.44, 0.44]
		},
		"firstperson_lefthand": {
			"translation": [0.5, -0.25, -0.75],
			"scale": [0.44, 0.44, 0.44]
		},
		"ground": {
			"rotation": [90, 90, 0],
			"scale": [0.5, 0.5, 0.5]
		},
		"gui": {
			"rotation": [34, 123.25, -45.75],
			"translation": [0.5, 0, 0],
			"scale": [0.61914, 0.61914, 0.61914]
		},
		"head": {
			"translation": [-0.75, -1.75, 2.75]
		},
		"fixed": {
			"rotation": [0, 90, 0],
			"translation": [0, 0, -1],
			"scale": [1.36, 1.31, 1.31]
		}
	}
}