{
	"credit": "",
	"textures": {
		"0": "chocolate/chocolate",
		"particle": "chocolate/chocolate"
	},
	"elements": [
		{
			"from": [8, 0, 5],
			"to": [8.75, 6, 10],
			"rotation": {"angle": 0, "axis": "y", "origin": [16, 8, 15]},
			"faces": {
				"north": {"uv": [10.25, 10, 11, 16], "texture": "#0"},
				"east": {"uv": [11, 10, 16, 16], "texture": "#0"},
				"south": {"uv": [10.25, 10, 11, 16], "texture": "#0"},
				"west": {"uv": [11, 10, 16, 16], "texture": "#0"},
				"up": {"uv": [10.25, 10, 11, 16], "texture": "#0"},
				"down": {"uv": [10.25, 10, 11, 16], "texture": "#0"}
			}
		},
		{
			"from": [9.225, 3.6, 5],
			"to": [9.225, 6.1, 10],
			"rotation": {"angle": 22.5, "axis": "z", "origin": [9.225, 4.85, 7.5]},
			"faces": {
				"north": {"uv": [16, 10, 11, 10.25], "texture": "#0"},
				"east": {"uv": [16, 10, 11, 10.25], "texture": "#0"},
				"south": {"uv": [16, 10, 11, 10.25], "texture": "#0"},
				"west": {"uv": [16, 10, 11, 10.25], "texture": "#0"},
				"up": {"uv": [16, 10, 11, 10.25], "texture": "#0"},
				"down": {"uv": [16, 10, 11, 10.25], "texture": "#0"}
			}
		},
		{
			"from": [8.675, 5.9, 5.25],
			"to": [8.675, 6.4, 9.75],
			"rotation": {"angle": -22.5, "axis": "z", "origin": [8.675, 6.4, 8]},
			"faces": {
				"north": {"uv": [15.75, 0, 16, 4.5], "rotation": 90, "texture": "#0"},
				"east": {"uv": [15.5, 0, 16, 4.5], "rotation": 90, "texture": "#0"},
				"south": {"uv": [15.75, 0, 16, 4.5], "rotation": 90, "texture": "#0"},
				"west": {"uv": [15.5, 0, 16, 4.5], "rotation": 90, "texture": "#0"},
				"up": {"uv": [15.75, 0, 16, 4.5], "rotation": 90, "texture": "#0"},
				"down": {"uv": [15.75, 0, 16, 4.5], "rotation": 90, "texture": "#0"}
			}
		},
		{
			"from": [7.85, 5.85, 5.25],
			"to": [7.85, 6.1, 9.75],
			"rotation": {"angle": 45, "axis": "z", "origin": [7.85, 6.35, 8]},
			"faces": {
				"north": {"uv": [15.75, 0, 16, 4.5], "rotation": 90, "texture": "#0"},
				"east": {"uv": [15.75, 0, 16, 4.5], "rotation": 90, "texture": "#0"},
				"south": {"uv": [15.75, 0, 16, 4.5], "rotation": 90, "texture": "#0"},
				"west": {"uv": [15.75, 0, 16, 4.5], "rotation": 90, "texture": "#0"},
				"up": {"uv": [15.75, 0, 16, 4.5], "rotation": 90, "texture": "#0"},
				"down": {"uv": [15.75, 0, 16, 4.5], "rotation": 90, "texture": "#0"}
			}
		},
		{
			"from": [8.25, 6, 5.25],
			"to": [8.5, 8, 9.75],
			"rotation": {"angle": 0, "axis": "y", "origin": [15.5, 14, 15]},
			"faces": {
				"north": {"uv": [12.5, 3, 12.75, 5], "texture": "#0"},
				"east": {"uv": [0, 0, 4.5, 2], "texture": "#0"},
				"south": {"uv": [12.5, 3, 12.75, 5], "texture": "#0"},
				"west": {"uv": [0, 0, 4.5, 2], "texture": "#0"},
				"up": {"uv": [12.5, 3, 12.75, 7.5], "texture": "#0"},
				"down": {"uv": [0, 0, 0.25, 4.5], "texture": "#0"}
			}
		},
		{
			"from": [8.25, 8, 5.25],
			"to": [8.5, 9, 7.75],
			"rotation": {"angle": 0, "axis": "y", "origin": [15.5, 16, 15]},
			"faces": {
				"north": {"uv": [12.5, 3, 12.75, 4], "texture": "#0"},
				"east": {"uv": [0, 0, 2.5, 1], "texture": "#0"},
				"south": {"uv": [12.5, 3, 12.75, 4], "texture": "#0"},
				"west": {"uv": [0, 0, 2.5, 1], "texture": "#0"},
				"up": {"uv": [12.5, 3, 12.75, 5.5], "texture": "#0"},
				"down": {"uv": [0, 0, 0.25, 2.5], "texture": "#0"}
			}
		},
		{
			"from": [8.25, 8, 7.75],
			"to": [8.5, 8.5, 8.5],
			"rotation": {"angle": 0, "axis": "y", "origin": [15.5, 16, 17.5]},
			"faces": {
				"north": {"uv": [12.5, 3, 12.75, 3.5], "texture": "#0"},
				"east": {"uv": [0, 0, 2.5, 1], "texture": "#0"},
				"south": {"uv": [12.5, 3, 12.75, 4], "texture": "#0"},
				"west": {"uv": [0, 0, 0.75, 0.5], "texture": "#0"},
				"up": {"uv": [12.5, 3, 12.75, 5.5], "texture": "#0"},
				"down": {"uv": [0, 0, 0.25, 2.5], "texture": "#0"}
			}
		},
		{
			"from": [8.2, 8.15, 7.25],
			"to": [8.25, 8.9, 7.75],
			"rotation": {"angle": 0, "axis": "y", "origin": [15.25, 14.9, 17]},
			"faces": {
				"north": {"uv": [12.5, 3, 12.55, 3.75], "texture": "#0"},
				"east": {"uv": [0, 0, 0.5, 0.75], "texture": "#0"},
				"south": {"uv": [12.5, 3, 12.55, 3.75], "texture": "#0"},
				"west": {"uv": [0, 15, 0.75, 16], "texture": "#0"},
				"up": {"uv": [12.5, 3, 12.55, 3.5], "texture": "#0"},
				"down": {"uv": [0, 0, 0.05, 0.5], "texture": "#0"}
			}
		},
		{
			"from": [8.2, 8.15, 6.65],
			"to": [8.25, 8.9, 7.15],
			"rotation": {"angle": 0, "axis": "y", "origin": [15.25, 14.9, 16.4]},
			"faces": {
				"north": {"uv": [12.5, 3, 12.55, 3.75], "texture": "#0"},
				"east": {"uv": [0, 0, 0.5, 0.75], "texture": "#0"},
				"south": {"uv": [12.5, 3, 12.55, 3.75], "texture": "#0"},
				"west": {"uv": [0, 15, 0.75, 16], "texture": "#0"},
				"up": {"uv": [12.5, 3, 12.55, 3.5], "texture": "#0"},
				"down": {"uv": [0, 0, 0.05, 0.5], "texture": "#0"}
			}
		},
		{
			"from": [8.2, 8.15, 6.05],
			"to": [8.25, 8.9, 6.55],
			"rotation": {"angle": 0, "axis": "y", "origin": [15.25, 14.9, 15.8]},
			"faces": {
				"north": {"uv": [12.5, 3, 12.55, 3.75], "texture": "#0"},
				"east": {"uv": [0, 0, 0.5, 0.75], "texture": "#0"},
				"south": {"uv": [12.5, 3, 12.55, 3.75], "texture": "#0"},
				"west": {"uv": [0, 15, 0.75, 16], "texture": "#0"},
				"up": {"uv": [12.5, 3, 12.55, 3.5], "texture": "#0"},
				"down": {"uv": [0, 0, 0.05, 0.5], "texture": "#0"}
			}
		},
		{
			"from": [8.2, 8.15, 5.45],
			"to": [8.25, 8.9, 5.95],
			"rotation": {"angle": 0, "axis": "y", "origin": [15.25, 14.9, 15.2]},
			"faces": {
				"north": {"uv": [12.5, 3, 12.55, 3.75], "texture": "#0"},
				"east": {"uv": [0, 0, 0.5, 0.75], "texture": "#0"},
				"south": {"uv": [12.5, 3, 12.55, 3.75], "texture": "#0"},
				"west": {"uv": [0, 15, 0.75, 16], "texture": "#0"},
				"up": {"uv": [12.5, 3, 12.55, 3.5], "texture": "#0"},
				"down": {"uv": [0, 0, 0.05, 0.5], "texture": "#0"}
			}
		},
		{
			"from": [8.2, 7.35, 7.25],
			"to": [8.25, 8.1, 7.75],
			"rotation": {"angle": 0, "axis": "y", "origin": [15.25, 14.1, 17]},
			"faces": {
				"north": {"uv": [12.5, 3, 12.55, 3.75], "texture": "#0"},
				"east": {"uv": [0, 0, 0.5, 0.75], "texture": "#0"},
				"south": {"uv": [12.5, 3, 12.55, 3.75], "texture": "#0"},
				"west": {"uv": [0, 15, 0.75, 16], "texture": "#0"},
				"up": {"uv": [12.5, 3, 12.55, 3.5], "texture": "#0"},
				"down": {"uv": [0, 0, 0.05, 0.5], "texture": "#0"}
			}
		},
		{
			"from": [8.2, 7.35, 9.05],
			"to": [8.25, 8, 9.55],
			"rotation": {"angle": 0, "axis": "y", "origin": [15.25, 14.1, 18.8]},
			"faces": {
				"north": {"uv": [12.5, 3, 12.55, 3.65], "texture": "#0"},
				"east": {"uv": [0, 0, 0.5, 0.65], "texture": "#0"},
				"south": {"uv": [12.5, 3, 12.55, 3.65], "texture": "#0"},
				"west": {"uv": [0, 15.25, 0.75, 16], "texture": "#0"},
				"up": {"uv": [12.5, 3, 12.55, 3.5], "texture": "#0"},
				"down": {"uv": [0, 0, 0.05, 0.5], "texture": "#0"}
			}
		},
		{
			"from": [8.2, 7.35, 6.65],
			"to": [8.25, 8.1, 7.15],
			"rotation": {"angle": 0, "axis": "y", "origin": [15.25, 14.1, 16.4]},
			"faces": {
				"north": {"uv": [12.5, 3, 12.55, 3.75], "texture": "#0"},
				"east": {"uv": [0, 0, 0.5, 0.75], "texture": "#0"},
				"south": {"uv": [12.5, 3, 12.55, 3.75], "texture": "#0"},
				"west": {"uv": [0, 15, 0.75, 16], "texture": "#0"},
				"up": {"uv": [12.5, 3, 12.55, 3.5], "texture": "#0"},
				"down": {"uv": [0, 0, 0.05, 0.5], "texture": "#0"}
			}
		},
		{
			"from": [8.2, 7.35, 8.45],
			"to": [8.25, 8, 8.95],
			"rotation": {"angle": 0, "axis": "y", "origin": [15.25, 14.1, 18.2]},
			"faces": {
				"north": {"uv": [12.5, 3, 12.55, 3.65], "texture": "#0"},
				"east": {"uv": [0, 0, 0.5, 0.65], "texture": "#0"},
				"south": {"uv": [12.5, 3, 12.55, 3.65], "texture": "#0"},
				"west": {"uv": [0, 15.25, 0.75, 16], "texture": "#0"},
				"up": {"uv": [12.5, 3, 12.55, 3.5], "texture": "#0"},
				"down": {"uv": [0, 0, 0.05, 0.5], "texture": "#0"}
			}
		},
		{
			"from": [8.2, 8, 8.45],
			"to": [8.25, 8.1, 8.5],
			"rotation": {"angle": 0, "axis": "y", "origin": [15.25, 14.1, 18.2]},
			"faces": {
				"north": {"uv": [12.5, 3, 12.55, 3.1], "texture": "#0"},
				"east": {"uv": [0, 0, 0.5, 0.65], "texture": "#0"},
				"south": {"uv": [12.5, 3, 12.55, 3.65], "texture": "#0"},
				"west": {"uv": [0, 15, 0.25, 15.25], "texture": "#0"},
				"up": {"uv": [12.5, 3, 12.55, 3.5], "texture": "#0"},
				"down": {"uv": [0, 0, 0.05, 0.5], "texture": "#0"}
			}
		},
		{
			"from": [8.2, 7.35, 6.05],
			"to": [8.25, 8.1, 6.55],
			"rotation": {"angle": 0, "axis": "y", "origin": [15.25, 14.1, 15.8]},
			"faces": {
				"north": {"uv": [12.5, 3, 12.55, 3.75], "texture": "#0"},
				"east": {"uv": [0, 0, 0.5, 0.75], "texture": "#0"},
				"south": {"uv": [12.5, 3, 12.55, 3.75], "texture": "#0"},
				"west": {"uv": [0, 15, 0.75, 16], "texture": "#0"},
				"up": {"uv": [12.5, 3, 12.55, 3.5], "texture": "#0"},
				"down": {"uv": [0, 0, 0.05, 0.5], "texture": "#0"}
			}
		},
		{
			"from": [8.2, 7.35, 7.85],
			"to": [8.25, 8.1, 8.35],
			"rotation": {"angle": 0, "axis": "y", "origin": [15.25, 14.1, 17.6]},
			"faces": {
				"north": {"uv": [12.5, 3, 12.55, 3.75], "texture": "#0"},
				"east": {"uv": [0, 0, 0.5, 0.65], "texture": "#0"},
				"south": {"uv": [12.5, 3, 12.55, 3.65], "texture": "#0"},
				"west": {"uv": [0, 15, 0.75, 16], "texture": "#0"},
				"up": {"uv": [12.5, 3, 12.55, 3.5], "texture": "#0"},
				"down": {"uv": [0, 0, 0.05, 0.5], "texture": "#0"}
			}
		},
		{
			"from": [8.2, 8.15, 7.85],
			"to": [8.25, 8.5, 8.35],
			"rotation": {"angle": 0, "axis": "y", "origin": [15.25, 14.9, 17.6]},
			"faces": {
				"north": {"uv": [12.5, 3, 12.55, 3.35], "texture": "#0"},
				"east": {"uv": [0, 0, 0.5, 0.65], "texture": "#0"},
				"south": {"uv": [12.5, 3, 12.55, 3.65], "texture": "#0"},
				"west": {"uv": [0, 15.5, 0.75, 16], "texture": "#0"},
				"up": {"uv": [12.5, 3, 12.55, 3.5], "texture": "#0"},
				"down": {"uv": [0, 0, 0.05, 0.5], "texture": "#0"}
			}
		},
		{
			"from": [8.2, 7.35, 5.45],
			"to": [8.25, 8.1, 5.95],
			"rotation": {"angle": 0, "axis": "y", "origin": [15.25, 14.1, 15.2]},
			"faces": {
				"north": {"uv": [12.5, 3, 12.55, 3.75], "texture": "#0"},
				"east": {"uv": [0, 0, 0.5, 0.75], "texture": "#0"},
				"south": {"uv": [12.5, 3, 12.55, 3.75], "texture": "#0"},
				"west": {"uv": [0, 15, 0.75, 16], "texture": "#0"},
				"up": {"uv": [12.5, 3, 12.55, 3.5], "texture": "#0"},
				"down": {"uv": [0, 0, 0.05, 0.5], "texture": "#0"}
			}
		},
		{
			"from": [8.2, 6.55, 7.25],
			"to": [8.25, 7.3, 7.75],
			"rotation": {"angle": 0, "axis": "y", "origin": [15.25, 13.3, 17]},
			"faces": {
				"north": {"uv": [12.5, 3, 12.55, 3.75], "texture": "#0"},
				"east": {"uv": [0, 0, 0.5, 0.75], "texture": "#0"},
				"south": {"uv": [12.5, 3, 12.55, 3.75], "texture": "#0"},
				"west": {"uv": [0, 15, 0.75, 16], "texture": "#0"},
				"up": {"uv": [12.5, 3, 12.55, 3.5], "texture": "#0"},
				"down": {"uv": [0, 0, 0.05, 0.5], "texture": "#0"}
			}
		},
		{
			"from": [8.2, 6.55, 9.05],
			"to": [8.25, 7.3, 9.55],
			"rotation": {"angle": 0, "axis": "y", "origin": [15.25, 13.3, 18.8]},
			"faces": {
				"north": {"uv": [12.5, 3, 12.55, 3.75], "texture": "#0"},
				"east": {"uv": [0, 0, 0.5, 0.75], "texture": "#0"},
				"south": {"uv": [12.5, 3, 12.55, 3.75], "texture": "#0"},
				"west": {"uv": [0, 15, 0.75, 16], "texture": "#0"},
				"up": {"uv": [12.5, 3, 12.55, 3.5], "texture": "#0"},
				"down": {"uv": [0, 0, 0.05, 0.5], "texture": "#0"}
			}
		},
		{
			"from": [8.2, 6.55, 6.65],
			"to": [8.25, 7.3, 7.15],
			"rotation": {"angle": 0, "axis": "y", "origin": [15.25, 13.3, 16.4]},
			"faces": {
				"north": {"uv": [12.5, 3, 12.55, 3.75], "texture": "#0"},
				"east": {"uv": [0, 0, 0.5, 0.75], "texture": "#0"},
				"south": {"uv": [12.5, 3, 12.55, 3.75], "texture": "#0"},
				"west": {"uv": [0, 15, 0.75, 16], "texture": "#0"},
				"up": {"uv": [12.5, 3, 12.55, 3.5], "texture": "#0"},
				"down": {"uv": [0, 0, 0.05, 0.5], "texture": "#0"}
			}
		},
		{
			"from": [8.2, 6.55, 8.45],
			"to": [8.25, 7.3, 8.95],
			"rotation": {"angle": 0, "axis": "y", "origin": [15.25, 13.3, 18.2]},
			"faces": {
				"north": {"uv": [12.5, 3, 12.55, 3.75], "texture": "#0"},
				"east": {"uv": [0, 0, 0.5, 0.75], "texture": "#0"},
				"south": {"uv": [12.5, 3, 12.55, 3.75], "texture": "#0"},
				"west": {"uv": [0, 15, 0.75, 16], "texture": "#0"},
				"up": {"uv": [12.5, 3, 12.55, 3.5], "texture": "#0"},
				"down": {"uv": [0, 0, 0.05, 0.5], "texture": "#0"}
			}
		},
		{
			"from": [8.2, 6.55, 6.05],
			"to": [8.25, 7.3, 6.55],
			"rotation": {"angle": 0, "axis": "y", "origin": [15.25, 13.3, 15.8]},
			"faces": {
				"north": {"uv": [12.5, 3, 12.55, 3.75], "texture": "#0"},
				"east": {"uv": [0, 0, 0.5, 0.75], "texture": "#0"},
				"south": {"uv": [12.5, 3, 12.55, 3.75], "texture": "#0"},
				"west": {"uv": [0, 15, 0.75, 16], "texture": "#0"},
				"up": {"uv": [12.5, 3, 12.55, 3.5], "texture": "#0"},
				"down": {"uv": [0, 0, 0.05, 0.5], "texture": "#0"}
			}
		},
		{
			"from": [8.2, 6.55, 7.85],
			"to": [8.25, 7.3, 8.35],
			"rotation": {"angle": 0, "axis": "y", "origin": [15.25, 13.3, 17.6]},
			"faces": {
				"north": {"uv": [12.5, 3, 12.55, 3.75], "texture": "#0"},
				"east": {"uv": [0, 0, 0.5, 0.75], "texture": "#0"},
				"south": {"uv": [12.5, 3, 12.55, 3.75], "texture": "#0"},
				"west": {"uv": [0, 15, 0.75, 16], "texture": "#0"},
				"up": {"uv": [12.5, 3, 12.55, 3.5], "texture": "#0"},
				"down": {"uv": [0, 0, 0.05, 0.5], "texture": "#0"}
			}
		},
		{
			"from": [8.2, 6.55, 5.45],
			"to": [8.25, 7.3, 5.95],
			"rotation": {"angle": 0, "axis": "y", "origin": [15.25, 13.3, 15.2]},
			"faces": {
				"north": {"uv": [12.5, 3, 12.55, 3.75], "texture": "#0"},
				"east": {"uv": [0, 0, 0.5, 0.75], "texture": "#0"},
				"south": {"uv": [12.5, 3, 12.55, 3.75], "texture": "#0"},
				"west": {"uv": [0, 15, 0.75, 16], "texture": "#0"},
				"up": {"uv": [12.5, 3, 12.55, 3.5], "texture": "#0"},
				"down": {"uv": [0, 0, 0.05, 0.5], "texture": "#0"}
			}
		},
		{
			"from": [8.2, 5.75, 7.25],
			"to": [8.25, 6.5, 7.75],
			"rotation": {"angle": 0, "axis": "y", "origin": [15.25, 12.5, 17]},
			"faces": {
				"north": {"uv": [12.5, 3, 12.55, 3.75], "texture": "#0"},
				"east": {"uv": [0, 0, 0.5, 0.75], "texture": "#0"},
				"south": {"uv": [12.5, 3, 12.55, 3.75], "texture": "#0"},
				"west": {"uv": [0, 15, 0.75, 16], "texture": "#0"},
				"up": {"uv": [12.5, 3, 12.55, 3.5], "texture": "#0"},
				"down": {"uv": [0, 0, 0.05, 0.5], "texture": "#0"}
			}
		},
		{
			"from": [8.2, 5.75, 6.65],
			"to": [8.25, 6.5, 7.15],
			"rotation": {"angle": 0, "axis": "y", "origin": [15.25, 12.5, 16.4]},
			"faces": {
				"north": {"uv": [12.5, 3, 12.55, 3.75], "texture": "#0"},
				"east": {"uv": [0, 0, 0.5, 0.75], "texture": "#0"},
				"south": {"uv": [12.5, 3, 12.55, 3.75], "texture": "#0"},
				"west": {"uv": [0, 15, 0.75, 16], "texture": "#0"},
				"up": {"uv": [12.5, 3, 12.55, 3.5], "texture": "#0"},
				"down": {"uv": [0, 0, 0.05, 0.5], "texture": "#0"}
			}
		},
		{
			"from": [8.2, 5.75, 6.05],
			"to": [8.25, 6.5, 6.55],
			"rotation": {"angle": 0, "axis": "y", "origin": [15.25, 12.5, 15.8]},
			"faces": {
				"north": {"uv": [12.5, 3, 12.55, 3.75], "texture": "#0"},
				"east": {"uv": [0, 0, 0.5, 0.75], "texture": "#0"},
				"south": {"uv": [12.5, 3, 12.55, 3.75], "texture": "#0"},
				"west": {"uv": [0, 15, 0.75, 16], "texture": "#0"},
				"up": {"uv": [12.5, 3, 12.55, 3.5], "texture": "#0"},
				"down": {"uv": [0, 0, 0.05, 0.5], "texture": "#0"}
			}
		},
		{
			"from": [8.2, 5.75, 5.45],
			"to": [8.25, 6.5, 5.95],
			"rotation": {"angle": 0, "axis": "y", "origin": [15.25, 12.5, 15.2]},
			"faces": {
				"north": {"uv": [12.5, 3, 12.55, 3.75], "texture": "#0"},
				"east": {"uv": [0, 0, 0.5, 0.75], "texture": "#0"},
				"south": {"uv": [12.5, 3, 12.55, 3.75], "texture": "#0"},
				"west": {"uv": [0, 15, 0.75, 16], "texture": "#0"},
				"up": {"uv": [12.5, 3, 12.55, 3.5], "texture": "#0"},
				"down": {"uv": [0, 0, 0.05, 0.5], "texture": "#0"}
			}
		},
		{
			"from": [8.2, 5.75, 9.05],
			"to": [8.25, 6.5, 9.55],
			"rotation": {"angle": 0, "axis": "y", "origin": [15.25, 12.5, 18.8]},
			"faces": {
				"north": {"uv": [12.5, 3, 12.55, 3.75], "texture": "#0"},
				"east": {"uv": [0, 0, 0.5, 0.75], "texture": "#0"},
				"south": {"uv": [12.5, 3, 12.55, 3.75], "texture": "#0"},
				"west": {"uv": [0, 15, 0.75, 16], "texture": "#0"},
				"up": {"uv": [12.5, 3, 12.55, 3.5], "texture": "#0"},
				"down": {"uv": [0, 0, 0.05, 0.5], "texture": "#0"}
			}
		},
		{
			"from": [8.2, 5.75, 8.45],
			"to": [8.25, 6.5, 8.95],
			"rotation": {"angle": 0, "axis": "y", "origin": [15.25, 12.5, 18.2]},
			"faces": {
				"north": {"uv": [12.5, 3, 12.55, 3.75], "texture": "#0"},
				"east": {"uv": [0, 0, 0.5, 0.75], "texture": "#0"},
				"south": {"uv": [12.5, 3, 12.55, 3.75], "texture": "#0"},
				"west": {"uv": [0, 15, 0.75, 16], "texture": "#0"},
				"up": {"uv": [12.5, 3, 12.55, 3.5], "texture": "#0"},
				"down": {"uv": [0, 0, 0.05, 0.5], "texture": "#0"}
			}
		},
		{
			"from": [8.2, 5.75, 7.85],
			"to": [8.25, 6.5, 8.35],
			"rotation": {"angle": 0, "axis": "y", "origin": [15.25, 12.5, 17.6]},
			"faces": {
				"north": {"uv": [12.5, 3, 12.55, 3.75], "texture": "#0"},
				"east": {"uv": [0, 0, 0.5, 0.75], "texture": "#0"},
				"south": {"uv": [12.5, 3, 12.55, 3.75], "texture": "#0"},
				"west": {"uv": [0, 15, 0.75, 16], "texture": "#0"},
				"up": {"uv": [12.5, 3, 12.55, 3.5], "texture": "#0"},
				"down": {"uv": [0, 0, 0.05, 0.5], "texture": "#0"}
			}
		}
	],
	"display": {
		"thirdperson_righthand": {
			"translation": [0, 7.25, 0.5]
		},
		"thirdperson_lefthand": {
			"rotation": [0, -180, 0],
			"translation": [-0.25, 7.25, 0.5]
		},
		"firstperson_righthand": {
			"translation": [3.5, 4.5, 0.5]
		},
		"firstperson_lefthand": {
			"rotation": [0, -180, 0],
			"translation": [3.5, 4.5, 0.5]
		},
		"ground": {
			"rotation": [0, 0, -90],
			"translation": [0, -2.5, 0]
		},
		"gui": {
			"rotation": [9, 47.75, 26.75],
			"translation": [-2, 4.25, 0],
			"scale": [1.5957, 1.5957, 1.5957]
		},
		"head": {
			"translation": [0, 13.75, 0]
		},
		"fixed": {
			"rotation": [0, -90, 0],
			"translation": [-0.75, 7.25, -0.75],
			"scale": [2, 2, 2]
		}
	},
	"groups": [0, 1, 2, 3, 4, 5, 6,
		{
			"name": "group",
			"origin": [15.25, 14.9, 15.1],
			"children": [7, 8, 9, 10]
		},
		{
			"name": "group",
			"origin": [15.25, 14.9, 15.1],
			"children": [11, 12, 13, 14, 15, 16, 17, 18, 19]
		},
		{
			"name": "group",
			"origin": [15.25, 14.9, 15.1],
			"children": [20, 21, 22, 23, 24, 25, 26]
		},
		{
			"name": "group",
			"origin": [15.25, 14.9, 15.1],
			"children": [27, 28, 29, 30]
		},
		{
			"name": "group",
			"origin": [15.25, 14.9, 15.1],
			"children": [31, 32, 33]
		}
	]
}