{
	"credit": "Made with Blockbench",
	"textures": {
		"1": "block/black_concrete",
		"particle": "block/black_concrete",
		"1_4": "block/yellow_concrete"
	},
	"elements": [
		{
			"from": [9.85, 8.4, -0.85],
			"to": [14.85, 9.4, 0.05],
			"faces": {
				"north": {"uv": [2.15, 6.6, 5.15, 7.6], "texture": "#1_4"},
				"east": {"uv": [15.95, 6.6, 16, 7.6], "texture": "#1_4"},
				"south": {"uv": [10.85, 6.6, 13.85, 7.6], "texture": "#1_4"},
				"west": {"uv": [0, 6.6, 0.05, 7.6], "texture": "#1_4"},
				"up": {"uv": [10.85, 0, 13.85, 0.05], "texture": "#1_4"},
				"down": {"uv": [10.85, 15.95, 13.85, 16], "texture": "#1_4"}
			}
		},
		{
			"from": [14.85, 9.4, -0.85],
			"to": [15.85, 12.4, 0.05],
			"faces": {
				"north": {"uv": [0.15, 3.6, 1.15, 5.6], "texture": "#1_4"},
				"east": {"uv": [15.95, 3.6, 16, 5.6], "texture": "#1_4"},
				"south": {"uv": [14.85, 3.6, 15.85, 5.6], "texture": "#1_4"},
				"west": {"uv": [0, 3.6, 0.05, 5.6], "texture": "#1_4"},
				"up": {"uv": [14.85, 0, 15.85, 0.05], "texture": "#1_4"},
				"down": {"uv": [14.85, 15.95, 15.85, 16], "texture": "#1_4"}
			}
		},
		{
			"from": [0.95, 12, -0.85],
			"to": [15.65, 13, 0.05],
			"faces": {
				"north": {"uv": [0.35, 3, 15.05, 4], "texture": "#1_4"},
				"east": {"uv": [15.95, 3, 16, 4], "texture": "#1_4"},
				"south": {"uv": [0.95, 3, 15.65, 4], "texture": "#1_4"},
				"west": {"uv": [0, 3, 0.05, 4], "texture": "#1_4"},
				"up": {"uv": [0.95, 0, 15.65, 0.05], "texture": "#1_4"},
				"down": {"uv": [0.95, 15.95, 15.65, 16], "texture": "#1_4"}
			}
		},
		{
			"from": [15.25, 12, -0.85],
			"to": [16.25, 13, 11.65],
			"faces": {
				"north": {"uv": [0, 3, 0.75, 4], "texture": "#1_4"},
				"east": {"uv": [9.35, 3, 16, 4], "texture": "#1_4"},
				"south": {"uv": [15.25, 3, 16, 4], "texture": "#1_4"},
				"west": {"uv": [0, 3, 6.65, 4], "texture": "#1_4"},
				"up": {"uv": [15.25, 0, 16, 6.65], "texture": "#1_4"},
				"down": {"uv": [15.25, 9.35, 16, 16], "texture": "#1_4"}
			}
		},
		{
			"from": [8.85, 9.4, -0.85],
			"to": [9.85, 12.4, 0.05],
			"faces": {
				"north": {"uv": [6.15, 3.6, 7.15, 5.6], "texture": "#1_4"},
				"east": {"uv": [15.95, 3.6, 16, 5.6], "texture": "#1_4"},
				"south": {"uv": [8.85, 3.6, 9.85, 5.6], "texture": "#1_4"},
				"west": {"uv": [0, 3.6, 0.05, 5.6], "texture": "#1_4"},
				"up": {"uv": [8.85, 0, 9.85, 0.05], "texture": "#1_4"},
				"down": {"uv": [8.85, 15.95, 9.85, 16], "texture": "#1_4"}
			}
		},
		{
			"from": [6.65, 9.4, -0.85],
			"to": [7.65, 12.4, 0.05],
			"faces": {
				"north": {"uv": [8.35, 3.6, 9.35, 5.6], "texture": "#1_4"},
				"east": {"uv": [15.95, 3.6, 16, 5.6], "texture": "#1_4"},
				"south": {"uv": [6.65, 3.6, 7.65, 5.6], "texture": "#1_4"},
				"west": {"uv": [0, 3.6, 0.05, 5.6], "texture": "#1_4"},
				"up": {"uv": [6.65, 0, 7.65, 0.05], "texture": "#1_4"},
				"down": {"uv": [6.65, 15.95, 7.65, 16], "texture": "#1_4"}
			}
		},
		{
			"from": [1.65, 8.4, -0.85],
			"to": [6.65, 9.4, 0.05],
			"faces": {
				"north": {"uv": [10.35, 6.6, 13.35, 7.6], "texture": "#1_4"},
				"east": {"uv": [15.95, 6.6, 16, 7.6], "texture": "#1_4"},
				"south": {"uv": [2.65, 6.6, 5.65, 7.6], "texture": "#1_4"},
				"west": {"uv": [0, 6.6, 0.05, 7.6], "texture": "#1_4"},
				"up": {"uv": [2.65, 0, 5.65, 0.05], "texture": "#1_4"},
				"down": {"uv": [2.65, 15.95, 5.65, 16], "texture": "#1_4"}
			}
		},
		{
			"from": [0.65, 9.4, -0.85],
			"to": [1.65, 12.4, 0.05],
			"faces": {
				"north": {"uv": [14.35, 3.6, 15.35, 5.6], "texture": "#1_4"},
				"east": {"uv": [15.95, 3.6, 16, 5.6], "texture": "#1_4"},
				"south": {"uv": [0.65, 3.6, 1.65, 5.6], "texture": "#1_4"},
				"west": {"uv": [0, 3.6, 0.05, 5.6], "texture": "#1_4"},
				"up": {"uv": [0.65, 0, 1.65, 0.05], "texture": "#1_4"},
				"down": {"uv": [0.65, 15.95, 1.65, 16], "texture": "#1_4"}
			}
		},
		{
			"from": [0.35, 12, -0.85],
			"to": [1.35, 13, 11.95],
			"faces": {
				"north": {"uv": [14.65, 3, 15.65, 4], "texture": "#1_4"},
				"east": {"uv": [9.35, 3, 16, 4], "texture": "#1_4"},
				"south": {"uv": [0.35, 3, 1.35, 4], "texture": "#1_4"},
				"west": {"uv": [0, 3, 6.65, 4], "texture": "#1_4"},
				"up": {"uv": [0.35, 0, 1.35, 6.65], "texture": "#1_4"},
				"down": {"uv": [0.35, 9.35, 1.35, 16], "texture": "#1_4"}
			}
		},
		{
			"from": [9.85, 9.4, -0.55],
			"to": [14.85, 12.2, -0.15],
			"faces": {
				"north": {"uv": [1.15, 3.8, 6.15, 6.6], "texture": "#1"},
				"east": {"uv": [1.15, 3.8, 6.15, 6.6], "texture": "#1"},
				"south": {"uv": [1.15, 3.8, 6.15, 6.6], "texture": "#1"},
				"west": {"uv": [1.15, 3.8, 6.15, 6.6], "texture": "#1"},
				"up": {"uv": [1.15, 3.8, 6.15, 6.6], "texture": "#1"},
				"down": {"uv": [1.15, 3.8, 6.15, 6.6], "texture": "#1"}
			}
		},
		{
			"from": [1.65, 9.4, -0.55],
			"to": [6.65, 12.2, -0.15],
			"faces": {
				"north": {"uv": [9.35, 3.8, 14.35, 6.6], "texture": "#1"},
				"east": {"uv": [9.35, 3.8, 14.35, 6.6], "texture": "#1"},
				"south": {"uv": [9.35, 3.8, 14.35, 6.6], "texture": "#1"},
				"west": {"uv": [9.35, 3.8, 14.35, 6.6], "texture": "#1"},
				"up": {"uv": [9.35, 3.8, 14.35, 6.6], "texture": "#1"},
				"down": {"uv": [9.35, 3.8, 14.35, 6.6], "texture": "#1"}
			}
		}
	],
	"display": {
		"thirdperson_righthand": {
			"rotation": [-10, 128, 15],
			"translation": [0, 1, -1.5],
			"scale": [0.31, 0.3, 0.32]
		},
		"thirdperson_lefthand": {
			"rotation": [-10, 128, 15],
			"translation": [-1, 1, -1.5],
			"scale": [0.31, 0.3, 0.32]
		},
		"firstperson_righthand": {
			"rotation": [7, 118, 15],
			"translation": [5.25, 1.5, -3.5],
			"scale": [0.47, 0.46, 0.45]
		},
		"firstperson_lefthand": {
			"rotation": [7, 118, 15],
			"translation": [5.25, 1.5, -3.5],
			"scale": [0.47, 0.46, 0.45]
		},
		"ground": {
			"scale": [0.47, 0.46, 0.45]
		},
		"gui": {
			"rotation": [45, 133, 0],
			"translation": [0, 2.25, 0],
			"scale": [0.61, 0.62, 0.61]
		},
		"head": {
			"translation": [-0.25, -3.5, 0],
			"scale": [0.98, 0.95, 0.92]
		},
		"fixed": {
			"rotation": [-69, 0, 0],
			"translation": [0, 0.25, 3.75]
		}
	},
	"groups": [
		{
			"name": "joke",
			"origin": [8, 8, 8],
			"children": [
				{
					"name": "group",
					"origin": [8, 8, 8],
					"children": [0, 1, 2, 3, 4, 5, 6, 7, 8, 9, 10]
				}
			]
		}
	]
}