{
	"credit": "",
	"textures": {
		"0": "block/yellow_concrete",
		"1": "block/yellow_wool",
		"particle": "block/pink_concrete"
	},
	"elements": [
		{
			"from": [8.25, 5, -0.3],
			"to": [9.25, 10, 1.3],
			"faces": {
				"north": {"uv": [6.75, 6, 7.75, 11], "texture": "#0"},
				"east": {"uv": [14.7, 6, 16, 11], "texture": "#0"},
				"south": {"uv": [8.25, 6, 9.25, 11], "texture": "#0"},
				"west": {"uv": [0, 6, 1.3, 11], "texture": "#0"},
				"up": {"uv": [8.25, 0, 9.25, 1.3], "texture": "#0"},
				"down": {"uv": [8.25, 14.7, 9.25, 16], "texture": "#0"}
			}
		},
		{
			"from": [6.35, 5, -0.3],
			"to": [7.35, 10, 1.3],
			"faces": {
				"north": {"uv": [8.65, 6, 9.65, 11], "texture": "#0"},
				"east": {"uv": [14.7, 6, 16, 11], "texture": "#0"},
				"south": {"uv": [6.35, 6, 7.35, 11], "texture": "#0"},
				"west": {"uv": [0, 6, 1.3, 11], "texture": "#0"},
				"up": {"uv": [6.35, 0, 7.35, 1.3], "texture": "#0"},
				"down": {"uv": [6.35, 14.7, 7.35, 16], "texture": "#0"}
			}
		},
		{
			"from": [2.25, 8.85, -0.3],
			"to": [6.35, 10, 1.3],
			"faces": {
				"north": {"uv": [9.65, 6, 13.75, 7], "texture": "#0"},
				"east": {"uv": [14.7, 6, 16, 7], "texture": "#0"},
				"south": {"uv": [2.25, 6, 6.35, 7], "texture": "#0"},
				"west": {"uv": [0, 6, 1.3, 7], "texture": "#0"},
				"up": {"uv": [2.25, 0, 6.35, 1.3], "texture": "#0"},
				"down": {"uv": [2.25, 14.7, 6.35, 16], "texture": "#0"}
			}
		},
		{
			"from": [2.25, 5, -0.3],
			"to": [6.35, 6.05, 1.3],
			"faces": {
				"north": {"uv": [9.65, 10, 13.75, 11], "texture": "#0"},
				"east": {"uv": [14.7, 10, 16, 11], "texture": "#0"},
				"south": {"uv": [2.25, 10, 6.35, 11], "texture": "#0"},
				"west": {"uv": [0, 10, 1.3, 11], "texture": "#0"},
				"up": {"uv": [2.25, 0, 6.35, 1.3], "texture": "#0"},
				"down": {"uv": [2.25, 14.7, 6.35, 16], "texture": "#0"}
			}
		},
		{
			"from": [1.25, 5, -0.3],
			"to": [2.25, 10, 1.3],
			"faces": {
				"north": {"uv": [13.75, 6, 14.75, 11], "texture": "#0"},
				"east": {"uv": [14.7, 6, 16, 11], "texture": "#0"},
				"south": {"uv": [1.25, 6, 2.25, 11], "texture": "#0"},
				"west": {"uv": [0, 6, 1.3, 11], "texture": "#0"},
				"up": {"uv": [1.25, 0, 2.25, 1.3], "texture": "#0"},
				"down": {"uv": [1.25, 14.7, 2.25, 16], "texture": "#0"}
			}
		},
		{
			"from": [9.25, 5, -0.3],
			"to": [13.35, 6.025, 1.3],
			"faces": {
				"north": {"uv": [2.65, 10, 6.75, 11], "texture": "#0"},
				"east": {"uv": [14.7, 10, 16, 11], "texture": "#0"},
				"south": {"uv": [9.25, 10, 13.35, 11], "texture": "#0"},
				"west": {"uv": [0, 10, 1.3, 11], "texture": "#0"},
				"up": {"uv": [9.25, 0, 13.35, 1.3], "texture": "#0"},
				"down": {"uv": [9.25, 14.7, 13.35, 16], "texture": "#0"}
			}
		},
		{
			"from": [13.25, 5, -0.3],
			"to": [14.25, 10, 1.3],
			"faces": {
				"north": {"uv": [1.75, 6, 2.75, 11], "texture": "#0"},
				"east": {"uv": [14.7, 6, 16, 11], "texture": "#0"},
				"south": {"uv": [13.25, 6, 14.25, 11], "texture": "#0"},
				"west": {"uv": [0, 6, 1.3, 11], "texture": "#0"},
				"up": {"uv": [13.25, 0, 14.25, 1.3], "texture": "#0"},
				"down": {"uv": [13.25, 14.7, 14.25, 16], "texture": "#0"}
			}
		},
		{
			"from": [9.25, 8.925, -0.3],
			"to": [13.35, 10, 1.3],
			"faces": {
				"north": {"uv": [2.65, 6, 6.75, 7], "texture": "#0"},
				"east": {"uv": [14.7, 6, 16, 7], "texture": "#0"},
				"south": {"uv": [9.25, 6, 13.35, 7], "texture": "#0"},
				"west": {"uv": [0, 6, 1.3, 7], "texture": "#0"},
				"up": {"uv": [9.25, 0, 13.35, 1.3], "texture": "#0"},
				"down": {"uv": [9.25, 14.7, 13.35, 16], "texture": "#0"}
			}
		},
		{
			"from": [4.35, 3.8, -0.3],
			"to": [11.55, 4.8, 1.3],
			"faces": {
				"north": {"uv": [2.95, 11.2, 13.15, 12.2], "texture": "#0"},
				"east": {"uv": [14.7, 11.2, 16, 12.2], "texture": "#0"},
				"south": {"uv": [2.85, 11.2, 13.05, 12.2], "texture": "#0"},
				"west": {"uv": [0, 11.2, 1.3, 12.2], "texture": "#0"},
				"up": {"uv": [2.85, 0, 13.05, 1.3], "texture": "#0"},
				"down": {"uv": [2.85, 14.7, 13.05, 16], "texture": "#0"}
			}
		},
		{
			"from": [10.55, 1.1, -0.3],
			"to": [11.55, 4.8, 1.3],
			"faces": {
				"north": {"uv": [2.05, 11.2, 3.05, 14.9], "texture": "#0"},
				"east": {"uv": [14.7, 11.2, 16, 14.9], "texture": "#0"},
				"south": {"uv": [12.95, 11.2, 13.95, 14.9], "texture": "#0"},
				"west": {"uv": [0, 11.2, 1.3, 14.9], "texture": "#0"},
				"up": {"uv": [12.95, 0, 13.95, 1.3], "texture": "#0"},
				"down": {"uv": [12.95, 14.7, 13.95, 16], "texture": "#0"}
			}
		},
		{
			"from": [4.35, 1.1, -0.3],
			"to": [11.55, 2.1, 1.3],
			"faces": {
				"north": {"uv": [2.95, 13.9, 13.05, 14.9], "texture": "#0"},
				"east": {"uv": [14.7, 13.9, 16, 14.9], "texture": "#0"},
				"south": {"uv": [2.95, 13.9, 13.05, 14.9], "texture": "#0"},
				"west": {"uv": [0, 13.9, 1.3, 14.9], "texture": "#0"},
				"up": {"uv": [2.95, 0, 13.05, 1.3], "texture": "#0"},
				"down": {"uv": [2.95, 14.7, 13.05, 16], "texture": "#0"}
			}
		},
		{
			"from": [4.35, 1.1, -0.3],
			"to": [5.35, 4.8, 1.3],
			"faces": {
				"north": {"uv": [12.95, 11.2, 13.95, 14.9], "texture": "#0"},
				"east": {"uv": [14.7, 11.2, 16, 14.9], "texture": "#0"},
				"south": {"uv": [2.05, 11.2, 3.05, 14.9], "texture": "#0"},
				"west": {"uv": [0, 11.2, 1.3, 14.9], "texture": "#0"},
				"up": {"uv": [2.05, 0, 3.05, 1.3], "texture": "#0"},
				"down": {"uv": [2.05, 14.7, 3.05, 16], "texture": "#0"}
			}
		},
		{
			"from": [15, 0, 1],
			"to": [16, 16, 15],
			"faces": {
				"north": {"uv": [0, 0, 1, 16], "texture": "#1"},
				"east": {"uv": [1, 0, 15, 16], "texture": "#1"},
				"south": {"uv": [15, 0, 16, 16], "texture": "#1"},
				"west": {"uv": [1, 0, 15, 16], "texture": "#1"},
				"up": {"uv": [2, 1, 15.999, 2], "rotation": 90, "texture": "#1"},
				"down": {"uv": [15, 1, 16, 15], "texture": "#1"}
			}
		},
		{
			"from": [0, 9, 0],
			"to": [16, 16, 1],
			"faces": {
				"north": {"uv": [0, 0, 16, 7], "texture": "#1"},
				"east": {"uv": [15, 0, 16, 7], "texture": "#1"},
				"south": {"uv": [0, 0, 16, 7], "texture": "#1"},
				"west": {"uv": [1, 0, 2, 7], "texture": "#1"},
				"up": {"uv": [11, 0, 12, 15.998], "rotation": 90, "texture": "#1"},
				"down": {"uv": [0, 15, 16, 16], "texture": "#1"}
			}
		},
		{
			"from": [1, 15, 1],
			"to": [15, 16, 15],
			"faces": {
				"north": {"uv": [1, 0, 15, 1], "texture": "#1"},
				"east": {"uv": [1, 0, 15, 1], "texture": "#1"},
				"south": {"uv": [1, 0, 15, 1], "texture": "#1"},
				"west": {"uv": [1, 0, 15, 1], "texture": "#1"},
				"up": {"uv": [2, 1, 16, 15], "rotation": 90, "texture": "#1"},
				"down": {"uv": [1, 1, 15, 15], "texture": "#1"}
			}
		},
		{
			"from": [0, 4, 0],
			"to": [16, 6, 1],
			"faces": {
				"north": {"uv": [0, 10, 16, 12], "texture": "#1"},
				"east": {"uv": [15, 10, 16, 12], "texture": "#1"},
				"south": {"uv": [0, 10, 16, 12], "texture": "#1"},
				"west": {"uv": [1, 10, 2, 12], "texture": "#1"},
				"up": {"uv": [0, 0, 16, 1], "texture": "#1"},
				"down": {"uv": [0, 15, 16, 16], "texture": "#1"}
			}
		},
		{
			"from": [0, 0, 1],
			"to": [1, 16, 15],
			"faces": {
				"north": {"uv": [15, 0, 16, 16], "texture": "#1"},
				"east": {"uv": [1, 0, 15, 16], "texture": "#1"},
				"south": {"uv": [0, 0, 1, 16], "texture": "#1"},
				"west": {"uv": [0, 0, 14, 16], "texture": "#1"},
				"up": {"uv": [0, 1, 13.999, 2], "rotation": 90, "texture": "#1"},
				"down": {"uv": [0, 1, 1, 15], "texture": "#1"}
			}
		},
		{
			"from": [0, 0, 15],
			"to": [16, 16, 16],
			"faces": {
				"north": {"uv": [0, 0, 16, 16], "texture": "#1"},
				"east": {"uv": [0, 0, 1, 16], "texture": "#1"},
				"south": {"uv": [0, 0, 16, 16], "texture": "#1"},
				"west": {"uv": [14, 0, 15, 16], "texture": "#1"},
				"up": {"uv": [2, 0, 3, 15.998], "rotation": 90, "texture": "#1"},
				"down": {"uv": [0, 0, 16, 1], "texture": "#1"}
			}
		},
		{
			"from": [0, 0, 0],
			"to": [16, 2, 1],
			"faces": {
				"north": {"uv": [0, 14, 16, 16], "texture": "#1"},
				"east": {"uv": [15, 14, 16, 16], "texture": "#1"},
				"south": {"uv": [0, 14, 16, 16], "texture": "#1"},
				"west": {"uv": [1, 14, 2, 16], "texture": "#1"},
				"up": {"uv": [0, 0, 16, 1], "texture": "#1"},
				"down": {"uv": [0, 15, 16, 16], "texture": "#1"}
			}
		},
		{
			"from": [14, 6, 0],
			"to": [16, 9, 1],
			"faces": {
				"north": {"uv": [0, 7, 2, 10], "texture": "#1"},
				"east": {"uv": [15, 7, 16, 10], "texture": "#1"},
				"south": {"uv": [14, 7, 16, 10], "texture": "#1"},
				"west": {"uv": [0, 7, 1, 10], "texture": "#1"},
				"up": {"uv": [14, 0, 16, 1], "texture": "#1"},
				"down": {"uv": [14, 15, 16, 16], "texture": "#1"}
			}
		},
		{
			"from": [0, 6, 0],
			"to": [2, 9, 1],
			"faces": {
				"north": {"uv": [14, 7, 16, 10], "texture": "#1"},
				"east": {"uv": [15, 7, 16, 10], "texture": "#1"},
				"south": {"uv": [0, 7, 2, 10], "texture": "#1"},
				"west": {"uv": [1, 7, 2, 10], "texture": "#1"},
				"up": {"uv": [0, 0, 2, 1], "texture": "#1"},
				"down": {"uv": [0, 15, 2, 16], "texture": "#1"}
			}
		},
		{
			"from": [7, 6, 0],
			"to": [9, 9, 1],
			"faces": {
				"north": {"uv": [7, 7, 9, 10], "texture": "#1"},
				"east": {"uv": [15, 7, 16, 10], "texture": "#1"},
				"south": {"uv": [7, 7, 9, 10], "texture": "#1"},
				"west": {"uv": [0, 7, 1, 10], "texture": "#1"},
				"up": {"uv": [7, 0, 9, 1], "texture": "#1"},
				"down": {"uv": [7, 15, 9, 16], "texture": "#1"}
			}
		},
		{
			"from": [11, 2, 0],
			"to": [16, 4, 1],
			"faces": {
				"north": {"uv": [0, 12, 4.999, 14], "texture": "#1"},
				"east": {"uv": [15, 12, 16, 14], "texture": "#1"},
				"south": {"uv": [13, 12, 16, 14], "texture": "#1"},
				"west": {"uv": [0, 12, 1, 14], "texture": "#1"},
				"up": {"uv": [13, 0, 16, 1], "texture": "#1"},
				"down": {"uv": [13, 15, 16, 16], "texture": "#1"}
			}
		},
		{
			"from": [0, 2, 0],
			"to": [4.975, 4, 1],
			"faces": {
				"north": {"uv": [11, 12, 15.999, 14], "texture": "#1"},
				"east": {"uv": [15, 12, 16, 14], "texture": "#1"},
				"south": {"uv": [0, 12, 3, 14], "texture": "#1"},
				"west": {"uv": [1, 12, 2, 14], "texture": "#1"},
				"up": {"uv": [0, 0, 3, 1], "texture": "#1"},
				"down": {"uv": [0, 15, 3, 16], "texture": "#1"}
			}
		}
	],
	"display": {
		"thirdperson_righthand": {
			"rotation": [-10, 128, 15],
			"translation": [0, 1, -1.5],
			"scale": [0.31, 0.3, 0.32]
		},
		"thirdperson_lefthand": {
			"rotation": [-10, 128, 15],
			"translation": [-1, 1, -1.5],
			"scale": [0.31, 0.3, 0.32]
		},
		"firstperson_righthand": {
			"rotation": [-10, 128, 15],
			"translation": [3.5, 1.5, -3.5],
			"scale": [0.47, 0.46, 0.45]
		},
		"firstperson_lefthand": {
			"rotation": [-10, 128, 15],
			"translation": [3.5, 1.5, -3.5],
			"scale": [0.47, 0.46, 0.45]
		},
		"ground": {
			"scale": [0.47, 0.46, 0.45]
		},
		"gui": {
			"rotation": [45, 133, 0],
			"translation": [0, 0.5, 0],
			"scale": [0.5, 0.5, 0.5]
		},
		"head": {
			"translation": [0, -0.25, 0],
			"scale": [0.98, 0.98, 0.98]
		},
		"fixed": {
			"rotation": [-90, 0, 0],
			"translation": [0, 0, -8]
		}
	},
	"groups": [
		{
			"name": "group",
			"origin": [8, 8, 8],
			"children": [0, 1, 2, 3, 4, 5, 6, 7, 8, 9, 10, 11]
		},
		{
			"name": "group",
			"origin": [8, 8, 8],
			"children": [12, 13, 14, 15, 16, 17, 18, 19, 20, 21, 22, 23]
		}
	]
}