{"credit":"by Damfler","textures":{"0":"block/bamboo_stalk","1":"bamboo_stand/rope","particle":"block/bamboo_stalk"},"elements":[{"from":[6.75,1,3.5],"to":[17.25,2,6.25],"rotation":{"angle":-22.5,"axis":"y","origin":[4,0,-2]},"faces":{"north":{"uv":[0,0,16,2],"texture":"#1"},"east":{"uv":[0,0,6,2],"texture":"#1"},"south":{"uv":[0,0,16,2],"texture":"#1"},"west":{"uv":[0,0,6,2],"texture":"#1"},"up":{"uv":[0,0,16,6],"texture":"#1"},"down":{"uv":[0,0,16,6],"texture":"#1"}}},{"from":[13,0,4],"to":[15,10,6],"rotation":{"angle":-22.5,"axis":"y","origin":[4,0,-2]},"faces":{"north":{"uv":[0,0,3,16],"texture":"#0"},"east":{"uv":[9,0,12,16],"texture":"#0"},"south":{"uv":[3,0,6,16],"texture":"#0"},"west":{"uv":[6,0,9,16],"texture":"#0"},"up":{"uv":[13,0,16,3],"texture":"#0"},"down":{"uv":[13,4,16,7],"texture":"#0"}}},{"from":[11,0,3.8],"to":[13,10,5.8],"rotation":{"angle":-22.5,"axis":"y","origin":[4,0,-2]},"faces":{"north":{"uv":[0,0,3,16],"texture":"#0"},"east":{"uv":[9,0,12,16],"texture":"#0"},"south":{"uv":[3,0,6,16],"texture":"#0"},"west":{"uv":[6,0,9,16],"texture":"#0"},"up":{"uv":[13,0,16,3],"texture":"#0"},"down":{"uv":[13,4,16,7],"texture":"#0"}}},{"from":[9,0,4.1],"to":[11,10,6.1],"rotation":{"angle":-22.5,"axis":"y","origin":[4,0,-2]},"faces":{"north":{"uv":[0,0,3,16],"texture":"#0"},"east":{"uv":[9,0,12,16],"texture":"#0"},"south":{"uv":[3,0,6,16],"texture":"#0"},"west":{"uv":[6,0,9,16],"texture":"#0"},"up":{"uv":[13,0,16,3],"texture":"#0"},"down":{"uv":[13,4,16,7],"texture":"#0"}}},{"from":[7,0,4],"to":[9,10,6],"rotation":{"angle":-22.5,"axis":"y","origin":[4,0,-2]},"faces":{"north":{"uv":[0,0,3,16],"texture":"#0"},"east":{"uv":[9,0,12,16],"texture":"#0"},"south":{"uv":[3,0,6,16],"texture":"#0"},"west":{"uv":[6,0,9,16],"texture":"#0"},"up":{"uv":[13,0,16,3],"texture":"#0"},"down":{"uv":[13,4,16,7],"texture":"#0"}}},{"from":[15,0,3.75],"to":[17,10,5.75],"rotation":{"angle":-22.5,"axis":"y","origin":[4,0,-2]},"faces":{"north":{"uv":[0,0,3,16],"texture":"#0"},"east":{"uv":[9,0,12,16],"texture":"#0"},"south":{"uv":[3,0,6,16],"texture":"#0"},"west":{"uv":[6,0,9,16],"texture":"#0"},"up":{"uv":[13,0,16,3],"texture":"#0"},"down":{"uv":[13,4,16,7],"texture":"#0"}}},{"from":[13,10,3.8],"to":[15,20,5.8],"rotation":{"angle":-22.5,"axis":"y","origin":[4,0,-2]},"faces":{"north":{"uv":[0,0,3,16],"texture":"#0"},"east":{"uv":[9,0,12,16],"texture":"#0"},"south":{"uv":[3,0,6,16],"texture":"#0"},"west":{"uv":[6,0,9,16],"texture":"#0"},"up":{"uv":[13,0,16,3],"texture":"#0"},"down":{"uv":[13,4,16,7],"texture":"#0"}}},{"from":[11,10,4],"to":[13,20,6],"rotation":{"angle":-22.5,"axis":"y","origin":[4,0,-2]},"faces":{"north":{"uv":[0,0,3,16],"texture":"#0"},"east":{"uv":[9,0,12,16],"texture":"#0"},"south":{"uv":[3,0,6,16],"texture":"#0"},"west":{"uv":[6,0,9,16],"texture":"#0"},"up":{"uv":[13,0,16,3],"texture":"#0"},"down":{"uv":[13,4,16,7],"texture":"#0"}}},{"from":[9,10,3.9],"to":[11,20,5.9],"rotation":{"angle":-22.5,"axis":"y","origin":[4,0,-2]},"faces":{"north":{"uv":[0,0,3,16],"texture":"#0"},"east":{"uv":[9,0,12,16],"texture":"#0"},"south":{"uv":[3,0,6,16],"texture":"#0"},"west":{"uv":[6,0,9,16],"texture":"#0"},"up":{"uv":[13,0,16,3],"texture":"#0"},"down":{"uv":[13,4,16,7],"texture":"#0"}}},{"from":[7,10,3.75],"to":[9,20,5.75],"rotation":{"angle":-22.5,"axis":"y","origin":[4,0,-2]},"faces":{"north":{"uv":[0,0,3,16],"texture":"#0"},"east":{"uv":[9,0,12,16],"texture":"#0"},"south":{"uv":[3,0,6,16],"texture":"#0"},"west":{"uv":[6,0,9,16],"texture":"#0"},"up":{"uv":[13,0,16,3],"texture":"#0"},"down":{"uv":[13,4,16,7],"texture":"#0"}}},{"from":[15,10,3.95],"to":[17,20,5.95],"rotation":{"angle":-22.5,"axis":"y","origin":[4,0,-2]},"faces":{"north":{"uv":[0,0,3,16],"texture":"#0"},"east":{"uv":[9,0,12,16],"texture":"#0"},"south":{"uv":[3,0,6,16],"texture":"#0"},"west":{"uv":[6,0,9,16],"texture":"#0"},"up":{"uv":[13,0,16,3],"texture":"#0"},"down":{"uv":[13,4,16,7],"texture":"#0"}}},{"from":[6.75,9.5,3.5],"to":[17.25,10.5,6.25],"rotation":{"angle":-22.5,"axis":"y","origin":[4,0,-2]},"faces":{"north":{"uv":[0,0,16,2],"texture":"#1"},"east":{"uv":[0,0,6,2],"texture":"#1"},"south":{"uv":[0,0,16,2],"texture":"#1"},"west":{"uv":[0,0,6,2],"texture":"#1"},"up":{"uv":[0,0,16,6],"texture":"#1"},"down":{"uv":[0,0,16,6],"texture":"#1"}}},{"from":[6.75,18,3.5],"to":[17.25,19,6.25],"rotation":{"angle":-22.5,"axis":"y","origin":[4,0,-2]},"faces":{"north":{"uv":[0,0,16,2],"texture":"#1"},"east":{"uv":[0,0,6,2],"texture":"#1"},"south":{"uv":[0,0,16,2],"texture":"#1"},"west":{"uv":[0,0,6,2],"texture":"#1"},"up":{"uv":[0,0,16,6],"texture":"#1"},"down":{"uv":[0,0,16,6],"texture":"#1"}}},{"from":[-9.25,1,9.5],"to":[1.25,2,12.25],"rotation":{"angle":22.5,"axis":"y","origin":[-12,0,4]},"faces":{"north":{"uv":[0,0,16,2],"texture":"#1"},"east":{"uv":[0,0,6,2],"texture":"#1"},"south":{"uv":[0,0,16,2],"texture":"#1"},"west":{"uv":[0,0,6,2],"texture":"#1"},"up":{"uv":[0,0,16,6],"texture":"#1"},"down":{"uv":[0,0,16,6],"texture":"#1"}}},{"from":[-3,0,10],"to":[-1,10,12],"rotation":{"angle":22.5,"axis":"y","origin":[-12,0,4]},"faces":{"north":{"uv":[0,0,3,16],"texture":"#0"},"east":{"uv":[9,0,12,16],"texture":"#0"},"south":{"uv":[3,0,6,16],"texture":"#0"},"west":{"uv":[6,0,9,16],"texture":"#0"},"up":{"uv":[13,0,16,3],"texture":"#0"},"down":{"uv":[13,4,16,7],"texture":"#0"}}},{"from":[-5,0,9.8],"to":[-3,10,11.8],"rotation":{"angle":22.5,"axis":"y","origin":[-12,0,4]},"faces":{"north":{"uv":[0,0,3,16],"texture":"#0"},"east":{"uv":[9,0,12,16],"texture":"#0"},"south":{"uv":[3,0,6,16],"texture":"#0"},"west":{"uv":[6,0,9,16],"texture":"#0"},"up":{"uv":[13,0,16,3],"texture":"#0"},"down":{"uv":[13,4,16,7],"texture":"#0"}}},{"from":[-7,0,10.1],"to":[-5,10,12.1],"rotation":{"angle":22.5,"axis":"y","origin":[-12,0,4]},"faces":{"north":{"uv":[0,0,3,16],"texture":"#0"},"east":{"uv":[9,0,12,16],"texture":"#0"},"south":{"uv":[3,0,6,16],"texture":"#0"},"west":{"uv":[6,0,9,16],"texture":"#0"},"up":{"uv":[13,0,16,3],"texture":"#0"},"down":{"uv":[13,4,16,7],"texture":"#0"}}},{"from":[-9,0,10],"to":[-7,10,12],"rotation":{"angle":22.5,"axis":"y","origin":[-12,0,4]},"faces":{"north":{"uv":[0,0,3,16],"texture":"#0"},"east":{"uv":[9,0,12,16],"texture":"#0"},"south":{"uv":[3,0,6,16],"texture":"#0"},"west":{"uv":[6,0,9,16],"texture":"#0"},"up":{"uv":[13,0,16,3],"texture":"#0"},"down":{"uv":[13,4,16,7],"texture":"#0"}}},{"from":[-1,0,9.75],"to":[1,10,11.75],"rotation":{"angle":22.5,"axis":"y","origin":[-12,0,4]},"faces":{"north":{"uv":[0,0,3,16],"texture":"#0"},"east":{"uv":[9,0,12,16],"texture":"#0"},"south":{"uv":[3,0,6,16],"texture":"#0"},"west":{"uv":[6,0,9,16],"texture":"#0"},"up":{"uv":[13,0,16,3],"texture":"#0"},"down":{"uv":[13,4,16,7],"texture":"#0"}}},{"from":[-3,10,9.8],"to":[-1,20,11.8],"rotation":{"angle":22.5,"axis":"y","origin":[-12,0,4]},"faces":{"north":{"uv":[0,0,3,16],"texture":"#0"},"east":{"uv":[9,0,12,16],"texture":"#0"},"south":{"uv":[3,0,6,16],"texture":"#0"},"west":{"uv":[6,0,9,16],"texture":"#0"},"up":{"uv":[13,0,16,3],"texture":"#0"},"down":{"uv":[13,4,16,7],"texture":"#0"}}},{"from":[-5,10,10],"to":[-3,20,12],"rotation":{"angle":22.5,"axis":"y","origin":[-12,0,4]},"faces":{"north":{"uv":[0,0,3,16],"texture":"#0"},"east":{"uv":[9,0,12,16],"texture":"#0"},"south":{"uv":[3,0,6,16],"texture":"#0"},"west":{"uv":[6,0,9,16],"texture":"#0"},"up":{"uv":[13,0,16,3],"texture":"#0"},"down":{"uv":[13,4,16,7],"texture":"#0"}}},{"from":[-7,10,9.9],"to":[-5,20,11.9],"rotation":{"angle":22.5,"axis":"y","origin":[-12,0,4]},"faces":{"north":{"uv":[0,0,3,16],"texture":"#0"},"east":{"uv":[9,0,12,16],"texture":"#0"},"south":{"uv":[3,0,6,16],"texture":"#0"},"west":{"uv":[6,0,9,16],"texture":"#0"},"up":{"uv":[13,0,16,3],"texture":"#0"},"down":{"uv":[13,4,16,7],"texture":"#0"}}},{"from":[-9,10,9.75],"to":[-7,20,11.75],"rotation":{"angle":22.5,"axis":"y","origin":[-12,0,4]},"faces":{"north":{"uv":[0,0,3,16],"texture":"#0"},"east":{"uv":[9,0,12,16],"texture":"#0"},"south":{"uv":[3,0,6,16],"texture":"#0"},"west":{"uv":[6,0,9,16],"texture":"#0"},"up":{"uv":[13,0,16,3],"texture":"#0"},"down":{"uv":[13,4,16,7],"texture":"#0"}}},{"from":[-1,10,9.95],"to":[1,20,11.95],"rotation":{"angle":22.5,"axis":"y","origin":[-12,0,4]},"faces":{"north":{"uv":[0,0,3,16],"texture":"#0"},"east":{"uv":[9,0,12,16],"texture":"#0"},"south":{"uv":[3,0,6,16],"texture":"#0"},"west":{"uv":[6,0,9,16],"texture":"#0"},"up":{"uv":[13,0,16,3],"texture":"#0"},"down":{"uv":[13,4,16,7],"texture":"#0"}}},{"from":[-9.25,9.5,9.5],"to":[1.25,10.5,12.25],"rotation":{"angle":22.5,"axis":"y","origin":[-12,0,4]},"faces":{"north":{"uv":[0,0,16,2],"texture":"#1"},"east":{"uv":[0,0,6,2],"texture":"#1"},"south":{"uv":[0,0,16,2],"texture":"#1"},"west":{"uv":[0,0,6,2],"texture":"#1"},"up":{"uv":[0,0,16,6],"texture":"#1"},"down":{"uv":[0,0,16,6],"texture":"#1"}}},{"from":[-9.25,18,9.5],"to":[1.25,19,12.25],"rotation":{"angle":22.5,"axis":"y","origin":[-12,0,4]},"faces":{"north":{"uv":[0,0,16,2],"texture":"#1"},"east":{"uv":[0,0,6,2],"texture":"#1"},"south":{"uv":[0,0,16,2],"texture":"#1"},"west":{"uv":[0,0,6,2],"texture":"#1"},"up":{"uv":[0,0,16,6],"texture":"#1"},"down":{"uv":[0,0,16,6],"texture":"#1"}}},{"from":[12.25,1,9.5],"to":[22.75,2,12.25],"rotation":{"angle":22.5,"axis":"y","origin":[9.5,0,4]},"faces":{"north":{"uv":[0,0,16,2],"texture":"#1"},"east":{"uv":[0,0,6,2],"texture":"#1"},"south":{"uv":[0,0,16,2],"texture":"#1"},"west":{"uv":[0,0,6,2],"texture":"#1"},"up":{"uv":[0,0,16,6],"texture":"#1"},"down":{"uv":[0,0,16,6],"texture":"#1"}}},{"from":[18.5,0,10],"to":[20.5,10,12],"rotation":{"angle":22.5,"axis":"y","origin":[9.5,0,4]},"faces":{"north":{"uv":[0,0,3,16],"texture":"#0"},"east":{"uv":[9,0,12,16],"texture":"#0"},"south":{"uv":[3,0,6,16],"texture":"#0"},"west":{"uv":[6,0,9,16],"texture":"#0"},"up":{"uv":[13,0,16,3],"texture":"#0"},"down":{"uv":[13,4,16,7],"texture":"#0"}}},{"from":[16.5,0,9.8],"to":[18.5,10,11.8],"rotation":{"angle":22.5,"axis":"y","origin":[9.5,0,4]},"faces":{"north":{"uv":[0,0,3,16],"texture":"#0"},"east":{"uv":[9,0,12,16],"texture":"#0"},"south":{"uv":[3,0,6,16],"texture":"#0"},"west":{"uv":[6,0,9,16],"texture":"#0"},"up":{"uv":[13,0,16,3],"texture":"#0"},"down":{"uv":[13,4,16,7],"texture":"#0"}}},{"from":[14.5,0,10.1],"to":[16.5,10,12.1],"rotation":{"angle":22.5,"axis":"y","origin":[9.5,0,4]},"faces":{"north":{"uv":[0,0,3,16],"texture":"#0"},"east":{"uv":[9,0,12,16],"texture":"#0"},"south":{"uv":[3,0,6,16],"texture":"#0"},"west":{"uv":[6,0,9,16],"texture":"#0"},"up":{"uv":[13,0,16,3],"texture":"#0"},"down":{"uv":[13,4,16,7],"texture":"#0"}}},{"from":[12.5,0,10],"to":[14.5,10,12],"rotation":{"angle":22.5,"axis":"y","origin":[9.5,0,4]},"faces":{"north":{"uv":[0,0,3,16],"texture":"#0"},"east":{"uv":[9,0,12,16],"texture":"#0"},"south":{"uv":[3,0,6,16],"texture":"#0"},"west":{"uv":[6,0,9,16],"texture":"#0"},"up":{"uv":[13,0,16,3],"texture":"#0"},"down":{"uv":[13,4,16,7],"texture":"#0"}}},{"from":[20.5,0,9.75],"to":[22.5,10,11.75],"rotation":{"angle":22.5,"axis":"y","origin":[9.5,0,4]},"faces":{"north":{"uv":[0,0,3,16],"texture":"#0"},"east":{"uv":[9,0,12,16],"texture":"#0"},"south":{"uv":[3,0,6,16],"texture":"#0"},"west":{"uv":[6,0,9,16],"texture":"#0"},"up":{"uv":[13,0,16,3],"texture":"#0"},"down":{"uv":[13,4,16,7],"texture":"#0"}}},{"from":[18.5,10,9.8],"to":[20.5,20,11.8],"rotation":{"angle":22.5,"axis":"y","origin":[9.5,0,4]},"faces":{"north":{"uv":[0,0,3,16],"texture":"#0"},"east":{"uv":[9,0,12,16],"texture":"#0"},"south":{"uv":[3,0,6,16],"texture":"#0"},"west":{"uv":[6,0,9,16],"texture":"#0"},"up":{"uv":[13,0,16,3],"texture":"#0"},"down":{"uv":[13,4,16,7],"texture":"#0"}}},{"from":[16.5,10,10],"to":[18.5,20,12],"rotation":{"angle":22.5,"axis":"y","origin":[9.5,0,4]},"faces":{"north":{"uv":[0,0,3,16],"texture":"#0"},"east":{"uv":[9,0,12,16],"texture":"#0"},"south":{"uv":[3,0,6,16],"texture":"#0"},"west":{"uv":[6,0,9,16],"texture":"#0"},"up":{"uv":[13,0,16,3],"texture":"#0"},"down":{"uv":[13,4,16,7],"texture":"#0"}}},{"from":[14.5,10,9.9],"to":[16.5,20,11.9],"rotation":{"angle":22.5,"axis":"y","origin":[9.5,0,4]},"faces":{"north":{"uv":[0,0,3,16],"texture":"#0"},"east":{"uv":[9,0,12,16],"texture":"#0"},"south":{"uv":[3,0,6,16],"texture":"#0"},"west":{"uv":[6,0,9,16],"texture":"#0"},"up":{"uv":[13,0,16,3],"texture":"#0"},"down":{"uv":[13,4,16,7],"texture":"#0"}}},{"from":[12.5,10,9.75],"to":[14.5,20,11.75],"rotation":{"angle":22.5,"axis":"y","origin":[9.5,0,4]},"faces":{"north":{"uv":[0,0,3,16],"texture":"#0"},"east":{"uv":[9,0,12,16],"texture":"#0"},"south":{"uv":[3,0,6,16],"texture":"#0"},"west":{"uv":[6,0,9,16],"texture":"#0"},"up":{"uv":[13,0,16,3],"texture":"#0"},"down":{"uv":[13,4,16,7],"texture":"#0"}}},{"from":[20.5,10,9.95],"to":[22.5,20,11.95],"rotation":{"angle":22.5,"axis":"y","origin":[9.5,0,4]},"faces":{"north":{"uv":[0,0,3,16],"texture":"#0"},"east":{"uv":[9,0,12,16],"texture":"#0"},"south":{"uv":[3,0,6,16],"texture":"#0"},"west":{"uv":[6,0,9,16],"texture":"#0"},"up":{"uv":[13,0,16,3],"texture":"#0"},"down":{"uv":[13,4,16,7],"texture":"#0"}}},{"from":[12.25,9.5,9.5],"to":[22.75,10.5,12.25],"rotation":{"angle":22.5,"axis":"y","origin":[9.5,0,4]},"faces":{"north":{"uv":[0,0,16,2],"texture":"#1"},"east":{"uv":[0,0,6,2],"texture":"#1"},"south":{"uv":[0,0,16,2],"texture":"#1"},"west":{"uv":[0,0,6,2],"texture":"#1"},"up":{"uv":[0,0,16,6],"texture":"#1"},"down":{"uv":[0,0,16,6],"texture":"#1"}}},{"from":[12.25,18,9.5],"to":[22.75,19,12.25],"rotation":{"angle":22.5,"axis":"y","origin":[9.5,0,4]},"faces":{"north":{"uv":[0,0,16,2],"texture":"#1"},"east":{"uv":[0,0,6,2],"texture":"#1"},"south":{"uv":[0,0,16,2],"texture":"#1"},"west":{"uv":[0,0,6,2],"texture":"#1"},"up":{"uv":[0,0,16,6],"texture":"#1"},"down":{"uv":[0,0,16,6],"texture":"#1"}}}],"display":{"thirdperson_righthand":{"translation":[0,8.25,0.5]},"thirdperson_lefthand":{"translation":[0,8.25,0.5]},"firstperson_righthand":{"translation":[8.5,-4.5,0]},"firstperson_lefthand":{"translation":[8.5,-5,0]},"ground":{"rotation":[90,0,0]},"gui":{"rotation":[46.5,-20.75,0],"translation":[-0.5,-0.75,0],"scale":[0.45,0.45,0.45]},"head":{"translation":[0,-19.5,7.75]},"fixed":{"rotation":[-90,0,0],"translation":[0,0,-30.75],"scale":[4,4,4]}},"groups":[{"name":"group","origin":[8.75,26,13.5],"children":[0,1,2,3,4,5,6,7,8,9,10,11,12]},{"name":"group","origin":[8.75,26,13.5],"children":[13,14,15,16,17,18,19,20,21,22,23,24,25]},{"name":"group","origin":[8.75,26,13.5],"children":[26,27,28,29,30,31,32,33,34,35,36,37,38]}]}