{
	"credit": "Made with Blockbench",
	"textures": {
		"4": "cupcake/cupcake"
	},
	"elements": [
		{
			"from": [2, 2.83333, 2],
			"to": [14, 11.83333, 14],
			"faces": {
				"north": {"uv": [1, 3.5, 7, 8], "texture": "#4"},
				"east": {"uv": [1, 3.5, 7, 8], "texture": "#4"},
				"south": {"uv": [1, 3.5, 7, 8], "texture": "#4"},
				"west": {"uv": [1, 3.5, 7, 8], "texture": "#4"},
				"up": {"uv": [0, 8, 8, 16], "texture": "#4"},
				"down": {"uv": [9, 9, 15, 15], "texture": "#4", "cullface": "down"}
			}
		},
		{
			"from": [1.001, 5.83433, 2.001],
			"to": [14.999, 10.83233, 13.999],
			"faces": {
				"north": {"uv": [8.5, 4, 15.5, 6.5], "texture": "#4"},
				"east": {"uv": [9, 4, 15, 6.5], "texture": "#4"},
				"south": {"uv": [8.5, 4, 15.5, 6.5], "texture": "#4"},
				"west": {"uv": [9, 4, 15, 6.5], "texture": "#4"},
				"up": {"uv": [0, 8, 8, 16], "texture": "#4"},
				"down": {"uv": [2, 1, 14, 14], "texture": "#4", "cullface": "down"}
			}
		},
		{
			"from": [2.001, 5.83433, 1.001],
			"to": [13.999, 10.83233, 14.999],
			"faces": {
				"north": {"uv": [9, 4, 15, 6.5], "texture": "#4"},
				"east": {"uv": [8.5, 4, 15.5, 6.5], "texture": "#4"},
				"south": {"uv": [9, 4, 15, 6.5], "texture": "#4"},
				"west": {"uv": [8.5, 4, 15.5, 6.5], "texture": "#4"},
				"up": {"uv": [0, 8, 8, 16], "texture": "#4"},
				"down": {"uv": [2, 1, 14, 14], "texture": "#4", "cullface": "down"}
			}
		}
	],
	"display": {
		"thirdperson_righthand": {
			"translation": [0, 1.25, 0],
			"scale": [0.3, 0.3, 0.3]
		},
		"thirdperson_lefthand": {
			"translation": [0, 1.25, 0],
			"scale": [0.3, 0.3, 0.3]
		},
		"firstperson_righthand": {
			"rotation": [-22.75, 0, 0],
			"translation": [1.75, 1.25, 0],
			"scale": [0.3, 0.3, 0.3]
		},
		"firstperson_lefthand": {
			"rotation": [-22.75, 0, 0],
			"translation": [1.75, 1.25, 0],
			"scale": [0.3, 0.3, 0.3]
		},
		"ground": {
			"translation": [0, -4.75, 0],
			"scale": [0.3, 0.3, 0.3]
		},
		"gui": {
			"rotation": [27.25, 39, 0],
			"scale": [0.64844, 0.64844, 0.64844]
		},
		"head": {
			"translation": [0, 10.5, 0],
			"scale": [0.81, 0.81, 0.81]
		},
		"fixed": {
			"rotation": [-90, 0, 0],
			"translation": [0, 0, -2],
			"scale": [0.6, 0.6, 0.6]
		}
	},
	"groups": [
		{
			"name": "group",
			"origin": [8, 8, 8],
			"children": [0, 1, 2]
		}
	]
}