{
	"credit": "Made with Blockbench",
	"texture_size": [12, 12],
	"textures": {
		"0": "box/box1",
		"particle": "box/box1"
	},
	"elements": [
		{
			"from": [2, 0, 2],
			"to": [14, 12, 14],
			"rotation": {"angle": 0, "axis": "y", "origin": [10, 8, 10]},
			"faces": {
				"north": {"uv": [0, 4, 4, 8], "texture": "#0"},
				"east": {"uv": [4, 4, 8, 8], "texture": "#0"},
				"south": {"uv": [0, 0, 4, 4], "texture": "#0"},
				"west": {"uv": [4, 0, 8, 4], "texture": "#0"},
				"up": {"uv": [4, 8, 8, 12], "texture": "#0"},
				"down": {"uv": [0, 8, 4, 12], "texture": "#0"}
			}
		},
		{
			"from": [4, 2, 1.99],
			"to": [12, 10, 1.99],
			"rotation": {"angle": 0, "axis": "y", "origin": [10, 8, 10]},
			"faces": {
				"north": {"uv": [8.66667, 9.66667, 15, 16], "texture": "#0"},
				"east": {"uv": [0, 12, 4, 16], "texture": "#0"},
				"south": {"uv": [0, 12, 4, 16], "texture": "#0"},
				"west": {"uv": [0, 12, 4, 16], "texture": "#0"},
				"up": {"uv": [0, 12, 4, 16], "texture": "#0"},
				"down": {"uv": [0, 12, 4, 16], "texture": "#0"}
			}
		},
		{
			"from": [4.25, 2, 14.26],
			"to": [12.25, 10, 14.26],
			"rotation": {"angle": 0, "axis": "y", "origin": [10, 8, 10]},
			"faces": {
				"north": {"uv": [0, 12, 4, 16], "texture": "#0"},
				"east": {"uv": [0, 12, 4, 16], "texture": "#0"},
				"south": {"uv": [8.66667, 9.66667, 15, 16], "texture": "#0"},
				"west": {"uv": [0, 12, 4, 16], "texture": "#0"},
				"up": {"uv": [0, 12, 4, 16], "rotation": 180, "texture": "#0"},
				"down": {"uv": [0, 12, 4, 16], "rotation": 180, "texture": "#0"}
			}
		},
		{
			"from": [1, 1, 13],
			"to": [3, 11, 15],
			"rotation": {"angle": 0, "axis": "y", "origin": [-2, 8, 10]},
			"faces": {
				"north": {"uv": [15, 0, 16, 4.66667], "texture": "#0"},
				"east": {"uv": [14, 0, 15, 4.66667], "texture": "#0"},
				"south": {"uv": [12, 0, 13, 4.66667], "texture": "#0"},
				"west": {"uv": [13, 0, 14, 4.66667], "texture": "#0"},
				"up": {"uv": [12, 0, 13, 4.66667], "texture": "#0"},
				"down": {"uv": [12, 0, 13, 4.66667], "texture": "#0"}
			}
		},
		{
			"from": [13, 1, 1],
			"to": [15, 11, 3],
			"rotation": {"angle": 0, "axis": "y", "origin": [10, 8, -2]},
			"faces": {
				"north": {"uv": [15, 0, 16, 4.66667], "texture": "#0"},
				"east": {"uv": [14, 0, 15, 4.66667], "texture": "#0"},
				"south": {"uv": [12, 0, 13, 4.66667], "texture": "#0"},
				"west": {"uv": [13, 0, 14, 4.66667], "texture": "#0"},
				"up": {"uv": [12, 0, 13, 4.66667], "texture": "#0"},
				"down": {"uv": [12, 0, 13, 4.66667], "texture": "#0"}
			}
		},
		{
			"from": [1, 1, 1],
			"to": [3, 11, 3],
			"rotation": {"angle": 0, "axis": "y", "origin": [-2, 8, -2]},
			"faces": {
				"north": {"uv": [14, 4.66667, 15, 9.33333], "texture": "#0"},
				"east": {"uv": [15, 4.66667, 16, 9.33333], "texture": "#0"},
				"south": {"uv": [12, 4.66667, 13, 9.33333], "texture": "#0"},
				"west": {"uv": [13, 4.66667, 14, 9.33333], "texture": "#0"},
				"up": {"uv": [14, 4.66667, 15, 9.33333], "texture": "#0"},
				"down": {"uv": [14, 4.66667, 15, 9.33333], "texture": "#0"}
			}
		},
		{
			"from": [13, 1, 13],
			"to": [15, 11, 15],
			"rotation": {"angle": 0, "axis": "y", "origin": [10, 8, 10]},
			"faces": {
				"north": {"uv": [14, 4.66667, 15, 9.33333], "texture": "#0"},
				"east": {"uv": [15, 4.66667, 16, 9.33333], "texture": "#0"},
				"south": {"uv": [12, 4.66667, 13, 9.33333], "texture": "#0"},
				"west": {"uv": [13, 4.66667, 14, 9.33333], "texture": "#0"},
				"up": {"uv": [14, 4.66667, 15, 9.33333], "texture": "#0"},
				"down": {"uv": [14, 4.66667, 15, 9.33333], "texture": "#0"}
			}
		},
		{
			"from": [1, 11, 1],
			"to": [15, 13, 3],
			"rotation": {"angle": 0, "axis": "y", "origin": [10, 9, -2]},
			"faces": {
				"north": {"uv": [8, 2.33333, 16, 3.33333], "texture": "#0"},
				"east": {"uv": [15, 2.33333, 16, 3.33333], "texture": "#0"},
				"south": {"uv": [8, 6.66667, 16, 7.66667], "texture": "#0"},
				"west": {"uv": [8, 2.33333, 9, 3.33333], "texture": "#0"},
				"up": {"uv": [8, 5, 16, 6], "texture": "#0"},
				"down": {"uv": [8, 6, 16, 7], "texture": "#0"}
			}
		},
		{
			"from": [1, -1, 13],
			"to": [15, 1, 15],
			"rotation": {"angle": 0, "axis": "y", "origin": [10, -3, 10]},
			"faces": {
				"north": {"uv": [8, 2.33333, 16, 3.33333], "texture": "#0"},
				"east": {"uv": [15, 2.33333, 16, 3.33333], "texture": "#0"},
				"south": {"uv": [8, 6.66667, 16, 7.66667], "texture": "#0"},
				"west": {"uv": [8, 2.33333, 9, 3.33333], "texture": "#0"},
				"up": {"uv": [8, 5, 16, 6], "texture": "#0"},
				"down": {"uv": [8, 6, 16, 7], "texture": "#0"}
			}
		},
		{
			"from": [1, 11, 13],
			"to": [15, 13, 15],
			"rotation": {"angle": 0, "axis": "y", "origin": [10, 9, 10]},
			"faces": {
				"north": {"uv": [8, 3.33333, 16, 4.33333], "texture": "#0"},
				"east": {"uv": [8, 8, 9, 9], "texture": "#0"},
				"south": {"uv": [8, 8, 16, 9], "texture": "#0"},
				"west": {"uv": [15, 8, 16, 9], "texture": "#0"},
				"up": {"uv": [8, 7, 16, 8], "texture": "#0"},
				"down": {"uv": [8, 8, 16, 9], "texture": "#0"}
			}
		},
		{
			"from": [1, -1, 1],
			"to": [15, 1, 3],
			"rotation": {"angle": 0, "axis": "y", "origin": [10, -3, -2]},
			"faces": {
				"north": {"uv": [8, 3.33333, 16, 4.33333], "texture": "#0"},
				"east": {"uv": [8, 8, 9, 9], "texture": "#0"},
				"south": {"uv": [8, 8, 16, 9], "texture": "#0"},
				"west": {"uv": [15, 8, 16, 9], "texture": "#0"},
				"up": {"uv": [8, 7, 16, 8], "texture": "#0"},
				"down": {"uv": [8, 8, 16, 9], "texture": "#0"}
			}
		},
		{
			"from": [13, 11, 3],
			"to": [15, 13, 13],
			"rotation": {"angle": 0, "axis": "y", "origin": [22, 9, -2]},
			"faces": {
				"north": {"uv": [10, 5, 16, 6], "texture": "#0"},
				"east": {"uv": [10, 5, 16, 6], "texture": "#0"},
				"south": {"uv": [10, 5, 16, 6], "texture": "#0"},
				"west": {"uv": [10, 1.33333, 16, 2.33333], "texture": "#0"},
				"up": {"uv": [8, 8, 14, 9], "rotation": 90, "texture": "#0"},
				"down": {"uv": [10, 7, 16, 8], "rotation": 90, "texture": "#0"}
			}
		},
		{
			"from": [1, -1, 3],
			"to": [3, 1, 13],
			"rotation": {"angle": 0, "axis": "y", "origin": [10, -3, -2]},
			"faces": {
				"north": {"uv": [10, 5, 16, 6], "texture": "#0"},
				"east": {"uv": [10, 5, 16, 6], "texture": "#0"},
				"south": {"uv": [10, 5, 16, 6], "texture": "#0"},
				"west": {"uv": [10, 1.33333, 16, 2.33333], "texture": "#0"},
				"up": {"uv": [8, 8, 14, 9], "rotation": 90, "texture": "#0"},
				"down": {"uv": [10, 7, 16, 8], "rotation": 90, "texture": "#0"}
			}
		},
		{
			"from": [1, 11, 3],
			"to": [3, 13, 13],
			"rotation": {"angle": 0, "axis": "y", "origin": [10, 9, -2]},
			"faces": {
				"north": {"uv": [9, 2, 15, 3], "texture": "#0"},
				"east": {"uv": [9, 2, 15, 3], "texture": "#0"},
				"south": {"uv": [9, 2, 15, 3], "texture": "#0"},
				"west": {"uv": [9, 0, 15, 1], "texture": "#0"},
				"up": {"uv": [9, 5, 15, 6], "rotation": 90, "texture": "#0"},
				"down": {"uv": [9, 8.33333, 15, 9.33333], "rotation": 90, "texture": "#0"}
			}
		},
		{
			"from": [13, -1, 3],
			"to": [15, 1, 13],
			"rotation": {"angle": 0, "axis": "y", "origin": [22, -3, -2]},
			"faces": {
				"north": {"uv": [9, 2, 15, 3], "texture": "#0"},
				"east": {"uv": [9, 2, 15, 3], "texture": "#0"},
				"south": {"uv": [9, 2, 15, 3], "texture": "#0"},
				"west": {"uv": [9, 0, 15, 1], "texture": "#0"},
				"up": {"uv": [9, 5, 15, 6], "rotation": 90, "texture": "#0"},
				"down": {"uv": [9, 8.33333, 15, 9.33333], "rotation": 90, "texture": "#0"}
			}
		}
	],
	"display": {
		"thirdperson_righthand": {
			"scale": [0.35, 0.35, 0.35]
		},
		"thirdperson_lefthand": {
			"scale": [0.35, 0.35, 0.35]
		},
		"firstperson_righthand": {
			"scale": [0.5, 0.5, 0.5]
		},
		"firstperson_lefthand": {
			"scale": [0.5, 0.5, 0.5]
		},
		"ground": {
			"translation": [0, -2.5, 0],
			"scale": [0.56, 0.56, 0.56]
		},
		"gui": {
			"rotation": [30, 45, 0],
			"translation": [0, 1.25, 0],
			"scale": [0.7, 0.7, 0.7]
		},
		"head": {
			"translation": [0, 2.5, 0],
			"scale": [1.23, 1.23, 1.23]
		},
		"fixed": {
			"rotation": [-90, 0, 0],
			"translation": [0, -0.25, -21.75],
			"scale": [2.69, 2.69, 2.69]
		}
	}
}