{
	"credit": "Made with Blockbench",
	"texture_size": [32, 32],
	"textures": {
		"0": "box/box1",
		"1": "box/tinted_glass",
		"2": "box/box3",
		"particle": "box/box1"
	},
	"elements": [
		{
			"from": [10.01398, -0.43976, 21.2559],
			"to": [18.56434, 8.1106, 29.80626],
			"rotation": {"angle": 0, "axis": "y", "origin": [15.7261, 3.83542, 25.54296]},
			"faces": {
				"north": {"uv": [0, 4, 4, 8], "texture": "#0"},
				"east": {"uv": [4, 4, 8, 8], "texture": "#0"},
				"south": {"uv": [0, 0, 4, 4], "texture": "#0"},
				"west": {"uv": [4, 0, 8, 4], "texture": "#0"},
				"up": {"uv": [4, 8, 8, 12], "texture": "#0"},
				"down": {"uv": [0, 8, 4, 12], "texture": "#0"}
			}
		},
		{
			"from": [11.43904, 0.9853, 21.24877],
			"to": [17.13928, 6.68554, 21.24877],
			"rotation": {"angle": 0, "axis": "y", "origin": [15.7261, 3.83542, 25.54296]},
			"faces": {
				"north": {"uv": [8.66667, 9.66667, 15, 16], "texture": "#0"},
				"east": {"uv": [0, 12, 4, 16], "texture": "#0"},
				"south": {"uv": [0, 12, 4, 16], "texture": "#0"},
				"west": {"uv": [0, 12, 4, 16], "texture": "#0"},
				"up": {"uv": [0, 12, 4, 16], "texture": "#0"},
				"down": {"uv": [0, 12, 4, 16], "texture": "#0"}
			}
		},
		{
			"from": [11.61717, 0.9853, 29.99152],
			"to": [17.31741, 6.68554, 29.99152],
			"rotation": {"angle": 0, "axis": "y", "origin": [15.7261, 3.83542, 25.54296]},
			"faces": {
				"north": {"uv": [0, 12, 4, 16], "texture": "#0"},
				"east": {"uv": [0, 12, 4, 16], "texture": "#0"},
				"south": {"uv": [8.66667, 9.66667, 15, 16], "texture": "#0"},
				"west": {"uv": [0, 12, 4, 16], "texture": "#0"},
				"up": {"uv": [0, 12, 4, 16], "rotation": 180, "texture": "#0"},
				"down": {"uv": [0, 12, 4, 16], "rotation": 180, "texture": "#0"}
			}
		},
		{
			"from": [9.30145, 0.27277, 29.09373],
			"to": [10.72651, 7.39807, 30.51879],
			"rotation": {"angle": 0, "axis": "y", "origin": [15.7261, 3.83542, 25.54296]},
			"faces": {
				"north": {"uv": [15, 0, 16, 4.66667], "texture": "#0"},
				"east": {"uv": [14, 0, 15, 4.66667], "texture": "#0"},
				"south": {"uv": [12, 0, 13, 4.66667], "texture": "#0"},
				"west": {"uv": [13, 0, 14, 4.66667], "texture": "#0"},
				"up": {"uv": [12, 0, 13, 4.66667], "texture": "#0"},
				"down": {"uv": [12, 0, 13, 4.66667], "texture": "#0"}
			}
		},
		{
			"from": [17.85181, 0.27277, 20.54337],
			"to": [19.27687, 7.39807, 21.96843],
			"rotation": {"angle": 0, "axis": "y", "origin": [15.7261, 3.83542, 25.54296]},
			"faces": {
				"north": {"uv": [15, 0, 16, 4.66667], "texture": "#0"},
				"east": {"uv": [14, 0, 15, 4.66667], "texture": "#0"},
				"south": {"uv": [12, 0, 13, 4.66667], "texture": "#0"},
				"west": {"uv": [13, 0, 14, 4.66667], "texture": "#0"},
				"up": {"uv": [12, 0, 13, 4.66667], "texture": "#0"},
				"down": {"uv": [12, 0, 13, 4.66667], "texture": "#0"}
			}
		},
		{
			"from": [9.30145, 0.27277, 20.54337],
			"to": [10.72651, 7.39807, 21.96843],
			"rotation": {"angle": 0, "axis": "y", "origin": [15.7261, 3.83542, 25.54296]},
			"faces": {
				"north": {"uv": [14, 4.66667, 15, 9.33333], "texture": "#0"},
				"east": {"uv": [15, 4.66667, 16, 9.33333], "texture": "#0"},
				"south": {"uv": [12, 4.66667, 13, 9.33333], "texture": "#0"},
				"west": {"uv": [13, 4.66667, 14, 9.33333], "texture": "#0"},
				"up": {"uv": [14, 4.66667, 15, 9.33333], "texture": "#0"},
				"down": {"uv": [14, 4.66667, 15, 9.33333], "texture": "#0"}
			}
		},
		{
			"from": [17.85181, 0.27277, 29.09373],
			"to": [19.27687, 7.39807, 30.51879],
			"rotation": {"angle": 0, "axis": "y", "origin": [15.7261, 3.83542, 25.54296]},
			"faces": {
				"north": {"uv": [14, 4.66667, 15, 9.33333], "texture": "#0"},
				"east": {"uv": [15, 4.66667, 16, 9.33333], "texture": "#0"},
				"south": {"uv": [12, 4.66667, 13, 9.33333], "texture": "#0"},
				"west": {"uv": [13, 4.66667, 14, 9.33333], "texture": "#0"},
				"up": {"uv": [14, 4.66667, 15, 9.33333], "texture": "#0"},
				"down": {"uv": [14, 4.66667, 15, 9.33333], "texture": "#0"}
			}
		},
		{
			"from": [9.30145, 7.39807, 20.54337],
			"to": [19.27687, 8.82313, 21.96843],
			"rotation": {"angle": 0, "axis": "y", "origin": [15.7261, 3.83542, 25.54296]},
			"faces": {
				"north": {"uv": [8, 2.33333, 16, 3.33333], "texture": "#0"},
				"east": {"uv": [15, 2.33333, 16, 3.33333], "texture": "#0"},
				"south": {"uv": [8, 6.66667, 16, 7.66667], "texture": "#0"},
				"west": {"uv": [8, 2.33333, 9, 3.33333], "texture": "#0"},
				"up": {"uv": [8, 5, 16, 6], "texture": "#0"},
				"down": {"uv": [8, 6, 16, 7], "texture": "#0"}
			}
		},
		{
			"from": [9.30145, -1.15229, 29.09373],
			"to": [19.27687, 0.27277, 30.51879],
			"rotation": {"angle": 0, "axis": "y", "origin": [15.7261, 3.83542, 25.54296]},
			"faces": {
				"north": {"uv": [8, 2.33333, 16, 3.33333], "texture": "#0"},
				"east": {"uv": [15, 2.33333, 16, 3.33333], "texture": "#0"},
				"south": {"uv": [8, 6.66667, 16, 7.66667], "texture": "#0"},
				"west": {"uv": [8, 2.33333, 9, 3.33333], "texture": "#0"},
				"up": {"uv": [8, 5, 16, 6], "texture": "#0"},
				"down": {"uv": [8, 6, 16, 7], "texture": "#0"}
			}
		},
		{
			"from": [9.30145, 7.39807, 29.09373],
			"to": [19.27687, 8.82313, 30.51879],
			"rotation": {"angle": 0, "axis": "y", "origin": [15.7261, 3.83542, 25.54296]},
			"faces": {
				"north": {"uv": [8, 3.33333, 16, 4.33333], "texture": "#0"},
				"east": {"uv": [8, 8, 9, 9], "texture": "#0"},
				"south": {"uv": [8, 8, 16, 9], "texture": "#0"},
				"west": {"uv": [15, 8, 16, 9], "texture": "#0"},
				"up": {"uv": [8, 7, 16, 8], "texture": "#0"},
				"down": {"uv": [8, 8, 16, 9], "texture": "#0"}
			}
		},
		{
			"from": [9.30145, -1.15229, 20.54337],
			"to": [19.27687, 0.27277, 21.96843],
			"rotation": {"angle": 0, "axis": "y", "origin": [15.7261, 3.83542, 25.54296]},
			"faces": {
				"north": {"uv": [8, 3.33333, 16, 4.33333], "texture": "#0"},
				"east": {"uv": [8, 8, 9, 9], "texture": "#0"},
				"south": {"uv": [8, 8, 16, 9], "texture": "#0"},
				"west": {"uv": [15, 8, 16, 9], "texture": "#0"},
				"up": {"uv": [8, 7, 16, 8], "texture": "#0"},
				"down": {"uv": [8, 8, 16, 9], "texture": "#0"}
			}
		},
		{
			"from": [17.85181, 7.39807, 21.96843],
			"to": [19.27687, 8.82313, 29.09373],
			"rotation": {"angle": 0, "axis": "y", "origin": [15.7261, 3.83542, 25.54296]},
			"faces": {
				"north": {"uv": [10, 5, 16, 6], "texture": "#0"},
				"east": {"uv": [10, 5, 16, 6], "texture": "#0"},
				"south": {"uv": [10, 5, 16, 6], "texture": "#0"},
				"west": {"uv": [10, 1.33333, 16, 2.33333], "texture": "#0"},
				"up": {"uv": [8, 8, 14, 9], "rotation": 90, "texture": "#0"},
				"down": {"uv": [10, 7, 16, 8], "rotation": 90, "texture": "#0"}
			}
		},
		{
			"from": [9.30145, -1.15229, 21.96843],
			"to": [10.72651, 0.27277, 29.09373],
			"rotation": {"angle": 0, "axis": "y", "origin": [15.7261, 3.83542, 25.54296]},
			"faces": {
				"north": {"uv": [10, 5, 16, 6], "texture": "#0"},
				"east": {"uv": [10, 5, 16, 6], "texture": "#0"},
				"south": {"uv": [10, 5, 16, 6], "texture": "#0"},
				"west": {"uv": [10, 1.33333, 16, 2.33333], "texture": "#0"},
				"up": {"uv": [8, 8, 14, 9], "rotation": 90, "texture": "#0"},
				"down": {"uv": [10, 7, 16, 8], "rotation": 90, "texture": "#0"}
			}
		},
		{
			"from": [9.30145, 7.39807, 21.96843],
			"to": [10.72651, 8.82313, 29.09373],
			"rotation": {"angle": 0, "axis": "y", "origin": [15.7261, 3.83542, 25.54296]},
			"faces": {
				"north": {"uv": [9, 2, 15, 3], "texture": "#0"},
				"east": {"uv": [9, 2, 15, 3], "texture": "#0"},
				"south": {"uv": [9, 2, 15, 3], "texture": "#0"},
				"west": {"uv": [9, 0, 15, 1], "texture": "#0"},
				"up": {"uv": [9, 5, 15, 6], "rotation": 90, "texture": "#0"},
				"down": {"uv": [9, 8.33333, 15, 9.33333], "rotation": 90, "texture": "#0"}
			}
		},
		{
			"from": [17.85181, -1.15229, 21.96843],
			"to": [19.27687, 0.27277, 29.09373],
			"rotation": {"angle": 0, "axis": "y", "origin": [15.7261, 3.83542, 25.54296]},
			"faces": {
				"north": {"uv": [9, 2, 15, 3], "texture": "#0"},
				"east": {"uv": [9, 2, 15, 3], "texture": "#0"},
				"south": {"uv": [9, 2, 15, 3], "texture": "#0"},
				"west": {"uv": [9, 0, 15, 1], "texture": "#0"},
				"up": {"uv": [9, 5, 15, 6], "rotation": 90, "texture": "#0"},
				"down": {"uv": [9, 8.33333, 15, 9.33333], "rotation": 90, "texture": "#0"}
			}
		},
		{
			"from": [19.27687, -0.43976, 13.41807],
			"to": [27.82723, 8.1106, 21.96843],
			"rotation": {"angle": 45, "axis": "y", "origin": [24.27646, 3.83542, 16.9926]},
			"faces": {
				"north": {"uv": [0, 4, 4, 8], "texture": "#0"},
				"east": {"uv": [4, 4, 8, 8], "texture": "#0"},
				"south": {"uv": [0, 0, 4, 4], "texture": "#0"},
				"west": {"uv": [4, 0, 8, 4], "texture": "#0"},
				"up": {"uv": [4, 8, 8, 12], "texture": "#0"},
				"down": {"uv": [0, 8, 4, 12], "texture": "#0"}
			}
		},
		{
			"from": [20.70193, 0.9853, 13.41094],
			"to": [26.40217, 6.68554, 13.41094],
			"rotation": {"angle": 45, "axis": "y", "origin": [24.27646, 3.83542, 16.9926]},
			"faces": {
				"north": {"uv": [8.66667, 9.66667, 15, 16], "texture": "#0"},
				"east": {"uv": [0, 12, 4, 16], "texture": "#0"},
				"south": {"uv": [0, 12, 4, 16], "texture": "#0"},
				"west": {"uv": [0, 12, 4, 16], "texture": "#0"},
				"up": {"uv": [0, 12, 4, 16], "texture": "#0"},
				"down": {"uv": [0, 12, 4, 16], "texture": "#0"}
			}
		},
		{
			"from": [20.88006, 0.9853, 22.15369],
			"to": [26.5803, 6.68554, 22.15369],
			"rotation": {"angle": 45, "axis": "y", "origin": [24.27646, 3.83542, 16.9926]},
			"faces": {
				"north": {"uv": [0, 12, 4, 16], "texture": "#0"},
				"east": {"uv": [0, 12, 4, 16], "texture": "#0"},
				"south": {"uv": [8.66667, 9.66667, 15, 16], "texture": "#0"},
				"west": {"uv": [0, 12, 4, 16], "texture": "#0"},
				"up": {"uv": [0, 12, 4, 16], "rotation": 180, "texture": "#0"},
				"down": {"uv": [0, 12, 4, 16], "rotation": 180, "texture": "#0"}
			}
		},
		{
			"from": [18.56434, 0.27277, 21.2559],
			"to": [19.9894, 7.39807, 22.68096],
			"rotation": {"angle": 45, "axis": "y", "origin": [24.27646, 3.83542, 16.9926]},
			"faces": {
				"north": {"uv": [15, 0, 16, 4.66667], "texture": "#0"},
				"east": {"uv": [14, 0, 15, 4.66667], "texture": "#0"},
				"south": {"uv": [12, 0, 13, 4.66667], "texture": "#0"},
				"west": {"uv": [13, 0, 14, 4.66667], "texture": "#0"},
				"up": {"uv": [12, 0, 13, 4.66667], "texture": "#0"},
				"down": {"uv": [12, 0, 13, 4.66667], "texture": "#0"}
			}
		},
		{
			"from": [27.1147, 0.27277, 12.70554],
			"to": [28.53976, 7.39807, 14.1306],
			"rotation": {"angle": 45, "axis": "y", "origin": [24.27646, 3.83542, 16.9926]},
			"faces": {
				"north": {"uv": [15, 0, 16, 4.66667], "texture": "#0"},
				"east": {"uv": [14, 0, 15, 4.66667], "texture": "#0"},
				"south": {"uv": [12, 0, 13, 4.66667], "texture": "#0"},
				"west": {"uv": [13, 0, 14, 4.66667], "texture": "#0"},
				"up": {"uv": [12, 0, 13, 4.66667], "texture": "#0"},
				"down": {"uv": [12, 0, 13, 4.66667], "texture": "#0"}
			}
		},
		{
			"from": [18.56434, 0.27277, 12.70554],
			"to": [19.9894, 7.39807, 14.1306],
			"rotation": {"angle": 45, "axis": "y", "origin": [24.27646, 3.83542, 16.9926]},
			"faces": {
				"north": {"uv": [14, 4.66667, 15, 9.33333], "texture": "#0"},
				"east": {"uv": [15, 4.66667, 16, 9.33333], "texture": "#0"},
				"south": {"uv": [12, 4.66667, 13, 9.33333], "texture": "#0"},
				"west": {"uv": [13, 4.66667, 14, 9.33333], "texture": "#0"},
				"up": {"uv": [14, 4.66667, 15, 9.33333], "texture": "#0"},
				"down": {"uv": [14, 4.66667, 15, 9.33333], "texture": "#0"}
			}
		},
		{
			"from": [27.1147, 0.27277, 21.2559],
			"to": [28.53976, 7.39807, 22.68096],
			"rotation": {"angle": 45, "axis": "y", "origin": [24.27646, 3.83542, 16.9926]},
			"faces": {
				"north": {"uv": [14, 4.66667, 15, 9.33333], "texture": "#0"},
				"east": {"uv": [15, 4.66667, 16, 9.33333], "texture": "#0"},
				"south": {"uv": [12, 4.66667, 13, 9.33333], "texture": "#0"},
				"west": {"uv": [13, 4.66667, 14, 9.33333], "texture": "#0"},
				"up": {"uv": [14, 4.66667, 15, 9.33333], "texture": "#0"},
				"down": {"uv": [14, 4.66667, 15, 9.33333], "texture": "#0"}
			}
		},
		{
			"from": [18.56434, 7.39807, 12.70554],
			"to": [28.53976, 8.82313, 14.1306],
			"rotation": {"angle": 45, "axis": "y", "origin": [24.27646, 3.83542, 16.9926]},
			"faces": {
				"north": {"uv": [8, 2.33333, 16, 3.33333], "texture": "#0"},
				"east": {"uv": [15, 2.33333, 16, 3.33333], "texture": "#0"},
				"south": {"uv": [8, 6.66667, 16, 7.66667], "texture": "#0"},
				"west": {"uv": [8, 2.33333, 9, 3.33333], "texture": "#0"},
				"up": {"uv": [8, 5, 16, 6], "texture": "#0"},
				"down": {"uv": [8, 6, 16, 7], "texture": "#0"}
			}
		},
		{
			"from": [18.56434, -1.15229, 21.2559],
			"to": [28.53976, 0.27277, 22.68096],
			"rotation": {"angle": 45, "axis": "y", "origin": [24.27646, 3.83542, 16.9926]},
			"faces": {
				"north": {"uv": [8, 2.33333, 16, 3.33333], "texture": "#0"},
				"east": {"uv": [15, 2.33333, 16, 3.33333], "texture": "#0"},
				"south": {"uv": [8, 6.66667, 16, 7.66667], "texture": "#0"},
				"west": {"uv": [8, 2.33333, 9, 3.33333], "texture": "#0"},
				"up": {"uv": [8, 5, 16, 6], "texture": "#0"},
				"down": {"uv": [8, 6, 16, 7], "texture": "#0"}
			}
		},
		{
			"from": [18.56434, 7.39807, 21.2559],
			"to": [28.53976, 8.82313, 22.68096],
			"rotation": {"angle": 45, "axis": "y", "origin": [24.27646, 3.83542, 16.9926]},
			"faces": {
				"north": {"uv": [8, 3.33333, 16, 4.33333], "texture": "#0"},
				"east": {"uv": [8, 8, 9, 9], "texture": "#0"},
				"south": {"uv": [8, 8, 16, 9], "texture": "#0"},
				"west": {"uv": [15, 8, 16, 9], "texture": "#0"},
				"up": {"uv": [8, 7, 16, 8], "texture": "#0"},
				"down": {"uv": [8, 8, 16, 9], "texture": "#0"}
			}
		},
		{
			"from": [18.56434, -1.15229, 12.70554],
			"to": [28.53976, 0.27277, 14.1306],
			"rotation": {"angle": 45, "axis": "y", "origin": [24.27646, 3.83542, 16.9926]},
			"faces": {
				"north": {"uv": [8, 3.33333, 16, 4.33333], "texture": "#0"},
				"east": {"uv": [8, 8, 9, 9], "texture": "#0"},
				"south": {"uv": [8, 8, 16, 9], "texture": "#0"},
				"west": {"uv": [15, 8, 16, 9], "texture": "#0"},
				"up": {"uv": [8, 7, 16, 8], "texture": "#0"},
				"down": {"uv": [8, 8, 16, 9], "texture": "#0"}
			}
		},
		{
			"from": [27.1147, 7.39807, 14.1306],
			"to": [28.53976, 8.82313, 21.2559],
			"rotation": {"angle": 45, "axis": "y", "origin": [24.27646, 3.83542, 16.9926]},
			"faces": {
				"north": {"uv": [10, 5, 16, 6], "texture": "#0"},
				"east": {"uv": [10, 5, 16, 6], "texture": "#0"},
				"south": {"uv": [10, 5, 16, 6], "texture": "#0"},
				"west": {"uv": [10, 1.33333, 16, 2.33333], "texture": "#0"},
				"up": {"uv": [8, 8, 14, 9], "rotation": 90, "texture": "#0"},
				"down": {"uv": [10, 7, 16, 8], "rotation": 90, "texture": "#0"}
			}
		},
		{
			"from": [18.56434, -1.15229, 14.1306],
			"to": [19.9894, 0.27277, 21.2559],
			"rotation": {"angle": 45, "axis": "y", "origin": [24.27646, 3.83542, 16.9926]},
			"faces": {
				"north": {"uv": [10, 5, 16, 6], "texture": "#0"},
				"east": {"uv": [10, 5, 16, 6], "texture": "#0"},
				"south": {"uv": [10, 5, 16, 6], "texture": "#0"},
				"west": {"uv": [10, 1.33333, 16, 2.33333], "texture": "#0"},
				"up": {"uv": [8, 8, 14, 9], "rotation": 90, "texture": "#0"},
				"down": {"uv": [10, 7, 16, 8], "rotation": 90, "texture": "#0"}
			}
		},
		{
			"from": [18.56434, 7.39807, 14.1306],
			"to": [19.9894, 8.82313, 21.2559],
			"rotation": {"angle": 45, "axis": "y", "origin": [24.27646, 3.83542, 16.9926]},
			"faces": {
				"north": {"uv": [9, 2, 15, 3], "texture": "#0"},
				"east": {"uv": [9, 2, 15, 3], "texture": "#0"},
				"south": {"uv": [9, 2, 15, 3], "texture": "#0"},
				"west": {"uv": [9, 0, 15, 1], "texture": "#0"},
				"up": {"uv": [9, 5, 15, 6], "rotation": 90, "texture": "#0"},
				"down": {"uv": [9, 8.33333, 15, 9.33333], "rotation": 90, "texture": "#0"}
			}
		},
		{
			"from": [27.1147, -1.15229, 14.1306],
			"to": [28.53976, 0.27277, 21.2559],
			"rotation": {"angle": 45, "axis": "y", "origin": [24.27646, 3.83542, 16.9926]},
			"faces": {
				"north": {"uv": [9, 2, 15, 3], "texture": "#0"},
				"east": {"uv": [9, 2, 15, 3], "texture": "#0"},
				"south": {"uv": [9, 2, 15, 3], "texture": "#0"},
				"west": {"uv": [9, 0, 15, 1], "texture": "#0"},
				"up": {"uv": [9, 5, 15, 6], "rotation": 90, "texture": "#0"},
				"down": {"uv": [9, 8.33333, 15, 9.33333], "rotation": 90, "texture": "#0"}
			}
		},
		{
			"from": [2.25, 0, -1.5],
			"to": [10.75, 8.5, 7],
			"faces": {
				"north": {"uv": [14, 14, 16, 16], "texture": "#2"},
				"east": {"uv": [12, 14, 14, 16], "texture": "#2"},
				"south": {"uv": [10, 14, 12, 16], "texture": "#2"},
				"west": {"uv": [8, 14, 10, 16], "texture": "#2"},
				"up": {"uv": [12, 14, 14, 16], "texture": "#2"},
				"down": {"uv": [14, 12, 16, 14], "texture": "#2"}
			}
		},
		{
			"from": [-12.805, 0, 17.21],
			"to": [-0.415, 4.13, 29.305],
			"rotation": {"angle": 0, "axis": "y", "origin": [-1.44, 0, -1.44]},
			"faces": {
				"north": {"uv": [1, 14.75, 5, 16], "texture": "#2"},
				"east": {"uv": [1, 14.75, 5, 16], "texture": "#2"},
				"south": {"uv": [1, 14.75, 5, 16], "texture": "#2"},
				"west": {"uv": [1, 14.75, 5, 16], "texture": "#2"},
				"up": {"uv": [1, 6.75, 5, 10.75], "texture": "#2"},
				"down": {"uv": [1, 10.75, 5, 14.75], "texture": "#2"}
			}
		},
		{
			"from": [-12.805, 19, 17.21],
			"to": [-0.415, 23.13, 29.305],
			"rotation": {"angle": 0, "axis": "y", "origin": [-1.44, 0, -1.44]},
			"faces": {
				"north": {"uv": [1, 14.75, 5, 16], "texture": "#2"},
				"east": {"uv": [1, 14.75, 5, 16], "texture": "#2"},
				"south": {"uv": [1, 14.75, 5, 16], "texture": "#2"},
				"west": {"uv": [1, 14.75, 5, 16], "texture": "#2"},
				"up": {"uv": [1, 10.75, 5, 14.75], "texture": "#2"},
				"down": {"uv": [1, 6.75, 5, 10.75], "texture": "#2"}
			}
		},
		{
			"from": [-12.215, 4.13, 17.8],
			"to": [-1.005, 20.06, 28.715],
			"rotation": {"angle": 0, "axis": "y", "origin": [-1.44, 0, -1.44]},
			"faces": {
				"north": {"uv": [5, 1, 15, 15], "texture": "#1"},
				"east": {"uv": [2, 1, 12, 15], "texture": "#1"},
				"south": {"uv": [3, 1, 13, 15], "texture": "#1"},
				"west": {"uv": [4, 1, 14, 15], "texture": "#1"},
				"up": {"uv": [1, 4, 11, 15], "texture": "#1"},
				"down": {"uv": [1, 1, 11, 12], "texture": "#1"}
			}
		},
		{
			"from": [1.25, 7.5, -2.5],
			"to": [11.75, 9.75, 8],
			"faces": {
				"north": {"uv": [11.5, 12, 14, 12.5], "texture": "#2"},
				"east": {"uv": [11.5, 12, 14, 12.5], "texture": "#2"},
				"south": {"uv": [11.5, 12, 14, 12.5], "texture": "#2"},
				"west": {"uv": [11.5, 12, 14, 12.5], "texture": "#2"},
				"up": {"uv": [13.5, 9.5, 16, 12], "texture": "#2"},
				"down": {"uv": [8.5, 11.5, 11, 14], "texture": "#2"}
			}
		},
		{
			"from": [4.375, 3.5, -2.375],
			"to": [8.375, 5.75, -0.625],
			"faces": {
				"north": {"uv": [6.5, 15.25, 8, 16], "texture": "#2"},
				"east": {"uv": [6.5, 15.25, 6.75, 16], "texture": "#2"},
				"south": {"uv": [6.5, 15.25, 8, 16], "texture": "#2"},
				"west": {"uv": [7.75, 15.25, 8, 16], "texture": "#2"},
				"up": {"uv": [6.5, 15.25, 8, 15.5], "texture": "#2"},
				"down": {"uv": [6.5, 15.75, 8, 16], "texture": "#2"}
			}
		},
		{
			"from": [5.25, 0.75, -1.51],
			"to": [7.5, 3, -0.51],
			"faces": {
				"north": {"uv": [5.25, 14.75, 6.5, 16], "texture": "#2"},
				"east": {"uv": [5.25, 14.75, 6.5, 16], "texture": "#2"},
				"south": {"uv": [5.25, 14.75, 6.5, 16], "texture": "#2"},
				"west": {"uv": [5.25, 14.75, 6.5, 16], "texture": "#2"},
				"up": {"uv": [5.25, 14.75, 6.5, 16], "texture": "#2"},
				"down": {"uv": [5.25, 14.75, 6.5, 16], "texture": "#2"}
			}
		},
		{
			"from": [19.71147, -0.43976, 22.71528],
			"to": [28.26183, 8.1106, 31.26564],
			"rotation": {"angle": 22.5, "axis": "y", "origin": [31.24853, 3.83542, 24.97234]},
			"faces": {
				"north": {"uv": [0, 4, 4, 8], "texture": "#0"},
				"east": {"uv": [4, 4, 8, 8], "texture": "#0"},
				"south": {"uv": [0, 0, 4, 4], "texture": "#0"},
				"west": {"uv": [4, 0, 8, 4], "texture": "#0"},
				"up": {"uv": [4, 8, 8, 12], "texture": "#0"},
				"down": {"uv": [0, 8, 4, 12], "texture": "#0"}
			}
		},
		{
			"from": [21.13653, 0.9853, 22.70816],
			"to": [26.83677, 6.68554, 22.70816],
			"rotation": {"angle": 22.5, "axis": "y", "origin": [31.24853, 3.83542, 24.97234]},
			"faces": {
				"north": {"uv": [8.66667, 9.66667, 15, 16], "texture": "#0"},
				"east": {"uv": [0, 12, 4, 16], "texture": "#0"},
				"south": {"uv": [0, 12, 4, 16], "texture": "#0"},
				"west": {"uv": [0, 12, 4, 16], "texture": "#0"},
				"up": {"uv": [0, 12, 4, 16], "texture": "#0"},
				"down": {"uv": [0, 12, 4, 16], "texture": "#0"}
			}
		},
		{
			"from": [21.31467, 0.9853, 31.4509],
			"to": [27.01491, 6.68554, 31.4509],
			"rotation": {"angle": 22.5, "axis": "y", "origin": [31.24853, 3.83542, 24.97234]},
			"faces": {
				"north": {"uv": [0, 12, 4, 16], "texture": "#0"},
				"east": {"uv": [0, 12, 4, 16], "texture": "#0"},
				"south": {"uv": [8.66667, 9.66667, 15, 16], "texture": "#0"},
				"west": {"uv": [0, 12, 4, 16], "texture": "#0"},
				"up": {"uv": [0, 12, 4, 16], "rotation": 180, "texture": "#0"},
				"down": {"uv": [0, 12, 4, 16], "rotation": 180, "texture": "#0"}
			}
		},
		{
			"from": [18.99894, 0.27277, 30.55311],
			"to": [20.424, 7.39807, 31.97817],
			"rotation": {"angle": 22.5, "axis": "y", "origin": [31.24853, 3.83542, 24.97234]},
			"faces": {
				"north": {"uv": [15, 0, 16, 4.66667], "texture": "#0"},
				"east": {"uv": [14, 0, 15, 4.66667], "texture": "#0"},
				"south": {"uv": [12, 0, 13, 4.66667], "texture": "#0"},
				"west": {"uv": [13, 0, 14, 4.66667], "texture": "#0"},
				"up": {"uv": [12, 0, 13, 4.66667], "texture": "#0"},
				"down": {"uv": [12, 0, 13, 4.66667], "texture": "#0"}
			}
		},
		{
			"from": [27.5493, 0.27277, 22.00275],
			"to": [28.97436, 7.39807, 23.42781],
			"rotation": {"angle": 22.5, "axis": "y", "origin": [31.24853, 3.83542, 24.97234]},
			"faces": {
				"north": {"uv": [15, 0, 16, 4.66667], "texture": "#0"},
				"east": {"uv": [14, 0, 15, 4.66667], "texture": "#0"},
				"south": {"uv": [12, 0, 13, 4.66667], "texture": "#0"},
				"west": {"uv": [13, 0, 14, 4.66667], "texture": "#0"},
				"up": {"uv": [12, 0, 13, 4.66667], "texture": "#0"},
				"down": {"uv": [12, 0, 13, 4.66667], "texture": "#0"}
			}
		},
		{
			"from": [18.99894, 0.27277, 22.00275],
			"to": [20.424, 7.39807, 23.42781],
			"rotation": {"angle": 22.5, "axis": "y", "origin": [31.24853, 3.83542, 24.97234]},
			"faces": {
				"north": {"uv": [14, 4.66667, 15, 9.33333], "texture": "#0"},
				"east": {"uv": [15, 4.66667, 16, 9.33333], "texture": "#0"},
				"south": {"uv": [12, 4.66667, 13, 9.33333], "texture": "#0"},
				"west": {"uv": [13, 4.66667, 14, 9.33333], "texture": "#0"},
				"up": {"uv": [14, 4.66667, 15, 9.33333], "texture": "#0"},
				"down": {"uv": [14, 4.66667, 15, 9.33333], "texture": "#0"}
			}
		},
		{
			"from": [27.5493, 0.27277, 30.55311],
			"to": [28.97436, 7.39807, 31.97817],
			"rotation": {"angle": 22.5, "axis": "y", "origin": [31.24853, 3.83542, 24.97234]},
			"faces": {
				"north": {"uv": [14, 4.66667, 15, 9.33333], "texture": "#0"},
				"east": {"uv": [15, 4.66667, 16, 9.33333], "texture": "#0"},
				"south": {"uv": [12, 4.66667, 13, 9.33333], "texture": "#0"},
				"west": {"uv": [13, 4.66667, 14, 9.33333], "texture": "#0"},
				"up": {"uv": [14, 4.66667, 15, 9.33333], "texture": "#0"},
				"down": {"uv": [14, 4.66667, 15, 9.33333], "texture": "#0"}
			}
		},
		{
			"from": [18.99894, 7.39807, 22.00275],
			"to": [28.97436, 8.82313, 23.42781],
			"rotation": {"angle": 22.5, "axis": "y", "origin": [31.24853, 3.83542, 24.97234]},
			"faces": {
				"north": {"uv": [8, 2.33333, 16, 3.33333], "texture": "#0"},
				"east": {"uv": [15, 2.33333, 16, 3.33333], "texture": "#0"},
				"south": {"uv": [8, 6.66667, 16, 7.66667], "texture": "#0"},
				"west": {"uv": [8, 2.33333, 9, 3.33333], "texture": "#0"},
				"up": {"uv": [8, 5, 16, 6], "texture": "#0"},
				"down": {"uv": [8, 6, 16, 7], "texture": "#0"}
			}
		},
		{
			"from": [18.99894, -1.15229, 30.55311],
			"to": [28.97436, 0.27277, 31.97817],
			"rotation": {"angle": 22.5, "axis": "y", "origin": [31.24853, 3.83542, 24.97234]},
			"faces": {
				"north": {"uv": [8, 2.33333, 16, 3.33333], "texture": "#0"},
				"east": {"uv": [15, 2.33333, 16, 3.33333], "texture": "#0"},
				"south": {"uv": [8, 6.66667, 16, 7.66667], "texture": "#0"},
				"west": {"uv": [8, 2.33333, 9, 3.33333], "texture": "#0"},
				"up": {"uv": [8, 5, 16, 6], "texture": "#0"},
				"down": {"uv": [8, 6, 16, 7], "texture": "#0"}
			}
		},
		{
			"from": [18.99894, 7.39807, 30.55311],
			"to": [28.97436, 8.82313, 31.97817],
			"rotation": {"angle": 22.5, "axis": "y", "origin": [31.24853, 3.83542, 24.97234]},
			"faces": {
				"north": {"uv": [8, 3.33333, 16, 4.33333], "texture": "#0"},
				"east": {"uv": [8, 8, 9, 9], "texture": "#0"},
				"south": {"uv": [8, 8, 16, 9], "texture": "#0"},
				"west": {"uv": [15, 8, 16, 9], "texture": "#0"},
				"up": {"uv": [8, 7, 16, 8], "texture": "#0"},
				"down": {"uv": [8, 8, 16, 9], "texture": "#0"}
			}
		},
		{
			"from": [18.99894, -1.15229, 22.00275],
			"to": [28.97436, 0.27277, 23.42781],
			"rotation": {"angle": 22.5, "axis": "y", "origin": [31.24853, 3.83542, 24.97234]},
			"faces": {
				"north": {"uv": [8, 3.33333, 16, 4.33333], "texture": "#0"},
				"east": {"uv": [8, 8, 9, 9], "texture": "#0"},
				"south": {"uv": [8, 8, 16, 9], "texture": "#0"},
				"west": {"uv": [15, 8, 16, 9], "texture": "#0"},
				"up": {"uv": [8, 7, 16, 8], "texture": "#0"},
				"down": {"uv": [8, 8, 16, 9], "texture": "#0"}
			}
		},
		{
			"from": [27.5493, 7.39807, 23.42781],
			"to": [28.97436, 8.82313, 30.55311],
			"rotation": {"angle": 22.5, "axis": "y", "origin": [31.24853, 3.83542, 24.97234]},
			"faces": {
				"north": {"uv": [10, 5, 16, 6], "texture": "#0"},
				"east": {"uv": [10, 5, 16, 6], "texture": "#0"},
				"south": {"uv": [10, 5, 16, 6], "texture": "#0"},
				"west": {"uv": [10, 1.33333, 16, 2.33333], "texture": "#0"},
				"up": {"uv": [8, 8, 14, 9], "rotation": 90, "texture": "#0"},
				"down": {"uv": [10, 7, 16, 8], "rotation": 90, "texture": "#0"}
			}
		},
		{
			"from": [18.99894, -1.15229, 23.42781],
			"to": [20.424, 0.27277, 30.55311],
			"rotation": {"angle": 22.5, "axis": "y", "origin": [31.24853, 3.83542, 24.97234]},
			"faces": {
				"north": {"uv": [10, 5, 16, 6], "texture": "#0"},
				"east": {"uv": [10, 5, 16, 6], "texture": "#0"},
				"south": {"uv": [10, 5, 16, 6], "texture": "#0"},
				"west": {"uv": [10, 1.33333, 16, 2.33333], "texture": "#0"},
				"up": {"uv": [8, 8, 14, 9], "rotation": 90, "texture": "#0"},
				"down": {"uv": [10, 7, 16, 8], "rotation": 90, "texture": "#0"}
			}
		},
		{
			"from": [18.99894, 7.39807, 23.42781],
			"to": [20.424, 8.82313, 30.55311],
			"rotation": {"angle": 22.5, "axis": "y", "origin": [31.24853, 3.83542, 24.97234]},
			"faces": {
				"north": {"uv": [9, 2, 15, 3], "texture": "#0"},
				"east": {"uv": [9, 2, 15, 3], "texture": "#0"},
				"south": {"uv": [9, 2, 15, 3], "texture": "#0"},
				"west": {"uv": [9, 0, 15, 1], "texture": "#0"},
				"up": {"uv": [9, 5, 15, 6], "rotation": 90, "texture": "#0"},
				"down": {"uv": [9, 8.33333, 15, 9.33333], "rotation": 90, "texture": "#0"}
			}
		},
		{
			"from": [27.5493, -1.15229, 23.42781],
			"to": [28.97436, 0.27277, 30.55311],
			"rotation": {"angle": 22.5, "axis": "y", "origin": [31.24853, 3.83542, 24.97234]},
			"faces": {
				"north": {"uv": [9, 2, 15, 3], "texture": "#0"},
				"east": {"uv": [9, 2, 15, 3], "texture": "#0"},
				"south": {"uv": [9, 2, 15, 3], "texture": "#0"},
				"west": {"uv": [9, 0, 15, 1], "texture": "#0"},
				"up": {"uv": [9, 5, 15, 6], "rotation": 90, "texture": "#0"},
				"down": {"uv": [9, 8.33333, 15, 9.33333], "rotation": 90, "texture": "#0"}
			}
		},
		{
			"from": [14.97394, 9.42024, 21.58896],
			"to": [23.5243, 17.9706, 30.13932],
			"rotation": {"angle": -22.5, "axis": "y", "origin": [25.32725, 13.69542, 29.62227]},
			"faces": {
				"north": {"uv": [0, 0, 4, 4], "texture": "#0"},
				"east": {"uv": [4, 0, 8, 4], "texture": "#0"},
				"south": {"uv": [0, 4, 4, 8], "texture": "#0"},
				"west": {"uv": [4, 4, 8, 8], "texture": "#0"},
				"up": {"uv": [4, 8, 8, 12], "rotation": 180, "texture": "#0"},
				"down": {"uv": [0, 8, 4, 12], "rotation": 180, "texture": "#0"}
			}
		},
		{
			"from": [16.399, 10.8453, 30.14645],
			"to": [22.09924, 16.54554, 30.14645],
			"rotation": {"angle": -22.5, "axis": "y", "origin": [25.32725, 13.69542, 29.62227]},
			"faces": {
				"north": {"uv": [0, 12, 4, 16], "texture": "#0"},
				"east": {"uv": [0, 12, 4, 16], "texture": "#0"},
				"south": {"uv": [8.66667, 9.66667, 15, 16], "texture": "#0"},
				"west": {"uv": [0, 12, 4, 16], "texture": "#0"},
				"up": {"uv": [0, 12, 4, 16], "rotation": 180, "texture": "#0"},
				"down": {"uv": [0, 12, 4, 16], "rotation": 180, "texture": "#0"}
			}
		},
		{
			"from": [16.22087, 10.8453, 21.40371],
			"to": [21.92111, 16.54554, 21.40371],
			"rotation": {"angle": -22.5, "axis": "y", "origin": [25.32725, 13.69542, 29.62227]},
			"faces": {
				"north": {"uv": [8.66667, 9.66667, 15, 16], "texture": "#0"},
				"east": {"uv": [0, 12, 4, 16], "texture": "#0"},
				"south": {"uv": [0, 12, 4, 16], "texture": "#0"},
				"west": {"uv": [0, 12, 4, 16], "texture": "#0"},
				"up": {"uv": [0, 12, 4, 16], "texture": "#0"},
				"down": {"uv": [0, 12, 4, 16], "texture": "#0"}
			}
		},
		{
			"from": [22.81177, 10.13277, 20.87643],
			"to": [24.23683, 17.25807, 22.30149],
			"rotation": {"angle": -22.5, "axis": "y", "origin": [25.32725, 13.69542, 29.62227]},
			"faces": {
				"north": {"uv": [12, 0, 13, 4.66667], "texture": "#0"},
				"east": {"uv": [13, 0, 14, 4.66667], "texture": "#0"},
				"south": {"uv": [15, 0, 16, 4.66667], "texture": "#0"},
				"west": {"uv": [14, 0, 15, 4.66667], "texture": "#0"},
				"up": {"uv": [12, 0, 13, 4.66667], "rotation": 180, "texture": "#0"},
				"down": {"uv": [12, 0, 13, 4.66667], "rotation": 180, "texture": "#0"}
			}
		},
		{
			"from": [14.26141, 10.13277, 29.42679],
			"to": [15.68647, 17.25807, 30.85185],
			"rotation": {"angle": -22.5, "axis": "y", "origin": [25.32725, 13.69542, 29.62227]},
			"faces": {
				"north": {"uv": [12, 0, 13, 4.66667], "texture": "#0"},
				"east": {"uv": [13, 0, 14, 4.66667], "texture": "#0"},
				"south": {"uv": [15, 0, 16, 4.66667], "texture": "#0"},
				"west": {"uv": [14, 0, 15, 4.66667], "texture": "#0"},
				"up": {"uv": [12, 0, 13, 4.66667], "rotation": 180, "texture": "#0"},
				"down": {"uv": [12, 0, 13, 4.66667], "rotation": 180, "texture": "#0"}
			}
		},
		{
			"from": [22.81177, 10.13277, 29.42679],
			"to": [24.23683, 17.25807, 30.85185],
			"rotation": {"angle": -22.5, "axis": "y", "origin": [25.32725, 13.69542, 29.62227]},
			"faces": {
				"north": {"uv": [12, 4.66667, 13, 9.33333], "texture": "#0"},
				"east": {"uv": [13, 4.66667, 14, 9.33333], "texture": "#0"},
				"south": {"uv": [14, 4.66667, 15, 9.33333], "texture": "#0"},
				"west": {"uv": [15, 4.66667, 16, 9.33333], "texture": "#0"},
				"up": {"uv": [14, 4.66667, 15, 9.33333], "rotation": 180, "texture": "#0"},
				"down": {"uv": [14, 4.66667, 15, 9.33333], "rotation": 180, "texture": "#0"}
			}
		},
		{
			"from": [14.26141, 10.13277, 20.87643],
			"to": [15.68647, 17.25807, 22.30149],
			"rotation": {"angle": -22.5, "axis": "y", "origin": [25.32725, 13.69542, 29.62227]},
			"faces": {
				"north": {"uv": [12, 4.66667, 13, 9.33333], "texture": "#0"},
				"east": {"uv": [13, 4.66667, 14, 9.33333], "texture": "#0"},
				"south": {"uv": [14, 4.66667, 15, 9.33333], "texture": "#0"},
				"west": {"uv": [15, 4.66667, 16, 9.33333], "texture": "#0"},
				"up": {"uv": [14, 4.66667, 15, 9.33333], "rotation": 180, "texture": "#0"},
				"down": {"uv": [14, 4.66667, 15, 9.33333], "rotation": 180, "texture": "#0"}
			}
		},
		{
			"from": [14.26141, 17.25807, 29.42679],
			"to": [24.23683, 18.68313, 30.85185],
			"rotation": {"angle": -22.5, "axis": "y", "origin": [25.32725, 13.69542, 29.62227]},
			"faces": {
				"north": {"uv": [8, 6.66667, 16, 7.66667], "texture": "#0"},
				"east": {"uv": [8, 2.33333, 9, 3.33333], "texture": "#0"},
				"south": {"uv": [8, 2.33333, 16, 3.33333], "texture": "#0"},
				"west": {"uv": [15, 2.33333, 16, 3.33333], "texture": "#0"},
				"up": {"uv": [8, 5, 16, 6], "rotation": 180, "texture": "#0"},
				"down": {"uv": [8, 6, 16, 7], "rotation": 180, "texture": "#0"}
			}
		},
		{
			"from": [14.26141, 8.70771, 20.87643],
			"to": [24.23683, 10.13277, 22.30149],
			"rotation": {"angle": -22.5, "axis": "y", "origin": [25.32725, 13.69542, 29.62227]},
			"faces": {
				"north": {"uv": [8, 6.66667, 16, 7.66667], "texture": "#0"},
				"east": {"uv": [8, 2.33333, 9, 3.33333], "texture": "#0"},
				"south": {"uv": [8, 2.33333, 16, 3.33333], "texture": "#0"},
				"west": {"uv": [15, 2.33333, 16, 3.33333], "texture": "#0"},
				"up": {"uv": [8, 5, 16, 6], "rotation": 180, "texture": "#0"},
				"down": {"uv": [8, 6, 16, 7], "rotation": 180, "texture": "#0"}
			}
		},
		{
			"from": [14.26141, 17.25807, 20.87643],
			"to": [24.23683, 18.68313, 22.30149],
			"rotation": {"angle": -22.5, "axis": "y", "origin": [25.32725, 13.69542, 29.62227]},
			"faces": {
				"north": {"uv": [8, 8, 16, 9], "texture": "#0"},
				"east": {"uv": [15, 8, 16, 9], "texture": "#0"},
				"south": {"uv": [8, 3.33333, 16, 4.33333], "texture": "#0"},
				"west": {"uv": [8, 8, 9, 9], "texture": "#0"},
				"up": {"uv": [8, 7, 16, 8], "rotation": 180, "texture": "#0"},
				"down": {"uv": [8, 8, 16, 9], "rotation": 180, "texture": "#0"}
			}
		},
		{
			"from": [14.26141, 8.70771, 29.42679],
			"to": [24.23683, 10.13277, 30.85185],
			"rotation": {"angle": -22.5, "axis": "y", "origin": [25.32725, 13.69542, 29.62227]},
			"faces": {
				"north": {"uv": [8, 8, 16, 9], "texture": "#0"},
				"east": {"uv": [15, 8, 16, 9], "texture": "#0"},
				"south": {"uv": [8, 3.33333, 16, 4.33333], "texture": "#0"},
				"west": {"uv": [8, 8, 9, 9], "texture": "#0"},
				"up": {"uv": [8, 7, 16, 8], "rotation": 180, "texture": "#0"},
				"down": {"uv": [8, 8, 16, 9], "rotation": 180, "texture": "#0"}
			}
		},
		{
			"from": [14.26141, 17.25807, 22.30149],
			"to": [15.68647, 18.68313, 29.42679],
			"rotation": {"angle": -22.5, "axis": "y", "origin": [25.32725, 13.69542, 29.62227]},
			"faces": {
				"north": {"uv": [10, 5, 16, 6], "texture": "#0"},
				"east": {"uv": [10, 1.33333, 16, 2.33333], "texture": "#0"},
				"south": {"uv": [10, 5, 16, 6], "texture": "#0"},
				"west": {"uv": [10, 5, 16, 6], "texture": "#0"},
				"up": {"uv": [8, 8, 14, 9], "rotation": 270, "texture": "#0"},
				"down": {"uv": [10, 7, 16, 8], "rotation": 270, "texture": "#0"}
			}
		},
		{
			"from": [22.81177, 8.70771, 22.30149],
			"to": [24.23683, 10.13277, 29.42679],
			"rotation": {"angle": -22.5, "axis": "y", "origin": [25.32725, 13.69542, 29.62227]},
			"faces": {
				"north": {"uv": [10, 5, 16, 6], "texture": "#0"},
				"east": {"uv": [10, 1.33333, 16, 2.33333], "texture": "#0"},
				"south": {"uv": [10, 5, 16, 6], "texture": "#0"},
				"west": {"uv": [10, 5, 16, 6], "texture": "#0"},
				"up": {"uv": [8, 8, 14, 9], "rotation": 270, "texture": "#0"},
				"down": {"uv": [10, 7, 16, 8], "rotation": 270, "texture": "#0"}
			}
		},
		{
			"from": [22.81177, 17.25807, 22.30149],
			"to": [24.23683, 18.68313, 29.42679],
			"rotation": {"angle": -22.5, "axis": "y", "origin": [25.32725, 13.69542, 29.62227]},
			"faces": {
				"north": {"uv": [9, 2, 15, 3], "texture": "#0"},
				"east": {"uv": [9, 0, 15, 1], "texture": "#0"},
				"south": {"uv": [9, 2, 15, 3], "texture": "#0"},
				"west": {"uv": [9, 2, 15, 3], "texture": "#0"},
				"up": {"uv": [9, 5, 15, 6], "rotation": 270, "texture": "#0"},
				"down": {"uv": [9, 8.33333, 15, 9.33333], "rotation": 270, "texture": "#0"}
			}
		},
		{
			"from": [14.26141, 8.70771, 22.30149],
			"to": [15.68647, 10.13277, 29.42679],
			"rotation": {"angle": -22.5, "axis": "y", "origin": [25.32725, 13.69542, 29.62227]},
			"faces": {
				"north": {"uv": [9, 2, 15, 3], "texture": "#0"},
				"east": {"uv": [9, 0, 15, 1], "texture": "#0"},
				"south": {"uv": [9, 2, 15, 3], "texture": "#0"},
				"west": {"uv": [9, 2, 15, 3], "texture": "#0"},
				"up": {"uv": [9, 5, 15, 6], "rotation": 270, "texture": "#0"},
				"down": {"uv": [9, 8.33333, 15, 9.33333], "rotation": 270, "texture": "#0"}
			}
		},
		{
			"from": [-5.36029, 9.49948, 19.87055],
			"to": [0.68393, 15.5437, 25.91477],
			"rotation": {"angle": 22.5, "axis": "z", "origin": [-2.57979, 2.27159, 15.40105]},
			"faces": {
				"north": {"uv": [0, 4, 4, 8], "texture": "#0"},
				"east": {"uv": [4, 4, 8, 8], "texture": "#0"},
				"south": {"uv": [0, 0, 4, 4], "texture": "#0"},
				"west": {"uv": [4, 0, 8, 4], "texture": "#0"},
				"up": {"uv": [4, 8, 8, 12], "texture": "#0"},
				"down": {"uv": [0, 8, 4, 12], "texture": "#0"}
			}
		},
		{
			"from": [-4.35292, 10.50685, 19.86551],
			"to": [-0.32344, 14.53633, 19.86551],
			"rotation": {"angle": 22.5, "axis": "z", "origin": [-2.57979, 2.27159, 15.40105]},
			"faces": {
				"north": {"uv": [8.66667, 9.66667, 15, 16], "texture": "#0"},
				"east": {"uv": [0, 12, 4, 16], "texture": "#0"},
				"south": {"uv": [0, 12, 4, 16], "texture": "#0"},
				"west": {"uv": [0, 12, 4, 16], "texture": "#0"},
				"up": {"uv": [0, 12, 4, 16], "texture": "#0"},
				"down": {"uv": [0, 12, 4, 16], "texture": "#0"}
			}
		},
		{
			"from": [-4.227, 10.50685, 26.04573],
			"to": [-0.19752, 14.53633, 26.04573],
			"rotation": {"angle": 22.5, "axis": "z", "origin": [-2.57979, 2.27159, 15.40105]},
			"faces": {
				"north": {"uv": [0, 12, 4, 16], "texture": "#0"},
				"east": {"uv": [0, 12, 4, 16], "texture": "#0"},
				"south": {"uv": [8.66667, 9.66667, 15, 16], "texture": "#0"},
				"west": {"uv": [0, 12, 4, 16], "texture": "#0"},
				"up": {"uv": [0, 12, 4, 16], "rotation": 180, "texture": "#0"},
				"down": {"uv": [0, 12, 4, 16], "rotation": 180, "texture": "#0"}
			}
		},
		{
			"from": [-5.86397, 10.00317, 25.41109],
			"to": [-4.8566, 15.04002, 26.41846],
			"rotation": {"angle": 22.5, "axis": "z", "origin": [-2.57979, 2.27159, 15.40105]},
			"faces": {
				"north": {"uv": [15, 0, 16, 4.66667], "texture": "#0"},
				"east": {"uv": [14, 0, 15, 4.66667], "texture": "#0"},
				"south": {"uv": [12, 0, 13, 4.66667], "texture": "#0"},
				"west": {"uv": [13, 0, 14, 4.66667], "texture": "#0"},
				"up": {"uv": [12, 0, 13, 4.66667], "texture": "#0"},
				"down": {"uv": [12, 0, 13, 4.66667], "texture": "#0"}
			}
		},
		{
			"from": [0.18025, 10.00317, 19.36687],
			"to": [1.18762, 15.04002, 20.37423],
			"rotation": {"angle": 22.5, "axis": "z", "origin": [-2.57979, 2.27159, 15.40105]},
			"faces": {
				"north": {"uv": [15, 0, 16, 4.66667], "texture": "#0"},
				"east": {"uv": [14, 0, 15, 4.66667], "texture": "#0"},
				"south": {"uv": [12, 0, 13, 4.66667], "texture": "#0"},
				"west": {"uv": [13, 0, 14, 4.66667], "texture": "#0"},
				"up": {"uv": [12, 0, 13, 4.66667], "texture": "#0"},
				"down": {"uv": [12, 0, 13, 4.66667], "texture": "#0"}
			}
		},
		{
			"from": [-5.86397, 10.00317, 19.36687],
			"to": [-4.8566, 15.04002, 20.37423],
			"rotation": {"angle": 22.5, "axis": "z", "origin": [-2.57979, 2.27159, 15.40105]},
			"faces": {
				"north": {"uv": [14, 4.66667, 15, 9.33333], "texture": "#0"},
				"east": {"uv": [15, 4.66667, 16, 9.33333], "texture": "#0"},
				"south": {"uv": [12, 4.66667, 13, 9.33333], "texture": "#0"},
				"west": {"uv": [13, 4.66667, 14, 9.33333], "texture": "#0"},
				"up": {"uv": [14, 4.66667, 15, 9.33333], "texture": "#0"},
				"down": {"uv": [14, 4.66667, 15, 9.33333], "texture": "#0"}
			}
		},
		{
			"from": [0.18025, 10.00317, 25.41109],
			"to": [1.18762, 15.04002, 26.41846],
			"rotation": {"angle": 22.5, "axis": "z", "origin": [-2.57979, 2.27159, 15.40105]},
			"faces": {
				"north": {"uv": [14, 4.66667, 15, 9.33333], "texture": "#0"},
				"east": {"uv": [15, 4.66667, 16, 9.33333], "texture": "#0"},
				"south": {"uv": [12, 4.66667, 13, 9.33333], "texture": "#0"},
				"west": {"uv": [13, 4.66667, 14, 9.33333], "texture": "#0"},
				"up": {"uv": [14, 4.66667, 15, 9.33333], "texture": "#0"},
				"down": {"uv": [14, 4.66667, 15, 9.33333], "texture": "#0"}
			}
		},
		{
			"from": [-5.86397, 15.04002, 19.36687],
			"to": [1.18762, 16.04739, 20.37423],
			"rotation": {"angle": 22.5, "axis": "z", "origin": [-2.57979, 2.27159, 15.40105]},
			"faces": {
				"north": {"uv": [8, 2.33333, 16, 3.33333], "texture": "#0"},
				"east": {"uv": [15, 2.33333, 16, 3.33333], "texture": "#0"},
				"south": {"uv": [8, 6.66667, 16, 7.66667], "texture": "#0"},
				"west": {"uv": [8, 2.33333, 9, 3.33333], "texture": "#0"},
				"up": {"uv": [8, 5, 16, 6], "texture": "#0"},
				"down": {"uv": [8, 6, 16, 7], "texture": "#0"}
			}
		},
		{
			"from": [-5.86397, 8.99579, 25.41109],
			"to": [1.18762, 10.00317, 26.41846],
			"rotation": {"angle": 22.5, "axis": "z", "origin": [-2.57979, 2.27159, 15.40105]},
			"faces": {
				"north": {"uv": [8, 2.33333, 16, 3.33333], "texture": "#0"},
				"east": {"uv": [15, 2.33333, 16, 3.33333], "texture": "#0"},
				"south": {"uv": [8, 6.66667, 16, 7.66667], "texture": "#0"},
				"west": {"uv": [8, 2.33333, 9, 3.33333], "texture": "#0"},
				"up": {"uv": [8, 5, 16, 6], "texture": "#0"},
				"down": {"uv": [8, 6, 16, 7], "texture": "#0"}
			}
		},
		{
			"from": [-5.86397, 15.04002, 25.41109],
			"to": [1.18762, 16.04739, 26.41846],
			"rotation": {"angle": 22.5, "axis": "z", "origin": [-2.57979, 2.27159, 15.40105]},
			"faces": {
				"north": {"uv": [8, 3.33333, 16, 4.33333], "texture": "#0"},
				"east": {"uv": [8, 8, 9, 9], "texture": "#0"},
				"south": {"uv": [8, 8, 16, 9], "texture": "#0"},
				"west": {"uv": [15, 8, 16, 9], "texture": "#0"},
				"up": {"uv": [8, 7, 16, 8], "texture": "#0"},
				"down": {"uv": [8, 8, 16, 9], "texture": "#0"}
			}
		},
		{
			"from": [-5.86397, 8.99579, 19.36687],
			"to": [1.18762, 10.00317, 20.37423],
			"rotation": {"angle": 22.5, "axis": "z", "origin": [-2.57979, 2.27159, 15.40105]},
			"faces": {
				"north": {"uv": [8, 3.33333, 16, 4.33333], "texture": "#0"},
				"east": {"uv": [8, 8, 9, 9], "texture": "#0"},
				"south": {"uv": [8, 8, 16, 9], "texture": "#0"},
				"west": {"uv": [15, 8, 16, 9], "texture": "#0"},
				"up": {"uv": [8, 7, 16, 8], "texture": "#0"},
				"down": {"uv": [8, 8, 16, 9], "texture": "#0"}
			}
		},
		{
			"from": [0.18025, 15.04002, 20.37423],
			"to": [1.18762, 16.04739, 25.41109],
			"rotation": {"angle": 22.5, "axis": "z", "origin": [-2.57979, 2.27159, 15.40105]},
			"faces": {
				"north": {"uv": [10, 5, 16, 6], "texture": "#0"},
				"east": {"uv": [10, 5, 16, 6], "texture": "#0"},
				"south": {"uv": [10, 5, 16, 6], "texture": "#0"},
				"west": {"uv": [10, 1.33333, 16, 2.33333], "texture": "#0"},
				"up": {"uv": [8, 8, 14, 9], "rotation": 90, "texture": "#0"},
				"down": {"uv": [10, 7, 16, 8], "rotation": 90, "texture": "#0"}
			}
		},
		{
			"from": [-5.86397, 8.99579, 20.37423],
			"to": [-4.8566, 10.00317, 25.41109],
			"rotation": {"angle": 22.5, "axis": "z", "origin": [-2.57979, 2.27159, 15.40105]},
			"faces": {
				"north": {"uv": [10, 5, 16, 6], "texture": "#0"},
				"east": {"uv": [10, 5, 16, 6], "texture": "#0"},
				"south": {"uv": [10, 5, 16, 6], "texture": "#0"},
				"west": {"uv": [10, 1.33333, 16, 2.33333], "texture": "#0"},
				"up": {"uv": [8, 8, 14, 9], "rotation": 90, "texture": "#0"},
				"down": {"uv": [10, 7, 16, 8], "rotation": 90, "texture": "#0"}
			}
		},
		{
			"from": [-5.86397, 15.04002, 20.37423],
			"to": [-4.8566, 16.04739, 25.41109],
			"rotation": {"angle": 22.5, "axis": "z", "origin": [-2.57979, 2.27159, 15.40105]},
			"faces": {
				"north": {"uv": [9, 2, 15, 3], "texture": "#0"},
				"east": {"uv": [9, 2, 15, 3], "texture": "#0"},
				"south": {"uv": [9, 2, 15, 3], "texture": "#0"},
				"west": {"uv": [9, 0, 15, 1], "texture": "#0"},
				"up": {"uv": [9, 5, 15, 6], "rotation": 90, "texture": "#0"},
				"down": {"uv": [9, 8.33333, 15, 9.33333], "rotation": 90, "texture": "#0"}
			}
		},
		{
			"from": [0.18025, 8.99579, 20.37423],
			"to": [1.18762, 10.00317, 25.41109],
			"rotation": {"angle": 22.5, "axis": "z", "origin": [-2.57979, 2.27159, 15.40105]},
			"faces": {
				"north": {"uv": [9, 2, 15, 3], "texture": "#0"},
				"east": {"uv": [9, 2, 15, 3], "texture": "#0"},
				"south": {"uv": [9, 2, 15, 3], "texture": "#0"},
				"west": {"uv": [9, 0, 15, 1], "texture": "#0"},
				"up": {"uv": [9, 5, 15, 6], "rotation": 90, "texture": "#0"},
				"down": {"uv": [9, 8.33333, 15, 9.33333], "rotation": 90, "texture": "#0"}
			}
		}
	],
	"display": {
		"thirdperson_righthand": {
			"scale": [0.11, 0.11, 0.11]
		},
		"thirdperson_lefthand": {
			"scale": [0.13, 0.13, 0.13]
		},
		"firstperson_righthand": {
			"scale": [0.25, 0.25, 0.25]
		},
		"firstperson_lefthand": {
			"scale": [0.26, 0.26, 0.26]
		},
		"ground": {
			"translation": [0, -0.5, 0],
			"scale": [0.56, 0.56, 0.56]
		},
		"gui": {
			"rotation": [30, -180, 0],
			"translation": [0, -1.75, 0],
			"scale": [0.31, 0.31, 0.31]
		},
		"head": {
			"translation": [2, 2.5, 6],
			"scale": [1.23, 1.23, 1.23]
		},
		"fixed": {
			"rotation": [90, 0, 0],
			"translation": [5.5, -21, 65],
			"scale": [4, 4, 4]
		}
	},
	"groups": [
		{
			"name": "group",
			"origin": [15, -1.5, 3],
			"color": 0,
			"children": [0, 1, 2, 3, 4, 5, 6, 7, 8, 9, 10, 11, 12, 13, 14]
		},
		{
			"name": "group",
			"origin": [15, -1.5, 3],
			"color": 0,
			"children": [15, 16, 17, 18, 19, 20, 21, 22, 23, 24, 25, 26, 27, 28, 29]
		},
		30,
		31,
		32,
		33,
		34,
		35,
		36,
		{
			"name": "group",
			"origin": [15, -1.5, 3],
			"color": 0,
			"children": [37, 38, 39, 40, 41, 42, 43, 44, 45, 46, 47, 48, 49, 50, 51]
		},
		{
			"name": "group",
			"origin": [15, -1.5, 3],
			"color": 0,
			"children": [52, 53, 54, 55, 56, 57, 58, 59, 60, 61, 62, 63, 64, 65, 66]
		},
		{
			"name": "group",
			"origin": [15, -1.5, 3],
			"color": 0,
			"children": [67, 68, 69, 70, 71, 72, 73, 74, 75, 76, 77, 78, 79, 80, 81]
		}
	]
}