{
	"credit": "Made with Blockbench",
	"texture_size": [32, 32],
	"textures": {
		"0": "box/box2",
		"particle": "box/box2"
	},
	"elements": [
		{
			"from": [3.75, -0.25, 3.75],
			"to": [12.25, 8.25, 12.25],
			"faces": {
				"north": {"uv": [5.5, 12.75, 9, 16], "texture": "#0"},
				"east": {"uv": [2, 12.75, 5.5, 16], "texture": "#0"},
				"south": {"uv": [12.5, 12.75, 16, 16], "texture": "#0"},
				"west": {"uv": [12.5, 9.5, 16, 12.75], "texture": "#0"},
				"up": {"uv": [12.5, 12.75, 16, 16], "texture": "#0"},
				"down": {"uv": [9, 12.5, 12.5, 16], "texture": "#0"}
			}
		},
		{
			"from": [2.75, 8.25, 2.75],
			"to": [13.25, 9.25, 13.25],
			"faces": {
				"north": {"uv": [2, 12.25, 5, 12.75], "texture": "#0"},
				"east": {"uv": [2, 12.25, 5, 12.75], "texture": "#0"},
				"south": {"uv": [2, 12.25, 5, 12.75], "texture": "#0"},
				"west": {"uv": [2, 12.25, 5, 12.75], "texture": "#0"},
				"up": {"uv": [2, 12.25, 5, 12.75], "texture": "#0"},
				"down": {"uv": [5, 9.25, 8.5, 12.75], "texture": "#0"}
			}
		},
		{
			"from": [3.75, 9.26, 3.75],
			"to": [12.25, 9.26, 12.25],
			"faces": {
				"north": {"uv": [0, 0, 8.25, 8.25], "texture": "#0"},
				"east": {"uv": [0, 0, 8.25, 8.25], "texture": "#0"},
				"south": {"uv": [0, 0, 8.25, 8.25], "texture": "#0"},
				"west": {"uv": [0, 0, 8.25, 8.25], "texture": "#0"},
				"up": {"uv": [0, 0, 8.25, 8.25], "texture": "#0"},
				"down": {"uv": [0, 0, 8.25, 8.25], "texture": "#0"}
			}
		},
		{
			"from": [10, 2, 3],
			"to": [11, 5, 4],
			"faces": {
				"north": {"uv": [7.25, 11.25, 7.5, 12], "texture": "#0"},
				"east": {"uv": [7.25, 11.25, 7.5, 12], "texture": "#0"},
				"south": {"uv": [7.25, 11.25, 7.5, 12], "texture": "#0"},
				"west": {"uv": [7.25, 11.25, 7.5, 12], "texture": "#0"},
				"up": {"uv": [7.25, 11.25, 7.5, 12], "texture": "#0"},
				"down": {"uv": [7.25, 11.25, 7.5, 12], "texture": "#0"}
			}
		},
		{
			"from": [10.25, 3.5, 3],
			"to": [10.75, 9.5, 3.5],
			"rotation": {"angle": -22.5, "axis": "x", "origin": [10.25, 3.5, 3.25]},
			"faces": {
				"north": {"uv": [9, 0.75, 9.25, 3.25], "texture": "#0"},
				"east": {"uv": [9, 0.75, 9.25, 3.25], "texture": "#0"},
				"south": {"uv": [9, 0.75, 9.25, 3.25], "texture": "#0"},
				"west": {"uv": [9, 0.75, 9.25, 3.25], "texture": "#0"},
				"up": {"uv": [9, 0.75, 9.25, 3.25], "texture": "#0"},
				"down": {"uv": [9, 0.75, 9.25, 3.25], "texture": "#0"}
			}
		},
		{
			"from": [10.25, 10.7388, 1.42317],
			"to": [10.75, 16.7388, 1.92317],
			"rotation": {"angle": 22.5, "axis": "x", "origin": [10.5, 12.7388, -0.57683]},
			"faces": {
				"north": {"uv": [9, 0.75, 9.25, 3.25], "texture": "#0"},
				"east": {"uv": [9, 0.75, 9.25, 3.25], "texture": "#0"},
				"south": {"uv": [9, 0.75, 9.25, 3.25], "texture": "#0"},
				"west": {"uv": [9, 0.75, 9.25, 3.25], "texture": "#0"},
				"up": {"uv": [9, 0.75, 9.25, 3.25], "texture": "#0"},
				"down": {"uv": [9, 0.75, 9.25, 3.25], "texture": "#0"}
			}
		},
		{
			"from": [9.875, 9.5, 2.625],
			"to": [11.125, 10.75, 3.875],
			"rotation": {"angle": -22.5, "axis": "x", "origin": [10.25, 3.5, 3.25]},
			"faces": {
				"north": {"uv": [9.5, 0, 9.75, 0.75], "texture": "#0"},
				"east": {"uv": [9, 0, 9.75, 0.75], "texture": "#0"},
				"south": {"uv": [9.5, 0, 9.75, 0.75], "texture": "#0"},
				"west": {"uv": [9, 0, 9.75, 0.75], "texture": "#0"},
				"up": {"uv": [9.5, 0, 9.75, 0.75], "texture": "#0"},
				"down": {"uv": [9.5, 0, 9.75, 0.75], "texture": "#0"}
			}
		},
		{
			"from": [9.875, 15.33718, 2.58376],
			"to": [11.125, 16.58718, 3.83376],
			"rotation": {"angle": 22.5, "axis": "x", "origin": [10.5, 15.96218, 2.95876]},
			"faces": {
				"north": {"uv": [9.5, 0, 9.75, 0.75], "texture": "#0"},
				"east": {"uv": [9, 0, 9.75, 0.75], "texture": "#0"},
				"south": {"uv": [9.5, 0, 9.75, 0.75], "texture": "#0"},
				"west": {"uv": [9, 0, 9.75, 0.75], "texture": "#0"},
				"up": {"uv": [9.5, 0, 9.75, 0.75], "texture": "#0"},
				"down": {"uv": [9.5, 0, 9.75, 0.75], "texture": "#0"}
			}
		},
		{
			"from": [10.375, 16.08718, 2.33376],
			"to": [10.625, 19.33718, 2.83376],
			"rotation": {"angle": 22.5, "axis": "x", "origin": [10.5, 15.96218, 2.95876]},
			"faces": {
				"north": {"uv": [9.5, 0.75, 9.75, 1.25], "texture": "#0"},
				"east": {"uv": [9.5, 0.75, 9.75, 1.25], "texture": "#0"},
				"south": {"uv": [9.5, 0.75, 9.75, 1.25], "texture": "#0"},
				"west": {"uv": [9.5, 0.75, 9.75, 1.25], "texture": "#0"},
				"up": {"uv": [9.5, 0.75, 9.75, 1.25], "texture": "#0"},
				"down": {"uv": [9.5, 0.75, 9.75, 1.25], "texture": "#0"}
			}
		},
		{
			"from": [10.375, 16.08718, 3.58376],
			"to": [10.625, 19.33718, 4.08376],
			"rotation": {"angle": 22.5, "axis": "x", "origin": [10.5, 15.96218, 2.95876]},
			"faces": {
				"north": {"uv": [9.5, 0.75, 9.75, 1.25], "texture": "#0"},
				"east": {"uv": [9.5, 0.75, 9.75, 1.25], "texture": "#0"},
				"south": {"uv": [9.5, 0.75, 9.75, 1.25], "texture": "#0"},
				"west": {"uv": [9.5, 0.75, 9.75, 1.25], "texture": "#0"},
				"up": {"uv": [9.5, 0.75, 9.75, 1.25], "texture": "#0"},
				"down": {"uv": [9.5, 0.75, 9.75, 1.25], "texture": "#0"}
			}
		},
		{
			"from": [5, 2, 12],
			"to": [6, 5, 13],
			"rotation": {"angle": 0, "axis": "y", "origin": [5.5, 11.86101, 11.72998]},
			"faces": {
				"north": {"uv": [6.25, 10.25, 6.75, 11.75], "texture": "#0"},
				"east": {"uv": [6.25, 10.25, 6.75, 11.75], "texture": "#0"},
				"south": {"uv": [6.25, 10.25, 6.75, 11.75], "texture": "#0"},
				"west": {"uv": [6.25, 10.25, 6.75, 11.75], "texture": "#0"},
				"up": {"uv": [6.25, 10.25, 6.75, 11.75], "texture": "#0"},
				"down": {"uv": [6.25, 10.25, 6.75, 11.75], "texture": "#0"}
			}
		},
		{
			"from": [5.25, 3.27164, 13.60195],
			"to": [5.75, 9.27164, 14.10195],
			"rotation": {"angle": 22.5, "axis": "x", "origin": [5.5, 6.27164, 11.10195]},
			"faces": {
				"north": {"uv": [9, 0.75, 9.25, 3.25], "rotation": 180, "texture": "#0"},
				"east": {"uv": [9, 0.75, 9.25, 3.25], "rotation": 180, "texture": "#0"},
				"south": {"uv": [9, 0.75, 9.25, 3.25], "rotation": 180, "texture": "#0"},
				"west": {"uv": [9, 0.75, 9.25, 3.25], "rotation": 180, "texture": "#0"},
				"up": {"uv": [9, 0.75, 9.25, 3.25], "rotation": 180, "texture": "#0"},
				"down": {"uv": [9, 0.75, 9.25, 3.25], "rotation": 180, "texture": "#0"}
			}
		},
		{
			"from": [4.875, 7.38247, 15.08053],
			"to": [6.125, 8.63247, 16.33053],
			"rotation": {"angle": 22.5, "axis": "x", "origin": [5.5, 10.25747, 16.20553]},
			"faces": {
				"north": {"uv": [9.5, 0, 9.75, 0.75], "rotation": 90, "texture": "#0"},
				"east": {"uv": [9, 0, 9.75, 0.75], "rotation": 90, "texture": "#0"},
				"south": {"uv": [9.5, 0, 9.75, 0.75], "rotation": 90, "texture": "#0"},
				"west": {"uv": [9, 0, 9.75, 0.75], "rotation": 90, "texture": "#0"},
				"up": {"uv": [9.5, 0, 9.75, 0.75], "rotation": 90, "texture": "#0"},
				"down": {"uv": [9.5, 0, 9.75, 0.75], "rotation": 90, "texture": "#0"}
			}
		},
		{
			"from": [5.25, 7.55164, 12.63458],
			"to": [5.75, 13.55164, 13.13458],
			"rotation": {"angle": -22.5, "axis": "x", "origin": [5.5, 12.80164, 10.88458]},
			"faces": {
				"north": {"uv": [9, 0.75, 9.25, 3.25], "texture": "#0"},
				"east": {"uv": [9, 0.75, 9.25, 3.25], "texture": "#0"},
				"south": {"uv": [9, 0.75, 9.25, 3.25], "texture": "#0"},
				"west": {"uv": [9, 0.75, 9.25, 3.25], "texture": "#0"},
				"up": {"uv": [9, 0.75, 9.25, 3.25], "texture": "#0"},
				"down": {"uv": [9, 0.75, 9.25, 3.25], "texture": "#0"}
			}
		},
		{
			"from": [4.875, 13.9915, 11.2],
			"to": [6.125, 15.2415, 12.45],
			"rotation": {"angle": -22.5, "axis": "x", "origin": [5.5, 15.8665, 12.18973]},
			"faces": {
				"north": {"uv": [9.5, 0, 9.75, 0.75], "texture": "#0"},
				"east": {"uv": [9, 0, 9.75, 0.75], "texture": "#0"},
				"south": {"uv": [9.5, 0, 9.75, 0.75], "texture": "#0"},
				"west": {"uv": [9, 0, 9.75, 0.75], "texture": "#0"},
				"up": {"uv": [9.5, 0, 9.75, 0.75], "texture": "#0"},
				"down": {"uv": [9.5, 0, 9.75, 0.75], "texture": "#0"}
			}
		},
		{
			"from": [5.125, 15.2415, 10.95],
			"to": [5.875, 15.4915, 12.7],
			"rotation": {"angle": -22.5, "axis": "x", "origin": [5.5, 15.8665, 12.18973]},
			"faces": {
				"north": {"uv": [9.5, 0.75, 9.75, 1.125], "texture": "#0"},
				"east": {"uv": [9.5, 0.75, 9.75, 1.125], "texture": "#0"},
				"south": {"uv": [9.5, 0.75, 9.75, 1.125], "texture": "#0"},
				"west": {"uv": [9.5, 0.75, 9.75, 1.125], "texture": "#0"},
				"up": {"uv": [9.5, 0.75, 9.75, 1.125], "texture": "#0"},
				"down": {"uv": [9.5, 0.75, 9.75, 1.125], "texture": "#0"}
			}
		},
		{
			"from": [5.125, 17.2415, 10.95],
			"to": [5.875, 17.4915, 12.7],
			"rotation": {"angle": -22.5, "axis": "x", "origin": [5.5, 15.8665, 12.18973]},
			"faces": {
				"north": {"uv": [9.5, 1.25, 9.75, 0.75], "texture": "#0"},
				"east": {"uv": [9.5, 1.25, 9.75, 0.75], "texture": "#0"},
				"south": {"uv": [9.5, 1.25, 9.75, 0.75], "texture": "#0"},
				"west": {"uv": [9.5, 1.25, 9.75, 0.75], "texture": "#0"},
				"up": {"uv": [9.5, 1.25, 9.75, 0.75], "texture": "#0"},
				"down": {"uv": [9.5, 1.25, 9.75, 0.75], "texture": "#0"}
			}
		},
		{
			"from": [5.125, 15.4915, 12.7],
			"to": [5.875, 17.2415, 12.95],
			"rotation": {"angle": -22.5, "axis": "x", "origin": [5.5, 15.8665, 12.18973]},
			"faces": {
				"north": {"uv": [9.75, 0.75, 9.5, 1.25], "texture": "#0"},
				"east": {"uv": [9.75, 0.75, 9.5, 1.25], "texture": "#0"},
				"south": {"uv": [9.75, 0.75, 9.5, 1.25], "texture": "#0"},
				"west": {"uv": [9.75, 0.75, 9.5, 1.25], "texture": "#0"},
				"up": {"uv": [9.75, 0.75, 9.5, 1.25], "texture": "#0"},
				"down": {"uv": [9.75, 0.75, 9.5, 1.25], "texture": "#0"}
			}
		},
		{
			"from": [5.125, 15.4915, 10.7],
			"to": [5.875, 17.2415, 10.95],
			"rotation": {"angle": -22.5, "axis": "x", "origin": [5.5, 15.8665, 12.18973]},
			"faces": {
				"north": {"uv": [9.75, 0.75, 9.5, 1.25], "texture": "#0"},
				"east": {"uv": [9.75, 0.75, 9.5, 1.25], "texture": "#0"},
				"south": {"uv": [9.75, 0.75, 9.5, 1.25], "texture": "#0"},
				"west": {"uv": [9.75, 0.75, 9.5, 1.25], "texture": "#0"},
				"up": {"uv": [9.75, 0.75, 9.5, 1.25], "texture": "#0"},
				"down": {"uv": [9.75, 0.75, 9.5, 1.25], "texture": "#0"}
			}
		},
		{
			"from": [12.3, 4.5, 5.5],
			"to": [12.3, 6.5, 10.5],
			"faces": {
				"north": {"uv": [11.5, 2.5, 15, 9.5], "rotation": 90, "texture": "#0"},
				"east": {"uv": [11.5, 2.5, 15, 9.5], "rotation": 90, "texture": "#0"},
				"south": {"uv": [11.5, 2.5, 15, 9.5], "rotation": 90, "texture": "#0"},
				"west": {"uv": [0, 15.5, 0.5, 16], "rotation": 90, "texture": "#0"},
				"up": {"uv": [11.5, 2.5, 15, 9.5], "rotation": 90, "texture": "#0"},
				"down": {"uv": [11.5, 2.5, 15, 9.5], "rotation": 90, "texture": "#0"}
			}
		},
		{
			"from": [12.3, 0.5, 5.5],
			"to": [12.3, 3.25, 10.5],
			"faces": {
				"north": {"uv": [8.5, 10.25, 12.5, 12.5], "texture": "#0"},
				"east": {"uv": [8.5, 10.25, 12.5, 12.5], "texture": "#0"},
				"south": {"uv": [8.5, 10.25, 12.5, 12.5], "texture": "#0"},
				"west": {"uv": [8.5, 10.25, 12.5, 12.5], "texture": "#0"},
				"up": {"uv": [8.5, 10.25, 12.5, 12.5], "texture": "#0"},
				"down": {"uv": [8.5, 10.25, 12.5, 12.5], "texture": "#0"}
			}
		}
	],
	"display": {
		"thirdperson_righthand": {
			"translation": [0, 1.25, 0],
			"scale": [0.38, 0.38, 0.38]
		},
		"thirdperson_lefthand": {
			"translation": [0, 1.25, 0],
			"scale": [0.38, 0.38, 0.38]
		},
		"firstperson_righthand": {
			"scale": [0.69, 0.69, 0.69]
		},
		"firstperson_lefthand": {
			"scale": [0.67, 0.67, 0.67]
		},
		"ground": {
			"translation": [0, -0.5, 0],
			"scale": [0.58, 0.58, 0.58]
		},
		"gui": {
			"rotation": [29, 44, 0],
			"translation": [0, -0.25, 0],
			"scale": [0.63, 0.63, 0.63]
		},
		"head": {
			"translation": [0, 13.25, 0]
		},
		"fixed": {
			"rotation": [90, 0, 0],
			"translation": [0, 0, 66],
			"scale": [4, 4, 4]
		}
	}
}