{"credit":"by Damfler","textures":{"0":"block/white_concrete","1":"cigarettes/cigarettes","2":"block/orange_concrete","3":"block/magma","particle":"cigarettes/cigarettes"},"elements":[{"from":[5.79463,6.14938,3.9],"to":[5.89463,6.22438,4],"rotation":{"angle":-22.5,"axis":"z","origin":[5.04463,5.72438,3.95]},"color":5,"faces":{"north":{"uv":[0,0,0.1,0.075],"texture":"#missing"},"east":{"uv":[0,0,0.1,0.075],"texture":"#missing"},"south":{"uv":[0,0,0.1,0.075],"texture":"#missing"},"west":{"uv":[0,0,0.1,0.075],"texture":"#missing"},"up":{"uv":[0,0,0.1,0.1],"rotation":90,"texture":"#missing"},"down":{"uv":[0,0,0.1,0.1],"rotation":270,"texture":"#missing"}}},{"from":[6,5,4],"to":[6.25,7,10],"rotation":{"angle":0,"axis":"y","origin":[14,14,12]},"faces":{"north":{"uv":[0,0,0.25,2],"texture":"#0"},"east":{"uv":[0,0,6,2],"texture":"#0"},"south":{"uv":[0,0,0.25,2],"texture":"#0"},"west":{"uv":[0,0,6,2],"texture":"#0"},"up":{"uv":[0,0,0.25,6],"texture":"#0"},"down":{"uv":[0,0,0.25,6],"texture":"#0"}}},{"from":[6.25,5,9.25],"to":[6.75,7,9.75],"rotation":{"angle":0,"axis":"y","origin":[14.25,14,12]},"faces":{"north":{"uv":[0,0,0.5,2],"texture":"#2"},"east":{"uv":[0,0,0.5,2],"texture":"#2"},"south":{"uv":[0,0,0.5,2],"texture":"#2"},"west":{"uv":[0,0,0.5,2],"texture":"#2"},"up":{"uv":[0,0,0.5,0.5],"texture":"#2"},"down":{"uv":[0,0,0.5,0.5],"texture":"#2"}}},{"from":[7.25,5,9.25],"to":[7.75,7,9.75],"rotation":{"angle":0,"axis":"y","origin":[15.25,14,12]},"faces":{"north":{"uv":[0,0,0.5,2],"texture":"#2"},"east":{"uv":[0,0,0.5,2],"texture":"#2"},"south":{"uv":[0,0,0.5,2],"texture":"#2"},"west":{"uv":[0,0,0.5,2],"texture":"#2"},"up":{"uv":[0,0,0.5,0.5],"texture":"#2"},"down":{"uv":[0,0,0.5,0.5],"texture":"#2"}}},{"from":[6.75,5,5.75],"to":[7.25,7,6.25],"rotation":{"angle":0,"axis":"y","origin":[14.75,14,8.5]},"faces":{"north":{"uv":[0,0,0.5,2],"texture":"#2"},"east":{"uv":[0,0,0.5,2],"texture":"#2"},"south":{"uv":[0,0,0.5,2],"texture":"#2"},"west":{"uv":[0,0,0.5,2],"texture":"#2"},"up":{"uv":[0,0,0.5,0.5],"texture":"#2"},"down":{"uv":[0,0,0.5,0.5],"texture":"#2"}}},{"from":[6.25,4.75,7.25],"to":[6.75,6.75,7.75],"rotation":{"angle":0,"axis":"y","origin":[14.25,13.75,10]},"faces":{"north":{"uv":[0,0,0.5,2],"texture":"#2"},"east":{"uv":[0,0,0.5,2],"texture":"#2"},"south":{"uv":[0,0,0.5,2],"texture":"#2"},"west":{"uv":[0,0,0.5,2],"texture":"#2"},"up":{"uv":[0,0,0.5,0.5],"texture":"#2"},"down":{"uv":[0,0,0.5,0.5],"texture":"#2"}}},{"from":[7.25,4.75,7.25],"to":[7.75,6.75,7.75],"rotation":{"angle":0,"axis":"y","origin":[15.25,13.75,10]},"faces":{"north":{"uv":[0,0,0.5,2],"texture":"#2"},"east":{"uv":[0,0,0.5,2],"texture":"#2"},"south":{"uv":[0,0,0.5,2],"texture":"#2"},"west":{"uv":[0,0,0.5,2],"texture":"#2"},"up":{"uv":[0,0,0.5,0.5],"texture":"#2"},"down":{"uv":[0,0,0.5,0.5],"texture":"#2"}}},{"from":[6.75,4.95,7.25],"to":[7.25,6.95,7.75],"rotation":{"angle":0,"axis":"y","origin":[14.75,13.95,10]},"faces":{"north":{"uv":[0,0,0.5,2],"texture":"#2"},"east":{"uv":[0,0,0.5,2],"texture":"#2"},"south":{"uv":[0,0,0.5,2],"texture":"#2"},"west":{"uv":[0,0,0.5,2],"texture":"#2"},"up":{"uv":[0,0,0.5,0.5],"texture":"#2"},"down":{"uv":[0,0,0.5,0.5],"texture":"#2"}}},{"from":[6.25,4.75,5.25],"to":[6.75,7,5.75],"rotation":{"angle":0,"axis":"y","origin":[14.25,14,8]},"faces":{"north":{"uv":[0,0,0.5,2.25],"texture":"#2"},"east":{"uv":[0,0,0.5,2.25],"texture":"#2"},"south":{"uv":[0,0,0.5,2.25],"texture":"#2"},"west":{"uv":[0,0,0.5,2.25],"texture":"#2"},"up":{"uv":[0,0,0.5,0.5],"texture":"#2"},"down":{"uv":[0,0,0.5,0.5],"texture":"#2"}}},{"from":[7.25,4.75,5.25],"to":[7.75,7,5.75],"rotation":{"angle":0,"axis":"y","origin":[15.25,14,8]},"faces":{"north":{"uv":[0,0,0.5,2.25],"texture":"#2"},"east":{"uv":[0,0,0.5,2.25],"texture":"#2"},"south":{"uv":[0,0,0.5,2.25],"texture":"#2"},"west":{"uv":[0,0,0.5,2.25],"texture":"#2"},"up":{"uv":[0,0,0.5,0.5],"texture":"#2"},"down":{"uv":[0,0,0.5,0.5],"texture":"#2"}}},{"from":[6.75,4.65,9.25],"to":[7.25,6.9,9.75],"rotation":{"angle":0,"axis":"y","origin":[14.75,13.9,12]},"faces":{"north":{"uv":[0,0,0.5,2.25],"texture":"#2"},"east":{"uv":[0,0,0.5,2.25],"texture":"#2"},"south":{"uv":[0,0,0.5,2.25],"texture":"#2"},"west":{"uv":[0,0,0.5,2.25],"texture":"#2"},"up":{"uv":[0,0,0.5,0.5],"texture":"#2"},"down":{"uv":[0,0,0.5,0.5],"texture":"#2"}}},{"from":[6.25,4.9,8.75],"to":[6.75,6.9,9.25],"rotation":{"angle":0,"axis":"y","origin":[14.25,13.9,11.5]},"faces":{"north":{"uv":[0,0,0.5,2],"texture":"#2"},"east":{"uv":[0,0,0.5,2],"texture":"#2"},"south":{"uv":[0,0,0.5,2],"texture":"#2"},"west":{"uv":[0,0,0.5,2],"texture":"#2"},"up":{"uv":[0,0,0.5,0.5],"texture":"#2"},"down":{"uv":[0,0,0.5,0.5],"texture":"#2"}}},{"from":[7.25,4.9,8.75],"to":[7.75,6.9,9.25],"rotation":{"angle":0,"axis":"y","origin":[15.25,13.9,11.5]},"faces":{"north":{"uv":[0,0,0.5,2],"texture":"#2"},"east":{"uv":[0,0,0.5,2],"texture":"#2"},"south":{"uv":[0,0,0.5,2],"texture":"#2"},"west":{"uv":[0,0,0.5,2],"texture":"#2"},"up":{"uv":[0,0,0.5,0.5],"texture":"#2"},"down":{"uv":[0,0,0.5,0.5],"texture":"#2"}}},{"from":[6.75,4.9,5.25],"to":[7.25,6.9,5.75],"rotation":{"angle":0,"axis":"y","origin":[14.75,13.9,8]},"faces":{"north":{"uv":[0,0,0.5,2],"texture":"#2"},"east":{"uv":[0,0,0.5,2],"texture":"#2"},"south":{"uv":[0,0,0.5,2],"texture":"#2"},"west":{"uv":[0,0,0.5,2],"texture":"#2"},"up":{"uv":[0,0,0.5,0.5],"texture":"#2"},"down":{"uv":[0,0,0.5,0.5],"texture":"#2"}}},{"from":[6.25,4.9,6.75],"to":[6.75,6.9,7.25],"rotation":{"angle":0,"axis":"y","origin":[14.25,13.9,9.5]},"faces":{"north":{"uv":[0,0,0.5,2],"texture":"#2"},"east":{"uv":[0,0,0.5,2],"texture":"#2"},"south":{"uv":[0,0,0.5,2],"texture":"#2"},"west":{"uv":[0,0,0.5,2],"texture":"#2"},"up":{"uv":[0,0,0.5,0.5],"texture":"#2"},"down":{"uv":[0,0,0.5,0.5],"texture":"#2"}}},{"from":[7.25,4.9,6.75],"to":[7.75,6.9,7.25],"rotation":{"angle":0,"axis":"y","origin":[15.25,13.9,9.5]},"faces":{"north":{"uv":[0,0,0.5,2],"texture":"#2"},"east":{"uv":[0,0,0.5,2],"texture":"#2"},"south":{"uv":[0,0,0.5,2],"texture":"#2"},"west":{"uv":[0,0,0.5,2],"texture":"#2"},"up":{"uv":[0,0,0.5,0.5],"texture":"#2"},"down":{"uv":[0,0,0.5,0.5],"texture":"#2"}}},{"from":[6.75,4.8,6.75],"to":[7.25,6.8,7.25],"rotation":{"angle":0,"axis":"y","origin":[14.75,13.8,9.5]},"faces":{"north":{"uv":[0,0,0.5,2],"texture":"#2"},"east":{"uv":[0,0,0.5,2],"texture":"#2"},"south":{"uv":[0,0,0.5,2],"texture":"#2"},"west":{"uv":[0,0,0.5,2],"texture":"#2"},"up":{"uv":[0,0,0.5,0.5],"texture":"#2"},"down":{"uv":[0,0,0.5,0.5],"texture":"#2"}}},{"from":[6.25,4.9,4.75],"to":[6.75,6.9,5.25],"rotation":{"angle":0,"axis":"y","origin":[14.25,13.9,7.5]},"faces":{"north":{"uv":[0,0,0.5,2],"texture":"#2"},"east":{"uv":[0,0,0.5,2],"texture":"#2"},"south":{"uv":[0,0,0.5,2],"texture":"#2"},"west":{"uv":[0,0,0.5,2],"texture":"#2"},"up":{"uv":[0,0,0.5,0.5],"texture":"#2"},"down":{"uv":[0,0,0.5,0.5],"texture":"#2"}}},{"from":[7.25,4.9,4.75],"to":[7.75,6.9,5.25],"rotation":{"angle":0,"axis":"y","origin":[15.25,13.9,7.5]},"faces":{"north":{"uv":[0,0,0.5,2],"texture":"#2"},"east":{"uv":[0,0,0.5,2],"texture":"#2"},"south":{"uv":[0,0,0.5,2],"texture":"#2"},"west":{"uv":[0,0,0.5,2],"texture":"#2"},"up":{"uv":[0,0,0.5,0.5],"texture":"#2"},"down":{"uv":[0,0,0.5,0.5],"texture":"#2"}}},{"from":[6.75,5,8.75],"to":[7.25,7,9.25],"rotation":{"angle":0,"axis":"y","origin":[14.75,14,11.5]},"faces":{"north":{"uv":[0,0,0.5,2],"texture":"#2"},"east":{"uv":[0,0,0.5,2],"texture":"#2"},"south":{"uv":[0,0,0.5,2],"texture":"#2"},"west":{"uv":[0,0,0.5,2],"texture":"#2"},"up":{"uv":[0,0,0.5,0.5],"texture":"#2"},"down":{"uv":[0,0,0.5,0.5],"texture":"#2"}}},{"from":[6.25,4.8,8.25],"to":[6.75,7.3,8.75],"rotation":{"angle":0,"axis":"y","origin":[14.25,14.3,11]},"faces":{"north":{"uv":[0,0,0.5,2.5],"texture":"#2"},"east":{"uv":[0,0,0.5,2.5],"texture":"#2"},"south":{"uv":[0,0,0.5,2.5],"texture":"#2"},"west":{"uv":[0,0,0.5,2.5],"texture":"#2"},"up":{"uv":[0,0,0.5,0.5],"texture":"#2"},"down":{"uv":[0,0,0.5,0.5],"texture":"#2"}}},{"from":[7.25,4.8,8.25],"to":[7.75,7.3,8.75],"rotation":{"angle":0,"axis":"y","origin":[15.25,14.3,11]},"faces":{"north":{"uv":[0,0,0.5,2.5],"texture":"#2"},"east":{"uv":[0,0,0.5,2.5],"texture":"#2"},"south":{"uv":[0,0,0.5,2.5],"texture":"#2"},"west":{"uv":[0,0,0.5,2.5],"texture":"#2"},"up":{"uv":[0,0,0.5,0.5],"texture":"#2"},"down":{"uv":[0,0,0.5,0.5],"texture":"#2"}}},{"from":[6.75,4.8,4.75],"to":[7.25,7.3,5.25],"rotation":{"angle":0,"axis":"y","origin":[14.75,14.3,7.5]},"faces":{"north":{"uv":[0,0,0.5,2.5],"texture":"#2"},"east":{"uv":[0,0,0.5,2.5],"texture":"#2"},"south":{"uv":[0,0,0.5,2.5],"texture":"#2"},"west":{"uv":[0,0,0.5,2.5],"texture":"#2"},"up":{"uv":[0,0,0.5,0.5],"texture":"#2"},"down":{"uv":[0,0,0.5,0.5],"texture":"#2"}}},{"from":[6.25,4.2,6.25],"to":[6.75,6.7,6.75],"rotation":{"angle":0,"axis":"y","origin":[14.25,13.7,9]},"faces":{"north":{"uv":[0,0,0.5,2.5],"texture":"#2"},"east":{"uv":[0,0,0.5,2.5],"texture":"#2"},"south":{"uv":[0,0,0.5,2.5],"texture":"#2"},"west":{"uv":[0,0,0.5,2.5],"texture":"#2"},"up":{"uv":[0,0,0.5,0.5],"texture":"#2"},"down":{"uv":[0,0,0.5,0.5],"texture":"#2"}}},{"from":[7.25,4.2,6.25],"to":[7.75,6.7,6.75],"rotation":{"angle":0,"axis":"y","origin":[15.25,13.7,9]},"faces":{"north":{"uv":[0,0,0.5,2.5],"texture":"#2"},"east":{"uv":[0,0,0.5,2.5],"texture":"#2"},"south":{"uv":[0,0,0.5,2.5],"texture":"#2"},"west":{"uv":[0,0,0.5,2.5],"texture":"#2"},"up":{"uv":[0,0,0.5,0.5],"texture":"#2"},"down":{"uv":[0,0,0.5,0.5],"texture":"#2"}}},{"from":[6.75,4,6.25],"to":[7.25,6.5,6.75],"rotation":{"angle":0,"axis":"y","origin":[14.75,13.5,9]},"faces":{"north":{"uv":[0,0,0.5,2.5],"texture":"#2"},"east":{"uv":[0,0,0.5,2.5],"texture":"#2"},"south":{"uv":[0,0,0.5,2.5],"texture":"#2"},"west":{"uv":[0,0,0.5,2.5],"texture":"#2"},"up":{"uv":[0,0,0.5,0.5],"texture":"#2"},"down":{"uv":[0,0,0.5,0.5],"texture":"#2"}}},{"from":[6.25,4.6,4.25],"to":[6.75,7.1,4.75],"rotation":{"angle":0,"axis":"y","origin":[14.25,14.1,7]},"faces":{"north":{"uv":[0,0,0.5,2.5],"texture":"#2"},"east":{"uv":[0,0,0.5,2.5],"texture":"#2"},"south":{"uv":[0,0,0.5,2.5],"texture":"#2"},"west":{"uv":[0,0,0.5,2.5],"texture":"#2"},"up":{"uv":[0,0,0.5,0.5],"texture":"#2"},"down":{"uv":[0,0,0.5,0.5],"texture":"#2"}}},{"from":[7.25,4.6,4.25],"to":[7.75,7.1,4.75],"rotation":{"angle":0,"axis":"y","origin":[15.25,14.1,7]},"faces":{"north":{"uv":[0,0,0.5,2.5],"texture":"#2"},"east":{"uv":[0,0,0.5,2.5],"texture":"#2"},"south":{"uv":[0,0,0.5,2.5],"texture":"#2"},"west":{"uv":[0,0,0.5,2.5],"texture":"#2"},"up":{"uv":[0,0,0.5,0.5],"texture":"#2"},"down":{"uv":[0,0,0.5,0.5],"texture":"#2"}}},{"from":[6.75,4.6,8.25],"to":[7.25,7.1,8.75],"rotation":{"angle":0,"axis":"y","origin":[14.75,14.1,11]},"faces":{"north":{"uv":[0,0,0.5,2.5],"texture":"#2"},"east":{"uv":[0,0,0.5,2.5],"texture":"#2"},"south":{"uv":[0,0,0.5,2.5],"texture":"#2"},"west":{"uv":[0,0,0.5,2.5],"texture":"#2"},"up":{"uv":[0,0,0.5,0.5],"texture":"#2"},"down":{"uv":[0,0,0.5,0.5],"texture":"#2"}}},{"from":[6.25,4.6,7.75],"to":[6.75,7.1,8.25],"rotation":{"angle":0,"axis":"y","origin":[14.25,14.1,10.5]},"faces":{"north":{"uv":[0,0,0.5,2.5],"texture":"#2"},"east":{"uv":[0,0,0.5,2.5],"texture":"#2"},"south":{"uv":[0,0,0.5,2.5],"texture":"#2"},"west":{"uv":[0,0,0.5,2.5],"texture":"#2"},"up":{"uv":[0,0,0.5,0.5],"texture":"#2"},"down":{"uv":[0,0,0.5,0.5],"texture":"#2"}}},{"from":[7.25,4.6,7.75],"to":[7.75,7.1,8.25],"rotation":{"angle":0,"axis":"y","origin":[15.25,14.1,10.5]},"faces":{"north":{"uv":[0,0,0.5,2.5],"texture":"#2"},"east":{"uv":[0,0,0.5,2.5],"texture":"#2"},"south":{"uv":[0,0,0.5,2.5],"texture":"#2"},"west":{"uv":[0,0,0.5,2.5],"texture":"#2"},"up":{"uv":[0,0,0.5,0.5],"texture":"#2"},"down":{"uv":[0,0,0.5,0.5],"texture":"#2"}}},{"from":[6.75,4.4,7.75],"to":[7.25,6.9,8.25],"rotation":{"angle":0,"axis":"y","origin":[14.75,13.9,10.5]},"faces":{"north":{"uv":[0,0,0.5,2.5],"texture":"#2"},"east":{"uv":[0,0,0.5,2.5],"texture":"#2"},"south":{"uv":[0,0,0.5,2.5],"texture":"#2"},"west":{"uv":[0,0,0.5,2.5],"texture":"#2"},"up":{"uv":[0,0,0.5,0.5],"texture":"#2"},"down":{"uv":[0,0,0.5,0.5],"texture":"#2"}}},{"from":[6.75,4.4,4.25],"to":[7.25,6.9,4.75],"rotation":{"angle":0,"axis":"y","origin":[14.75,13.9,7]},"faces":{"north":{"uv":[0,0,0.5,2.5],"texture":"#2"},"east":{"uv":[0,0,0.5,2.5],"texture":"#2"},"south":{"uv":[0,0,0.5,2.5],"texture":"#2"},"west":{"uv":[0,0,0.5,2.5],"texture":"#2"},"up":{"uv":[0,0,0.5,0.5],"texture":"#2"},"down":{"uv":[0,0,0.5,0.5],"texture":"#2"}}},{"from":[6.25,4.1,5.75],"to":[6.75,6.6,6.25],"rotation":{"angle":0,"axis":"y","origin":[14.25,13.6,8.5]},"faces":{"north":{"uv":[0,0,0.5,2.5],"texture":"#2"},"east":{"uv":[0,0,0.5,2.5],"texture":"#2"},"south":{"uv":[0,0,0.5,2.5],"texture":"#2"},"west":{"uv":[0,0,0.5,2.5],"texture":"#2"},"up":{"uv":[0,0,0.5,0.5],"texture":"#2"},"down":{"uv":[0,0,0.5,0.5],"texture":"#2"}}},{"from":[7.25,7.85,5.75],"to":[7.75,12.35,6.25],"rotation":{"angle":0,"axis":"y","origin":[15.25,19.35,8.5]},"faces":{"north":{"uv":[10,11.5,10.5,16],"texture":"#1"},"east":{"uv":[10,11.5,10.5,16],"texture":"#1"},"south":{"uv":[10,11.5,10.5,16],"texture":"#1"},"west":{"uv":[10,11.5,10.5,16],"texture":"#1"},"up":{"uv":[0,0,0.5,0.5],"texture":"#1"},"down":{"uv":[10.5,13,11,13.5],"texture":"#1"}}},{"from":[7.25,12.35,5.75],"to":[7.75,13.1,6.25],"rotation":{"angle":0,"axis":"y","origin":[15.25,19.35,8.5]},"faces":{"north":{"uv":[0,0,10,16],"texture":"#3"},"east":{"uv":[6,0,16,16],"texture":"#3"},"south":{"uv":[6,0,16,16],"texture":"#3"},"west":{"uv":[0,0,10,16],"texture":"#3"},"up":{"uv":[2,2,14,14],"texture":"#3"},"down":{"uv":[0,0,16,16],"texture":"#3"}}},{"from":[7.25,4.85,5.75],"to":[7.75,7.85,6.25],"rotation":{"angle":0,"axis":"y","origin":[15.25,16.85,8.5]},"faces":{"north":{"uv":[0,0,0.5,3],"texture":"#2"},"east":{"uv":[0,0,0.5,3],"texture":"#2"},"south":{"uv":[0,0,0.5,3],"texture":"#2"},"west":{"uv":[0,0,0.5,3],"texture":"#2"},"up":{"uv":[0,0,0.5,0.5],"texture":"#2"},"down":{"uv":[0,0,0.5,0.5],"texture":"#2"}}},{"from":[7.75,5,4],"to":[8,5.5,10],"rotation":{"angle":0,"axis":"y","origin":[15.75,14,12]},"faces":{"north":{"uv":[0,0,0.25,0.5],"texture":"#0"},"east":{"uv":[0,0,6,0.5],"texture":"#0"},"south":{"uv":[0,0,0.25,0.5],"texture":"#0"},"west":{"uv":[0,0,6,0.5],"texture":"#0"},"up":{"uv":[0,0,0.25,6],"texture":"#0"},"down":{"uv":[0,0,0.25,6],"texture":"#0"}}},{"from":[7.75,5.5,9],"to":[8,7,10],"rotation":{"angle":0,"axis":"y","origin":[15.75,14,12]},"faces":{"north":{"uv":[0,0,0.25,1.5],"texture":"#0"},"east":{"uv":[0,0,1,1.5],"texture":"#0"},"south":{"uv":[0,0,0.25,1.5],"texture":"#0"},"west":{"uv":[0,0,1,1.5],"texture":"#0"},"up":{"uv":[0,0,0.25,1],"texture":"#0"},"down":{"uv":[0,0,0.25,1],"texture":"#0"}}},{"from":[7.75,5.5,4],"to":[8,7,5],"rotation":{"angle":0,"axis":"y","origin":[15.75,14,12]},"faces":{"north":{"uv":[0,0,0.25,1.5],"texture":"#0"},"east":{"uv":[0,0,1,1.5],"texture":"#0"},"south":{"uv":[0,0,0.25,1.5],"texture":"#0"},"west":{"uv":[0,0,1,1.5],"texture":"#0"},"up":{"uv":[0,0,0.25,1],"texture":"#0"},"down":{"uv":[0,0,0.25,1],"texture":"#0"}}},{"from":[7.75,5.75,4.25],"to":[8,6.5,4.75],"rotation":{"angle":-45,"axis":"x","origin":[7.875,6.25,5.5]},"faces":{"north":{"uv":[0,0,0.25,0.75],"texture":"#0"},"east":{"uv":[0,0,0.5,0.75],"texture":"#0"},"south":{"uv":[0,0,0.25,0.75],"texture":"#0"},"west":{"uv":[0,0,0.5,0.75],"texture":"#0"},"up":{"uv":[0,0,0.25,0.5],"texture":"#0"},"down":{"uv":[0,0,0.25,0.5],"texture":"#0"}}},{"from":[7.75,5.0795,8.88128],"to":[8,5.8295,9.38128],"rotation":{"angle":45,"axis":"x","origin":[7.875,5.4545,9.13128]},"faces":{"north":{"uv":[0,0,0.25,0.75],"texture":"#0"},"east":{"uv":[0,0,0.5,0.75],"texture":"#0"},"south":{"uv":[0,0,0.25,0.75],"texture":"#0"},"west":{"uv":[0,0,0.5,0.75],"texture":"#0"},"up":{"uv":[0,0,0.25,0.5],"texture":"#0"},"down":{"uv":[0,0,0.25,0.5],"texture":"#0"}}},{"from":[6.25,5,9.75],"to":[7.75,7,10],"rotation":{"angle":0,"axis":"y","origin":[15.75,14,12]},"faces":{"north":{"uv":[0,0,1.5,2],"texture":"#0"},"east":{"uv":[0,0,0.25,2],"texture":"#0"},"south":{"uv":[0,0,1.5,2],"texture":"#0"},"west":{"uv":[0,0,0.25,2],"texture":"#0"},"up":{"uv":[0,0,1.5,0.25],"texture":"#0"},"down":{"uv":[0,0,1.5,0.25],"texture":"#0"}}},{"from":[6.25,5,4],"to":[7.75,7,4.25],"rotation":{"angle":0,"axis":"y","origin":[15.75,14,6.25]},"faces":{"north":{"uv":[0,0,1.5,2],"texture":"#0"},"east":{"uv":[0,0,0.25,2],"texture":"#0"},"south":{"uv":[0,0,1.5,2],"texture":"#0"},"west":{"uv":[0,0,0.25,2],"texture":"#0"},"up":{"uv":[0,0,1.5,0.25],"texture":"#0"},"down":{"uv":[0,0,1.5,0.25],"texture":"#0"}}},{"from":[5.5078,5.88275,3.9],"to":[5.7578,7.88275,10.1],"rotation":{"angle":22.5,"axis":"z","origin":[5.6328,6.88275,6.9]},"faces":{"north":{"uv":[0,0,0.25,2],"texture":"#1"},"east":{"uv":[0,0,6.25,2],"texture":"#1"},"south":{"uv":[0,0,0.25,2],"texture":"#1"},"west":{"uv":[0,0,7,2],"texture":"#1"},"up":{"uv":[0,0,0.25,6.25],"texture":"#1"},"down":{"uv":[0,0,0.25,6.25],"texture":"#1"}}},{"from":[6.26339,6.17928,9.85],"to":[6.51339,8.67928,10.1],"rotation":{"angle":-22.5,"axis":"z","origin":[5.88839,7.05428,9.975]},"faces":{"north":{"uv":[0,0,2.5,0.25],"rotation":90,"texture":"#1"},"east":{"uv":[0,0,2.5,0.25],"rotation":270,"texture":"#1"},"south":{"uv":[0,0,2.5,0.25],"rotation":270,"texture":"#1"},"west":{"uv":[0,0,2.5,0.25],"rotation":270,"texture":"#1"},"up":{"uv":[0,0,0.25,0.25],"rotation":270,"texture":"#1"},"down":{"uv":[0,0,0.25,0.25],"rotation":270,"texture":"#1"}}},{"from":[6.01339,6.42928,9.85],"to":[6.26339,8.42928,10.1],"rotation":{"angle":-22.5,"axis":"z","origin":[5.88839,7.05428,9.975]},"faces":{"north":{"uv":[0,0,2,0.25],"rotation":90,"texture":"#1"},"east":{"uv":[0,0,2,0.25],"rotation":270,"texture":"#1"},"south":{"uv":[0,0,2,0.25],"rotation":270,"texture":"#1"},"west":{"uv":[0,0,2,0.25],"rotation":270,"texture":"#1"},"up":{"uv":[0,0,0.25,0.25],"rotation":270,"texture":"#1"},"down":{"uv":[0,0,0.25,0.25],"rotation":270,"texture":"#1"}}},{"from":[5.51339,6.92928,9.85],"to":[5.76339,7.92928,10.1],"rotation":{"angle":-22.5,"axis":"z","origin":[5.88839,7.05428,9.975]},"faces":{"north":{"uv":[0,0,1,0.25],"rotation":90,"texture":"#1"},"east":{"uv":[0,0,1,0.25],"rotation":270,"texture":"#1"},"south":{"uv":[0,0,1,0.25],"rotation":270,"texture":"#1"},"west":{"uv":[0,0,1,0.25],"rotation":270,"texture":"#1"},"up":{"uv":[0,0,0.25,0.25],"rotation":270,"texture":"#1"},"down":{"uv":[0,0,0.25,0.25],"rotation":270,"texture":"#1"}}},{"from":[5.76339,6.67928,9.85],"to":[6.01339,8.17928,10.1],"rotation":{"angle":-22.5,"axis":"z","origin":[5.88839,7.05428,9.975]},"faces":{"north":{"uv":[0,0,1.5,0.25],"rotation":90,"texture":"#1"},"east":{"uv":[0,0,1.5,0.25],"rotation":270,"texture":"#1"},"south":{"uv":[0,0,1.5,0.25],"rotation":270,"texture":"#1"},"west":{"uv":[0,0,1.5,0.25],"rotation":270,"texture":"#1"},"up":{"uv":[0,0,0.25,0.25],"rotation":270,"texture":"#1"},"down":{"uv":[0,0,0.25,0.25],"rotation":270,"texture":"#1"}}},{"from":[5.26339,7.17928,9.85],"to":[5.51339,7.67928,10.1],"rotation":{"angle":-22.5,"axis":"z","origin":[5.88839,7.05428,9.975]},"faces":{"north":{"uv":[0,0,0.5,0.25],"rotation":90,"texture":"#1"},"east":{"uv":[0,0,0.5,0.25],"rotation":270,"texture":"#1"},"south":{"uv":[0,0,0.5,0.25],"rotation":270,"texture":"#1"},"west":{"uv":[0,0,0.5,0.25],"rotation":270,"texture":"#1"},"up":{"uv":[0,0,0.25,0.25],"rotation":270,"texture":"#1"},"down":{"uv":[0,0,0.25,0.25],"rotation":270,"texture":"#1"}}},{"from":[5.7578,7.65052,3.9],"to":[7.52557,7.88275,10.1],"rotation":{"angle":22.5,"axis":"z","origin":[5.6328,6.88275,6.9]},"faces":{"north":{"uv":[0,0,1.76777,0.23223],"texture":"#1"},"east":{"uv":[0,0,6.25,0.23223],"texture":"#1"},"south":{"uv":[0,0,1.76777,0.23223],"texture":"#1"},"west":{"uv":[0,0,6.25,0.23223],"texture":"#1"},"up":{"uv":[9,0,16,2],"rotation":270,"texture":"#1"},"down":{"uv":[0,0,1.76777,6.25],"texture":"#1"}}},{"from":[5.26339,7.17928,3.9],"to":[5.51339,7.67928,4.15],"rotation":{"angle":-22.5,"axis":"z","origin":[5.88839,7.05428,9.775]},"faces":{"north":{"uv":[0,0,0.5,0.25],"rotation":90,"texture":"#1"},"east":{"uv":[0,0,0.5,0.25],"rotation":270,"texture":"#1"},"south":{"uv":[0,0,0.5,0.25],"rotation":270,"texture":"#1"},"west":{"uv":[0,0,0.5,0.25],"rotation":270,"texture":"#1"},"up":{"uv":[0,0,0.25,0.25],"rotation":270,"texture":"#1"},"down":{"uv":[0,0,0.25,0.25],"rotation":270,"texture":"#1"}}},{"from":[5.51339,6.92928,3.9],"to":[5.76339,7.92928,4.15],"rotation":{"angle":-22.5,"axis":"z","origin":[5.88839,7.05428,9.775]},"faces":{"north":{"uv":[0,0,1,0.25],"rotation":90,"texture":"#1"},"east":{"uv":[0,0,1,0.25],"rotation":270,"texture":"#1"},"south":{"uv":[0,0,1,0.25],"rotation":270,"texture":"#1"},"west":{"uv":[0,0,1,0.25],"rotation":270,"texture":"#1"},"up":{"uv":[0,0,0.25,0.25],"rotation":270,"texture":"#1"},"down":{"uv":[0,0,0.25,0.25],"rotation":270,"texture":"#1"}}},{"from":[5.76339,6.67928,3.9],"to":[6.01339,8.17928,4.15],"rotation":{"angle":-22.5,"axis":"z","origin":[5.88839,7.05428,9.775]},"faces":{"north":{"uv":[0,0,1.5,0.25],"rotation":90,"texture":"#1"},"east":{"uv":[0,0,1.5,0.25],"rotation":270,"texture":"#1"},"south":{"uv":[0,0,1.5,0.25],"rotation":270,"texture":"#1"},"west":{"uv":[0,0,1.5,0.25],"rotation":270,"texture":"#1"},"up":{"uv":[0,0,0.25,0.25],"rotation":270,"texture":"#1"},"down":{"uv":[0,0,0.25,0.25],"rotation":270,"texture":"#1"}}},{"from":[6.01339,6.42928,3.9],"to":[6.26339,8.42928,4.15],"rotation":{"angle":-22.5,"axis":"z","origin":[5.88839,7.05428,9.775]},"faces":{"north":{"uv":[0,0,2,0.25],"rotation":90,"texture":"#1"},"east":{"uv":[0,0,2,0.25],"rotation":270,"texture":"#1"},"south":{"uv":[0,0,2,0.25],"rotation":270,"texture":"#1"},"west":{"uv":[0,0,2,0.25],"rotation":270,"texture":"#1"},"up":{"uv":[0,0,0.25,0.25],"rotation":270,"texture":"#1"},"down":{"uv":[0,0,0.25,0.25],"rotation":270,"texture":"#1"}}},{"from":[6.26339,6.17928,3.9],"to":[6.51339,8.67928,4.15],"rotation":{"angle":-22.5,"axis":"z","origin":[5.88839,7.05428,9.775]},"faces":{"north":{"uv":[0,0,2.5,0.25],"rotation":90,"texture":"#1"},"east":{"uv":[0,0,2.5,0.25],"rotation":270,"texture":"#1"},"south":{"uv":[0,0,2.5,0.25],"rotation":270,"texture":"#1"},"west":{"uv":[0,0,2.5,0.25],"rotation":270,"texture":"#1"},"up":{"uv":[0,0,0.25,0.25],"rotation":270,"texture":"#1"},"down":{"uv":[0,0,0.25,0.25],"rotation":270,"texture":"#1"}}},{"from":[5.89463,5.92438,3.9],"to":[5.99463,6.22438,4],"rotation":{"angle":-22.5,"axis":"z","origin":[5.04463,5.72438,3.95]},"faces":{"north":{"uv":[0,0,0.1,0.3],"texture":"#1"},"east":{"uv":[0,0,0.1,0.3],"texture":"#1"},"south":{"uv":[0,0,0.1,0.3],"texture":"#1"},"west":{"uv":[0,0,0.1,0.3],"texture":"#1"},"up":{"uv":[0,0,0.1,0.1],"rotation":90,"texture":"#1"},"down":{"uv":[0,0,0.1,0.1],"rotation":270,"texture":"#1"}}},{"from":[5.99463,5.67438,3.9],"to":[6.09463,6.22438,4],"rotation":{"angle":-22.5,"axis":"z","origin":[5.04463,5.72438,3.95]},"faces":{"north":{"uv":[0,0,0.1,0.55],"texture":"#1"},"east":{"uv":[0,0,0.1,0.55],"texture":"#1"},"south":{"uv":[0,0,0.1,0.55],"texture":"#1"},"west":{"uv":[0,0,0.1,0.55],"texture":"#1"},"up":{"uv":[0,0,0.1,0.1],"rotation":90,"texture":"#1"},"down":{"uv":[0,0,0.1,0.1],"rotation":270,"texture":"#1"}}},{"from":[6.09463,5.42438,3.9],"to":[6.19463,6.22438,4],"rotation":{"angle":-22.5,"axis":"z","origin":[5.04463,5.72438,3.95]},"faces":{"north":{"uv":[0,0,0.1,0.8],"texture":"#1"},"east":{"uv":[0,0,0.1,0.8],"texture":"#1"},"south":{"uv":[0,0,0.1,0.8],"texture":"#1"},"west":{"uv":[0,0,0.1,0.8],"texture":"#1"},"up":{"uv":[0,0,0.1,0.1],"rotation":90,"texture":"#1"},"down":{"uv":[0,0,0.1,0.1],"rotation":270,"texture":"#1"}}},{"from":[6.19463,5.22438,3.9],"to":[8.14463,6.22438,4],"rotation":{"angle":-22.5,"axis":"z","origin":[5.04463,5.72438,3.95]},"faces":{"north":{"uv":[0,0,1.95,1],"texture":"#1"},"east":{"uv":[0,0,0.1,1],"texture":"#1"},"south":{"uv":[0,0,1.95,1],"texture":"#1"},"west":{"uv":[0,0,0.1,1],"texture":"#1"},"up":{"uv":[0,0,0.1,1.95],"rotation":90,"texture":"#1"},"down":{"uv":[0,0,0.1,1.95],"rotation":270,"texture":"#1"}}},{"from":[5.9,-1,3.9],"to":[8.1,5,10.1],"rotation":{"angle":0,"axis":"y","origin":[14,7,12]},"faces":{"north":{"uv":[9.5,10,7.5,16],"texture":"#1"},"east":{"uv":[9.5,10,16,16],"texture":"#1"},"south":{"uv":[7.5,10,9.5,16],"texture":"#1"},"west":{"uv":[1,10,7.5,16],"texture":"#1"},"up":{"uv":[0,0,2.2,6.2],"texture":"#1"},"down":{"uv":[0,0,2.2,6.2],"texture":"#1"}}},{"from":[8.05,2.5,7.4],"to":[8.125,3,7.65],"rotation":{"angle":0,"axis":"y","origin":[16.15,10,9.5]},"faces":{"north":{"uv":[0,0,0.5,0.5],"texture":"#1"},"east":{"uv":[12,11,12.5,11.5],"texture":"#1"},"south":{"uv":[0,0,0.5,0.5],"texture":"#1"},"west":{"uv":[0,0,0.5,0.5],"texture":"#1"},"up":{"uv":[0,0,0.5,0.5],"texture":"#1"},"down":{"uv":[0,0,0.5,0.5],"texture":"#1"}}},{"from":[8.05,2,6.9],"to":[8.125,2.5,7.15],"rotation":{"angle":0,"axis":"y","origin":[16.15,9.5,9]},"faces":{"north":{"uv":[0,0,0.5,0.5],"texture":"#1"},"east":{"uv":[12,11,12.5,11.5],"texture":"#1"},"south":{"uv":[0,0,0.5,0.5],"texture":"#1"},"west":{"uv":[0,0,0.5,0.5],"texture":"#1"},"up":{"uv":[0,0,0.5,0.5],"texture":"#1"},"down":{"uv":[0,0,0.5,0.5],"texture":"#1"}}},{"from":[8.05,2.35,7.05],"to":[8.125,2.6,7.55],"rotation":{"angle":0,"axis":"y","origin":[16.15,9.6,9.15]},"faces":{"north":{"uv":[0,0,0.5,0.5],"texture":"#1"},"east":{"uv":[12,11,12.5,11.5],"texture":"#1"},"south":{"uv":[0,0,0.5,0.5],"texture":"#1"},"west":{"uv":[0,0,0.5,0.5],"texture":"#1"},"up":{"uv":[0,0,0.5,0.5],"texture":"#1"},"down":{"uv":[0,0,0.5,0.5],"texture":"#1"}}},{"from":[8.05,1.85,7.05],"to":[8.125,2.1,7.65],"rotation":{"angle":0,"axis":"y","origin":[16.15,9.1,9.15]},"faces":{"north":{"uv":[0,0,0.5,0.5],"texture":"#1"},"east":{"uv":[12,11,12.5,11.5],"texture":"#1"},"south":{"uv":[0,0,0.5,0.5],"texture":"#1"},"west":{"uv":[0,0,0.5,0.5],"texture":"#1"},"up":{"uv":[0,0,0.5,0.5],"texture":"#1"},"down":{"uv":[0,0,0.5,0.5],"texture":"#1"}}},{"from":[8.05,2.85,6.95],"to":[8.125,3.1,7.55],"rotation":{"angle":0,"axis":"y","origin":[16.15,10.1,9.15]},"faces":{"north":{"uv":[0,0,0.5,0.5],"texture":"#1"},"east":{"uv":[12,11,12.5,11.5],"texture":"#1"},"south":{"uv":[0,0,0.5,0.5],"texture":"#1"},"west":{"uv":[0,0,0.5,0.5],"texture":"#1"},"up":{"uv":[0,0,0.5,0.5],"texture":"#1"},"down":{"uv":[0,0,0.5,0.5],"texture":"#1"}}},{"from":[8.05,1.85,6.6],"to":[8.125,3.1,6.85],"rotation":{"angle":0,"axis":"y","origin":[16.15,9.5,8.7]},"faces":{"north":{"uv":[0,0,0.5,0.5],"texture":"#1"},"east":{"uv":[12,11,12.5,11.5],"texture":"#1"},"south":{"uv":[0,0,0.5,0.5],"texture":"#1"},"west":{"uv":[0,0,0.5,0.5],"texture":"#1"},"up":{"uv":[0,0,0.5,0.5],"texture":"#1"},"down":{"uv":[0,0,0.5,0.5],"texture":"#1"}}},{"from":[8.05,1.85,6.35],"to":[8.125,2.1,6.85],"rotation":{"angle":0,"axis":"y","origin":[16.15,9.1,8.35]},"faces":{"north":{"uv":[0,0,0.5,0.5],"texture":"#1"},"east":{"uv":[12,11,12.5,11.5],"texture":"#1"},"south":{"uv":[0,0,0.5,0.5],"texture":"#1"},"west":{"uv":[0,0,0.5,0.5],"texture":"#1"},"up":{"uv":[0,0,0.5,0.5],"texture":"#1"},"down":{"uv":[0,0,0.5,0.5],"texture":"#1"}}},{"from":[5.875,2.5,6.35],"to":[5.95,3,6.6],"rotation":{"angle":0,"axis":"y","origin":[13.975,10,4.5]},"faces":{"north":{"uv":[12.5,11,12,11.5],"texture":"#1"},"east":{"uv":[12.5,11,12,11.5],"texture":"#1"},"south":{"uv":[12.5,11,12,11.5],"texture":"#1"},"west":{"uv":[0.5,0,0,0.5],"texture":"#1"},"up":{"uv":[12.5,11,12,11.5],"texture":"#1"},"down":{"uv":[12.5,11,12,11.5],"texture":"#1"}}},{"from":[5.875,2,6.85],"to":[5.95,2.5,7.1],"rotation":{"angle":0,"axis":"y","origin":[13.975,9.5,5]},"faces":{"north":{"uv":[12.5,11,12,11.5],"texture":"#1"},"east":{"uv":[12.5,11,12,11.5],"texture":"#1"},"south":{"uv":[12.5,11,12,11.5],"texture":"#1"},"west":{"uv":[0.5,0,0,0.5],"texture":"#1"},"up":{"uv":[12.5,11,12,11.5],"texture":"#1"},"down":{"uv":[12.5,11,12,11.5],"texture":"#1"}}},{"from":[5.875,2.35,6.45],"to":[5.95,2.6,6.95],"rotation":{"angle":0,"axis":"y","origin":[13.975,9.6,4.85]},"faces":{"north":{"uv":[12.5,11,12,11.5],"texture":"#1"},"east":{"uv":[12.5,11,12,11.5],"texture":"#1"},"south":{"uv":[12.5,11,12,11.5],"texture":"#1"},"west":{"uv":[0.5,0,0,0.5],"texture":"#1"},"up":{"uv":[12.5,11,12,11.5],"texture":"#1"},"down":{"uv":[12.5,11,12,11.5],"texture":"#1"}}},{"from":[5.875,1.85,6.35],"to":[5.95,2.1,6.95],"rotation":{"angle":0,"axis":"y","origin":[13.975,9.1,4.85]},"faces":{"north":{"uv":[12.5,11,12,11.5],"texture":"#1"},"east":{"uv":[12.5,11,12,11.5],"texture":"#1"},"south":{"uv":[12.5,11,12,11.5],"texture":"#1"},"west":{"uv":[0.5,0,0,0.5],"texture":"#1"},"up":{"uv":[12.5,11,12,11.5],"texture":"#1"},"down":{"uv":[12.5,11,12,11.5],"texture":"#1"}}},{"from":[5.875,2.85,6.45],"to":[5.95,3.1,7.05],"rotation":{"angle":0,"axis":"y","origin":[13.975,10.1,4.85]},"faces":{"north":{"uv":[12.5,11,12,11.5],"texture":"#1"},"east":{"uv":[12.5,11,12,11.5],"texture":"#1"},"south":{"uv":[12.5,11,12,11.5],"texture":"#1"},"west":{"uv":[0.5,0,0,0.5],"texture":"#1"},"up":{"uv":[12.5,11,12,11.5],"texture":"#1"},"down":{"uv":[12.5,11,12,11.5],"texture":"#1"}}},{"from":[5.875,1.85,7.15],"to":[5.95,3.1,7.4],"rotation":{"angle":0,"axis":"y","origin":[13.975,9.5,5.3]},"faces":{"north":{"uv":[12.5,11,12,11.5],"texture":"#1"},"east":{"uv":[12.5,11,12,11.5],"texture":"#1"},"south":{"uv":[12.5,11,12,11.5],"texture":"#1"},"west":{"uv":[0.5,0,0,0.5],"texture":"#1"},"up":{"uv":[12.5,11,12,11.5],"texture":"#1"},"down":{"uv":[12.5,11,12,11.5],"texture":"#1"}}},{"from":[5.875,1.85,7.15],"to":[5.95,2.1,7.65],"rotation":{"angle":0,"axis":"y","origin":[13.975,9.1,5.65]},"faces":{"north":{"uv":[12.5,11,12,11.5],"texture":"#1"},"east":{"uv":[12.5,11,12,11.5],"texture":"#1"},"south":{"uv":[12.5,11,12,11.5],"texture":"#1"},"west":{"uv":[0.5,0,0,0.5],"texture":"#1"},"up":{"uv":[12.5,11,12,11.5],"texture":"#1"},"down":{"uv":[12.5,11,12,11.5],"texture":"#1"}}},{"from":[5.9,5,3.9],"to":[6.02127,5.91104,10.1],"rotation":{"angle":0,"axis":"y","origin":[14,13,12]},"faces":{"north":{"uv":[0,0,0.12127,0.91104],"texture":"#1"},"east":{"uv":[0,0,6.2,0.91104],"texture":"#1"},"south":{"uv":[0,0,0.12127,0.91104],"texture":"#1"},"west":{"uv":[0,0,6.2,0.91104],"texture":"#1"},"up":{"uv":[0,0,0.12127,6.2],"texture":"#1"},"down":{"uv":[0,0,0.12127,6.2],"texture":"#1"}}},{"from":[5.89463,5.92438,10],"to":[5.99463,6.22438,10.1],"rotation":{"angle":-22.5,"axis":"z","origin":[5.04463,5.72438,12.05]},"faces":{"north":{"uv":[0.1,0,0.2,0.3],"texture":"#1"},"east":{"uv":[0.1,0,0.2,0.3],"texture":"#1"},"south":{"uv":[0.1,0,0.2,0.3],"texture":"#1"},"west":{"uv":[0.1,0,0.2,0.3],"texture":"#1"},"up":{"uv":[0.1,0,0.2,0.1],"rotation":90,"texture":"#1"},"down":{"uv":[0.1,0,0.2,0.1],"rotation":270,"texture":"#1"}}},{"from":[6.09463,5.42438,10],"to":[6.19463,6.22438,10.1],"rotation":{"angle":-22.5,"axis":"z","origin":[5.04463,5.72438,12.05]},"faces":{"north":{"uv":[0.1,0,0.2,0.8],"texture":"#1"},"east":{"uv":[0.1,0,0.2,0.8],"texture":"#1"},"south":{"uv":[0.1,0,0.2,0.8],"texture":"#1"},"west":{"uv":[0.1,0,0.2,0.8],"texture":"#1"},"up":{"uv":[0.1,0,0.2,0.1],"rotation":90,"texture":"#1"},"down":{"uv":[0.1,0,0.2,0.1],"rotation":270,"texture":"#1"}}},{"from":[5.99463,5.67438,10],"to":[6.09463,6.22438,10.1],"rotation":{"angle":-22.5,"axis":"z","origin":[5.04463,5.72438,12.05]},"faces":{"north":{"uv":[0.1,0,0.2,0.55],"texture":"#1"},"east":{"uv":[0.1,0,0.2,0.55],"texture":"#1"},"south":{"uv":[0.1,0,0.2,0.55],"texture":"#1"},"west":{"uv":[0.1,0,0.2,0.55],"texture":"#1"},"up":{"uv":[0.1,0,0.2,0.1],"rotation":90,"texture":"#1"},"down":{"uv":[0.1,0,0.2,0.1],"rotation":270,"texture":"#1"}}},{"from":[6.19463,5.22438,10],"to":[8.14463,6.22438,10.1],"rotation":{"angle":-22.5,"axis":"z","origin":[5.04463,5.72438,12.05]},"faces":{"north":{"uv":[1.95,0,3.9,1],"texture":"#1"},"east":{"uv":[0.1,0,0.2,1],"texture":"#1"},"south":{"uv":[1.95,0,3.9,1],"texture":"#1"},"west":{"uv":[0.1,0,0.2,1],"texture":"#1"},"up":{"uv":[0.1,0,0.2,1.95],"rotation":90,"texture":"#1"},"down":{"uv":[0.1,0,0.2,1.95],"rotation":270,"texture":"#1"}}},{"from":[5.79463,6.14938,10],"to":[5.89463,6.22438,10.1],"rotation":{"angle":-22.5,"axis":"z","origin":[5.04463,5.72438,12.05]},"faces":{"north":{"uv":[0.1,0,0.2,0.075],"texture":"#1"},"east":{"uv":[0.1,0,0.2,0.075],"texture":"#1"},"south":{"uv":[0.1,0,0.2,0.075],"texture":"#1"},"west":{"uv":[0.1,0,0.2,0.075],"texture":"#1"},"up":{"uv":[0.1,0,0.2,0.1],"rotation":90,"texture":"#1"},"down":{"uv":[0.1,0,0.2,0.1],"rotation":270,"texture":"#1"}}},{"from":[5.79463,6.14938,3.9],"to":[5.89463,6.22438,4],"rotation":{"angle":-22.5,"axis":"z","origin":[5.04463,5.72438,3.95]},"faces":{"north":{"uv":[0,0,0.1,0.075],"texture":"#1"},"east":{"uv":[0,0,0.1,0.075],"texture":"#1"},"south":{"uv":[0,0,0.1,0.075],"texture":"#1"},"west":{"uv":[0,0,0.1,0.075],"texture":"#1"},"up":{"uv":[0,0,0.1,0.1],"rotation":90,"texture":"#1"},"down":{"uv":[0,0,0.1,0.1],"rotation":270,"texture":"#1"}}}],"display":{"thirdperson_righthand":{"rotation":[0,-145.5,0],"translation":[-1.25,3.25,-0.75],"scale":[0.49609,0.49609,0.49609]},"thirdperson_lefthand":{"rotation":[0,-326.5,0],"translation":[-1.25,3.25,0],"scale":[0.49609,0.49609,0.49609]},"firstperson_righthand":{"rotation":[0,-145.5,0],"translation":[3.25,3.25,0],"scale":[0.49609,0.49609,0.49609]},"firstperson_lefthand":{"rotation":[0,-326.5,0],"translation":[3.25,3.25,1],"scale":[0.49609,0.49609,0.49609]},"ground":{"rotation":[0,0,90]},"gui":{"rotation":[28.25,-126.25,0],"translation":[-2,2,0]},"head":{"rotation":[-91.25,93.25,0],"translation":[1,-6,-5.75]},"fixed":{"rotation":[0,90,0],"translation":[1.5,4.5,-1.25]}},"groups":[0,1,2,3,4,5,6,7,8,9,10,11,12,13,14,15,16,17,18,19,20,21,22,23,24,25,26,27,28,29,30,31,32,33,34,35,36,37,38,39,40,41,42,43,{"name":"group","origin":[5.75742,8.04757,9.875],"children":[44,45,46,47,48,49,50,51,52,53,54,55]},{"name":"group","origin":[5.04463,5.72438,3.95],"children":[56,57,58,59,60,{"name":"group","origin":[16.15,9.1,10.35],"children":[61,62,63,64,65,66,67]},{"name":"group","origin":[16.15,9.1,10.35],"children":[68,69,70,71,72,73,74]},75,76,77,78,79,80,81]}]}