{
	"credit": "Made with Blockbench",
	"textures": {
		"1": "block/diamond_block",
		"2": "block/gold_block",
		"3": "block/red_concrete",
		"4": "block/emerald_block",
		"particle": "block/gold_block"
	},
	"elements": [
		{
			"from": [3.4, 0, 4.25],
			"to": [4.4, 1, 5.75],
			"rotation": {"angle": 0, "axis": "y", "origin": [11.4, 8, 12.25]},
			"faces": {
				"north": {"uv": [4, 9, 12, 12], "texture": "#2"},
				"east": {"uv": [4, 9, 12, 12], "texture": "#2"},
				"south": {"uv": [4, 9, 12, 12], "texture": "#2"},
				"west": {"uv": [4, 9, 12, 12], "texture": "#2"},
				"up": {"uv": [4, 9, 12, 12], "texture": "#2"},
				"down": {"uv": [4, 9, 12, 12], "texture": "#2"}
			}
		},
		{
			"from": [7.25, 7, 8.75],
			"to": [8.25, 8, 9.75],
			"rotation": {"angle": 0, "axis": "y", "origin": [15.25, 15, 16.75]},
			"faces": {
				"north": {"uv": [0, 0, 1, 1], "texture": "#3"},
				"east": {"uv": [0, 0, 1, 1], "texture": "#3"},
				"south": {"uv": [0, 0, 1, 1], "texture": "#3"},
				"west": {"uv": [0, 0, 1, 1], "texture": "#3"},
				"up": {"uv": [0, 0, 1, 1], "texture": "#3"},
				"down": {"uv": [0, 0, 1, 1], "texture": "#3"}
			}
		},
		{
			"from": [6.25, 6.5, 8.75],
			"to": [7.25, 7.5, 9.75],
			"rotation": {"angle": 0, "axis": "y", "origin": [14.25, 14.5, 16.75]},
			"faces": {
				"north": {"uv": [0, 0, 1, 1], "texture": "#3"},
				"east": {"uv": [0, 0, 1, 1], "texture": "#3"},
				"south": {"uv": [0, 0, 1, 1], "texture": "#3"},
				"west": {"uv": [0, 0, 1, 1], "texture": "#3"},
				"up": {"uv": [0, 0, 1, 1], "texture": "#3"},
				"down": {"uv": [0, 0, 1, 1], "texture": "#3"}
			}
		},
		{
			"from": [7.25, 6.5, 9.75],
			"to": [8.25, 7.5, 10.75],
			"rotation": {"angle": 0, "axis": "y", "origin": [15.25, 14.5, 17.75]},
			"faces": {
				"north": {"uv": [0, 0, 1, 1], "texture": "#3"},
				"east": {"uv": [0, 0, 1, 1], "texture": "#3"},
				"south": {"uv": [0, 0, 1, 1], "texture": "#3"},
				"west": {"uv": [0, 0, 1, 1], "texture": "#3"},
				"up": {"uv": [0, 0, 1, 1], "texture": "#3"},
				"down": {"uv": [0, 0, 1, 1], "texture": "#3"}
			}
		},
		{
			"from": [7.25, 6.25, 10.75],
			"to": [8.25, 7.25, 11.75],
			"rotation": {"angle": 0, "axis": "y", "origin": [15.25, 14.25, 18.75]},
			"faces": {
				"north": {"uv": [0, 0, 1, 1], "texture": "#3"},
				"east": {"uv": [0, 0, 1, 1], "texture": "#3"},
				"south": {"uv": [0, 0, 1, 1], "texture": "#3"},
				"west": {"uv": [0, 0, 1, 1], "texture": "#3"},
				"up": {"uv": [0, 0, 1, 1], "texture": "#3"},
				"down": {"uv": [0, 0, 1, 1], "texture": "#3"}
			}
		},
		{
			"from": [6.25, 6.25, 9.75],
			"to": [7.25, 7.25, 10.75],
			"rotation": {"angle": 0, "axis": "y", "origin": [14.25, 14.25, 17.75]},
			"faces": {
				"north": {"uv": [0, 0, 1, 1], "texture": "#3"},
				"east": {"uv": [0, 0, 1, 1], "texture": "#3"},
				"south": {"uv": [0, 0, 1, 1], "texture": "#3"},
				"west": {"uv": [0, 0, 1, 1], "texture": "#3"},
				"up": {"uv": [0, 0, 1, 1], "texture": "#3"},
				"down": {"uv": [0, 0, 1, 1], "texture": "#3"}
			}
		},
		{
			"from": [5.25, 6.25, 8.75],
			"to": [6.25, 7.25, 9.75],
			"rotation": {"angle": 0, "axis": "y", "origin": [13.25, 14.25, 16.75]},
			"faces": {
				"north": {"uv": [0, 0, 1, 1], "texture": "#3"},
				"east": {"uv": [0, 0, 1, 1], "texture": "#3"},
				"south": {"uv": [0, 0, 1, 1], "texture": "#3"},
				"west": {"uv": [0, 0, 1, 1], "texture": "#3"},
				"up": {"uv": [0, 0, 1, 1], "texture": "#3"},
				"down": {"uv": [0, 0, 1, 1], "texture": "#3"}
			}
		},
		{
			"from": [3.5, 6, 8.75],
			"to": [5.25, 7, 10],
			"rotation": {"angle": 0, "axis": "y", "origin": [12.25, 14, 16.75]},
			"faces": {
				"north": {"uv": [0, 0, 1.75, 1], "texture": "#3"},
				"east": {"uv": [0, 0, 1.75, 1], "texture": "#3"},
				"south": {"uv": [0, 0, 1.75, 1], "texture": "#3"},
				"west": {"uv": [0, 0, 1.75, 1], "texture": "#3"},
				"up": {"uv": [0, 0, 1.75, 1], "texture": "#3"},
				"down": {"uv": [0, 0, 1.75, 1], "texture": "#3"}
			}
		},
		{
			"from": [5, 6, 9.75],
			"to": [6.25, 7, 11],
			"rotation": {"angle": 0, "axis": "y", "origin": [13.25, 14, 17.75]},
			"faces": {
				"north": {"uv": [0, 0, 1.25, 1], "texture": "#3"},
				"east": {"uv": [0, 0, 1.25, 1], "texture": "#3"},
				"south": {"uv": [0, 0, 1.25, 1], "texture": "#3"},
				"west": {"uv": [0, 0, 1.25, 1], "texture": "#3"},
				"up": {"uv": [0, 0, 1.25, 1], "texture": "#3"},
				"down": {"uv": [0, 0, 1.25, 1], "texture": "#3"}
			}
		},
		{
			"from": [6, 6, 10.75],
			"to": [7.25, 7, 12],
			"rotation": {"angle": 0, "axis": "y", "origin": [14.25, 14, 18.75]},
			"faces": {
				"north": {"uv": [0, 0, 1.25, 1], "texture": "#3"},
				"east": {"uv": [0, 0, 1.25, 1], "texture": "#3"},
				"south": {"uv": [0, 0, 1.25, 1], "texture": "#3"},
				"west": {"uv": [0, 0, 1.25, 1], "texture": "#3"},
				"up": {"uv": [0, 0, 1.25, 1], "texture": "#3"},
				"down": {"uv": [0, 0, 1.25, 1], "texture": "#3"}
			}
		},
		{
			"from": [7, 6, 11.75],
			"to": [8.25, 7, 13],
			"rotation": {"angle": 0, "axis": "y", "origin": [15.25, 14, 19.75]},
			"faces": {
				"north": {"uv": [0, 0, 1.25, 1], "texture": "#3"},
				"east": {"uv": [0, 0, 1.25, 1], "texture": "#3"},
				"south": {"uv": [0, 0, 1.25, 1], "texture": "#3"},
				"west": {"uv": [0, 0, 1.25, 1], "texture": "#3"},
				"up": {"uv": [0, 0, 1.25, 1], "texture": "#3"},
				"down": {"uv": [0, 0, 1.25, 1], "texture": "#3"}
			}
		},
		{
			"from": [7, 4.25, 12.5],
			"to": [8, 6.25, 13.5],
			"rotation": {"angle": 0, "axis": "y", "origin": [15, 13.25, 20.5]},
			"faces": {
				"north": {"uv": [0, 0, 1, 2], "texture": "#3"},
				"east": {"uv": [0, 0, 1, 2], "texture": "#3"},
				"south": {"uv": [0, 0, 1, 2], "texture": "#3"},
				"west": {"uv": [0, 0, 1, 2], "texture": "#3"},
				"up": {"uv": [0, 0, 1, 2], "texture": "#3"},
				"down": {"uv": [0, 0, 1, 2], "texture": "#3"}
			}
		},
		{
			"from": [6, 4.25, 11.75],
			"to": [7, 6.25, 12.75],
			"rotation": {"angle": 0, "axis": "y", "origin": [14, 13.25, 19.75]},
			"faces": {
				"north": {"uv": [0, 0, 1, 2], "texture": "#3"},
				"east": {"uv": [0, 0, 1, 2], "texture": "#3"},
				"south": {"uv": [0, 0, 1, 2], "texture": "#3"},
				"west": {"uv": [0, 0, 1, 2], "texture": "#3"},
				"up": {"uv": [0, 0, 1, 2], "texture": "#3"},
				"down": {"uv": [0, 0, 1, 2], "texture": "#3"}
			}
		},
		{
			"from": [3.75, 4.25, 9.75],
			"to": [5, 6.25, 10.75],
			"rotation": {"angle": 0, "axis": "y", "origin": [12, 13.25, 17.75]},
			"faces": {
				"north": {"uv": [0, 0, 1.25, 2], "texture": "#3"},
				"east": {"uv": [0, 0, 1.25, 2], "texture": "#3"},
				"south": {"uv": [0, 0, 1.25, 2], "texture": "#3"},
				"west": {"uv": [0, 0, 1.25, 2], "texture": "#3"},
				"up": {"uv": [0, 0, 1.25, 2], "texture": "#3"},
				"down": {"uv": [0, 0, 1.25, 2], "texture": "#3"}
			}
		},
		{
			"from": [5, 4.25, 10.75],
			"to": [6, 6.25, 11.75],
			"rotation": {"angle": 0, "axis": "y", "origin": [13, 13.25, 18.75]},
			"faces": {
				"north": {"uv": [0, 0, 1, 2], "texture": "#3"},
				"east": {"uv": [0, 0, 1, 2], "texture": "#3"},
				"south": {"uv": [0, 0, 1, 2], "texture": "#3"},
				"west": {"uv": [0, 0, 1, 2], "texture": "#3"},
				"up": {"uv": [0, 0, 1, 2], "texture": "#3"},
				"down": {"uv": [0, 0, 1, 2], "texture": "#3"}
			}
		},
		{
			"from": [2.75, 4.25, 8.75],
			"to": [4, 6.25, 10],
			"rotation": {"angle": 0, "axis": "y", "origin": [10.75, 13.25, 16.75]},
			"faces": {
				"north": {"uv": [0, 0, 1.25, 2], "texture": "#3"},
				"east": {"uv": [0, 0, 1.25, 2], "texture": "#3"},
				"south": {"uv": [0, 0, 1.25, 2], "texture": "#3"},
				"west": {"uv": [0, 0, 1.25, 2], "texture": "#3"},
				"up": {"uv": [0, 0, 1.25, 2], "texture": "#3"},
				"down": {"uv": [0, 0, 1.25, 2], "texture": "#3"}
			}
		},
		{
			"from": [7, 1.25, 11.75],
			"to": [8.25, 4.25, 13],
			"rotation": {"angle": 0, "axis": "y", "origin": [15.25, 11.25, 19.75]},
			"faces": {
				"north": {"uv": [0, 0, 1.25, 3], "texture": "#3"},
				"east": {"uv": [0, 0, 1.25, 3], "texture": "#3"},
				"south": {"uv": [0, 0, 1.25, 3], "texture": "#3"},
				"west": {"uv": [0, 0, 1.25, 3], "texture": "#3"},
				"up": {"uv": [0, 0, 1.25, 3], "texture": "#3"},
				"down": {"uv": [0, 0, 1.25, 3], "texture": "#3"}
			}
		},
		{
			"from": [8.75, 1.25, 11.75],
			"to": [10, 4.25, 13],
			"rotation": {"angle": 0, "axis": "y", "origin": [17, 11.25, 19.75]},
			"faces": {
				"north": {"uv": [0, 0, 1.25, 3], "texture": "#3"},
				"east": {"uv": [0, 0, 1.25, 3], "texture": "#3"},
				"south": {"uv": [0, 0, 1.25, 3], "texture": "#3"},
				"west": {"uv": [0, 0, 1.25, 3], "texture": "#3"},
				"up": {"uv": [0, 0, 1.25, 3], "texture": "#3"},
				"down": {"uv": [0, 0, 1.25, 3], "texture": "#3"}
			}
		},
		{
			"from": [5.75, 1.25, 10.5],
			"to": [7, 4.25, 11.75],
			"rotation": {"angle": 0, "axis": "y", "origin": [14, 11.25, 18.5]},
			"faces": {
				"north": {"uv": [0, 0, 1.25, 3], "texture": "#3"},
				"east": {"uv": [0, 0, 1.25, 3], "texture": "#3"},
				"south": {"uv": [0, 0, 1.25, 3], "texture": "#3"},
				"west": {"uv": [0, 0, 1.25, 3], "texture": "#3"},
				"up": {"uv": [0, 0, 1.25, 3], "texture": "#3"},
				"down": {"uv": [0, 0, 1.25, 3], "texture": "#3"}
			}
		},
		{
			"from": [4.5, 3.25, 9.5],
			"to": [5.75, 4.25, 10.75],
			"rotation": {"angle": 0, "axis": "y", "origin": [12.75, 11.25, 17.5]},
			"faces": {
				"north": {"uv": [0, 0, 1.25, 1], "texture": "#3"},
				"east": {"uv": [0, 0, 1.25, 1], "texture": "#3"},
				"south": {"uv": [0, 0, 1.25, 1], "texture": "#3"},
				"west": {"uv": [0, 0, 1.25, 1], "texture": "#3"},
				"up": {"uv": [0, 0, 1.25, 1], "texture": "#3"},
				"down": {"uv": [0, 0, 1.25, 1], "texture": "#3"}
			}
		},
		{
			"from": [3.5, 3.5, 8.75],
			"to": [4.5, 4.25, 9.75],
			"rotation": {"angle": 0, "axis": "y", "origin": [11.5, 11.25, 16.75]},
			"faces": {
				"north": {"uv": [0, 0, 1, 0.75], "texture": "#3"},
				"east": {"uv": [0, 0, 1, 0.75], "texture": "#3"},
				"south": {"uv": [0, 0, 1, 0.75], "texture": "#3"},
				"west": {"uv": [0, 0, 1, 0.75], "texture": "#3"},
				"up": {"uv": [0, 0, 1, 0.75], "texture": "#3"},
				"down": {"uv": [0, 0, 1, 0.75], "texture": "#3"}
			}
		},
		{
			"from": [4.5, 1.25, 8.25],
			"to": [5.75, 3.5, 10.75],
			"rotation": {"angle": 0, "axis": "y", "origin": [12.75, 10.5, 16.25]},
			"faces": {
				"north": {"uv": [0, 0, 1.25, 2.25], "texture": "#3"},
				"east": {"uv": [0, 0, 1.25, 2.25], "texture": "#3"},
				"south": {"uv": [0, 0, 1.25, 2.25], "texture": "#3"},
				"west": {"uv": [0, 0, 1.25, 2.25], "texture": "#3"},
				"up": {"uv": [0, 0, 1.25, 2.25], "texture": "#3"},
				"down": {"uv": [0, 0, 1.25, 2.25], "texture": "#3"}
			}
		},
		{
			"from": [5.75, 1.25, 10.75],
			"to": [6.75, 2.25, 11.75],
			"rotation": {"angle": 0, "axis": "y", "origin": [13.75, 9.25, 18.75]},
			"faces": {
				"north": {"uv": [0, 0, 1, 1], "texture": "#3"},
				"east": {"uv": [0, 0, 1, 1], "texture": "#3"},
				"south": {"uv": [0, 0, 1, 1], "texture": "#3"},
				"west": {"uv": [0, 0, 1, 1], "texture": "#3"},
				"up": {"uv": [0, 0, 1, 1], "texture": "#3"},
				"down": {"uv": [0, 0, 1, 1], "texture": "#3"}
			}
		},
		{
			"from": [5.25, 4, 10.75],
			"to": [5.75, 4.25, 11.25],
			"rotation": {"angle": 0, "axis": "y", "origin": [12.75, 11.25, 18.75]},
			"faces": {
				"north": {"uv": [0, 0, 0.5, 0.25], "texture": "#3"},
				"east": {"uv": [0, 0, 0.5, 0.25], "texture": "#3"},
				"south": {"uv": [0, 0, 0.5, 0.25], "texture": "#3"},
				"west": {"uv": [0, 0, 0.5, 0.25], "texture": "#3"},
				"up": {"uv": [0, 0, 0.5, 0.25], "texture": "#3"},
				"down": {"uv": [0, 0, 0.5, 0.25], "texture": "#3"}
			}
		},
		{
			"from": [6.25, 3.75, 11.25],
			"to": [7.25, 4.5, 12.25],
			"rotation": {"angle": 0, "axis": "y", "origin": [14.25, 11.5, 19.25]},
			"faces": {
				"north": {"uv": [0, 0, 1, 0.75], "texture": "#3"},
				"east": {"uv": [0, 0, 1, 0.75], "texture": "#3"},
				"south": {"uv": [0, 0, 1, 0.75], "texture": "#3"},
				"west": {"uv": [0, 0, 1, 0.75], "texture": "#3"},
				"up": {"uv": [0, 0, 1, 0.75], "texture": "#3"},
				"down": {"uv": [0, 0, 1, 0.75], "texture": "#3"}
			}
		},
		{
			"from": [9.25, 7, 8.75],
			"to": [10.75, 8, 9.75],
			"rotation": {"angle": 0, "axis": "y", "origin": [11.25, 5.25, 10.75]},
			"faces": {
				"north": {"uv": [0, 0, 1.5, 1], "texture": "#3"},
				"east": {"uv": [0, 0, 1.5, 1], "texture": "#3"},
				"south": {"uv": [0, 0, 1.5, 1], "texture": "#3"},
				"west": {"uv": [0, 0, 1.5, 1], "texture": "#3"},
				"up": {"uv": [0, 0, 1.5, 1], "texture": "#3"},
				"down": {"uv": [0, 0, 1.5, 1], "texture": "#3"}
			}
		},
		{
			"from": [9.25, 6.5, 9.25],
			"to": [10.75, 7.5, 10.75],
			"rotation": {"angle": 0, "axis": "y", "origin": [11.25, 5.25, 10.75]},
			"faces": {
				"north": {"uv": [0, 0, 1.5, 1], "texture": "#3"},
				"east": {"uv": [0, 0, 1.5, 1], "texture": "#3"},
				"south": {"uv": [0, 0, 1.5, 1], "texture": "#3"},
				"west": {"uv": [0, 0, 1.5, 1], "texture": "#3"},
				"up": {"uv": [0, 0, 1.5, 1], "texture": "#3"},
				"down": {"uv": [0, 0, 1.5, 1], "texture": "#3"}
			}
		},
		{
			"from": [10.25, 6.5, 8.25],
			"to": [11.75, 7.5, 9.75],
			"rotation": {"angle": 0, "axis": "y", "origin": [11.25, 5.25, 10.75]},
			"faces": {
				"north": {"uv": [0, 0, 1.5, 1], "texture": "#3"},
				"east": {"uv": [0, 0, 1.5, 1], "texture": "#3"},
				"south": {"uv": [0, 0, 1.5, 1], "texture": "#3"},
				"west": {"uv": [0, 0, 1.5, 1], "texture": "#3"},
				"up": {"uv": [0, 0, 1.5, 1], "texture": "#3"},
				"down": {"uv": [0, 0, 1.5, 1], "texture": "#3"}
			}
		},
		{
			"from": [11.25, 6.25, 8.25],
			"to": [12.75, 7.25, 9.75],
			"rotation": {"angle": 0, "axis": "y", "origin": [11.25, 5.25, 10.75]},
			"faces": {
				"north": {"uv": [0, 0, 1.5, 1], "texture": "#3"},
				"east": {"uv": [0, 0, 1.5, 1], "texture": "#3"},
				"south": {"uv": [0, 0, 1.5, 1], "texture": "#3"},
				"west": {"uv": [0, 0, 1.5, 1], "texture": "#3"},
				"up": {"uv": [0, 0, 1.5, 1], "texture": "#3"},
				"down": {"uv": [0, 0, 1.5, 1], "texture": "#3"}
			}
		},
		{
			"from": [10.25, 6.25, 9.25],
			"to": [11.75, 7.25, 10.75],
			"rotation": {"angle": 0, "axis": "y", "origin": [11.25, 5.25, 10.75]},
			"faces": {
				"north": {"uv": [0, 0, 1.5, 1], "texture": "#3"},
				"east": {"uv": [0, 0, 1.5, 1], "texture": "#3"},
				"south": {"uv": [0, 0, 1.5, 1], "texture": "#3"},
				"west": {"uv": [0, 0, 1.5, 1], "texture": "#3"},
				"up": {"uv": [0, 0, 1.5, 1], "texture": "#3"},
				"down": {"uv": [0, 0, 1.5, 1], "texture": "#3"}
			}
		},
		{
			"from": [9.25, 6.25, 10.25],
			"to": [10.75, 7.25, 11.75],
			"rotation": {"angle": 0, "axis": "y", "origin": [11.25, 5.25, 10.75]},
			"faces": {
				"north": {"uv": [0, 0, 1.5, 1], "texture": "#3"},
				"east": {"uv": [0, 0, 1.5, 1], "texture": "#3"},
				"south": {"uv": [0, 0, 1.5, 1], "texture": "#3"},
				"west": {"uv": [0, 0, 1.5, 1], "texture": "#3"},
				"up": {"uv": [0, 0, 1.5, 1], "texture": "#3"},
				"down": {"uv": [0, 0, 1.5, 1], "texture": "#3"}
			}
		},
		{
			"from": [9, 6, 11.25],
			"to": [11, 7, 13.5],
			"rotation": {"angle": 0, "axis": "y", "origin": [11.25, 5.25, 10.75]},
			"faces": {
				"north": {"uv": [0, 0, 2, 1], "texture": "#3"},
				"east": {"uv": [0, 0, 2, 1], "texture": "#3"},
				"south": {"uv": [0, 0, 2, 1], "texture": "#3"},
				"west": {"uv": [0, 0, 2, 1], "texture": "#3"},
				"up": {"uv": [0, 0, 2, 1], "texture": "#3"},
				"down": {"uv": [0, 0, 2, 1], "texture": "#3"}
			}
		},
		{
			"from": [10.25, 6, 10.25],
			"to": [12, 7, 12],
			"rotation": {"angle": 0, "axis": "y", "origin": [11.25, 5.25, 10.75]},
			"faces": {
				"north": {"uv": [0, 0, 1.75, 1], "texture": "#3"},
				"east": {"uv": [0, 0, 1.75, 1], "texture": "#3"},
				"south": {"uv": [0, 0, 1.75, 1], "texture": "#3"},
				"west": {"uv": [0, 0, 1.75, 1], "texture": "#3"},
				"up": {"uv": [0, 0, 1.75, 1], "texture": "#3"},
				"down": {"uv": [0, 0, 1.75, 1], "texture": "#3"}
			}
		},
		{
			"from": [11.25, 6, 9.25],
			"to": [13, 7, 11],
			"rotation": {"angle": 0, "axis": "y", "origin": [11.25, 5.25, 10.75]},
			"faces": {
				"north": {"uv": [0, 0, 1.75, 1], "texture": "#3"},
				"east": {"uv": [0, 0, 1.75, 1], "texture": "#3"},
				"south": {"uv": [0, 0, 1.75, 1], "texture": "#3"},
				"west": {"uv": [0, 0, 1.75, 1], "texture": "#3"},
				"up": {"uv": [0, 0, 1.75, 1], "texture": "#3"},
				"down": {"uv": [0, 0, 1.75, 1], "texture": "#3"}
			}
		},
		{
			"from": [12.25, 6, 8.25],
			"to": [14, 7, 10],
			"rotation": {"angle": 0, "axis": "y", "origin": [11.25, 5.25, 10.75]},
			"faces": {
				"north": {"uv": [0, 0, 1.75, 1], "texture": "#3"},
				"east": {"uv": [0, 0, 1.75, 1], "texture": "#3"},
				"south": {"uv": [0, 0, 1.75, 1], "texture": "#3"},
				"west": {"uv": [0, 0, 1.75, 1], "texture": "#3"},
				"up": {"uv": [0, 0, 1.75, 1], "texture": "#3"},
				"down": {"uv": [0, 0, 1.75, 1], "texture": "#3"}
			}
		},
		{
			"from": [13, 4.25, 8.5],
			"to": [14.5, 6.5, 10],
			"rotation": {"angle": 0, "axis": "y", "origin": [11.25, 5.25, 10.75]},
			"faces": {
				"north": {"uv": [0, 0, 1.5, 2.25], "texture": "#3"},
				"east": {"uv": [0, 0, 1.5, 2.25], "texture": "#3"},
				"south": {"uv": [0, 0, 1.5, 2.25], "texture": "#3"},
				"west": {"uv": [0, 0, 1.5, 2.25], "texture": "#3"},
				"up": {"uv": [0, 0, 1.5, 2.25], "texture": "#3"},
				"down": {"uv": [0, 0, 1.5, 2.25], "texture": "#3"}
			}
		},
		{
			"from": [12.25, 4.25, 9.5],
			"to": [13.75, 6.25, 11],
			"rotation": {"angle": 0, "axis": "y", "origin": [11.25, 5.25, 10.75]},
			"faces": {
				"north": {"uv": [0, 0, 1.5, 2], "texture": "#3"},
				"east": {"uv": [0, 0, 1.5, 2], "texture": "#3"},
				"south": {"uv": [0, 0, 1.5, 2], "texture": "#3"},
				"west": {"uv": [0, 0, 1.5, 2], "texture": "#3"},
				"up": {"uv": [0, 0, 1.5, 2], "texture": "#3"},
				"down": {"uv": [0, 0, 1.5, 2], "texture": "#3"}
			}
		},
		{
			"from": [10.25, 4.25, 11.5],
			"to": [11.75, 6.25, 13.25],
			"rotation": {"angle": 0, "axis": "y", "origin": [11.25, 5.25, 10.75]},
			"faces": {
				"north": {"uv": [0, 0, 1.5, 2], "texture": "#3"},
				"east": {"uv": [0, 0, 1.5, 2], "texture": "#3"},
				"south": {"uv": [0, 0, 1.5, 2], "texture": "#3"},
				"west": {"uv": [0, 0, 1.5, 2], "texture": "#3"},
				"up": {"uv": [0, 0, 1.5, 2], "texture": "#3"},
				"down": {"uv": [0, 0, 1.5, 2], "texture": "#3"}
			}
		},
		{
			"from": [11.25, 4.25, 10.5],
			"to": [12.75, 6.25, 12],
			"rotation": {"angle": 0, "axis": "y", "origin": [11.25, 5.25, 10.75]},
			"faces": {
				"north": {"uv": [0, 0, 1.5, 2], "texture": "#3"},
				"east": {"uv": [0, 0, 1.5, 2], "texture": "#3"},
				"south": {"uv": [0, 0, 1.5, 2], "texture": "#3"},
				"west": {"uv": [0, 0, 1.5, 2], "texture": "#3"},
				"up": {"uv": [0, 0, 1.5, 2], "texture": "#3"},
				"down": {"uv": [0, 0, 1.5, 2], "texture": "#3"}
			}
		},
		{
			"from": [9, 4.25, 12.5],
			"to": [11, 6.25, 14.25],
			"rotation": {"angle": 0, "axis": "y", "origin": [11.25, 5.25, 10.75]},
			"faces": {
				"north": {"uv": [0, 0, 2.25, 2], "texture": "#3"},
				"east": {"uv": [0, 0, 2.25, 2], "texture": "#3"},
				"south": {"uv": [0, 0, 2.25, 2], "texture": "#3"},
				"west": {"uv": [0, 0, 2.25, 2], "texture": "#3"},
				"up": {"uv": [0, 0, 2.25, 2], "texture": "#3"},
				"down": {"uv": [0, 0, 2.25, 2], "texture": "#3"}
			}
		},
		{
			"from": [11.5, 1.25, 7.75],
			"to": [13.25, 4.25, 10],
			"rotation": {"angle": 0, "axis": "y", "origin": [10.5, 5.25, 10.75]},
			"faces": {
				"north": {"uv": [0, 0, 1.75, 3], "texture": "#3"},
				"east": {"uv": [0, 0, 1.75, 3], "texture": "#3"},
				"south": {"uv": [0, 0, 1.75, 3], "texture": "#3"},
				"west": {"uv": [0, 0, 1.75, 3], "texture": "#3"},
				"up": {"uv": [0, 0, 1.75, 3], "texture": "#3"},
				"down": {"uv": [0, 0, 1.75, 3], "texture": "#3"}
			}
		},
		{
			"from": [11, 1.25, 9.5],
			"to": [12.75, 4.25, 11.25],
			"rotation": {"angle": 0, "axis": "y", "origin": [11.25, 5.25, 10.75]},
			"faces": {
				"north": {"uv": [0, 0, 1.75, 3], "texture": "#3"},
				"east": {"uv": [0, 0, 1.75, 3], "texture": "#3"},
				"south": {"uv": [0, 0, 1.75, 3], "texture": "#3"},
				"west": {"uv": [0, 0, 1.75, 3], "texture": "#3"},
				"up": {"uv": [0, 0, 1.75, 3], "texture": "#3"},
				"down": {"uv": [0, 0, 1.75, 3], "texture": "#3"}
			}
		},
		{
			"from": [10, 3.25, 10.75],
			"to": [11.75, 4.25, 12.5],
			"rotation": {"angle": 0, "axis": "y", "origin": [11.25, 5.25, 10.75]},
			"faces": {
				"north": {"uv": [0, 0, 1.75, 1], "texture": "#3"},
				"east": {"uv": [0, 0, 1.75, 1], "texture": "#3"},
				"south": {"uv": [0, 0, 1.75, 1], "texture": "#3"},
				"west": {"uv": [0, 0, 1.75, 1], "texture": "#3"},
				"up": {"uv": [0, 0, 1.75, 1], "texture": "#3"},
				"down": {"uv": [0, 0, 1.75, 1], "texture": "#3"}
			}
		},
		{
			"from": [9, 3.5, 12],
			"to": [10.75, 4.25, 13.5],
			"rotation": {"angle": 0, "axis": "y", "origin": [11.25, 5.25, 10.75]},
			"faces": {
				"north": {"uv": [0, 0, 1.75, 0.75], "texture": "#3"},
				"east": {"uv": [0, 0, 1.75, 0.75], "texture": "#3"},
				"south": {"uv": [0, 0, 1.75, 0.75], "texture": "#3"},
				"west": {"uv": [0, 0, 1.75, 0.75], "texture": "#3"},
				"up": {"uv": [0, 0, 1.75, 0.75], "texture": "#3"},
				"down": {"uv": [0, 0, 1.75, 0.75], "texture": "#3"}
			}
		},
		{
			"from": [8.75, 1.25, 10.75],
			"to": [11.75, 3.5, 12.5],
			"rotation": {"angle": 0, "axis": "y", "origin": [11.25, 5.25, 10.75]},
			"faces": {
				"north": {"uv": [0, 0, 3, 2.25], "texture": "#3"},
				"east": {"uv": [0, 0, 3, 2.25], "texture": "#3"},
				"south": {"uv": [0, 0, 3, 2.25], "texture": "#3"},
				"west": {"uv": [0, 0, 3, 2.25], "texture": "#3"},
				"up": {"uv": [0, 0, 3, 2.25], "texture": "#3"},
				"down": {"uv": [0, 0, 3, 2.25], "texture": "#3"}
			}
		},
		{
			"from": [11.25, 4, 10.75],
			"to": [12.25, 4.25, 11.75],
			"rotation": {"angle": 0, "axis": "y", "origin": [11.25, 5.25, 10.75]},
			"faces": {
				"north": {"uv": [0, 0, 1, 0.25], "texture": "#3"},
				"east": {"uv": [0, 0, 1, 0.25], "texture": "#3"},
				"south": {"uv": [0, 0, 1, 0.25], "texture": "#3"},
				"west": {"uv": [0, 0, 1, 0.25], "texture": "#3"},
				"up": {"uv": [0, 0, 1, 0.25], "texture": "#3"},
				"down": {"uv": [0, 0, 1, 0.25], "texture": "#3"}
			}
		},
		{
			"from": [11.75, 3.75, 9.25],
			"to": [13.25, 4.5, 10.75],
			"rotation": {"angle": 0, "axis": "y", "origin": [11.25, 5.25, 10.75]},
			"faces": {
				"north": {"uv": [0, 0, 1.5, 0.75], "texture": "#3"},
				"east": {"uv": [0, 0, 1.5, 0.75], "texture": "#3"},
				"south": {"uv": [0, 0, 1.5, 0.75], "texture": "#3"},
				"west": {"uv": [0, 0, 1.5, 0.75], "texture": "#3"},
				"up": {"uv": [0, 0, 1.5, 0.75], "texture": "#3"},
				"down": {"uv": [0, 0, 1.5, 0.75], "texture": "#3"}
			}
		},
		{
			"from": [7, 7, 6.75],
			"to": [8.25, 8, 7.75],
			"rotation": {"angle": 0, "axis": "y", "origin": [6.75, 4.25, 5.5]},
			"faces": {
				"north": {"uv": [0, 0, 1.25, 1], "texture": "#3"},
				"east": {"uv": [0, 0, 1.25, 1], "texture": "#3"},
				"south": {"uv": [0, 0, 1.25, 1], "texture": "#3"},
				"west": {"uv": [0, 0, 1.25, 1], "texture": "#3"},
				"up": {"uv": [0, 0, 1.25, 1], "texture": "#3"},
				"down": {"uv": [0, 0, 1.25, 1], "texture": "#3"}
			}
		},
		{
			"from": [7, 6.5, 5.75],
			"to": [8.25, 7.5, 6.75],
			"rotation": {"angle": 0, "axis": "y", "origin": [6.75, 4.25, 5.5]},
			"faces": {
				"north": {"uv": [0, 0, 1.25, 1], "texture": "#3"},
				"east": {"uv": [0, 0, 1.25, 1], "texture": "#3"},
				"south": {"uv": [0, 0, 1.25, 1], "texture": "#3"},
				"west": {"uv": [0, 0, 1.25, 1], "texture": "#3"},
				"up": {"uv": [0, 0, 1.25, 1], "texture": "#3"},
				"down": {"uv": [0, 0, 1.25, 1], "texture": "#3"}
			}
		},
		{
			"from": [6, 6.5, 6.75],
			"to": [7.25, 7.5, 7.75],
			"rotation": {"angle": 0, "axis": "y", "origin": [6.75, 4.25, 5.5]},
			"faces": {
				"north": {"uv": [0, 0, 1.25, 1], "texture": "#3"},
				"east": {"uv": [0, 0, 1.25, 1], "texture": "#3"},
				"south": {"uv": [0, 0, 1.25, 1], "texture": "#3"},
				"west": {"uv": [0, 0, 1.25, 1], "texture": "#3"},
				"up": {"uv": [0, 0, 1.25, 1], "texture": "#3"},
				"down": {"uv": [0, 0, 1.25, 1], "texture": "#3"}
			}
		},
		{
			"from": [5, 6.25, 6.75],
			"to": [6.25, 7.25, 7.75],
			"rotation": {"angle": 0, "axis": "y", "origin": [6.75, 4.25, 5.5]},
			"faces": {
				"north": {"uv": [0, 0, 1.25, 1], "texture": "#3"},
				"east": {"uv": [0, 0, 1.25, 1], "texture": "#3"},
				"south": {"uv": [0, 0, 1.25, 1], "texture": "#3"},
				"west": {"uv": [0, 0, 1.25, 1], "texture": "#3"},
				"up": {"uv": [0, 0, 1.25, 1], "texture": "#3"},
				"down": {"uv": [0, 0, 1.25, 1], "texture": "#3"}
			}
		},
		{
			"from": [6, 6.25, 5.75],
			"to": [7.25, 7.25, 6.75],
			"rotation": {"angle": 0, "axis": "y", "origin": [6.75, 4.25, 5.5]},
			"faces": {
				"north": {"uv": [0, 0, 1.25, 1], "texture": "#3"},
				"east": {"uv": [0, 0, 1.25, 1], "texture": "#3"},
				"south": {"uv": [0, 0, 1.25, 1], "texture": "#3"},
				"west": {"uv": [0, 0, 1.25, 1], "texture": "#3"},
				"up": {"uv": [0, 0, 1.25, 1], "texture": "#3"},
				"down": {"uv": [0, 0, 1.25, 1], "texture": "#3"}
			}
		},
		{
			"from": [7, 6.25, 4.75],
			"to": [8.25, 7.25, 5.75],
			"rotation": {"angle": 0, "axis": "y", "origin": [6.75, 4.25, 5.5]},
			"faces": {
				"north": {"uv": [0, 0, 1.25, 1], "texture": "#3"},
				"east": {"uv": [0, 0, 1.25, 1], "texture": "#3"},
				"south": {"uv": [0, 0, 1.25, 1], "texture": "#3"},
				"west": {"uv": [0, 0, 1.25, 1], "texture": "#3"},
				"up": {"uv": [0, 0, 1.25, 1], "texture": "#3"},
				"down": {"uv": [0, 0, 1.25, 1], "texture": "#3"}
			}
		},
		{
			"from": [6.75, 6, 3],
			"to": [8.25, 7, 4.75],
			"rotation": {"angle": 0, "axis": "y", "origin": [6.75, 4.25, 5.5]},
			"faces": {
				"north": {"uv": [0, 0, 1.5, 1], "texture": "#3"},
				"east": {"uv": [0, 0, 1.5, 1], "texture": "#3"},
				"south": {"uv": [0, 0, 1.5, 1], "texture": "#3"},
				"west": {"uv": [0, 0, 1.5, 1], "texture": "#3"},
				"up": {"uv": [0, 0, 1.5, 1], "texture": "#3"},
				"down": {"uv": [0, 0, 1.5, 1], "texture": "#3"}
			}
		},
		{
			"from": [5.75, 6, 4.5],
			"to": [7.25, 7, 5.75],
			"rotation": {"angle": 0, "axis": "y", "origin": [6.75, 4.25, 5.5]},
			"faces": {
				"north": {"uv": [0, 0, 1.5, 1], "texture": "#3"},
				"east": {"uv": [0, 0, 1.5, 1], "texture": "#3"},
				"south": {"uv": [0, 0, 1.5, 1], "texture": "#3"},
				"west": {"uv": [0, 0, 1.5, 1], "texture": "#3"},
				"up": {"uv": [0, 0, 1.5, 1], "texture": "#3"},
				"down": {"uv": [0, 0, 1.5, 1], "texture": "#3"}
			}
		},
		{
			"from": [4.75, 6, 5.5],
			"to": [6.25, 7, 6.75],
			"rotation": {"angle": 0, "axis": "y", "origin": [6.75, 4.25, 5.5]},
			"faces": {
				"north": {"uv": [0, 0, 1.5, 1], "texture": "#3"},
				"east": {"uv": [0, 0, 1.5, 1], "texture": "#3"},
				"south": {"uv": [0, 0, 1.5, 1], "texture": "#3"},
				"west": {"uv": [0, 0, 1.5, 1], "texture": "#3"},
				"up": {"uv": [0, 0, 1.5, 1], "texture": "#3"},
				"down": {"uv": [0, 0, 1.5, 1], "texture": "#3"}
			}
		},
		{
			"from": [3.75, 6, 6.5],
			"to": [5.25, 7, 7.75],
			"rotation": {"angle": 0, "axis": "y", "origin": [6.75, 4.25, 5.5]},
			"faces": {
				"north": {"uv": [0, 0, 1.5, 1], "texture": "#3"},
				"east": {"uv": [0, 0, 1.5, 1], "texture": "#3"},
				"south": {"uv": [0, 0, 1.5, 1], "texture": "#3"},
				"west": {"uv": [0, 0, 1.5, 1], "texture": "#3"},
				"up": {"uv": [0, 0, 1.5, 1], "texture": "#3"},
				"down": {"uv": [0, 0, 1.5, 1], "texture": "#3"}
			}
		},
		{
			"from": [3.25, 4.25, 6.5],
			"to": [4.5, 6.25, 7.75],
			"rotation": {"angle": 0, "axis": "y", "origin": [6.75, 4.25, 5.5]},
			"faces": {
				"north": {"uv": [0, 0, 1.25, 2], "texture": "#3"},
				"east": {"uv": [0, 0, 1.25, 2], "texture": "#3"},
				"south": {"uv": [0, 0, 1.25, 2], "texture": "#3"},
				"west": {"uv": [0, 0, 1.25, 2], "texture": "#3"},
				"up": {"uv": [0, 0, 1.25, 2], "texture": "#3"},
				"down": {"uv": [0, 0, 1.25, 2], "texture": "#3"}
			}
		},
		{
			"from": [4, 4.25, 5.5],
			"to": [5.25, 6.25, 6.5],
			"rotation": {"angle": 0, "axis": "y", "origin": [6.75, 4.25, 5.5]},
			"faces": {
				"north": {"uv": [0, 0, 1.25, 2], "texture": "#3"},
				"east": {"uv": [0, 0, 1.25, 2], "texture": "#3"},
				"south": {"uv": [0, 0, 1.25, 2], "texture": "#3"},
				"west": {"uv": [0, 0, 1.25, 2], "texture": "#3"},
				"up": {"uv": [0, 0, 1.25, 2], "texture": "#3"},
				"down": {"uv": [0, 0, 1.25, 2], "texture": "#3"}
			}
		},
		{
			"from": [6, 4.25, 3.25],
			"to": [7.25, 6.25, 4.5],
			"rotation": {"angle": 0, "axis": "y", "origin": [6.75, 4.25, 5.5]},
			"faces": {
				"north": {"uv": [0, 0, 1.25, 2], "texture": "#3"},
				"east": {"uv": [0, 0, 1.25, 2], "texture": "#3"},
				"south": {"uv": [0, 0, 1.25, 2], "texture": "#3"},
				"west": {"uv": [0, 0, 1.25, 2], "texture": "#3"},
				"up": {"uv": [0, 0, 1.25, 2], "texture": "#3"},
				"down": {"uv": [0, 0, 1.25, 2], "texture": "#3"}
			}
		},
		{
			"from": [5, 4.25, 4.5],
			"to": [6.25, 6.25, 5.5],
			"rotation": {"angle": 0, "axis": "y", "origin": [6.75, 4.25, 5.5]},
			"faces": {
				"north": {"uv": [0, 0, 1.25, 2], "texture": "#3"},
				"east": {"uv": [0, 0, 1.25, 2], "texture": "#3"},
				"south": {"uv": [0, 0, 1.25, 2], "texture": "#3"},
				"west": {"uv": [0, 0, 1.25, 2], "texture": "#3"},
				"up": {"uv": [0, 0, 1.25, 2], "texture": "#3"},
				"down": {"uv": [0, 0, 1.25, 2], "texture": "#3"}
			}
		},
		{
			"from": [6.75, 4.25, 2.25],
			"to": [8.25, 6.25, 3.5],
			"rotation": {"angle": 0, "axis": "y", "origin": [6.75, 4.25, 5.5]},
			"faces": {
				"north": {"uv": [0, 0, 1.5, 2], "texture": "#3"},
				"east": {"uv": [0, 0, 1.5, 2], "texture": "#3"},
				"south": {"uv": [0, 0, 1.5, 2], "texture": "#3"},
				"west": {"uv": [0, 0, 1.5, 2], "texture": "#3"},
				"up": {"uv": [0, 0, 1.5, 2], "texture": "#3"},
				"down": {"uv": [0, 0, 1.5, 2], "texture": "#3"}
			}
		},
		{
			"from": [3.75, 1.25, 6.5],
			"to": [5.25, 4.25, 7.75],
			"rotation": {"angle": 0, "axis": "y", "origin": [6.75, 4.25, 5.5]},
			"faces": {
				"north": {"uv": [0, 0, 1.5, 3], "texture": "#3"},
				"east": {"uv": [0, 0, 1.5, 3], "texture": "#3"},
				"south": {"uv": [0, 0, 1.5, 3], "texture": "#3"},
				"west": {"uv": [0, 0, 1.5, 3], "texture": "#3"},
				"up": {"uv": [0, 0, 1.5, 3], "texture": "#3"},
				"down": {"uv": [0, 0, 1.5, 3], "texture": "#3"}
			}
		},
		{
			"from": [3.75, 1.25, 8.75],
			"to": [5.25, 4.25, 10],
			"rotation": {"angle": 0, "axis": "y", "origin": [6.75, 4.25, 7.75]},
			"faces": {
				"north": {"uv": [0, 0, 1.5, 3], "texture": "#3"},
				"east": {"uv": [0, 0, 1.5, 3], "texture": "#3"},
				"south": {"uv": [0, 0, 1.5, 3], "texture": "#3"},
				"west": {"uv": [0, 0, 1.5, 3], "texture": "#3"},
				"up": {"uv": [0, 0, 1.5, 3], "texture": "#3"},
				"down": {"uv": [0, 0, 1.5, 3], "texture": "#3"}
			}
		},
		{
			"from": [5, 1.25, 5.25],
			"to": [6.5, 4.25, 6.5],
			"rotation": {"angle": 0, "axis": "y", "origin": [6.75, 4.25, 5.5]},
			"faces": {
				"north": {"uv": [0, 0, 1.5, 3], "texture": "#3"},
				"east": {"uv": [0, 0, 1.5, 3], "texture": "#3"},
				"south": {"uv": [0, 0, 1.5, 3], "texture": "#3"},
				"west": {"uv": [0, 0, 1.5, 3], "texture": "#3"},
				"up": {"uv": [0, 0, 1.5, 3], "texture": "#3"},
				"down": {"uv": [0, 0, 1.5, 3], "texture": "#3"}
			}
		},
		{
			"from": [6, 3.25, 4],
			"to": [7.5, 4.25, 5.25],
			"rotation": {"angle": 0, "axis": "y", "origin": [6.75, 4.25, 5.5]},
			"faces": {
				"north": {"uv": [0, 0, 1.5, 1], "texture": "#3"},
				"east": {"uv": [0, 0, 1.5, 1], "texture": "#3"},
				"south": {"uv": [0, 0, 1.5, 1], "texture": "#3"},
				"west": {"uv": [0, 0, 1.5, 1], "texture": "#3"},
				"up": {"uv": [0, 0, 1.5, 1], "texture": "#3"},
				"down": {"uv": [0, 0, 1.5, 1], "texture": "#3"}
			}
		},
		{
			"from": [7, 3.5, 3],
			"to": [8.25, 4.25, 4],
			"rotation": {"angle": 0, "axis": "y", "origin": [6.75, 4.25, 5.5]},
			"faces": {
				"north": {"uv": [0, 0, 1.25, 0.75], "texture": "#3"},
				"east": {"uv": [0, 0, 1.25, 0.75], "texture": "#3"},
				"south": {"uv": [0, 0, 1.25, 0.75], "texture": "#3"},
				"west": {"uv": [0, 0, 1.25, 0.75], "texture": "#3"},
				"up": {"uv": [0, 0, 1.25, 0.75], "texture": "#3"},
				"down": {"uv": [0, 0, 1.25, 0.75], "texture": "#3"}
			}
		},
		{
			"from": [6, 1.25, 4],
			"to": [8.75, 3.5, 5.25],
			"rotation": {"angle": 0, "axis": "y", "origin": [6.75, 4.25, 5.5]},
			"faces": {
				"north": {"uv": [0, 0, 2.75, 2.25], "texture": "#3"},
				"east": {"uv": [0, 0, 2.75, 2.25], "texture": "#3"},
				"south": {"uv": [0, 0, 2.75, 2.25], "texture": "#3"},
				"west": {"uv": [0, 0, 2.75, 2.25], "texture": "#3"},
				"up": {"uv": [0, 0, 2.75, 2.25], "texture": "#3"},
				"down": {"uv": [0, 0, 2.75, 2.25], "texture": "#3"}
			}
		},
		{
			"from": [5.5, 4, 4.75],
			"to": [6.25, 4.25, 5.25],
			"rotation": {"angle": 0, "axis": "y", "origin": [6.75, 4.25, 5.5]},
			"faces": {
				"north": {"uv": [0, 0, 0.75, 0.25], "texture": "#3"},
				"east": {"uv": [0, 0, 0.75, 0.25], "texture": "#3"},
				"south": {"uv": [0, 0, 0.75, 0.25], "texture": "#3"},
				"west": {"uv": [0, 0, 0.75, 0.25], "texture": "#3"},
				"up": {"uv": [0, 0, 0.75, 0.25], "texture": "#3"},
				"down": {"uv": [0, 0, 0.75, 0.25], "texture": "#3"}
			}
		},
		{
			"from": [4.5, 3.75, 5.75],
			"to": [5.75, 4.5, 6.75],
			"rotation": {"angle": 0, "axis": "y", "origin": [6.75, 4.25, 5.5]},
			"faces": {
				"north": {"uv": [0, 0, 1.25, 0.75], "texture": "#3"},
				"east": {"uv": [0, 0, 1.25, 0.75], "texture": "#3"},
				"south": {"uv": [0, 0, 1.25, 0.75], "texture": "#3"},
				"west": {"uv": [0, 0, 1.25, 0.75], "texture": "#3"},
				"up": {"uv": [0, 0, 1.25, 0.75], "texture": "#3"},
				"down": {"uv": [0, 0, 1.25, 0.75], "texture": "#3"}
			}
		},
		{
			"from": [9.25, 7.25, 6.5],
			"to": [10.25, 8.25, 7.75],
			"rotation": {"angle": 0, "axis": "y", "origin": [11.5, 4.5, 6.25]},
			"faces": {
				"north": {"uv": [0, 0, 1, 1], "texture": "#3"},
				"east": {"uv": [0, 0, 1, 1], "texture": "#3"},
				"south": {"uv": [0, 0, 1, 1], "texture": "#3"},
				"west": {"uv": [0, 0, 1, 1], "texture": "#3"},
				"up": {"uv": [0, 0, 1, 1], "texture": "#3"},
				"down": {"uv": [0, 0, 1, 1], "texture": "#3"}
			}
		},
		{
			"from": [10.25, 6.75, 6.5],
			"to": [11.25, 7.75, 7.75],
			"rotation": {"angle": 0, "axis": "y", "origin": [11.5, 4.5, 6.25]},
			"faces": {
				"north": {"uv": [0, 0, 1, 1], "texture": "#3"},
				"east": {"uv": [0, 0, 1, 1], "texture": "#3"},
				"south": {"uv": [0, 0, 1, 1], "texture": "#3"},
				"west": {"uv": [0, 0, 1, 1], "texture": "#3"},
				"up": {"uv": [0, 0, 1, 1], "texture": "#3"},
				"down": {"uv": [0, 0, 1, 1], "texture": "#3"}
			}
		},
		{
			"from": [9.25, 6.75, 5.5],
			"to": [10.25, 7.75, 6.75],
			"rotation": {"angle": 0, "axis": "y", "origin": [11.5, 4.5, 6.25]},
			"faces": {
				"north": {"uv": [0, 0, 1, 1], "texture": "#3"},
				"east": {"uv": [0, 0, 1, 1], "texture": "#3"},
				"south": {"uv": [0, 0, 1, 1], "texture": "#3"},
				"west": {"uv": [0, 0, 1, 1], "texture": "#3"},
				"up": {"uv": [0, 0, 1, 1], "texture": "#3"},
				"down": {"uv": [0, 0, 1, 1], "texture": "#3"}
			}
		},
		{
			"from": [9.25, 6.5, 4.5],
			"to": [10.25, 7.5, 5.75],
			"rotation": {"angle": 0, "axis": "y", "origin": [11.5, 4.5, 6.25]},
			"faces": {
				"north": {"uv": [0, 0, 1, 1], "texture": "#3"},
				"east": {"uv": [0, 0, 1, 1], "texture": "#3"},
				"south": {"uv": [0, 0, 1, 1], "texture": "#3"},
				"west": {"uv": [0, 0, 1, 1], "texture": "#3"},
				"up": {"uv": [0, 0, 1, 1], "texture": "#3"},
				"down": {"uv": [0, 0, 1, 1], "texture": "#3"}
			}
		},
		{
			"from": [10.25, 6.5, 5.5],
			"to": [11.25, 7.5, 6.75],
			"rotation": {"angle": 0, "axis": "y", "origin": [11.5, 4.5, 6.25]},
			"faces": {
				"north": {"uv": [0, 0, 1, 1], "texture": "#3"},
				"east": {"uv": [0, 0, 1, 1], "texture": "#3"},
				"south": {"uv": [0, 0, 1, 1], "texture": "#3"},
				"west": {"uv": [0, 0, 1, 1], "texture": "#3"},
				"up": {"uv": [0, 0, 1, 1], "texture": "#3"},
				"down": {"uv": [0, 0, 1, 1], "texture": "#3"}
			}
		},
		{
			"from": [11.25, 6.5, 6.5],
			"to": [12.25, 7.5, 7.75],
			"rotation": {"angle": 0, "axis": "y", "origin": [11.5, 4.5, 6.25]},
			"faces": {
				"north": {"uv": [0, 0, 1, 1], "texture": "#3"},
				"east": {"uv": [0, 0, 1, 1], "texture": "#3"},
				"south": {"uv": [0, 0, 1, 1], "texture": "#3"},
				"west": {"uv": [0, 0, 1, 1], "texture": "#3"},
				"up": {"uv": [0, 0, 1, 1], "texture": "#3"},
				"down": {"uv": [0, 0, 1, 1], "texture": "#3"}
			}
		},
		{
			"from": [12.25, 6.25, 6.25],
			"to": [14, 7.25, 7.75],
			"rotation": {"angle": 0, "axis": "y", "origin": [11.5, 4.5, 6.25]},
			"faces": {
				"north": {"uv": [0, 0, 1.75, 1], "texture": "#3"},
				"east": {"uv": [0, 0, 1.75, 1], "texture": "#3"},
				"south": {"uv": [0, 0, 1.75, 1], "texture": "#3"},
				"west": {"uv": [0, 0, 1.75, 1], "texture": "#3"},
				"up": {"uv": [0, 0, 1.75, 1], "texture": "#3"},
				"down": {"uv": [0, 0, 1.75, 1], "texture": "#3"}
			}
		},
		{
			"from": [11.25, 6.25, 5.25],
			"to": [12.5, 7.25, 6.75],
			"rotation": {"angle": 0, "axis": "y", "origin": [11.5, 4.5, 6.25]},
			"faces": {
				"north": {"uv": [0, 0, 1.25, 1], "texture": "#3"},
				"east": {"uv": [0, 0, 1.25, 1], "texture": "#3"},
				"south": {"uv": [0, 0, 1.25, 1], "texture": "#3"},
				"west": {"uv": [0, 0, 1.25, 1], "texture": "#3"},
				"up": {"uv": [0, 0, 1.25, 1], "texture": "#3"},
				"down": {"uv": [0, 0, 1.25, 1], "texture": "#3"}
			}
		},
		{
			"from": [10.25, 6.25, 4.25],
			"to": [11.5, 7.25, 5.75],
			"rotation": {"angle": 0, "axis": "y", "origin": [11.5, 4.5, 6.25]},
			"faces": {
				"north": {"uv": [0, 0, 1.25, 1], "texture": "#3"},
				"east": {"uv": [0, 0, 1.25, 1], "texture": "#3"},
				"south": {"uv": [0, 0, 1.25, 1], "texture": "#3"},
				"west": {"uv": [0, 0, 1.25, 1], "texture": "#3"},
				"up": {"uv": [0, 0, 1.25, 1], "texture": "#3"},
				"down": {"uv": [0, 0, 1.25, 1], "texture": "#3"}
			}
		},
		{
			"from": [9.25, 6.25, 3.25],
			"to": [10.5, 7.25, 4.75],
			"rotation": {"angle": 0, "axis": "y", "origin": [11.5, 4.5, 6.25]},
			"faces": {
				"north": {"uv": [0, 0, 1.25, 1], "texture": "#3"},
				"east": {"uv": [0, 0, 1.25, 1], "texture": "#3"},
				"south": {"uv": [0, 0, 1.25, 1], "texture": "#3"},
				"west": {"uv": [0, 0, 1.25, 1], "texture": "#3"},
				"up": {"uv": [0, 0, 1.25, 1], "texture": "#3"},
				"down": {"uv": [0, 0, 1.25, 1], "texture": "#3"}
			}
		},
		{
			"from": [9.25, 4.5, 2.75],
			"to": [10.5, 6.5, 4],
			"rotation": {"angle": 0, "axis": "y", "origin": [11.5, 4.5, 6.25]},
			"faces": {
				"north": {"uv": [0, 0, 1.25, 2], "texture": "#3"},
				"east": {"uv": [0, 0, 1.25, 2], "texture": "#3"},
				"south": {"uv": [0, 0, 1.25, 2], "texture": "#3"},
				"west": {"uv": [0, 0, 1.25, 2], "texture": "#3"},
				"up": {"uv": [0, 0, 1.25, 2], "texture": "#3"},
				"down": {"uv": [0, 0, 1.25, 2], "texture": "#3"}
			}
		},
		{
			"from": [10.5, 4.5, 3.5],
			"to": [11.5, 6.5, 4.75],
			"rotation": {"angle": 0, "axis": "y", "origin": [11.5, 4.5, 6.25]},
			"faces": {
				"north": {"uv": [0, 0, 1, 2], "texture": "#3"},
				"east": {"uv": [0, 0, 1, 2], "texture": "#3"},
				"south": {"uv": [0, 0, 1, 2], "texture": "#3"},
				"west": {"uv": [0, 0, 1, 2], "texture": "#3"},
				"up": {"uv": [0, 0, 1, 2], "texture": "#3"},
				"down": {"uv": [0, 0, 1, 2], "texture": "#3"}
			}
		},
		{
			"from": [12.5, 4.5, 5.5],
			"to": [13.75, 6.5, 6.75],
			"rotation": {"angle": 0, "axis": "y", "origin": [11.5, 4.5, 6.25]},
			"faces": {
				"north": {"uv": [0, 0, 1.25, 2], "texture": "#3"},
				"east": {"uv": [0, 0, 1.25, 2], "texture": "#3"},
				"south": {"uv": [0, 0, 1.25, 2], "texture": "#3"},
				"west": {"uv": [0, 0, 1.25, 2], "texture": "#3"},
				"up": {"uv": [0, 0, 1.25, 2], "texture": "#3"},
				"down": {"uv": [0, 0, 1.25, 2], "texture": "#3"}
			}
		},
		{
			"from": [11.5, 4.5, 4.5],
			"to": [12.5, 6.5, 5.75],
			"rotation": {"angle": 0, "axis": "y", "origin": [11.5, 4.5, 6.25]},
			"faces": {
				"north": {"uv": [0, 0, 1, 2], "texture": "#3"},
				"east": {"uv": [0, 0, 1, 2], "texture": "#3"},
				"south": {"uv": [0, 0, 1, 2], "texture": "#3"},
				"west": {"uv": [0, 0, 1, 2], "texture": "#3"},
				"up": {"uv": [0, 0, 1, 2], "texture": "#3"},
				"down": {"uv": [0, 0, 1, 2], "texture": "#3"}
			}
		},
		{
			"from": [13.5, 4.5, 6.25],
			"to": [14.75, 6.5, 7.75],
			"rotation": {"angle": 0, "axis": "y", "origin": [11.5, 4.5, 6.25]},
			"faces": {
				"north": {"uv": [0, 0, 1.25, 2], "texture": "#3"},
				"east": {"uv": [0, 0, 1.25, 2], "texture": "#3"},
				"south": {"uv": [0, 0, 1.25, 2], "texture": "#3"},
				"west": {"uv": [0, 0, 1.25, 2], "texture": "#3"},
				"up": {"uv": [0, 0, 1.25, 2], "texture": "#3"},
				"down": {"uv": [0, 0, 1.25, 2], "texture": "#3"}
			}
		},
		{
			"from": [9.25, 1.5, 3.25],
			"to": [10.5, 4.5, 4.75],
			"rotation": {"angle": 0, "axis": "y", "origin": [11.5, 4.5, 6.25]},
			"faces": {
				"north": {"uv": [0, 0, 1.25, 3], "texture": "#3"},
				"east": {"uv": [0, 0, 1.25, 3], "texture": "#3"},
				"south": {"uv": [0, 0, 1.25, 3], "texture": "#3"},
				"west": {"uv": [0, 0, 1.25, 3], "texture": "#3"},
				"up": {"uv": [0, 0, 1.25, 3], "texture": "#3"},
				"down": {"uv": [0, 0, 1.25, 3], "texture": "#3"}
			}
		},
		{
			"from": [10.5, 1.5, 4.5],
			"to": [11.75, 4.5, 6],
			"rotation": {"angle": 0, "axis": "y", "origin": [11.5, 4.5, 6.25]},
			"faces": {
				"north": {"uv": [0, 0, 1.25, 3], "texture": "#3"},
				"east": {"uv": [0, 0, 1.25, 3], "texture": "#3"},
				"south": {"uv": [0, 0, 1.25, 3], "texture": "#3"},
				"west": {"uv": [0, 0, 1.25, 3], "texture": "#3"},
				"up": {"uv": [0, 0, 1.25, 3], "texture": "#3"},
				"down": {"uv": [0, 0, 1.25, 3], "texture": "#3"}
			}
		},
		{
			"from": [11.75, 3.5, 5.5],
			"to": [13, 4.5, 7],
			"rotation": {"angle": 0, "axis": "y", "origin": [11.5, 4.5, 6.25]},
			"faces": {
				"north": {"uv": [0, 0, 1.25, 1], "texture": "#3"},
				"east": {"uv": [0, 0, 1.25, 1], "texture": "#3"},
				"south": {"uv": [0, 0, 1.25, 1], "texture": "#3"},
				"west": {"uv": [0, 0, 1.25, 1], "texture": "#3"},
				"up": {"uv": [0, 0, 1.25, 1], "texture": "#3"},
				"down": {"uv": [0, 0, 1.25, 1], "texture": "#3"}
			}
		},
		{
			"from": [13, 3.5, 6.5],
			"to": [14, 4.5, 7.75],
			"rotation": {"angle": 0, "axis": "y", "origin": [11.5, 4.25, 6.25]},
			"faces": {
				"north": {"uv": [0, 0, 1, 0.75], "texture": "#3"},
				"east": {"uv": [0, 0, 1, 0.75], "texture": "#3"},
				"south": {"uv": [0, 0, 1, 0.75], "texture": "#3"},
				"west": {"uv": [0, 0, 1, 0.75], "texture": "#3"},
				"up": {"uv": [0, 0, 1, 0.75], "texture": "#3"},
				"down": {"uv": [0, 0, 1, 0.75], "texture": "#3"}
			}
		},
		{
			"from": [11.75, 0.75, 5.5],
			"to": [13, 3.75, 8.25],
			"rotation": {"angle": 0, "axis": "y", "origin": [11.5, 4.5, 6.25]},
			"faces": {
				"north": {"uv": [0, 0, 1.25, 3], "texture": "#3"},
				"east": {"uv": [0, 0, 1.25, 3], "texture": "#3"},
				"south": {"uv": [0, 0, 1.25, 3], "texture": "#3"},
				"west": {"uv": [0, 0, 1.25, 3], "texture": "#3"},
				"up": {"uv": [0, 0, 1.25, 3], "texture": "#3"},
				"down": {"uv": [0, 0, 1.25, 3], "texture": "#3"}
			}
		},
		{
			"from": [11.75, 4.25, 5],
			"to": [12.25, 4.5, 5.75],
			"rotation": {"angle": 0, "axis": "y", "origin": [11.5, 4.5, 6.25]},
			"faces": {
				"north": {"uv": [0, 0, 0.5, 0.25], "texture": "#3"},
				"east": {"uv": [0, 0, 0.5, 0.25], "texture": "#3"},
				"south": {"uv": [0, 0, 0.5, 0.25], "texture": "#3"},
				"west": {"uv": [0, 0, 0.5, 0.25], "texture": "#3"},
				"up": {"uv": [0, 0, 0.5, 0.25], "texture": "#3"},
				"down": {"uv": [0, 0, 0.5, 0.25], "texture": "#3"}
			}
		},
		{
			"from": [10.25, 4, 4],
			"to": [11.25, 4.75, 5.25],
			"rotation": {"angle": 0, "axis": "y", "origin": [11.5, 4.5, 6.25]},
			"faces": {
				"north": {"uv": [0, 0, 1, 0.75], "texture": "#3"},
				"east": {"uv": [0, 0, 1, 0.75], "texture": "#3"},
				"south": {"uv": [0, 0, 1, 0.75], "texture": "#3"},
				"west": {"uv": [0, 0, 1, 0.75], "texture": "#3"},
				"up": {"uv": [0, 0, 1, 0.75], "texture": "#3"},
				"down": {"uv": [0, 0, 1, 0.75], "texture": "#3"}
			}
		},
		{
			"from": [12.25, 4.75, 11.25],
			"to": [13.25, 5.75, 12.25],
			"rotation": {"angle": 0, "axis": "y", "origin": [20.25, 12.75, 19.25]},
			"faces": {
				"north": {"uv": [0, 0, 16, 16], "texture": "#4"},
				"east": {"uv": [0, 0, 16, 16], "texture": "#4"},
				"south": {"uv": [0, 0, 16, 16], "texture": "#4"},
				"west": {"uv": [0, 0, 16, 16], "texture": "#4"},
				"up": {"uv": [0, 0, 16, 16], "texture": "#4"},
				"down": {"uv": [0, 0, 16, 16], "texture": "#4"}
			}
		},
		{
			"from": [12.25, 4.75, 4],
			"to": [13.25, 5.75, 5],
			"rotation": {"angle": 0, "axis": "y", "origin": [20.25, 12.75, 12]},
			"faces": {
				"north": {"uv": [0, 0, 15, 15], "texture": "#4"},
				"east": {"uv": [0, 0, 15, 15], "texture": "#4"},
				"south": {"uv": [0, 0, 15, 15], "texture": "#4"},
				"west": {"uv": [0, 0, 15, 15], "texture": "#4"},
				"up": {"uv": [0, 0, 15, 15], "texture": "#4"},
				"down": {"uv": [0, 0, 15, 15], "texture": "#4"}
			}
		},
		{
			"from": [4.5, 4.75, 4],
			"to": [5.5, 5.75, 5],
			"rotation": {"angle": 0, "axis": "y", "origin": [12.5, 12.75, 12]},
			"faces": {
				"north": {"uv": [0, 0, 16, 16], "texture": "#4"},
				"east": {"uv": [0, 0, 16, 16], "texture": "#4"},
				"south": {"uv": [0, 0, 16, 16], "texture": "#4"},
				"west": {"uv": [0, 0, 16, 16], "texture": "#4"},
				"up": {"uv": [0, 0, 16, 16], "texture": "#4"},
				"down": {"uv": [0, 0, 16, 16], "texture": "#4"}
			}
		},
		{
			"from": [4.5, 4.75, 11.25],
			"to": [5.5, 5.75, 12.25],
			"rotation": {"angle": 0, "axis": "y", "origin": [12.5, 12.75, 19.25]},
			"faces": {
				"north": {"uv": [0, 0, 16, 16], "texture": "#4"},
				"east": {"uv": [0, 0, 16, 16], "texture": "#4"},
				"south": {"uv": [0, 0, 16, 16], "texture": "#4"},
				"west": {"uv": [0, 0, 16, 16], "texture": "#4"},
				"up": {"uv": [0, 0, 16, 16], "texture": "#4"},
				"down": {"uv": [0, 0, 16, 16], "texture": "#4"}
			}
		},
		{
			"from": [2.6, 0.01, 5.4],
			"to": [3.6, 1.01, 11.4],
			"rotation": {"angle": 0, "axis": "y", "origin": [10.6, 8, 14.4]},
			"faces": {
				"north": {"uv": [5, 5, 11, 6], "texture": "#2"},
				"east": {"uv": [5, 5, 11, 6], "texture": "#2"},
				"south": {"uv": [5, 5, 11, 6], "texture": "#2"},
				"west": {"uv": [5, 5, 11, 6], "texture": "#2"},
				"up": {"uv": [5, 5, 11, 6], "texture": "#2"},
				"down": {"uv": [5, 5, 11, 6], "texture": "#2"}
			}
		},
		{
			"from": [3.5, 0, 11],
			"to": [4.5, 1, 12.3],
			"rotation": {"angle": 0, "axis": "y", "origin": [11.5, 8, 18.7]},
			"faces": {
				"north": {"uv": [5, 5, 11, 6], "texture": "#2"},
				"east": {"uv": [5, 5, 11, 6], "texture": "#2"},
				"south": {"uv": [5, 5, 11, 6], "texture": "#2"},
				"west": {"uv": [5, 5, 11, 6], "texture": "#2"},
				"up": {"uv": [5, 5, 11, 6], "texture": "#2"},
				"down": {"uv": [5, 5, 11, 6], "texture": "#2"}
			}
		},
		{
			"from": [8.25, 9.25, 7.75],
			"to": [9.25, 10.25, 8.75],
			"rotation": {"angle": 0, "axis": "y", "origin": [16.25, 17.25, 15.75]},
			"faces": {
				"north": {"uv": [0, 0, 16, 16], "texture": "#1"},
				"east": {"uv": [0, 0, 16, 16], "texture": "#1"},
				"south": {"uv": [0, 0, 16, 16], "texture": "#1"},
				"west": {"uv": [0, 0, 16, 16], "texture": "#1"},
				"up": {"uv": [0, 0, 16, 16], "texture": "#1"},
				"down": {"uv": [0, 0, 16, 16], "texture": "#1"}
			}
		},
		{
			"from": [8.5, 8.5, 8],
			"to": [9, 9.5, 8.5],
			"rotation": {"angle": 0, "axis": "y", "origin": [15.75, 16.5, 16.25]},
			"faces": {
				"north": {"uv": [5, 5, 11, 6], "texture": "#2"},
				"east": {"uv": [5, 5, 11, 6], "texture": "#2"},
				"south": {"uv": [5, 5, 11, 6], "texture": "#2"},
				"west": {"uv": [5, 5, 11, 6], "texture": "#2"},
				"up": {"uv": [5, 5, 11, 6], "texture": "#2"},
				"down": {"uv": [5, 5, 11, 6], "texture": "#2"}
			}
		},
		{
			"from": [7, 7.5, 7.75],
			"to": [8.5, 8.5, 8.75],
			"rotation": {"angle": 0, "axis": "y", "origin": [15.5, 15.5, 15.75]},
			"faces": {
				"north": {"uv": [5, 5, 11, 6], "texture": "#2"},
				"east": {"uv": [5, 5, 11, 6], "texture": "#2"},
				"south": {"uv": [5, 5, 11, 6], "texture": "#2"},
				"west": {"uv": [5, 5, 11, 6], "texture": "#2"},
				"up": {"uv": [5, 5, 11, 6], "texture": "#2"},
				"down": {"uv": [5, 5, 11, 6], "texture": "#2"}
			}
		},
		{
			"from": [9.25, 7.5, 7.75],
			"to": [10.5, 8.5, 8.75],
			"rotation": {"angle": 0, "axis": "y", "origin": [17.75, 15.5, 15.75]},
			"faces": {
				"north": {"uv": [5, 5, 11, 6], "texture": "#2"},
				"east": {"uv": [5, 5, 11, 6], "texture": "#2"},
				"south": {"uv": [5, 5, 11, 6], "texture": "#2"},
				"west": {"uv": [5, 5, 11, 6], "texture": "#2"},
				"up": {"uv": [5, 5, 11, 6], "texture": "#2"},
				"down": {"uv": [5, 5, 11, 6], "texture": "#2"}
			}
		},
		{
			"from": [8.25, 7.5, 8.75],
			"to": [9.25, 8.5, 9.75],
			"rotation": {"angle": 0, "axis": "y", "origin": [16.25, 15.5, 16.75]},
			"faces": {
				"north": {"uv": [5, 5, 11, 6], "texture": "#2"},
				"east": {"uv": [5, 5, 11, 6], "texture": "#2"},
				"south": {"uv": [5, 5, 11, 6], "texture": "#2"},
				"west": {"uv": [5, 5, 11, 6], "texture": "#2"},
				"up": {"uv": [5, 5, 11, 6], "texture": "#2"},
				"down": {"uv": [5, 5, 11, 6], "texture": "#2"}
			}
		},
		{
			"from": [8.25, 7.5, 6.75],
			"to": [9.25, 8.5, 7.75],
			"rotation": {"angle": 0, "axis": "y", "origin": [16.25, 15.5, 14.75]},
			"faces": {
				"north": {"uv": [5, 5, 11, 6], "texture": "#2"},
				"east": {"uv": [5, 5, 11, 6], "texture": "#2"},
				"south": {"uv": [5, 5, 11, 6], "texture": "#2"},
				"west": {"uv": [5, 5, 11, 6], "texture": "#2"},
				"up": {"uv": [5, 5, 11, 6], "texture": "#2"},
				"down": {"uv": [5, 5, 11, 6], "texture": "#2"}
			}
		},
		{
			"from": [8.25, 7.75, 7.75],
			"to": [9.25, 8.75, 8.75],
			"rotation": {"angle": 0, "axis": "y", "origin": [16.25, 15.75, 15.75]},
			"faces": {
				"north": {"uv": [5, 5, 11, 6], "texture": "#2"},
				"east": {"uv": [5, 5, 11, 6], "texture": "#2"},
				"south": {"uv": [5, 5, 11, 6], "texture": "#2"},
				"west": {"uv": [5, 5, 11, 6], "texture": "#2"},
				"up": {"uv": [5, 5, 11, 6], "texture": "#2"},
				"down": {"uv": [5, 5, 11, 6], "texture": "#2"}
			}
		},
		{
			"from": [8.25, 7.25, 9.75],
			"to": [9.25, 8, 10.75],
			"rotation": {"angle": 0, "axis": "y", "origin": [16.25, 15.25, 17.75]},
			"faces": {
				"north": {"uv": [5, 5, 11, 6], "texture": "#2"},
				"east": {"uv": [5, 5, 11, 6], "texture": "#2"},
				"south": {"uv": [5, 5, 11, 6], "texture": "#2"},
				"west": {"uv": [5, 5, 11, 6], "texture": "#2"},
				"up": {"uv": [5, 5, 11, 6], "texture": "#2"},
				"down": {"uv": [5, 5, 11, 6], "texture": "#2"}
			}
		},
		{
			"from": [6, 7.25, 7.75],
			"to": [7, 8, 8.75],
			"rotation": {"angle": 0, "axis": "y", "origin": [14, 15.25, 15.75]},
			"faces": {
				"north": {"uv": [5, 5, 11, 6], "texture": "#2"},
				"east": {"uv": [5, 5, 11, 6], "texture": "#2"},
				"south": {"uv": [5, 5, 11, 6], "texture": "#2"},
				"west": {"uv": [5, 5, 11, 6], "texture": "#2"},
				"up": {"uv": [5, 5, 11, 6], "texture": "#2"},
				"down": {"uv": [5, 5, 11, 6], "texture": "#2"}
			}
		},
		{
			"from": [10.5, 7.25, 7.75],
			"to": [11.75, 8, 8.75],
			"rotation": {"angle": 0, "axis": "y", "origin": [18.75, 15.25, 15.75]},
			"faces": {
				"north": {"uv": [5, 5, 11, 6], "texture": "#2"},
				"east": {"uv": [5, 5, 11, 6], "texture": "#2"},
				"south": {"uv": [5, 5, 11, 6], "texture": "#2"},
				"west": {"uv": [5, 5, 11, 6], "texture": "#2"},
				"up": {"uv": [5, 5, 11, 6], "texture": "#2"},
				"down": {"uv": [5, 5, 11, 6], "texture": "#2"}
			}
		},
		{
			"from": [8.25, 7.25, 5.75],
			"to": [9.25, 8, 6.75],
			"rotation": {"angle": 0, "axis": "y", "origin": [16.25, 15.25, 13.75]},
			"faces": {
				"north": {"uv": [5, 5, 11, 6], "texture": "#2"},
				"east": {"uv": [5, 5, 11, 6], "texture": "#2"},
				"south": {"uv": [5, 5, 11, 6], "texture": "#2"},
				"west": {"uv": [5, 5, 11, 6], "texture": "#2"},
				"up": {"uv": [5, 5, 11, 6], "texture": "#2"},
				"down": {"uv": [5, 5, 11, 6], "texture": "#2"}
			}
		},
		{
			"from": [11.75, 6.75, 7.75],
			"to": [12.75, 7.75, 8.75],
			"rotation": {"angle": 0, "axis": "y", "origin": [19.75, 14.75, 15.75]},
			"faces": {
				"north": {"uv": [5, 5, 11, 6], "texture": "#2"},
				"east": {"uv": [5, 5, 11, 6], "texture": "#2"},
				"south": {"uv": [5, 5, 11, 6], "texture": "#2"},
				"west": {"uv": [5, 5, 11, 6], "texture": "#2"},
				"up": {"uv": [5, 5, 11, 6], "texture": "#2"},
				"down": {"uv": [5, 5, 11, 6], "texture": "#2"}
			}
		},
		{
			"from": [8.25, 6.5, 10.75],
			"to": [9.25, 7.5, 11.75],
			"rotation": {"angle": 0, "axis": "y", "origin": [16.25, 14.5, 18.75]},
			"faces": {
				"north": {"uv": [5, 5, 11, 6], "texture": "#2"},
				"east": {"uv": [5, 5, 11, 6], "texture": "#2"},
				"south": {"uv": [5, 5, 11, 6], "texture": "#2"},
				"west": {"uv": [5, 5, 11, 6], "texture": "#2"},
				"up": {"uv": [5, 5, 11, 6], "texture": "#2"},
				"down": {"uv": [5, 5, 11, 6], "texture": "#2"}
			}
		},
		{
			"from": [8.25, 6.5, 4.75],
			"to": [9.25, 7.5, 5.75],
			"rotation": {"angle": 0, "axis": "y", "origin": [16.25, 14.5, 12.75]},
			"faces": {
				"north": {"uv": [5, 5, 11, 6], "texture": "#2"},
				"east": {"uv": [5, 5, 11, 6], "texture": "#2"},
				"south": {"uv": [5, 5, 11, 6], "texture": "#2"},
				"west": {"uv": [5, 5, 11, 6], "texture": "#2"},
				"up": {"uv": [5, 5, 11, 6], "texture": "#2"},
				"down": {"uv": [5, 5, 11, 6], "texture": "#2"}
			}
		},
		{
			"from": [5, 6.75, 7.75],
			"to": [6, 7.75, 8.75],
			"rotation": {"angle": 0, "axis": "y", "origin": [13, 14.75, 15.75]},
			"faces": {
				"north": {"uv": [5, 5, 11, 6], "texture": "#2"},
				"east": {"uv": [5, 5, 11, 6], "texture": "#2"},
				"south": {"uv": [5, 5, 11, 6], "texture": "#2"},
				"west": {"uv": [5, 5, 11, 6], "texture": "#2"},
				"up": {"uv": [5, 5, 11, 6], "texture": "#2"},
				"down": {"uv": [5, 5, 11, 6], "texture": "#2"}
			}
		},
		{
			"from": [12.75, 7, 7.75],
			"to": [14, 8, 8.75],
			"rotation": {"angle": 0, "axis": "y", "origin": [20.75, 15, 15.75]},
			"faces": {
				"north": {"uv": [5, 5, 11, 6], "texture": "#2"},
				"east": {"uv": [5, 5, 11, 6], "texture": "#2"},
				"south": {"uv": [5, 5, 11, 6], "texture": "#2"},
				"west": {"uv": [5, 5, 11, 6], "texture": "#2"},
				"up": {"uv": [5, 5, 11, 6], "texture": "#2"},
				"down": {"uv": [5, 5, 11, 6], "texture": "#2"}
			}
		},
		{
			"from": [3.75, 7, 7.75],
			"to": [5, 8, 8.75],
			"rotation": {"angle": 0, "axis": "y", "origin": [11.75, 15, 15.75]},
			"faces": {
				"north": {"uv": [5, 5, 11, 6], "texture": "#2"},
				"east": {"uv": [5, 5, 11, 6], "texture": "#2"},
				"south": {"uv": [5, 5, 11, 6], "texture": "#2"},
				"west": {"uv": [5, 5, 11, 6], "texture": "#2"},
				"up": {"uv": [5, 5, 11, 6], "texture": "#2"},
				"down": {"uv": [5, 5, 11, 6], "texture": "#2"}
			}
		},
		{
			"from": [8.25, 6.75, 11.75],
			"to": [9.25, 7.75, 13],
			"rotation": {"angle": 0, "axis": "y", "origin": [16.25, 14.75, 19.75]},
			"faces": {
				"north": {"uv": [5, 5, 11, 6], "texture": "#2"},
				"east": {"uv": [5, 5, 11, 6], "texture": "#2"},
				"south": {"uv": [5, 5, 11, 6], "texture": "#2"},
				"west": {"uv": [5, 5, 11, 6], "texture": "#2"},
				"up": {"uv": [5, 5, 11, 6], "texture": "#2"},
				"down": {"uv": [5, 5, 11, 6], "texture": "#2"}
			}
		},
		{
			"from": [8.25, 6.75, 3.5],
			"to": [9.25, 7.75, 4.75],
			"rotation": {"angle": 0, "axis": "y", "origin": [16.25, 14.75, 11.5]},
			"faces": {
				"north": {"uv": [5, 5, 11, 6], "texture": "#2"},
				"east": {"uv": [5, 5, 11, 6], "texture": "#2"},
				"south": {"uv": [5, 5, 11, 6], "texture": "#2"},
				"west": {"uv": [5, 5, 11, 6], "texture": "#2"},
				"up": {"uv": [5, 5, 11, 6], "texture": "#2"},
				"down": {"uv": [5, 5, 11, 6], "texture": "#2"}
			}
		},
		{
			"from": [8, 6.25, 13],
			"to": [9, 7.25, 14],
			"rotation": {"angle": 0, "axis": "y", "origin": [16, 14.25, 21]},
			"faces": {
				"north": {"uv": [5, 5, 11, 6], "texture": "#2"},
				"east": {"uv": [5, 5, 11, 6], "texture": "#2"},
				"south": {"uv": [5, 5, 11, 6], "texture": "#2"},
				"west": {"uv": [5, 5, 11, 6], "texture": "#2"},
				"up": {"uv": [5, 5, 11, 6], "texture": "#2"},
				"down": {"uv": [5, 5, 11, 6], "texture": "#2"}
			}
		},
		{
			"from": [14, 6.5, 7.75],
			"to": [15, 7.5, 8.75],
			"rotation": {"angle": 0, "axis": "y", "origin": [22, 14.5, 15.75]},
			"faces": {
				"north": {"uv": [5, 5, 11, 6], "texture": "#2"},
				"east": {"uv": [5, 5, 11, 6], "texture": "#2"},
				"south": {"uv": [5, 5, 11, 6], "texture": "#2"},
				"west": {"uv": [5, 5, 11, 6], "texture": "#2"},
				"up": {"uv": [5, 5, 11, 6], "texture": "#2"},
				"down": {"uv": [5, 5, 11, 6], "texture": "#2"}
			}
		},
		{
			"from": [2.75, 6.5, 7.75],
			"to": [3.75, 7.5, 8.75],
			"rotation": {"angle": 0, "axis": "y", "origin": [10.75, 14.5, 15.75]},
			"faces": {
				"north": {"uv": [5, 5, 11, 6], "texture": "#2"},
				"east": {"uv": [5, 5, 11, 6], "texture": "#2"},
				"south": {"uv": [5, 5, 11, 6], "texture": "#2"},
				"west": {"uv": [5, 5, 11, 6], "texture": "#2"},
				"up": {"uv": [5, 5, 11, 6], "texture": "#2"},
				"down": {"uv": [5, 5, 11, 6], "texture": "#2"}
			}
		},
		{
			"from": [8.25, 6.25, 2.5],
			"to": [9.25, 7.25, 3.5],
			"rotation": {"angle": 0, "axis": "y", "origin": [16.25, 14.25, 10.5]},
			"faces": {
				"north": {"uv": [5, 5, 11, 6], "texture": "#2"},
				"east": {"uv": [5, 5, 11, 6], "texture": "#2"},
				"south": {"uv": [5, 5, 11, 6], "texture": "#2"},
				"west": {"uv": [5, 5, 11, 6], "texture": "#2"},
				"up": {"uv": [5, 5, 11, 6], "texture": "#2"},
				"down": {"uv": [5, 5, 11, 6], "texture": "#2"}
			}
		},
		{
			"from": [14.5, 4.25, 7.75],
			"to": [15.5, 6.5, 8.75],
			"rotation": {"angle": 0, "axis": "y", "origin": [22.5, 12.25, 15.75]},
			"faces": {
				"north": {"uv": [5, 5, 11, 6], "texture": "#2"},
				"east": {"uv": [5, 5, 11, 6], "texture": "#2"},
				"south": {"uv": [5, 5, 11, 6], "texture": "#2"},
				"west": {"uv": [5, 5, 11, 6], "texture": "#2"},
				"up": {"uv": [5, 5, 11, 6], "texture": "#2"},
				"down": {"uv": [5, 5, 11, 6], "texture": "#2"}
			}
		},
		{
			"from": [8, 4.25, 13.5],
			"to": [9, 6.25, 14.5],
			"rotation": {"angle": 0, "axis": "y", "origin": [15.75, 12.25, 21.25]},
			"faces": {
				"north": {"uv": [5, 5, 11, 6], "texture": "#2"},
				"east": {"uv": [5, 5, 11, 6], "texture": "#2"},
				"south": {"uv": [5, 5, 11, 6], "texture": "#2"},
				"west": {"uv": [5, 5, 11, 6], "texture": "#2"},
				"up": {"uv": [5, 5, 11, 6], "texture": "#2"},
				"down": {"uv": [5, 5, 11, 6], "texture": "#2"}
			}
		},
		{
			"from": [8.25, 4, 2],
			"to": [9.25, 6.25, 3.25],
			"rotation": {"angle": 0, "axis": "y", "origin": [16, 12, 10]},
			"faces": {
				"north": {"uv": [5, 5, 11, 6], "texture": "#2"},
				"east": {"uv": [5, 5, 11, 6], "texture": "#2"},
				"south": {"uv": [5, 5, 11, 6], "texture": "#2"},
				"west": {"uv": [5, 5, 11, 6], "texture": "#2"},
				"up": {"uv": [5, 5, 11, 6], "texture": "#2"},
				"down": {"uv": [5, 5, 11, 6], "texture": "#2"}
			}
		},
		{
			"from": [2.25, 4.25, 7.75],
			"to": [4, 6.5, 8.75],
			"rotation": {"angle": 0, "axis": "y", "origin": [10.25, 12.25, 15.75]},
			"faces": {
				"north": {"uv": [5, 5, 11, 6], "texture": "#2"},
				"east": {"uv": [5, 5, 11, 6], "texture": "#2"},
				"south": {"uv": [5, 5, 11, 6], "texture": "#2"},
				"west": {"uv": [5, 5, 11, 6], "texture": "#2"},
				"up": {"uv": [5, 5, 11, 6], "texture": "#2"},
				"down": {"uv": [5, 5, 11, 6], "texture": "#2"}
			}
		},
		{
			"from": [3.25, 3.25, 7.75],
			"to": [4.25, 4.25, 8.75],
			"rotation": {"angle": 0, "axis": "y", "origin": [12.25, 11.25, 15.75]},
			"faces": {
				"north": {"uv": [5, 5, 11, 6], "texture": "#2"},
				"east": {"uv": [5, 5, 11, 6], "texture": "#2"},
				"south": {"uv": [5, 5, 11, 6], "texture": "#2"},
				"west": {"uv": [5, 5, 11, 6], "texture": "#2"},
				"up": {"uv": [5, 5, 11, 6], "texture": "#2"},
				"down": {"uv": [5, 5, 11, 6], "texture": "#2"}
			}
		},
		{
			"from": [8, 3.25, 12.75],
			"to": [9, 4.25, 13.75],
			"rotation": {"angle": 0, "axis": "y", "origin": [16, 11.25, 20.75]},
			"faces": {
				"north": {"uv": [5, 5, 11, 6], "texture": "#2"},
				"east": {"uv": [5, 5, 11, 6], "texture": "#2"},
				"south": {"uv": [5, 5, 11, 6], "texture": "#2"},
				"west": {"uv": [5, 5, 11, 6], "texture": "#2"},
				"up": {"uv": [5, 5, 11, 6], "texture": "#2"},
				"down": {"uv": [5, 5, 11, 6], "texture": "#2"}
			}
		},
		{
			"from": [13.75, 3.25, 7.75],
			"to": [14.75, 4.25, 8.75],
			"rotation": {"angle": 0, "axis": "y", "origin": [21.75, 11.25, 15.75]},
			"faces": {
				"north": {"uv": [5, 5, 11, 6], "texture": "#2"},
				"east": {"uv": [5, 5, 11, 6], "texture": "#2"},
				"south": {"uv": [5, 5, 11, 6], "texture": "#2"},
				"west": {"uv": [5, 5, 11, 6], "texture": "#2"},
				"up": {"uv": [5, 5, 11, 6], "texture": "#2"},
				"down": {"uv": [5, 5, 11, 6], "texture": "#2"}
			}
		},
		{
			"from": [8.25, 3, 2.75],
			"to": [9.25, 4, 3.75],
			"rotation": {"angle": 0, "axis": "y", "origin": [16.25, 11, 10.75]},
			"faces": {
				"north": {"uv": [5, 5, 11, 6], "texture": "#2"},
				"east": {"uv": [5, 5, 11, 6], "texture": "#2"},
				"south": {"uv": [5, 5, 11, 6], "texture": "#2"},
				"west": {"uv": [5, 5, 11, 6], "texture": "#2"},
				"up": {"uv": [5, 5, 11, 6], "texture": "#2"},
				"down": {"uv": [5, 5, 11, 6], "texture": "#2"}
			}
		},
		{
			"from": [6.75, 0.5, 3],
			"to": [10.75, 1.5, 4.75],
			"rotation": {"angle": 0, "axis": "y", "origin": [17.75, 8.5, 11]},
			"faces": {
				"north": {"uv": [5, 5, 11, 6], "texture": "#2"},
				"east": {"uv": [5, 5, 11, 6], "texture": "#2"},
				"south": {"uv": [5, 5, 11, 6], "texture": "#2"},
				"west": {"uv": [5, 5, 11, 6], "texture": "#2"},
				"up": {"uv": [5, 5, 11, 6], "texture": "#2"},
				"down": {"uv": [5, 5, 11, 6], "texture": "#2"}
			}
		},
		{
			"from": [10.75, 0.5, 3.75],
			"to": [12.25, 1.5, 6.75],
			"rotation": {"angle": 0, "axis": "y", "origin": [19.25, 8.5, 11.75]},
			"faces": {
				"north": {"uv": [5, 5, 11, 6], "texture": "#2"},
				"east": {"uv": [5, 5, 11, 6], "texture": "#2"},
				"south": {"uv": [5, 5, 11, 6], "texture": "#2"},
				"west": {"uv": [5, 5, 11, 6], "texture": "#2"},
				"up": {"uv": [5, 5, 11, 6], "texture": "#2"},
				"down": {"uv": [5, 5, 11, 6], "texture": "#2"}
			}
		},
		{
			"from": [12.25, 0.5, 5],
			"to": [13.25, 1.5, 6],
			"rotation": {"angle": 0, "axis": "y", "origin": [20.25, 8.5, 13]},
			"faces": {
				"north": {"uv": [5, 5, 11, 6], "texture": "#2"},
				"east": {"uv": [5, 5, 11, 6], "texture": "#2"},
				"south": {"uv": [5, 5, 11, 6], "texture": "#2"},
				"west": {"uv": [5, 5, 11, 6], "texture": "#2"},
				"up": {"uv": [5, 5, 11, 6], "texture": "#2"},
				"down": {"uv": [5, 5, 11, 6], "texture": "#2"}
			}
		},
		{
			"from": [13, 0.5, 5.5],
			"to": [14.25, 1.5, 11.5],
			"rotation": {"angle": 0, "axis": "y", "origin": [21.25, 8.5, 17.5]},
			"faces": {
				"north": {"uv": [5, 5, 11, 6], "texture": "#2"},
				"east": {"uv": [5, 5, 11, 6], "texture": "#2"},
				"south": {"uv": [5, 5, 11, 6], "texture": "#2"},
				"west": {"uv": [5, 5, 11, 6], "texture": "#2"},
				"up": {"uv": [5, 5, 11, 6], "texture": "#2"},
				"down": {"uv": [5, 5, 11, 6], "texture": "#2"}
			}
		},
		{
			"from": [11.75, 0.49, 10],
			"to": [13.25, 1.49, 12],
			"rotation": {"angle": 0, "axis": "y", "origin": [20.25, 8.5, 19]},
			"faces": {
				"north": {"uv": [5, 5, 11, 6], "texture": "#2"},
				"east": {"uv": [5, 5, 11, 6], "texture": "#2"},
				"south": {"uv": [5, 5, 11, 6], "texture": "#2"},
				"west": {"uv": [5, 5, 11, 6], "texture": "#2"},
				"up": {"uv": [5, 5, 11, 6], "texture": "#2"},
				"down": {"uv": [5, 5, 11, 6], "texture": "#2"}
			}
		},
		{
			"from": [10, 0.51, 11.75],
			"to": [12.25, 1.51, 12.75],
			"rotation": {"angle": 0, "axis": "y", "origin": [18, 8.5, 19.75]},
			"faces": {
				"north": {"uv": [5, 5, 11, 6], "texture": "#2"},
				"east": {"uv": [5, 5, 11, 6], "texture": "#2"},
				"south": {"uv": [5, 5, 11, 6], "texture": "#2"},
				"west": {"uv": [5, 5, 11, 6], "texture": "#2"},
				"up": {"uv": [5, 5, 11, 6], "texture": "#2"},
				"down": {"uv": [5, 5, 11, 6], "texture": "#2"}
			}
		},
		{
			"from": [6.75, 0.5, 12.5],
			"to": [10.5, 1.5, 13.5],
			"rotation": {"angle": 0, "axis": "y", "origin": [14.75, 8.5, 20.5]},
			"faces": {
				"north": {"uv": [5, 5, 11, 6], "texture": "#2"},
				"east": {"uv": [5, 5, 11, 6], "texture": "#2"},
				"south": {"uv": [5, 5, 11, 6], "texture": "#2"},
				"west": {"uv": [5, 5, 11, 6], "texture": "#2"},
				"up": {"uv": [5, 5, 11, 6], "texture": "#2"},
				"down": {"uv": [5, 5, 11, 6], "texture": "#2"}
			}
		},
		{
			"from": [5.5, 0.5, 11.5],
			"to": [7.25, 1.5, 12.5],
			"rotation": {"angle": 0, "axis": "y", "origin": [13.5, 8.5, 19.5]},
			"faces": {
				"north": {"uv": [5, 5, 11, 6], "texture": "#2"},
				"east": {"uv": [5, 5, 11, 6], "texture": "#2"},
				"south": {"uv": [5, 5, 11, 6], "texture": "#2"},
				"west": {"uv": [5, 5, 11, 6], "texture": "#2"},
				"up": {"uv": [5, 5, 11, 6], "texture": "#2"},
				"down": {"uv": [5, 5, 11, 6], "texture": "#2"}
			}
		},
		{
			"from": [4.5, 0.51, 10.75],
			"to": [5.75, 1.51, 11.75],
			"rotation": {"angle": 0, "axis": "y", "origin": [12.5, 8.5, 18.75]},
			"faces": {
				"north": {"uv": [5, 5, 11, 6], "texture": "#2"},
				"east": {"uv": [5, 5, 11, 6], "texture": "#2"},
				"south": {"uv": [5, 5, 11, 6], "texture": "#2"},
				"west": {"uv": [5, 5, 11, 6], "texture": "#2"},
				"up": {"uv": [5, 5, 11, 6], "texture": "#2"},
				"down": {"uv": [5, 5, 11, 6], "texture": "#2"}
			}
		},
		{
			"from": [3.5, 0.5, 5.5],
			"to": [5.5, 1.5, 11.25],
			"rotation": {"angle": 0, "axis": "y", "origin": [11.5, 8.5, 13.75]},
			"faces": {
				"north": {"uv": [5, 5, 11, 6], "texture": "#2"},
				"east": {"uv": [5, 5, 11, 6], "texture": "#2"},
				"south": {"uv": [5, 5, 11, 6], "texture": "#2"},
				"west": {"uv": [5, 5, 11, 6], "texture": "#2"},
				"up": {"uv": [5, 5, 11, 6], "texture": "#2"},
				"down": {"uv": [5, 5, 11, 6], "texture": "#2"}
			}
		},
		{
			"from": [4.25, 0.5, 4.5],
			"to": [5.25, 1.5, 5.5],
			"rotation": {"angle": 0, "axis": "y", "origin": [12.25, 8.5, 12.5]},
			"faces": {
				"north": {"uv": [5, 5, 11, 6], "texture": "#2"},
				"east": {"uv": [5, 5, 11, 6], "texture": "#2"},
				"south": {"uv": [5, 5, 11, 6], "texture": "#2"},
				"west": {"uv": [5, 5, 11, 6], "texture": "#2"},
				"up": {"uv": [5, 5, 11, 6], "texture": "#2"},
				"down": {"uv": [5, 5, 11, 6], "texture": "#2"}
			}
		},
		{
			"from": [5.25, 0.5, 3.75],
			"to": [6.75, 1.5, 5.5],
			"rotation": {"angle": 0, "axis": "y", "origin": [13.25, 8.5, 11.75]},
			"faces": {
				"north": {"uv": [5, 5, 11, 6], "texture": "#2"},
				"east": {"uv": [5, 5, 11, 6], "texture": "#2"},
				"south": {"uv": [5, 5, 11, 6], "texture": "#2"},
				"west": {"uv": [5, 5, 11, 6], "texture": "#2"},
				"up": {"uv": [5, 5, 11, 6], "texture": "#2"},
				"down": {"uv": [5, 5, 11, 6], "texture": "#2"}
			}
		},
		{
			"from": [13.26, 0, 7.75],
			"to": [14.26, 3.5, 8.75],
			"rotation": {"angle": 0, "axis": "y", "origin": [21.25, 8, 15.75]},
			"faces": {
				"north": {"uv": [5, 5, 11, 6], "texture": "#2"},
				"east": {"uv": [5, 5, 11, 6], "texture": "#2"},
				"south": {"uv": [5, 5, 11, 6], "texture": "#2"},
				"west": {"uv": [5, 5, 11, 6], "texture": "#2"},
				"up": {"uv": [5, 5, 11, 6], "texture": "#2"},
				"down": {"uv": [5, 5, 11, 6], "texture": "#2"}
			}
		},
		{
			"from": [8, 0.75, 12.25],
			"to": [9, 3.5, 13.25],
			"rotation": {"angle": 0, "axis": "y", "origin": [16, 8.75, 20]},
			"faces": {
				"north": {"uv": [5, 5, 11, 6], "texture": "#2"},
				"east": {"uv": [5, 5, 11, 6], "texture": "#2"},
				"south": {"uv": [5, 5, 11, 6], "texture": "#2"},
				"west": {"uv": [5, 5, 11, 6], "texture": "#2"},
				"up": {"uv": [5, 5, 11, 6], "texture": "#2"},
				"down": {"uv": [5, 5, 11, 6], "texture": "#2"}
			}
		},
		{
			"from": [3.75, 1, 7.75],
			"to": [4.75, 3.5, 8.75],
			"rotation": {"angle": 0, "axis": "y", "origin": [11.75, 9, 15.75]},
			"faces": {
				"north": {"uv": [5, 5, 11, 6], "texture": "#2"},
				"east": {"uv": [5, 5, 11, 6], "texture": "#2"},
				"south": {"uv": [5, 5, 11, 6], "texture": "#2"},
				"west": {"uv": [5, 5, 11, 6], "texture": "#2"},
				"up": {"uv": [5, 5, 11, 6], "texture": "#2"},
				"down": {"uv": [5, 5, 11, 6], "texture": "#2"}
			}
		},
		{
			"from": [8.25, 0.75, 3.25],
			"to": [9.25, 3.25, 4.25],
			"rotation": {"angle": 0, "axis": "y", "origin": [16.25, 8.75, 11.25]},
			"faces": {
				"north": {"uv": [5, 5, 11, 6], "texture": "#2"},
				"east": {"uv": [5, 5, 11, 6], "texture": "#2"},
				"south": {"uv": [5, 5, 11, 6], "texture": "#2"},
				"west": {"uv": [5, 5, 11, 6], "texture": "#2"},
				"up": {"uv": [5, 5, 11, 6], "texture": "#2"},
				"down": {"uv": [5, 5, 11, 6], "texture": "#2"}
			}
		},
		{
			"from": [13.25, 0, 10.5],
			"to": [14.25, 1, 12],
			"rotation": {"angle": 0, "axis": "y", "origin": [21.25, 8, 18.5]},
			"faces": {
				"north": {"uv": [5, 5, 11, 6], "texture": "#2"},
				"east": {"uv": [5, 5, 11, 6], "texture": "#2"},
				"south": {"uv": [5, 5, 11, 6], "texture": "#2"},
				"west": {"uv": [5, 5, 11, 6], "texture": "#2"},
				"up": {"uv": [5, 5, 11, 6], "texture": "#2"},
				"down": {"uv": [5, 5, 11, 6], "texture": "#2"}
			}
		},
		{
			"from": [12.25, 0.01, 12],
			"to": [13.25, 1.01, 13],
			"rotation": {"angle": 0, "axis": "y", "origin": [20, 8, 20]},
			"faces": {
				"north": {"uv": [5, 5, 11, 6], "texture": "#2"},
				"east": {"uv": [5, 5, 11, 6], "texture": "#2"},
				"south": {"uv": [5, 5, 11, 6], "texture": "#2"},
				"west": {"uv": [5, 5, 11, 6], "texture": "#2"},
				"up": {"uv": [5, 5, 11, 6], "texture": "#2"},
				"down": {"uv": [5, 5, 11, 6], "texture": "#2"}
			}
		},
		{
			"from": [10.5, 0, 12.75],
			"to": [12.25, 1, 13.75],
			"rotation": {"angle": 0, "axis": "y", "origin": [18.75, 8, 20.75]},
			"faces": {
				"north": {"uv": [5, 5, 11, 6], "texture": "#2"},
				"east": {"uv": [5, 5, 11, 6], "texture": "#2"},
				"south": {"uv": [5, 5, 11, 6], "texture": "#2"},
				"west": {"uv": [5, 5, 11, 6], "texture": "#2"},
				"up": {"uv": [5, 5, 11, 6], "texture": "#2"},
				"down": {"uv": [5, 5, 11, 6], "texture": "#2"}
			}
		},
		{
			"from": [14.25, 0, 5.25],
			"to": [15.25, 1, 10.75],
			"rotation": {"angle": 0, "axis": "y", "origin": [22.25, 8, 13.25]},
			"faces": {
				"north": {"uv": [5, 5, 11, 6], "texture": "#2"},
				"east": {"uv": [5, 5, 11, 6], "texture": "#2"},
				"south": {"uv": [5, 5, 11, 6], "texture": "#2"},
				"west": {"uv": [5, 5, 11, 6], "texture": "#2"},
				"up": {"uv": [5, 5, 11, 6], "texture": "#2"},
				"down": {"uv": [5, 5, 11, 6], "texture": "#2"}
			}
		},
		{
			"from": [12.25, 0, 4],
			"to": [14.25, 1, 5.75],
			"rotation": {"angle": 0, "axis": "y", "origin": [21.25, 8, 12]},
			"faces": {
				"north": {"uv": [5, 5, 11, 6], "texture": "#2"},
				"east": {"uv": [5, 5, 11, 6], "texture": "#2"},
				"south": {"uv": [5, 5, 11, 6], "texture": "#2"},
				"west": {"uv": [5, 5, 11, 6], "texture": "#2"},
				"up": {"uv": [5, 5, 11, 6], "texture": "#2"},
				"down": {"uv": [5, 5, 11, 6], "texture": "#2"}
			}
		},
		{
			"from": [12.25, 0.01, 3.5],
			"to": [13.25, 1.01, 4.5],
			"rotation": {"angle": 0, "axis": "y", "origin": [20.25, 8, 11.5]},
			"faces": {
				"north": {"uv": [5, 5, 11, 6], "texture": "#2"},
				"east": {"uv": [5, 5, 11, 6], "texture": "#2"},
				"south": {"uv": [5, 5, 11, 6], "texture": "#2"},
				"west": {"uv": [5, 5, 11, 6], "texture": "#2"},
				"up": {"uv": [5, 5, 11, 6], "texture": "#2"},
				"down": {"uv": [5, 5, 11, 6], "texture": "#2"}
			}
		},
		{
			"from": [10.75, 0, 2.75],
			"to": [12.25, 1, 3.75],
			"rotation": {"angle": 0, "axis": "y", "origin": [18.75, 8, 10.75]},
			"faces": {
				"north": {"uv": [5, 5, 11, 6], "texture": "#2"},
				"east": {"uv": [5, 5, 11, 6], "texture": "#2"},
				"south": {"uv": [5, 5, 11, 6], "texture": "#2"},
				"west": {"uv": [5, 5, 11, 6], "texture": "#2"},
				"up": {"uv": [5, 5, 11, 6], "texture": "#2"},
				"down": {"uv": [5, 5, 11, 6], "texture": "#2"}
			}
		},
		{
			"from": [6.5, 0.01, 2.1],
			"to": [11, 1.01, 3.1],
			"rotation": {"angle": 0, "axis": "y", "origin": [14.5, 8, 10.1]},
			"faces": {
				"north": {"uv": [5, 5, 11, 6], "texture": "#2"},
				"east": {"uv": [5, 5, 11, 6], "texture": "#2"},
				"south": {"uv": [5, 5, 11, 6], "texture": "#2"},
				"west": {"uv": [5, 5, 11, 6], "texture": "#2"},
				"up": {"uv": [5, 5, 11, 6], "texture": "#2"},
				"down": {"uv": [5, 5, 11, 6], "texture": "#2"}
			}
		},
		{
			"from": [6.5, 0.01, 13.5],
			"to": [10.5, 1.01, 14.5],
			"rotation": {"angle": 0, "axis": "y", "origin": [14.5, 8, 21.5]},
			"faces": {
				"north": {"uv": [5, 5, 11, 6], "texture": "#2"},
				"east": {"uv": [5, 5, 11, 6], "texture": "#2"},
				"south": {"uv": [5, 5, 11, 6], "texture": "#2"},
				"west": {"uv": [5, 5, 11, 6], "texture": "#2"},
				"up": {"uv": [5, 5, 11, 6], "texture": "#2"},
				"down": {"uv": [5, 5, 11, 6], "texture": "#2"}
			}
		},
		{
			"from": [5.3, 0, 12.5],
			"to": [6.8, 1, 13.5],
			"rotation": {"angle": 0, "axis": "y", "origin": [13.3, 8, 20.5]},
			"faces": {
				"north": {"uv": [5, 5, 11, 6], "texture": "#2"},
				"east": {"uv": [5, 5, 11, 6], "texture": "#2"},
				"south": {"uv": [5, 5, 11, 6], "texture": "#2"},
				"west": {"uv": [5, 5, 11, 6], "texture": "#2"},
				"up": {"uv": [5, 5, 11, 6], "texture": "#2"},
				"down": {"uv": [5, 5, 11, 6], "texture": "#2"}
			}
		},
		{
			"from": [4.5, 0.01, 11.8],
			"to": [5.5, 1.01, 12.8],
			"rotation": {"angle": 0, "axis": "y", "origin": [12.5, 8, 19.8]},
			"faces": {
				"north": {"uv": [5, 5, 11, 6], "texture": "#2"},
				"east": {"uv": [5, 5, 11, 6], "texture": "#2"},
				"south": {"uv": [5, 5, 11, 6], "texture": "#2"},
				"west": {"uv": [5, 5, 11, 6], "texture": "#2"},
				"up": {"uv": [5, 5, 11, 6], "texture": "#2"},
				"down": {"uv": [5, 5, 11, 6], "texture": "#2"}
			}
		},
		{
			"from": [5.2, 0, 2.8],
			"to": [6.7, 1, 3.8],
			"rotation": {"angle": 0, "axis": "y", "origin": [13.2, 8, 10.8]},
			"faces": {
				"north": {"uv": [5, 5, 11, 6], "texture": "#2"},
				"east": {"uv": [5, 5, 11, 6], "texture": "#2"},
				"south": {"uv": [5, 5, 11, 6], "texture": "#2"},
				"west": {"uv": [5, 5, 11, 6], "texture": "#2"},
				"up": {"uv": [5, 5, 11, 6], "texture": "#2"},
				"down": {"uv": [5, 5, 11, 6], "texture": "#2"}
			}
		},
		{
			"from": [4.3, 0.01, 3.5],
			"to": [5.3, 1.01, 4.5],
			"rotation": {"angle": 0, "axis": "y", "origin": [12.3, 8, 11.5]},
			"faces": {
				"north": {"uv": [5, 5, 11, 6], "texture": "#2"},
				"east": {"uv": [5, 5, 11, 6], "texture": "#2"},
				"south": {"uv": [5, 5, 11, 6], "texture": "#2"},
				"west": {"uv": [5, 5, 11, 6], "texture": "#2"},
				"up": {"uv": [5, 5, 11, 6], "texture": "#2"},
				"down": {"uv": [5, 5, 11, 6], "texture": "#2"}
			}
		},
		{
			"from": [4.5, 0.25, 3.75],
			"to": [13, 0.25, 12.75],
			"rotation": {"angle": 0, "axis": "y", "origin": [12.75, 8.25, 13]},
			"faces": {
				"north": {"uv": [7, 10, 10, 11], "texture": "#2"},
				"east": {"uv": [7, 10, 10, 11], "texture": "#2"},
				"south": {"uv": [7, 10, 10, 11], "texture": "#2"},
				"west": {"uv": [7, 10, 10, 11], "texture": "#2"},
				"up": {"uv": [7, 10, 10, 11], "texture": "#2"},
				"down": {"uv": [7, 10, 10, 11], "texture": "#2"}
			}
		}
	],
	"display": {
		"thirdperson_righthand": {
			"rotation": [-3, 0, 0],
			"translation": [-1, 4, 1],
			"scale": [0.50195, 0.50195, 0.50195]
		},
		"thirdperson_lefthand": {
			"translation": [0, 4, 0],
			"scale": [0.56445, 0.56445, 0.56445]
		},
		"firstperson_righthand": {
			"rotation": [0, 0, 22],
			"translation": [0.5, 4.25, 1],
			"scale": [0.5, 0.5, 0.5]
		},
		"firstperson_lefthand": {
			"rotation": [0, 0, 24.5],
			"translation": [2.25, 4.75, 0],
			"scale": [0.65, 0.65, 0.65]
		},
		"ground": {
			"translation": [0, 3.5, 0],
			"scale": [0.6, 0.6, 0.6]
		},
		"gui": {
			"rotation": [-16.25, -127.25, -43],
			"translation": [-1.25, 3, 0]
		},
		"head": {
			"translation": [-0.75, 15.5, -0.5],
			"scale": [1.14844, 1.14844, 1.14844]
		},
		"fixed": {
			"rotation": [-90, 0, 0],
			"translation": [-1.25, 0.25, -13.75],
			"scale": [1.62, 1.62, 1.62]
		}
	},
	"groups": [0, 1, 2, 3, 4, 5, 6, 7, 8, 9, 10, 11, 12, 13, 14, 15, 16, 17, 18, 19, 20, 21, 22, 23, 24, 25, 26, 27, 28, 29, 30, 31, 32, 33, 34, 35, 36, 37, 38, 39, 40, 41, 42, 43, 44, 45, 46, 47, 48, 49, 50, 51, 52, 53, 54, 55, 56, 57, 58, 59, 60, 61, 62, 63, 64, 65, 66, 67, 68, 69, 70, 71, 72, 73, 74, 75, 76, 77, 78, 79, 80, 81, 82, 83, 84, 85, 86, 87, 88, 89, 90, 91, 92, 93, 94, 95,
		{
			"name": "group",
			"origin": [12.3, 8, 11.5],
			"children": [96, 97, 98, 99, 100, 101, 102, 103, 104, 105, 106, 107, 108, 109, 110, 111, 112, 113, 114, 115, 116, 117, 118, 119, 120, 121, 122, 123, 124, 125, 126, 127, 128, 129, 130, 131, 132, 133, 134, 135, 136, 137, 138, 139, 140, 141, 142, 143, 144, 145, 146, 147, 148, 149, 150, 151, 152, 153, 154, 155, 156, 157]
		}, 158]
}