{
	"credit": "Made with Blockbench",
	"textures": {
		"5": "california_sushi/sushi",
		"1_1": "philadelphia_roll/ris",
		"1_2": "block/black_concrete",
		"1_3": "block/white_concrete",
		"1_4": "block/lime_wool"
	},
	"elements": [
		{
			"from": [3.54518, 4.60405, 5.99437],
			"to": [4.54518, 11.60405, 9.99437],
			"rotation": {"angle": 0, "axis": "x", "origin": [0.54518, 7.60405, -2.00563]},
			"faces": {
				"north": {"uv": [14, 0, 16, 13], "texture": "#5"},
				"east": {"uv": [0, 0, 12, 16], "texture": "#5"},
				"south": {"uv": [14, 0, 16, 13], "texture": "#5"},
				"west": {"uv": [0, 0, 12, 16], "texture": "#5"},
				"up": {"uv": [0, 0, 3, 16], "texture": "#5"},
				"down": {"uv": [0, 0, 3, 16], "texture": "#5"}
			}
		},
		{
			"from": [11.54518, 4.60405, 5.99437],
			"to": [12.54518, 11.60405, 9.99437],
			"rotation": {"angle": 0, "axis": "x", "origin": [0.54518, 7.60405, -2.00563]},
			"faces": {
				"north": {"uv": [14, 0, 16, 13], "texture": "#5"},
				"east": {"uv": [0, 0, 12, 16], "texture": "#5"},
				"south": {"uv": [14, 0, 16, 13], "texture": "#5"},
				"west": {"uv": [0, 0, 12, 16], "texture": "#5"},
				"up": {"uv": [0, 0, 3, 16], "texture": "#5"},
				"down": {"uv": [0, 0, 3, 16], "texture": "#5"}
			}
		},
		{
			"from": [11.04518, 10.98273, 5.9945],
			"to": [12.04518, 12.39694, 9.9945],
			"rotation": {"angle": 45, "axis": "z", "origin": [11.54518, 11.89694, 7.99437]},
			"faces": {
				"north": {"uv": [14, 1, 16, 4], "texture": "#5"},
				"east": {"uv": [0, 6, 11, 9], "texture": "#5"},
				"south": {"uv": [14, 1, 16, 4], "texture": "#5"},
				"west": {"uv": [0, 6, 11, 9], "texture": "#5"},
				"up": {"uv": [0, 0, 3, 16], "texture": "#5"},
				"down": {"uv": [0, 0, 3, 16], "texture": "#5"}
			}
		},
		{
			"from": [11.04518, 3.81116, 5.9945],
			"to": [12.04518, 5.22537, 9.9945],
			"rotation": {"angle": -45, "axis": "z", "origin": [11.54518, 4.31116, 7.99437]},
			"faces": {
				"north": {"uv": [14, 1, 16, 4], "texture": "#5"},
				"east": {"uv": [0, 9, 11, 6], "texture": "#5"},
				"south": {"uv": [14, 1, 16, 4], "texture": "#5"},
				"west": {"uv": [0, 9, 11, 6], "texture": "#5"},
				"up": {"uv": [0, 16, 3, 0], "texture": "#5"},
				"down": {"uv": [0, 16, 3, 0], "texture": "#5"}
			}
		},
		{
			"from": [3.75229, 11.10405, 5.9945],
			"to": [5.1665, 12.10405, 9.9945],
			"rotation": {"angle": 45, "axis": "z", "origin": [4.25229, 11.60405, 7.99437]},
			"faces": {
				"north": {"uv": [14, 1, 16, 4], "texture": "#5"},
				"east": {"uv": [7, 2, 11, 14], "texture": "#5"},
				"south": {"uv": [14, 1, 16, 4], "texture": "#5"},
				"west": {"uv": [0, 0, 16, 10], "rotation": 270, "texture": "#5"},
				"up": {"uv": [7, 2, 11, 14], "texture": "#5"},
				"down": {"uv": [0, 0, 3, 16], "texture": "#5"}
			}
		},
		{
			"from": [3.75229, 4.10405, 5.9945],
			"to": [5.1665, 5.10405, 9.9945],
			"rotation": {"angle": -45, "axis": "z", "origin": [4.25229, 4.60405, 7.99437]},
			"faces": {
				"north": {"uv": [14, 1, 16, 4], "texture": "#5"},
				"east": {"uv": [7, 14, 11, 2], "texture": "#5"},
				"south": {"uv": [14, 1, 16, 4], "texture": "#5"},
				"west": {"uv": [16, 0, 0, 10], "rotation": 270, "texture": "#5"},
				"up": {"uv": [0, 16, 3, 0], "texture": "#5"},
				"down": {"uv": [7, 14, 11, 2], "texture": "#5"}
			}
		},
		{
			"from": [4.54518, 11.60405, 5.99437],
			"to": [11.54518, 12.60405, 9.99437],
			"rotation": {"angle": 0, "axis": "x", "origin": [0.54518, 7.60405, -2.00563]},
			"faces": {
				"north": {"uv": [0, 9, 12, 11], "texture": "#5"},
				"east": {"uv": [0, 6, 16, 16], "texture": "#5"},
				"south": {"uv": [0, 9, 12, 11], "texture": "#5"},
				"west": {"uv": [0, 0, 16, 10], "texture": "#5"},
				"up": {"uv": [0, 4, 16, 13], "texture": "#5"},
				"down": {"uv": [0, 7, 16, 16], "texture": "#5"}
			}
		},
		{
			"from": [4.54518, 3.60405, 5.99437],
			"to": [11.54518, 4.60405, 9.99437],
			"rotation": {"angle": 0, "axis": "x", "origin": [0.54518, -0.39595, -2.00563]},
			"faces": {
				"north": {"uv": [0, 9, 12, 11], "texture": "#5"},
				"east": {"uv": [0, 6, 16, 16], "texture": "#5"},
				"south": {"uv": [0, 9, 12, 11], "texture": "#5"},
				"west": {"uv": [0, 0, 16, 10], "texture": "#5"},
				"up": {"uv": [0, 4, 16, 13], "texture": "#5"},
				"down": {"uv": [0, 7, 16, 16], "texture": "#5"}
			}
		},
		{
			"from": [4.54518, 4.60405, 6.09437],
			"to": [5.54518, 11.60405, 9.89437],
			"rotation": {"angle": 0, "axis": "x", "origin": [0.54518, 7.60405, -2.00563]},
			"faces": {
				"north": {"uv": [0, 0, 2, 12], "texture": "#1_1"},
				"east": {"uv": [9, 2, 16, 14], "texture": "#1_1"},
				"south": {"uv": [0, 0, 2, 12], "texture": "#1_1"},
				"west": {"uv": [0, 0, 7, 12], "texture": "#1_1"},
				"up": {"uv": [0, 0, 3, 13], "texture": "#1_1"},
				"down": {"uv": [0, 0, 2, 8], "texture": "#1_1"}
			}
		},
		{
			"from": [10.54518, 4.60405, 6.09437],
			"to": [11.54518, 11.60405, 9.89437],
			"rotation": {"angle": 0, "axis": "x", "origin": [0.54518, 7.60405, -2.00563]},
			"faces": {
				"north": {"uv": [0, 0, 2, 12], "texture": "#1_1"},
				"east": {"uv": [9, 2, 16, 14], "texture": "#1_1"},
				"south": {"uv": [0, 0, 2, 12], "texture": "#1_1"},
				"west": {"uv": [0, 0, 7, 12], "texture": "#1_1"},
				"up": {"uv": [0, 0, 3, 13], "texture": "#1_1"},
				"down": {"uv": [0, 0, 2, 8], "texture": "#1_1"}
			}
		},
		{
			"from": [5.54518, 10.60405, 6.09437],
			"to": [10.54518, 11.60405, 9.89437],
			"rotation": {"angle": 0, "axis": "x", "origin": [0.54518, 7.60405, -2.00563]},
			"faces": {
				"north": {"uv": [0, 0, 8, 2], "texture": "#1_1"},
				"east": {"uv": [0, 0, 5, 2], "texture": "#1_1"},
				"south": {"uv": [4, 8, 12, 10], "texture": "#1_1"},
				"west": {"uv": [0, 0, 5, 2], "texture": "#1_1"},
				"up": {"uv": [0, 0, 10, 8], "texture": "#1_1"},
				"down": {"uv": [0, 0, 10, 8], "texture": "#1_1"}
			}
		},
		{
			"from": [5.54518, 4.60405, 6.09437],
			"to": [10.54518, 5.60405, 9.89437],
			"rotation": {"angle": 0, "axis": "x", "origin": [0.54518, 1.60405, -2.00563]},
			"faces": {
				"north": {"uv": [0, 0, 8, 2], "texture": "#1_1"},
				"east": {"uv": [0, 0, 5, 2], "texture": "#1_1"},
				"south": {"uv": [4, 8, 12, 10], "texture": "#1_1"},
				"west": {"uv": [0, 0, 5, 2], "texture": "#1_1"},
				"up": {"uv": [0, 0, 10, 8], "texture": "#1_1"},
				"down": {"uv": [0, 0, 10, 8], "texture": "#1_1"}
			}
		},
		{
			"from": [5.54518, 5.65405, 6.06937],
			"to": [5.59518, 10.60405, 9.91937],
			"rotation": {"angle": 0, "axis": "x", "origin": [-4.20482, 7.35405, -2.00563]},
			"faces": {
				"north": {"uv": [0, 0, 8, 2], "texture": "#1_2"},
				"east": {"uv": [0, 0, 5, 2], "texture": "#1_2"},
				"south": {"uv": [4, 8, 12, 10], "texture": "#1_2"},
				"west": {"uv": [0, 0, 5, 2], "texture": "#1_2"},
				"up": {"uv": [0, 0, 10, 8], "texture": "#1_2"},
				"down": {"uv": [0, 0, 10, 8], "texture": "#1_2"}
			}
		},
		{
			"from": [5.54518, 10.55405, 6.06937],
			"to": [10.54518, 10.60405, 9.91937],
			"rotation": {"angle": 0, "axis": "x", "origin": [0.54518, 7.35405, -2.00563]},
			"faces": {
				"north": {"uv": [0, 0, 8, 2], "texture": "#1_2"},
				"east": {"uv": [0, 0, 5, 2], "texture": "#1_2"},
				"south": {"uv": [4, 8, 12, 10], "texture": "#1_2"},
				"west": {"uv": [0, 0, 5, 2], "texture": "#1_2"},
				"up": {"uv": [0, 0, 10, 8], "texture": "#1_2"},
				"down": {"uv": [0, 0, 10, 8], "texture": "#1_2"}
			}
		},
		{
			"from": [10.49518, 5.65405, 6.06937],
			"to": [10.54518, 10.60405, 9.91937],
			"rotation": {"angle": 0, "axis": "x", "origin": [0.54518, 7.35405, -2.00563]},
			"faces": {
				"north": {"uv": [0, 0, 8, 2], "texture": "#1_2"},
				"east": {"uv": [0, 0, 5, 2], "texture": "#1_2"},
				"south": {"uv": [4, 8, 12, 10], "texture": "#1_2"},
				"west": {"uv": [0, 0, 5, 2], "texture": "#1_2"},
				"up": {"uv": [0, 0, 10, 8], "texture": "#1_2"},
				"down": {"uv": [0, 0, 10, 8], "texture": "#1_2"}
			}
		},
		{
			"from": [5.54518, 5.60405, 6.06937],
			"to": [10.54518, 5.65405, 9.91937],
			"rotation": {"angle": 0, "axis": "x", "origin": [0.54518, 2.60405, -2.00563]},
			"faces": {
				"north": {"uv": [0, 0, 8, 2], "texture": "#1_2"},
				"east": {"uv": [0, 0, 5, 2], "texture": "#1_2"},
				"south": {"uv": [4, 8, 12, 10], "texture": "#1_2"},
				"west": {"uv": [0, 0, 5, 2], "texture": "#1_2"},
				"up": {"uv": [0, 0, 10, 8], "texture": "#1_2"},
				"down": {"uv": [0, 0, 10, 8], "texture": "#1_2"}
			}
		},
		{
			"from": [5.54518, 5.60405, 6.19437],
			"to": [10.54518, 10.60405, 9.79437],
			"rotation": {"angle": 0, "axis": "x", "origin": [0.54518, 6.60405, -2.00563]},
			"faces": {
				"north": {"uv": [0, 0, 8, 2], "texture": "#1_3"},
				"east": {"uv": [0, 0, 5, 2], "texture": "#1_3"},
				"south": {"uv": [4, 8, 12, 10], "texture": "#1_3"},
				"west": {"uv": [0, 0, 5, 2], "texture": "#1_3"},
				"up": {"uv": [0, 0, 10, 8], "texture": "#1_3"},
				"down": {"uv": [0, 0, 10, 8], "texture": "#1_3"}
			}
		},
		{
			"from": [10.54518, 5.10405, 6.04437],
			"to": [10.79518, 5.35405, 6.14437],
			"rotation": {"angle": 0, "axis": "x", "origin": [0.79518, 1.35405, -2.25563]},
			"faces": {
				"north": {"uv": [0, 0, 8, 2], "texture": "#5"},
				"east": {"uv": [0, 0, 5, 2], "texture": "#5"},
				"south": {"uv": [4, 8, 12, 10], "texture": "#5"},
				"west": {"uv": [0, 0, 5, 2], "texture": "#5"},
				"up": {"uv": [0, 0, 10, 8], "texture": "#5"},
				"down": {"uv": [0, 0, 10, 8], "texture": "#5"}
			}
		},
		{
			"from": [10.54518, 5.10405, 9.86521],
			"to": [10.79518, 5.35405, 9.96521],
			"rotation": {"angle": 0, "axis": "x", "origin": [0.79518, 1.35405, 18.26521]},
			"faces": {
				"north": {"uv": [12, 8, 4, 10], "texture": "#5"},
				"east": {"uv": [5, 0, 0, 2], "texture": "#5"},
				"south": {"uv": [8, 0, 0, 2], "texture": "#5"},
				"west": {"uv": [5, 0, 0, 2], "texture": "#5"},
				"up": {"uv": [0, 8, 10, 0], "texture": "#5"},
				"down": {"uv": [0, 8, 10, 0], "texture": "#5"}
			}
		},
		{
			"from": [10.79518, 9.10405, 6.04437],
			"to": [11.04518, 9.35405, 6.14437],
			"rotation": {"angle": 0, "axis": "x", "origin": [1.04518, 5.35405, -2.25563]},
			"faces": {
				"north": {"uv": [0, 0, 8, 2], "texture": "#5"},
				"east": {"uv": [0, 0, 5, 2], "texture": "#5"},
				"south": {"uv": [4, 8, 12, 10], "texture": "#5"},
				"west": {"uv": [0, 0, 5, 2], "texture": "#5"},
				"up": {"uv": [0, 0, 10, 8], "texture": "#5"},
				"down": {"uv": [0, 0, 10, 8], "texture": "#5"}
			}
		},
		{
			"from": [10.79518, 9.10405, 9.86521],
			"to": [11.04518, 9.35405, 9.96521],
			"rotation": {"angle": 0, "axis": "x", "origin": [1.04518, 5.35405, 18.26521]},
			"faces": {
				"north": {"uv": [12, 8, 4, 10], "texture": "#5"},
				"east": {"uv": [5, 0, 0, 2], "texture": "#5"},
				"south": {"uv": [8, 0, 0, 2], "texture": "#5"},
				"west": {"uv": [5, 0, 0, 2], "texture": "#5"},
				"up": {"uv": [0, 8, 10, 0], "texture": "#5"},
				"down": {"uv": [0, 8, 10, 0], "texture": "#5"}
			}
		},
		{
			"from": [6.79518, 11.10405, 6.04437],
			"to": [7.04518, 11.35405, 6.14437],
			"rotation": {"angle": 0, "axis": "x", "origin": [-2.95482, 7.35405, -2.25563]},
			"faces": {
				"north": {"uv": [0, 0, 8, 2], "texture": "#5"},
				"east": {"uv": [0, 0, 5, 2], "texture": "#5"},
				"south": {"uv": [4, 8, 12, 10], "texture": "#5"},
				"west": {"uv": [0, 0, 5, 2], "texture": "#5"},
				"up": {"uv": [0, 0, 10, 8], "texture": "#5"},
				"down": {"uv": [0, 0, 10, 8], "texture": "#5"}
			}
		},
		{
			"from": [6.79518, 11.10405, 9.86521],
			"to": [7.04518, 11.35405, 9.96521],
			"rotation": {"angle": 0, "axis": "x", "origin": [-2.95482, 7.35405, 18.26521]},
			"faces": {
				"north": {"uv": [12, 8, 4, 10], "texture": "#5"},
				"east": {"uv": [5, 0, 0, 2], "texture": "#5"},
				"south": {"uv": [8, 0, 0, 2], "texture": "#5"},
				"west": {"uv": [5, 0, 0, 2], "texture": "#5"},
				"up": {"uv": [0, 8, 10, 0], "texture": "#5"},
				"down": {"uv": [0, 8, 10, 0], "texture": "#5"}
			}
		},
		{
			"from": [4.79518, 9.10405, 6.04437],
			"to": [5.04518, 9.35405, 6.14437],
			"rotation": {"angle": 0, "axis": "x", "origin": [-4.95482, 5.35405, -2.25563]},
			"faces": {
				"north": {"uv": [0, 0, 8, 2], "texture": "#5"},
				"east": {"uv": [0, 0, 5, 2], "texture": "#5"},
				"south": {"uv": [4, 8, 12, 10], "texture": "#5"},
				"west": {"uv": [0, 0, 5, 2], "texture": "#5"},
				"up": {"uv": [0, 0, 10, 8], "texture": "#5"},
				"down": {"uv": [0, 0, 10, 8], "texture": "#5"}
			}
		},
		{
			"from": [4.79518, 9.10405, 9.86521],
			"to": [5.04518, 9.35405, 9.96521],
			"rotation": {"angle": 0, "axis": "x", "origin": [-4.95482, 5.35405, 18.26521]},
			"faces": {
				"north": {"uv": [12, 8, 4, 10], "texture": "#5"},
				"east": {"uv": [5, 0, 0, 2], "texture": "#5"},
				"south": {"uv": [8, 0, 0, 2], "texture": "#5"},
				"west": {"uv": [5, 0, 0, 2], "texture": "#5"},
				"up": {"uv": [0, 8, 10, 0], "texture": "#5"},
				"down": {"uv": [0, 8, 10, 0], "texture": "#5"}
			}
		},
		{
			"from": [5.29518, 5.25405, 6.04437],
			"to": [5.54518, 5.50405, 6.14437],
			"rotation": {"angle": 0, "axis": "x", "origin": [-4.45482, 1.50405, -2.25563]},
			"faces": {
				"north": {"uv": [0, 0, 8, 2], "texture": "#5"},
				"east": {"uv": [0, 0, 5, 2], "texture": "#5"},
				"south": {"uv": [4, 8, 12, 10], "texture": "#5"},
				"west": {"uv": [0, 0, 5, 2], "texture": "#5"},
				"up": {"uv": [0, 0, 10, 8], "texture": "#5"},
				"down": {"uv": [0, 0, 10, 8], "texture": "#5"}
			}
		},
		{
			"from": [5.29518, 5.25405, 9.86521],
			"to": [5.54518, 5.50405, 9.96521],
			"rotation": {"angle": 0, "axis": "x", "origin": [-4.45482, 1.50405, 18.26521]},
			"faces": {
				"north": {"uv": [12, 8, 4, 10], "texture": "#5"},
				"east": {"uv": [5, 0, 0, 2], "texture": "#5"},
				"south": {"uv": [8, 0, 0, 2], "texture": "#5"},
				"west": {"uv": [5, 0, 0, 2], "texture": "#5"},
				"up": {"uv": [0, 8, 10, 0], "texture": "#5"},
				"down": {"uv": [0, 8, 10, 0], "texture": "#5"}
			}
		},
		{
			"from": [7.29518, 4.75405, 6.04437],
			"to": [7.54518, 5.00405, 6.14437],
			"rotation": {"angle": 0, "axis": "x", "origin": [-2.45482, 1.00405, -2.25563]},
			"faces": {
				"north": {"uv": [0, 0, 8, 2], "texture": "#5"},
				"east": {"uv": [0, 0, 5, 2], "texture": "#5"},
				"south": {"uv": [4, 8, 12, 10], "texture": "#5"},
				"west": {"uv": [0, 0, 5, 2], "texture": "#5"},
				"up": {"uv": [0, 0, 10, 8], "texture": "#5"},
				"down": {"uv": [0, 0, 10, 8], "texture": "#5"}
			}
		},
		{
			"from": [7.29518, 4.75405, 9.86521],
			"to": [7.54518, 5.00405, 9.96521],
			"rotation": {"angle": 0, "axis": "x", "origin": [-2.45482, 1.00405, 18.26521]},
			"faces": {
				"north": {"uv": [12, 8, 4, 10], "texture": "#5"},
				"east": {"uv": [5, 0, 0, 2], "texture": "#5"},
				"south": {"uv": [8, 0, 0, 2], "texture": "#5"},
				"west": {"uv": [5, 0, 0, 2], "texture": "#5"},
				"up": {"uv": [0, 8, 10, 0], "texture": "#5"},
				"down": {"uv": [0, 8, 10, 0], "texture": "#5"}
			}
		},
		{
			"from": [9.79518, 9.35405, 6.09437],
			"to": [10.04518, 10.35405, 6.19437],
			"rotation": {"angle": 22.5, "axis": "z", "origin": [9.92018, 9.85405, 6.14437]},
			"faces": {
				"north": {"uv": [0, 0, 1, 4], "texture": "#1_4"},
				"east": {"uv": [0, 0, 1, 4], "texture": "#1_4"},
				"south": {"uv": [0, 0, 1, 4], "texture": "#1_4"},
				"west": {"uv": [0, 0, 1, 4], "texture": "#1_4"},
				"up": {"uv": [0, 0, 2, 1], "texture": "#1_4"},
				"down": {"uv": [0, 0, 2, 1], "texture": "#1_4"}
			}
		},
		{
			"from": [9.79518, 9.35405, 9.81521],
			"to": [10.04518, 10.35405, 9.91521],
			"rotation": {"angle": 22.5, "axis": "z", "origin": [9.92018, 9.85405, 9.86521]},
			"faces": {
				"north": {"uv": [1, 0, 0, 4], "texture": "#1_4"},
				"east": {"uv": [1, 0, 0, 4], "texture": "#1_4"},
				"south": {"uv": [1, 0, 0, 4], "texture": "#1_4"},
				"west": {"uv": [1, 0, 0, 4], "texture": "#1_4"},
				"up": {"uv": [0, 1, 2, 0], "texture": "#1_4"},
				"down": {"uv": [0, 1, 2, 0], "texture": "#1_4"}
			}
		},
		{
			"from": [7.79518, 6.35405, 6.09437],
			"to": [8.04518, 7.35405, 6.19437],
			"rotation": {"angle": -45, "axis": "z", "origin": [7.92018, 6.85405, 6.14437]},
			"faces": {
				"north": {"uv": [0, 0, 1, 4], "texture": "#1_4"},
				"east": {"uv": [0, 0, 1, 4], "texture": "#1_4"},
				"south": {"uv": [0, 0, 1, 4], "texture": "#1_4"},
				"west": {"uv": [0, 0, 1, 4], "texture": "#1_4"},
				"up": {"uv": [0, 0, 2, 1], "texture": "#1_4"},
				"down": {"uv": [0, 0, 2, 1], "texture": "#1_4"}
			}
		},
		{
			"from": [7.79518, 6.35405, 9.81521],
			"to": [8.04518, 7.35405, 9.91521],
			"rotation": {"angle": -45, "axis": "z", "origin": [7.92018, 6.85405, 9.86521]},
			"faces": {
				"north": {"uv": [1, 0, 0, 4], "texture": "#1_4"},
				"east": {"uv": [1, 0, 0, 4], "texture": "#1_4"},
				"south": {"uv": [1, 0, 0, 4], "texture": "#1_4"},
				"west": {"uv": [1, 0, 0, 4], "texture": "#1_4"},
				"up": {"uv": [0, 1, 2, 0], "texture": "#1_4"},
				"down": {"uv": [0, 1, 2, 0], "texture": "#1_4"}
			}
		},
		{
			"from": [5.92018, 8.72905, 6.09437],
			"to": [6.92018, 8.97905, 6.19437],
			"rotation": {"angle": -22.5, "axis": "z", "origin": [6.42018, 8.85405, 6.14437]},
			"faces": {
				"north": {"uv": [0, 0, 1, 4], "rotation": 270, "texture": "#1_4"},
				"east": {"uv": [0, 0, 2, 1], "rotation": 90, "texture": "#1_4"},
				"south": {"uv": [0, 0, 1, 4], "rotation": 90, "texture": "#1_4"},
				"west": {"uv": [0, 0, 2, 1], "rotation": 90, "texture": "#1_4"},
				"up": {"uv": [0, 0, 1, 4], "rotation": 90, "texture": "#1_4"},
				"down": {"uv": [0, 0, 1, 4], "rotation": 90, "texture": "#1_4"}
			}
		},
		{
			"from": [5.92018, 8.72905, 9.81521],
			"to": [6.92018, 8.97905, 9.91521],
			"rotation": {"angle": -22.5, "axis": "z", "origin": [6.42018, 8.85405, 9.86521]},
			"faces": {
				"north": {"uv": [0, 4, 1, 0], "rotation": 90, "texture": "#1_4"},
				"east": {"uv": [0, 1, 2, 0], "rotation": 90, "texture": "#1_4"},
				"south": {"uv": [0, 4, 1, 0], "rotation": 270, "texture": "#1_4"},
				"west": {"uv": [0, 1, 2, 0], "rotation": 90, "texture": "#1_4"},
				"up": {"uv": [1, 0, 0, 4], "rotation": 90, "texture": "#1_4"},
				"down": {"uv": [1, 0, 0, 4], "rotation": 90, "texture": "#1_4"}
			}
		},
		{
			"from": [8.67018, 8.22905, 6.09437],
			"to": [9.67018, 8.47905, 6.19437],
			"rotation": {"angle": -45, "axis": "z", "origin": [9.17018, 8.35405, 6.14437]},
			"faces": {
				"north": {"uv": [0, 0, 1, 4], "rotation": 90, "texture": "#1_4"},
				"east": {"uv": [0, 0, 2, 1], "rotation": 270, "texture": "#1_4"},
				"south": {"uv": [0, 0, 1, 4], "rotation": 270, "texture": "#1_4"},
				"west": {"uv": [0, 0, 2, 1], "rotation": 270, "texture": "#1_4"},
				"up": {"uv": [0, 0, 1, 4], "rotation": 270, "texture": "#1_4"},
				"down": {"uv": [0, 0, 1, 4], "rotation": 270, "texture": "#1_4"}
			}
		},
		{
			"from": [8.67018, 8.22905, 9.81521],
			"to": [9.67018, 8.47905, 9.91521],
			"rotation": {"angle": -45, "axis": "z", "origin": [9.17018, 8.35405, 9.86521]},
			"faces": {
				"north": {"uv": [0, 4, 1, 0], "rotation": 270, "texture": "#1_4"},
				"east": {"uv": [0, 1, 2, 0], "rotation": 270, "texture": "#1_4"},
				"south": {"uv": [0, 4, 1, 0], "rotation": 90, "texture": "#1_4"},
				"west": {"uv": [0, 1, 2, 0], "rotation": 270, "texture": "#1_4"},
				"up": {"uv": [1, 0, 0, 4], "rotation": 270, "texture": "#1_4"},
				"down": {"uv": [1, 0, 0, 4], "rotation": 270, "texture": "#1_4"}
			}
		}
	],
	"display": {
		"thirdperson_righthand": {
			"rotation": [0, 90, 0],
			"translation": [0, 0.75, -0.5],
			"scale": [0.3, 0.3, 0.3]
		},
		"thirdperson_lefthand": {
			"rotation": [0, 90, 0],
			"translation": [0, 0.75, -0.5],
			"scale": [0.3, 0.3, 0.3]
		},
		"firstperson_righthand": {
			"rotation": [0, 90, 0],
			"translation": [3.75, 0.75, -0.5],
			"scale": [0.3, 0.3, 0.3]
		},
		"firstperson_lefthand": {
			"rotation": [0, 90, 0],
			"translation": [3.75, 0.75, -0.5],
			"scale": [0.3, 0.3, 0.3]
		},
		"ground": {
			"scale": [0.49, 0.49, 0.49]
		},
		"gui": {
			"rotation": [21, -44, 0]
		},
		"head": {
			"translation": [0, 7.75, 0],
			"scale": [0.49, 0.49, 0.49]
		},
		"fixed": {
			"rotation": [-90, 0, 0],
			"translation": [0, 0, -3.25]
		}
	},
	"groups": [
		{
			"name": "sushi_filad",
			"origin": [8, 8, 8],
			"children": [
				{
					"name": "suhi",
					"origin": [14, 13, 16],
					"children": [
						{
							"name": "kalifon",
							"origin": [0.5, 7.5, -2],
							"children": [0, 1, 2, 3, 4, 5, 6, 7]
						},
						{
							"name": "ris",
							"origin": [0.5, 7.5, -2],
							"children": [8, 9, 10, 11]
						}
					]
				},
				{
					"name": "black",
					"origin": [0.5, 2.5, -2],
					"children": [12, 13, 14, 15]
				},
				{
					"name": "white",
					"origin": [0.5, 6.5, -2],
					"children": [16]
				}
			]
		},
		{
			"name": "krohi",
			"origin": [-2.09227, 0.9378, -2.26042],
			"children": [17, 18, 19, 20, 21, 22, 23, 24, 25, 26, 27, 28]
		},
		{
			"name": "nachinka",
			"origin": [9.53273, 8.2878, 6.13958],
			"children": [29, 30, 31, 32, 33, 34, 35, 36]
		}
	]
}