{
	"credit": "Dooraley",
	"textures": {
		"0": "item/pufferfish",
		"1": "block/gray_concrete",
		"2": "block/light_gray_concrete",
		"3": "block/green_concrete",
		"4": "bavarian_caviar/bavarian_caviar",
		"particle": "item/pufferfish"
	},
	"elements": [
		{
			"name": "octagon",
			"from": [6.69315, 6.5244, 3.92822],
			"to": [10.00685, 6.7744, 11.92822],
			"rotation": {"angle": 45, "axis": "y", "origin": [8.35, 7.02425, 7.92822]},
			"faces": {
				"north": {"uv": [0, 0, 16, 6], "texture": "#1"},
				"east": {"uv": [0, 0, 16, 6], "texture": "#1"},
				"south": {"uv": [0, 0, 16, 6], "texture": "#1"},
				"west": {"uv": [0, 0, 16, 6], "texture": "#1"},
				"up": {"uv": [0, 0, 16, 6], "texture": "#1"},
				"down": {"uv": [0, 0, 16, 6], "texture": "#1"}
			}
		},
		{
			"name": "octagon",
			"from": [6.69315, 6.5242, 3.92822],
			"to": [10.00685, 6.7742, 11.92822],
			"rotation": {"angle": 0, "axis": "y", "origin": [8.35, 7.02425, 7.92822]},
			"faces": {
				"north": {"uv": [0, 0, 16, 6], "texture": "#1"},
				"east": {"uv": [0, 0, 16, 6], "texture": "#1"},
				"south": {"uv": [0, 0, 16, 6], "texture": "#1"},
				"west": {"uv": [0, 0, 16, 6], "texture": "#1"},
				"up": {"uv": [0, 0, 16, 6], "texture": "#1"},
				"down": {"uv": [0, 0, 16, 6], "texture": "#1"}
			}
		},
		{
			"name": "octagon",
			"from": [4.35, 6.52425, 6.27136],
			"to": [12.35, 6.77425, 9.58507],
			"rotation": {"angle": 45, "axis": "y", "origin": [8.35, 7.02425, 7.92822]},
			"faces": {
				"north": {"uv": [0, 0, 16, 6], "texture": "#1"},
				"east": {"uv": [0, 0, 16, 6], "texture": "#1"},
				"south": {"uv": [0, 0, 16, 6], "texture": "#1"},
				"west": {"uv": [0, 0, 16, 6], "texture": "#1"},
				"up": {"uv": [0, 0, 16, 6], "texture": "#1"},
				"down": {"uv": [0, 0, 16, 6], "texture": "#1"}
			}
		},
		{
			"name": "octagon",
			"from": [4.35, 6.5241, 6.27136],
			"to": [12.35, 6.7741, 9.58507],
			"rotation": {"angle": 0, "axis": "y", "origin": [8.35, 7.02425, 7.92822]},
			"faces": {
				"north": {"uv": [0, 0, 16, 6], "texture": "#1"},
				"east": {"uv": [0, 0, 16, 6], "texture": "#1"},
				"south": {"uv": [0, 0, 16, 6], "texture": "#1"},
				"west": {"uv": [0, 0, 16, 6], "texture": "#1"},
				"up": {"uv": [0, 0, 16, 6], "texture": "#1"},
				"down": {"uv": [0, 0, 16, 6], "texture": "#1"}
			}
		},
		{
			"name": "octagon",
			"from": [4.224, 9.82083, 6.75664],
			"to": [4.474, 13.13454, 14.75664],
			"rotation": {"angle": -45, "axis": "x", "origin": [4.35, 8.64925, 7.92822]},
			"faces": {
				"north": {"uv": [0, 0, 6, 16], "rotation": 90, "texture": "#1"},
				"east": {"uv": [0, 0, 6, 16], "rotation": 90, "texture": "#2"},
				"south": {"uv": [0, 0, 6, 16], "rotation": 90, "texture": "#1"},
				"west": {"uv": [0, 0, 6, 16], "rotation": 90, "texture": "#1"},
				"up": {"uv": [0, 0, 6, 16], "rotation": 90, "texture": "#2"},
				"down": {"uv": [0, 0, 6, 16], "rotation": 90, "texture": "#2"}
			}
		},
		{
			"name": "octagon",
			"from": [4.223, 10.9924, 3.92822],
			"to": [4.473, 14.30611, 11.92822],
			"rotation": {"angle": 0, "axis": "y", "origin": [4.35, 8.64925, 7.92822]},
			"faces": {
				"north": {"uv": [0, 0, 6, 16], "rotation": 90, "texture": "#1"},
				"east": {"uv": [0, 0, 6, 16], "rotation": 90, "texture": "#2"},
				"south": {"uv": [0, 0, 6, 16], "rotation": 90, "texture": "#1"},
				"west": {"uv": [0, 0, 6, 16], "rotation": 90, "texture": "#1"},
				"up": {"uv": [0, 0, 6, 16], "rotation": 90, "texture": "#2"},
				"down": {"uv": [0, 0, 6, 16], "rotation": 90, "texture": "#2"}
			}
		},
		{
			"name": "octagon",
			"from": [4.226, 7.47768, 9.09979],
			"to": [4.476, 15.47768, 12.4135],
			"rotation": {"angle": -45, "axis": "x", "origin": [4.35, 8.64925, 7.92822]},
			"faces": {
				"north": {"uv": [0, 0, 6, 16], "texture": "#2"},
				"east": {"uv": [0, 0, 6, 16], "texture": "#2"},
				"south": {"uv": [0, 0, 6, 16], "texture": "#2"},
				"west": {"uv": [0, 0, 6, 16], "texture": "#1"},
				"up": {"uv": [0, 0, 6, 16], "texture": "#1"},
				"down": {"uv": [0, 0, 6, 16], "texture": "#1"}
			}
		},
		{
			"name": "octagon",
			"from": [4.225, 8.64925, 6.27136],
			"to": [4.475, 16.64925, 9.58507],
			"rotation": {"angle": 0, "axis": "y", "origin": [4.35, 8.64925, 7.92822]},
			"faces": {
				"north": {"uv": [0, 0, 6, 16], "texture": "#2"},
				"east": {"uv": [0, 0, 6, 16], "texture": "#2"},
				"south": {"uv": [0, 0, 6, 16], "texture": "#2"},
				"west": {"uv": [0, 0, 6, 16], "texture": "#1"},
				"up": {"uv": [0, 0, 6, 16], "texture": "#1"},
				"down": {"uv": [0, 0, 6, 16], "texture": "#2"}
			}
		},
		{
			"name": "octagon",
			"from": [6.62687, 6.42425, 3.76822],
			"to": [10.07313, 8.87425, 4.08822],
			"rotation": {"angle": 45, "axis": "y", "origin": [8.35, 7.02425, 7.92822]},
			"faces": {
				"north": {"uv": [0, 0, 15, 11], "texture": "#3"},
				"east": {"uv": [0, 0, 15, 11], "texture": "#3"},
				"south": {"uv": [0, 0, 15, 11], "texture": "#3"},
				"west": {"uv": [0, 0, 15, 11], "texture": "#3"},
				"up": {"uv": [0, 0, 15, 11], "texture": "#3"},
				"down": {"uv": [0, 0, 15, 11], "texture": "#3"}
			}
		},
		{
			"name": "octagon",
			"from": [6.62687, 6.42425, 11.76822],
			"to": [10.07313, 8.87425, 12.08822],
			"rotation": {"angle": 45, "axis": "y", "origin": [8.35, 7.02425, 7.92822]},
			"faces": {
				"north": {"uv": [0, 0, 15, 11], "texture": "#3"},
				"east": {"uv": [0, 0, 15, 11], "texture": "#3"},
				"south": {"uv": [0, 0, 15, 11], "texture": "#3"},
				"west": {"uv": [0, 0, 15, 11], "texture": "#3"},
				"up": {"uv": [0, 0, 15, 11], "texture": "#3"},
				"down": {"uv": [0, 0, 15, 11], "texture": "#3"}
			}
		},
		{
			"name": "octagon",
			"from": [6.62687, 6.42425, 11.76822],
			"to": [10.07313, 8.87425, 12.08822],
			"rotation": {"angle": 0, "axis": "y", "origin": [8.35, 7.02425, 7.92822]},
			"faces": {
				"north": {"uv": [0, 0, 15, 11], "texture": "#3"},
				"east": {"uv": [0, 0, 15, 11], "texture": "#3"},
				"south": {"uv": [0, 0, 16, 16], "texture": "#4"},
				"west": {"uv": [0, 0, 15, 11], "texture": "#3"},
				"up": {"uv": [0, 0, 15, 11], "texture": "#3"},
				"down": {"uv": [0, 0, 15, 11], "texture": "#3"}
			}
		},
		{
			"name": "octagon",
			"from": [6.62687, 6.42425, 3.76822],
			"to": [10.07313, 8.87425, 4.08822],
			"rotation": {"angle": 0, "axis": "y", "origin": [8.35, 7.02425, 7.92822]},
			"faces": {
				"north": {"uv": [0, 0, 16, 16], "texture": "#4"},
				"east": {"uv": [0, 0, 15, 11], "texture": "#3"},
				"south": {"uv": [0, 0, 15, 11], "texture": "#3"},
				"west": {"uv": [0, 0, 15, 11], "texture": "#3"},
				"up": {"uv": [0, 0, 15, 11], "texture": "#3"},
				"down": {"uv": [0, 0, 15, 11], "texture": "#3"}
			}
		},
		{
			"name": "octagon",
			"from": [4.19, 6.42425, 6.20509],
			"to": [4.51, 8.87425, 9.65135],
			"rotation": {"angle": 45, "axis": "y", "origin": [8.35, 7.02425, 7.92822]},
			"faces": {
				"north": {"uv": [0, 0, 15, 11], "texture": "#3"},
				"east": {"uv": [0, 0, 15, 11], "texture": "#3"},
				"south": {"uv": [0, 0, 15, 11], "texture": "#3"},
				"west": {"uv": [0, 0, 15, 11], "texture": "#3"},
				"up": {"uv": [0, 0, 15, 11], "texture": "#3"},
				"down": {"uv": [0, 0, 15, 11], "texture": "#3"}
			}
		},
		{
			"name": "octagon",
			"from": [12.19, 6.42425, 6.20509],
			"to": [12.51, 8.87425, 9.65135],
			"rotation": {"angle": 45, "axis": "y", "origin": [8.35, 7.02425, 7.92822]},
			"faces": {
				"north": {"uv": [0, 0, 15, 11], "texture": "#3"},
				"east": {"uv": [0, 0, 15, 11], "texture": "#3"},
				"south": {"uv": [0, 0, 15, 11], "texture": "#3"},
				"west": {"uv": [0, 0, 15, 11], "texture": "#3"},
				"up": {"uv": [0, 0, 15, 11], "texture": "#3"},
				"down": {"uv": [0, 0, 15, 11], "texture": "#3"}
			}
		},
		{
			"name": "octagon",
			"from": [4.19, 6.42425, 6.20509],
			"to": [4.51, 8.87425, 9.65135],
			"rotation": {"angle": 0, "axis": "y", "origin": [8.35, 7.02425, 7.92822]},
			"faces": {
				"north": {"uv": [0, 0, 15, 11], "texture": "#3"},
				"east": {"uv": [0, 0, 15, 11], "texture": "#3"},
				"south": {"uv": [0, 0, 15, 11], "texture": "#3"},
				"west": {"uv": [0, 0, 16, 16], "texture": "#4"},
				"up": {"uv": [0, 0, 15, 11], "texture": "#3"},
				"down": {"uv": [0, 0, 15, 11], "texture": "#3"}
			}
		},
		{
			"name": "octagon",
			"from": [12.19, 6.42425, 6.20509],
			"to": [12.51, 8.87425, 9.65135],
			"rotation": {"angle": 0, "axis": "y", "origin": [8.35, 7.02425, 7.92822]},
			"faces": {
				"north": {"uv": [0, 0, 15, 11], "texture": "#3"},
				"east": {"uv": [0, 0, 16, 16], "texture": "#4"},
				"south": {"uv": [0, 0, 15, 11], "texture": "#3"},
				"west": {"uv": [0, 0, 15, 11], "texture": "#3"},
				"up": {"uv": [0, 0, 15, 11], "texture": "#3"},
				"down": {"uv": [0, 0, 15, 11], "texture": "#3"}
			}
		},
		{
			"name": "octagon",
			"from": [6.55795, 8.6187, 3.60182],
			"to": [10.14205, 8.8787, 4.13462],
			"rotation": {"angle": 45, "axis": "y", "origin": [8.35, 6.95525, 7.92822]},
			"faces": {
				"north": {"uv": [0, 0, 1, 1], "texture": "#1"},
				"east": {"uv": [0, 0, 1, 1], "texture": "#1"},
				"south": {"uv": [0, 0, 1, 1], "texture": "#1"},
				"west": {"uv": [0, 0, 1, 1], "texture": "#1"},
				"up": {"uv": [0, 0, 1, 1], "texture": "#1"},
				"down": {"uv": [0, 0, 1, 1], "texture": "#1"}
			}
		},
		{
			"name": "octagon",
			"from": [6.55795, 8.6188, 11.72182],
			"to": [10.14205, 8.8788, 12.25462],
			"rotation": {"angle": 45, "axis": "y", "origin": [8.35, 6.95525, 7.92822]},
			"faces": {
				"north": {"uv": [0, 0, 1, 1], "texture": "#1"},
				"east": {"uv": [0, 0, 1, 1], "texture": "#1"},
				"south": {"uv": [0, 0, 1, 1], "texture": "#1"},
				"west": {"uv": [0, 0, 1, 1], "texture": "#1"},
				"up": {"uv": [0, 0, 1, 1], "texture": "#1"},
				"down": {"uv": [0, 0, 1, 1], "texture": "#1"}
			}
		},
		{
			"name": "octagon",
			"from": [6.55795, 8.6189, 11.72182],
			"to": [10.14205, 8.8789, 12.25462],
			"rotation": {"angle": 0, "axis": "y", "origin": [8.35, 6.95525, 7.92822]},
			"faces": {
				"north": {"uv": [0, 0, 1, 1], "texture": "#1"},
				"east": {"uv": [0, 0, 1, 1], "texture": "#1"},
				"south": {"uv": [0, 0, 1, 1], "texture": "#1"},
				"west": {"uv": [0, 0, 1, 1], "texture": "#1"},
				"up": {"uv": [0, 0, 1, 1], "texture": "#1"},
				"down": {"uv": [0, 0, 1, 1], "texture": "#1"}
			}
		},
		{
			"name": "octagon",
			"from": [6.55795, 8.619, 3.60182],
			"to": [10.14205, 8.879, 4.13462],
			"rotation": {"angle": 0, "axis": "y", "origin": [8.35, 6.95525, 7.92822]},
			"faces": {
				"north": {"uv": [0, 0, 1, 1], "texture": "#1"},
				"east": {"uv": [0, 0, 1, 1], "texture": "#1"},
				"south": {"uv": [0, 0, 1, 1], "texture": "#1"},
				"west": {"uv": [0, 0, 1, 1], "texture": "#1"},
				"up": {"uv": [0, 0, 1, 1], "texture": "#1"},
				"down": {"uv": [0, 0, 1, 1], "texture": "#1"}
			}
		},
		{
			"name": "octagon",
			"from": [4.0236, 8.6191, 6.13616],
			"to": [4.5564, 8.8791, 9.72027],
			"rotation": {"angle": 45, "axis": "y", "origin": [8.35, 6.95525, 7.92822]},
			"faces": {
				"north": {"uv": [0, 0, 1, 1], "texture": "#1"},
				"east": {"uv": [0, 0, 1, 1], "texture": "#1"},
				"south": {"uv": [0, 0, 1, 1], "texture": "#1"},
				"west": {"uv": [0, 0, 1, 1], "texture": "#1"},
				"up": {"uv": [0, 0, 1, 1], "texture": "#1"},
				"down": {"uv": [0, 0, 1, 1], "texture": "#1"}
			}
		},
		{
			"name": "octagon",
			"from": [12.1436, 8.61925, 6.13616],
			"to": [12.6764, 8.87925, 9.72027],
			"rotation": {"angle": 45, "axis": "y", "origin": [8.35, 6.95525, 7.92822]},
			"faces": {
				"north": {"uv": [0, 0, 1, 1], "texture": "#1"},
				"east": {"uv": [0, 0, 1, 1], "texture": "#1"},
				"south": {"uv": [0, 0, 1, 1], "texture": "#1"},
				"west": {"uv": [0, 0, 1, 1], "texture": "#1"},
				"up": {"uv": [0, 0, 1, 1], "texture": "#1"},
				"down": {"uv": [0, 0, 1, 1], "texture": "#1"}
			}
		},
		{
			"name": "octagon",
			"from": [4.0236, 8.6193, 6.13616],
			"to": [4.5564, 8.8793, 9.72027],
			"rotation": {"angle": 0, "axis": "y", "origin": [8.35, 6.95525, 7.92822]},
			"faces": {
				"north": {"uv": [0, 0, 1, 1], "texture": "#1"},
				"east": {"uv": [0, 0, 1, 1], "texture": "#1"},
				"south": {"uv": [0, 0, 1, 1], "texture": "#1"},
				"west": {"uv": [0, 0, 1, 1], "texture": "#1"},
				"up": {"uv": [0, 0, 1, 1], "texture": "#1"},
				"down": {"uv": [0, 0, 1, 1], "texture": "#1"}
			}
		},
		{
			"name": "octagon",
			"from": [12.1436, 8.6194, 6.13616],
			"to": [12.6764, 8.8794, 9.72027],
			"rotation": {"angle": 0, "axis": "y", "origin": [8.35, 6.95525, 7.92822]},
			"faces": {
				"north": {"uv": [0, 0, 1, 1], "texture": "#1"},
				"east": {"uv": [0, 0, 1, 1], "texture": "#1"},
				"south": {"uv": [0, 0, 1, 1], "texture": "#1"},
				"west": {"uv": [0, 0, 1, 1], "texture": "#1"},
				"up": {"uv": [0, 0, 1, 1], "texture": "#1"},
				"down": {"uv": [0, 0, 1, 1], "texture": "#1"}
			}
		},
		{
			"name": "octagon",
			"from": [6.55795, 6.3688, 3.60182],
			"to": [10.14205, 6.6288, 4.13462],
			"rotation": {"angle": 45, "axis": "y", "origin": [8.35, 4.70525, 7.92822]},
			"faces": {
				"north": {"uv": [0, 0, 1, 1], "texture": "#1"},
				"east": {"uv": [0, 0, 1, 1], "texture": "#1"},
				"south": {"uv": [0, 0, 1, 1], "texture": "#1"},
				"west": {"uv": [0, 0, 1, 1], "texture": "#1"},
				"up": {"uv": [0, 0, 1, 1], "texture": "#1"},
				"down": {"uv": [0, 0, 1, 1], "texture": "#1"}
			}
		},
		{
			"name": "octagon",
			"from": [6.55795, 6.3689, 11.72182],
			"to": [10.14205, 6.6289, 12.25462],
			"rotation": {"angle": 45, "axis": "y", "origin": [8.35, 4.70525, 7.92822]},
			"faces": {
				"north": {"uv": [0, 0, 1, 1], "texture": "#1"},
				"east": {"uv": [0, 0, 1, 1], "texture": "#1"},
				"south": {"uv": [0, 0, 1, 1], "texture": "#1"},
				"west": {"uv": [0, 0, 1, 1], "texture": "#1"},
				"up": {"uv": [0, 0, 1, 1], "texture": "#1"},
				"down": {"uv": [0, 0, 1, 1], "texture": "#1"}
			}
		},
		{
			"name": "octagon",
			"from": [6.55795, 6.369, 11.72182],
			"to": [10.14205, 6.629, 12.25462],
			"rotation": {"angle": 0, "axis": "y", "origin": [8.35, 4.70525, 7.92822]},
			"faces": {
				"north": {"uv": [0, 0, 1, 1], "texture": "#1"},
				"east": {"uv": [0, 0, 1, 1], "texture": "#1"},
				"south": {"uv": [0, 0, 1, 1], "texture": "#1"},
				"west": {"uv": [0, 0, 1, 1], "texture": "#1"},
				"up": {"uv": [0, 0, 1, 1], "texture": "#1"},
				"down": {"uv": [0, 0, 1, 1], "texture": "#1"}
			}
		},
		{
			"name": "octagon",
			"from": [6.55795, 6.3691, 3.60182],
			"to": [10.14205, 6.6291, 4.13462],
			"rotation": {"angle": 0, "axis": "y", "origin": [8.35, 4.70525, 7.92822]},
			"faces": {
				"north": {"uv": [0, 0, 1, 1], "texture": "#1"},
				"east": {"uv": [0, 0, 1, 1], "texture": "#1"},
				"south": {"uv": [0, 0, 1, 1], "texture": "#1"},
				"west": {"uv": [0, 0, 1, 1], "texture": "#1"},
				"up": {"uv": [0, 0, 1, 1], "texture": "#1"},
				"down": {"uv": [0, 0, 1, 1], "texture": "#1"}
			}
		},
		{
			"name": "octagon",
			"from": [4.0236, 6.3692, 6.13616],
			"to": [4.5564, 6.6292, 9.72027],
			"rotation": {"angle": 45, "axis": "y", "origin": [8.35, 4.70525, 7.92822]},
			"faces": {
				"north": {"uv": [0, 0, 1, 1], "texture": "#1"},
				"east": {"uv": [0, 0, 1, 1], "texture": "#1"},
				"south": {"uv": [0, 0, 1, 1], "texture": "#1"},
				"west": {"uv": [0, 0, 1, 1], "texture": "#1"},
				"up": {"uv": [0, 0, 1, 1], "texture": "#1"},
				"down": {"uv": [0, 0, 1, 1], "texture": "#1"}
			}
		},
		{
			"name": "octagon",
			"from": [12.1436, 6.36925, 6.13616],
			"to": [12.6764, 6.62925, 9.72027],
			"rotation": {"angle": 45, "axis": "y", "origin": [8.35, 4.70525, 7.92822]},
			"faces": {
				"north": {"uv": [0, 0, 1, 1], "texture": "#1"},
				"east": {"uv": [0, 0, 1, 1], "texture": "#1"},
				"south": {"uv": [0, 0, 1, 1], "texture": "#1"},
				"west": {"uv": [0, 0, 1, 1], "texture": "#1"},
				"up": {"uv": [0, 0, 1, 1], "texture": "#1"},
				"down": {"uv": [0, 0, 1, 1], "texture": "#1"}
			}
		},
		{
			"name": "octagon",
			"from": [4.0236, 6.3694, 6.13616],
			"to": [4.5564, 6.6294, 9.72027],
			"rotation": {"angle": 0, "axis": "y", "origin": [8.35, 4.70525, 7.92822]},
			"faces": {
				"north": {"uv": [0, 0, 1, 1], "texture": "#1"},
				"east": {"uv": [0, 0, 1, 1], "texture": "#1"},
				"south": {"uv": [0, 0, 1, 1], "texture": "#1"},
				"west": {"uv": [0, 0, 1, 1], "texture": "#1"},
				"up": {"uv": [0, 0, 1, 1], "texture": "#1"},
				"down": {"uv": [0, 0, 1, 1], "texture": "#1"}
			}
		},
		{
			"name": "octagon",
			"from": [12.1436, 6.3695, 6.13616],
			"to": [12.6764, 6.6295, 9.72027],
			"rotation": {"angle": 0, "axis": "y", "origin": [8.35, 4.70525, 7.92822]},
			"faces": {
				"north": {"uv": [0, 0, 1, 1], "texture": "#1"},
				"east": {"uv": [0, 0, 1, 1], "texture": "#1"},
				"south": {"uv": [0, 0, 1, 1], "texture": "#1"},
				"west": {"uv": [0, 0, 1, 1], "texture": "#1"},
				"up": {"uv": [0, 0, 1, 1], "texture": "#1"},
				"down": {"uv": [0, 0, 1, 1], "texture": "#1"}
			}
		},
		{
			"name": "octagon",
			"from": [7.35, 6.72425, 6.77136],
			"to": [8.85, 8.22425, 8.27136],
			"rotation": {"angle": 0, "axis": "y", "origin": [8.35, 7.22425, 7.92822]},
			"faces": {
				"north": {"uv": [9, 7, 14, 12], "texture": "#0"},
				"east": {"uv": [9, 7, 14, 12], "texture": "#0"},
				"south": {"uv": [9, 7, 14, 12], "texture": "#0"},
				"west": {"uv": [9, 7, 14, 12], "texture": "#0"},
				"up": {"uv": [4, 4, 11, 11], "texture": "#0"},
				"down": {"uv": [9, 7, 14, 12], "texture": "#0"}
			}
		},
		{
			"name": "octagon",
			"from": [6.45761, 6.72425, 4.43309],
			"to": [7.95761, 8.22425, 5.93309],
			"rotation": {"angle": 22.5, "axis": "y", "origin": [7.55, 7.22425, 5.62822]},
			"faces": {
				"north": {"uv": [4, 4, 11, 11], "texture": "#0"},
				"east": {"uv": [9, 7, 14, 12], "texture": "#0"},
				"south": {"uv": [9, 7, 14, 12], "texture": "#0"},
				"west": {"uv": [9, 7, 14, 12], "texture": "#0"},
				"up": {"uv": [9, 7, 14, 12], "texture": "#0"},
				"down": {"uv": [9, 7, 14, 12], "texture": "#0"}
			}
		},
		{
			"name": "octagon",
			"from": [7.35, 7.72425, 9.57136],
			"to": [8.85, 9.22425, 11.07136],
			"rotation": {"angle": 45, "axis": "x", "origin": [8.35, 8.22425, 10.72822]},
			"faces": {
				"north": {"uv": [4, 4, 11, 11], "texture": "#0"},
				"east": {"uv": [9, 7, 14, 12], "texture": "#0"},
				"south": {"uv": [9, 7, 14, 12], "texture": "#0"},
				"west": {"uv": [9, 7, 14, 12], "texture": "#0"},
				"up": {"uv": [9, 7, 14, 12], "texture": "#0"},
				"down": {"uv": [9, 7, 14, 12], "texture": "#0"}
			}
		},
		{
			"name": "octagon",
			"from": [9.05, 6.92425, 6.57136],
			"to": [10.55, 8.42425, 8.07136],
			"rotation": {"angle": 45, "axis": "x", "origin": [10.05, 7.42425, 7.72822]},
			"faces": {
				"north": {"uv": [9, 7, 14, 12], "texture": "#0"},
				"east": {"uv": [9, 7, 14, 12], "texture": "#0"},
				"south": {"uv": [9, 7, 14, 12], "texture": "#0"},
				"west": {"uv": [9, 7, 14, 12], "texture": "#0"},
				"up": {"uv": [9, 7, 14, 12], "texture": "#0"},
				"down": {"uv": [9, 7, 14, 12], "texture": "#0"}
			}
		},
		{
			"name": "octagon",
			"from": [7.35, 7.52425, 5.77136],
			"to": [8.85, 9.02425, 7.27136],
			"rotation": {"angle": -45, "axis": "x", "origin": [8.35, 8.02425, 6.92822]},
			"faces": {
				"north": {"uv": [9, 7, 14, 12], "texture": "#0"},
				"east": {"uv": [9, 7, 14, 12], "texture": "#0"},
				"south": {"uv": [9, 7, 14, 12], "texture": "#0"},
				"west": {"uv": [9, 7, 14, 12], "texture": "#0"},
				"up": {"uv": [9, 7, 14, 12], "texture": "#0"},
				"down": {"uv": [9, 7, 14, 12], "texture": "#0"}
			}
		},
		{
			"name": "octagon",
			"from": [4.6, 6.68111, 7.42822],
			"to": [6.1, 7.68111, 8.92822],
			"rotation": {"angle": 0, "axis": "x", "origin": [5.6, 7.02425, 7.92822]},
			"faces": {
				"north": {"uv": [9, 7, 14, 12], "texture": "#0"},
				"east": {"uv": [9, 7, 14, 12], "texture": "#0"},
				"south": {"uv": [4, 4, 11, 11], "texture": "#0"},
				"west": {"uv": [9, 7, 14, 12], "texture": "#0"},
				"up": {"uv": [9, 7, 14, 12], "texture": "#0"},
				"down": {"uv": [9, 7, 14, 12], "texture": "#0"}
			}
		},
		{
			"name": "octagon",
			"from": [7.6, 6.68111, 7.42822],
			"to": [9.1, 7.68111, 8.92822],
			"rotation": {"angle": 0, "axis": "x", "origin": [8.6, 7.02425, 7.92822]},
			"faces": {
				"north": {"uv": [9, 7, 14, 12], "texture": "#0"},
				"east": {"uv": [9, 7, 14, 12], "texture": "#0"},
				"south": {"uv": [9, 7, 14, 12], "texture": "#0"},
				"west": {"uv": [9, 7, 14, 12], "texture": "#0"},
				"up": {"uv": [9, 7, 14, 12], "texture": "#0"},
				"down": {"uv": [9, 7, 14, 12], "texture": "#0"}
			}
		},
		{
			"name": "octagon",
			"from": [10.2, 6.68111, 8.52822],
			"to": [11.7, 7.68111, 10.02822],
			"rotation": {"angle": 22.5, "axis": "y", "origin": [10.7, 7.02425, 9.02822]},
			"faces": {
				"north": {"uv": [9, 7, 14, 12], "rotation": 270, "texture": "#0"},
				"east": {"uv": [9, 7, 14, 12], "rotation": 270, "texture": "#0"},
				"south": {"uv": [9, 7, 14, 12], "rotation": 270, "texture": "#0"},
				"west": {"uv": [9, 7, 14, 12], "rotation": 270, "texture": "#0"},
				"up": {"uv": [9, 7, 14, 12], "rotation": 270, "texture": "#0"},
				"down": {"uv": [9, 7, 14, 12], "rotation": 270, "texture": "#0"}
			}
		},
		{
			"name": "octagon",
			"from": [10.71716, 6.68111, 6.21106],
			"to": [12.21716, 7.68111, 7.71106],
			"rotation": {"angle": -45, "axis": "y", "origin": [11.5, 7.02425, 6.42822]},
			"faces": {
				"north": {"uv": [9, 7, 14, 12], "rotation": 270, "texture": "#0"},
				"east": {"uv": [9, 7, 14, 12], "rotation": 270, "texture": "#0"},
				"south": {"uv": [9, 7, 14, 12], "rotation": 270, "texture": "#0"},
				"west": {"uv": [9, 7, 14, 12], "rotation": 270, "texture": "#0"},
				"up": {"uv": [9, 7, 14, 12], "rotation": 270, "texture": "#0"},
				"down": {"uv": [9, 7, 14, 12], "rotation": 270, "texture": "#0"}
			}
		},
		{
			"name": "octagon",
			"from": [5.3, 6.88111, 8.42822],
			"to": [6.8, 7.88111, 9.92822],
			"rotation": {"angle": -22.5, "axis": "y", "origin": [5.8, 7.22425, 8.92822]},
			"faces": {
				"north": {"uv": [9, 7, 14, 12], "rotation": 270, "texture": "#0"},
				"east": {"uv": [9, 7, 14, 12], "rotation": 270, "texture": "#0"},
				"south": {"uv": [4, 4, 11, 11], "rotation": 270, "texture": "#0"},
				"west": {"uv": [9, 7, 14, 12], "rotation": 270, "texture": "#0"},
				"up": {"uv": [9, 7, 14, 12], "rotation": 270, "texture": "#0"},
				"down": {"uv": [9, 7, 14, 12], "rotation": 270, "texture": "#0"}
			}
		},
		{
			"name": "octagon",
			"from": [9.1, 6.68111, 4.67822],
			"to": [10.6, 7.68111, 6.17822],
			"rotation": {"angle": -22.5, "axis": "y", "origin": [10.1, 7.02425, 5.17822]},
			"faces": {
				"north": {"uv": [9, 7, 14, 12], "texture": "#0"},
				"east": {"uv": [9, 7, 14, 12], "texture": "#0"},
				"south": {"uv": [9, 7, 14, 12], "texture": "#0"},
				"west": {"uv": [9, 7, 14, 12], "texture": "#0"},
				"up": {"uv": [9, 7, 14, 12], "texture": "#0"},
				"down": {"uv": [9, 7, 14, 12], "texture": "#0"}
			}
		},
		{
			"name": "octagon",
			"from": [7.6, 6.62425, 4.27136],
			"to": [9.1, 8.12425, 5.27136],
			"rotation": {"angle": 0, "axis": "x", "origin": [8.6, 7.12425, 4.92822]},
			"faces": {
				"north": {"uv": [9, 7, 14, 12], "texture": "#0"},
				"east": {"uv": [9, 7, 14, 12], "texture": "#0"},
				"south": {"uv": [9, 7, 14, 12], "texture": "#0"},
				"west": {"uv": [9, 7, 14, 12], "texture": "#0"},
				"up": {"uv": [9, 7, 14, 12], "texture": "#0"},
				"down": {"uv": [9, 7, 14, 12], "texture": "#0"}
			}
		},
		{
			"name": "octagon",
			"from": [6.3, 7.92425, 7.17136],
			"to": [7.8, 9.42425, 8.17136],
			"rotation": {"angle": 45, "axis": "x", "origin": [7.3, 8.42425, 7.82822]},
			"faces": {
				"north": {"uv": [4, 4, 11, 11], "texture": "#0"},
				"east": {"uv": [9, 7, 14, 12], "texture": "#0"},
				"south": {"uv": [9, 7, 14, 12], "texture": "#0"},
				"west": {"uv": [9, 7, 14, 12], "texture": "#0"},
				"up": {"uv": [9, 7, 14, 12], "texture": "#0"},
				"down": {"uv": [9, 7, 14, 12], "texture": "#0"}
			}
		},
		{
			"name": "octagon",
			"from": [7.6, 6.68111, 9.42822],
			"to": [9.1, 7.68111, 10.92822],
			"rotation": {"angle": 45, "axis": "y", "origin": [8.6, 7.02425, 9.92822]},
			"faces": {
				"north": {"uv": [9, 7, 14, 12], "texture": "#0"},
				"east": {"uv": [9, 7, 14, 12], "texture": "#0"},
				"south": {"uv": [9, 7, 14, 12], "texture": "#0"},
				"west": {"uv": [9, 7, 14, 12], "texture": "#0"},
				"up": {"uv": [9, 7, 14, 12], "texture": "#0"},
				"down": {"uv": [9, 7, 14, 12], "texture": "#0"}
			}
		},
		{
			"name": "octagon",
			"from": [10.9, 6.93111, 7.42822],
			"to": [12.4, 7.93111, 8.92822],
			"rotation": {"angle": 45, "axis": "z", "origin": [11.4, 7.27425, 7.92822]},
			"faces": {
				"north": {"uv": [9, 7, 14, 12], "rotation": 270, "texture": "#0"},
				"east": {"uv": [4, 4, 11, 11], "rotation": 270, "texture": "#0"},
				"south": {"uv": [9, 7, 14, 12], "rotation": 270, "texture": "#0"},
				"west": {"uv": [9, 7, 14, 12], "rotation": 270, "texture": "#0"},
				"up": {"uv": [9, 7, 14, 12], "rotation": 270, "texture": "#0"},
				"down": {"uv": [9, 7, 14, 12], "rotation": 270, "texture": "#0"}
			}
		},
		{
			"name": "octagon",
			"from": [9.35, 6.77425, 5.52136],
			"to": [11.35, 8.77425, 7.52136],
			"rotation": {"angle": 0, "axis": "y", "origin": [10.35, 7.27425, 6.67822]},
			"faces": {
				"north": {"uv": [9, 7, 14, 12], "texture": "#0"},
				"east": {"uv": [9, 7, 14, 12], "texture": "#0"},
				"south": {"uv": [9, 7, 14, 12], "texture": "#0"},
				"west": {"uv": [9, 7, 14, 12], "texture": "#0"},
				"up": {"uv": [4, 4, 11, 11], "texture": "#0"},
				"down": {"uv": [9, 7, 14, 12], "texture": "#0"}
			}
		},
		{
			"name": "octagon",
			"from": [5.35, 6.77425, 5.52136],
			"to": [7.35, 8.77425, 7.52136],
			"rotation": {"angle": 45, "axis": "y", "origin": [6.35, 7.27425, 6.67822]},
			"faces": {
				"north": {"uv": [9, 7, 14, 12], "texture": "#0"},
				"east": {"uv": [9, 7, 14, 12], "texture": "#0"},
				"south": {"uv": [9, 7, 14, 12], "texture": "#0"},
				"west": {"uv": [9, 7, 14, 12], "texture": "#0"},
				"up": {"uv": [4, 4, 11, 11], "texture": "#0"},
				"down": {"uv": [9, 7, 14, 12], "texture": "#0"}
			}
		},
		{
			"name": "octagon",
			"from": [7.89315, 7.37425, 4.57822],
			"to": [9.89315, 9.37425, 6.57822],
			"rotation": {"angle": 0, "axis": "y", "origin": [9.05, 7.87425, 5.57822]},
			"faces": {
				"north": {"uv": [9, 7, 14, 12], "rotation": 270, "texture": "#0"},
				"east": {"uv": [9, 7, 14, 12], "rotation": 270, "texture": "#0"},
				"south": {"uv": [9, 7, 14, 12], "rotation": 270, "texture": "#0"},
				"west": {"uv": [9, 7, 14, 12], "rotation": 270, "texture": "#0"},
				"up": {"uv": [4, 4, 11, 11], "rotation": 270, "texture": "#0"},
				"down": {"uv": [9, 7, 14, 12], "rotation": 270, "texture": "#0"}
			}
		},
		{
			"name": "octagon",
			"from": [6.00685, 6.77425, 8.67822],
			"to": [8.00685, 8.77425, 10.67822],
			"rotation": {"angle": 22.5, "axis": "y", "origin": [6.85, 7.27425, 9.67822]},
			"faces": {
				"north": {"uv": [9, 7, 14, 12], "rotation": 90, "texture": "#0"},
				"east": {"uv": [9, 7, 14, 12], "rotation": 90, "texture": "#0"},
				"south": {"uv": [9, 7, 14, 12], "rotation": 90, "texture": "#0"},
				"west": {"uv": [9, 7, 14, 12], "rotation": 90, "texture": "#0"},
				"up": {"uv": [9, 7, 14, 12], "rotation": 90, "texture": "#0"},
				"down": {"uv": [9, 7, 14, 12], "rotation": 90, "texture": "#0"}
			}
		},
		{
			"name": "octagon",
			"from": [9.04828, 6.77425, 9.4368],
			"to": [11.04828, 8.77425, 11.4368],
			"rotation": {"angle": 45, "axis": "y", "origin": [9.75, 7.27425, 10.57822]},
			"faces": {
				"north": {"uv": [9, 7, 14, 12], "rotation": 90, "texture": "#0"},
				"east": {"uv": [4, 4, 11, 11], "rotation": 90, "texture": "#0"},
				"south": {"uv": [9, 7, 14, 12], "rotation": 90, "texture": "#0"},
				"west": {"uv": [9, 7, 14, 12], "rotation": 90, "texture": "#0"},
				"up": {"uv": [9, 7, 14, 12], "rotation": 90, "texture": "#0"},
				"down": {"uv": [9, 7, 14, 12], "rotation": 90, "texture": "#0"}
			}
		},
		{
			"name": "octagon",
			"from": [8.25, 6.93111, 8.57822],
			"to": [10.25, 8.93111, 10.57822],
			"rotation": {"angle": -45, "axis": "z", "origin": [9.75, 7.77425, 9.57822]},
			"faces": {
				"north": {"uv": [9, 7, 14, 12], "rotation": 90, "texture": "#0"},
				"east": {"uv": [9, 7, 14, 12], "rotation": 90, "texture": "#0"},
				"south": {"uv": [9, 7, 14, 12], "rotation": 90, "texture": "#0"},
				"west": {"uv": [9, 7, 14, 12], "rotation": 90, "texture": "#0"},
				"up": {"uv": [4, 4, 11, 11], "rotation": 90, "texture": "#0"},
				"down": {"uv": [9, 7, 14, 12], "rotation": 90, "texture": "#0"}
			}
		}
	],
	"display": {
		"thirdperson_righthand": {
			"rotation": [0, 89.75, 0],
			"translation": [0, 0.75, -0.5],
			"scale": [0.48828, 0.48828, 0.48828]
		},
		"thirdperson_lefthand": {
			"rotation": [0, 56, 0],
			"translation": [0.25, 1, -0.5],
			"scale": [0.48828, 0.48828, 0.48828]
		},
		"firstperson_righthand": {
			"rotation": [0, -180, 0],
			"translation": [2, 2, 0],
			"scale": [0.6, 0.6, 0.6]
		},
		"firstperson_lefthand": {
			"translation": [2, 2, 0],
			"scale": [0.6, 0.6, 0.6]
		},
		"gui": {
			"rotation": [34.75, -129, 0],
			"translation": [-0.25, -2.5, 0]
		},
		"head": {
			"rotation": [14, 90.25, 0],
			"translation": [0, -6.75, -9.5]
		},
		"fixed": {
			"rotation": [-90, 0, 0],
			"translation": [0, 0, -0.75]
		}
	},
	"groups": [
		{
			"name": "octagon",
			"origin": [8, 8, 8],
			"children": [0, 1, 2, 3]
		},
		{
			"name": "octagon",
			"origin": [8, 8, 8],
			"children": [4, 5, 6, 7]
		},
		{
			"name": "octagon",
			"origin": [8, 8, 8],
			"children": [8, 9, 10, 11, 12, 13, 14, 15]
		},
		{
			"name": "octagon",
			"origin": [8, 8, 8],
			"children": [16, 17, 18, 19, 20, 21, 22, 23]
		},
		{
			"name": "octagon",
			"origin": [8, 8, 8],
			"children": [24, 25, 26, 27, 28, 29, 30, 31]
		}, 32, 33, 34, 35, 36, 37, 38, 39, 40, 41, 42, 43, 44, 45, 46, 47, 48, 49, 50, 51, 52]
}