{
	"credit": "Made with Blockbench",
	"textures": {
		"2": "block/iron_block",
		"3": "block/magenta_concrete",
		"particle": "block/iron_block"
	},
	"elements": [
		{
			"from": [-1.97216, 0.99896, 4.52067],
			"to": [0.02784, 5.99896, 5.52067],
			"faces": {
				"north": {"uv": [0, 0, 2, 5], "texture": "#3"},
				"east": {"uv": [0, 0, 1, 5], "texture": "#3"},
				"south": {"uv": [0, 0, 2, 5], "texture": "#3"},
				"west": {"uv": [0, 0, 1, 5], "texture": "#3"},
				"up": {"uv": [0, 0, 2, 1], "rotation": 180, "texture": "#3"},
				"down": {"uv": [0, 0, 2, 1], "rotation": 180, "texture": "#3"}
			}
		},
		{
			"from": [-1.97216, 5.99896, 5.52067],
			"to": [0.02784, 6.99896, 10.52067],
			"faces": {
				"north": {"uv": [0, 0, 2, 1], "texture": "#3"},
				"east": {"uv": [0, 0, 5, 1], "texture": "#3"},
				"south": {"uv": [0, 0, 2, 1], "texture": "#3"},
				"west": {"uv": [0, 0, 5, 1], "texture": "#3"},
				"up": {"uv": [0, 0, 2, 5], "rotation": 180, "texture": "#3"},
				"down": {"uv": [0, 0, 2, 5], "rotation": 180, "texture": "#3"}
			}
		},
		{
			"from": [-2.97216, 0.99896, 5.52067],
			"to": [-1.72216, 5.99896, 10.52067],
			"faces": {
				"north": {"uv": [0, 0, 1, 5], "texture": "#3"},
				"east": {"uv": [0, 0, 5, 5], "texture": "#3"},
				"south": {"uv": [0, 0, 1, 5], "texture": "#3"},
				"west": {"uv": [0, 0, 5, 5], "texture": "#3"},
				"up": {"uv": [0, 0, 1, 5], "rotation": 180, "texture": "#3"},
				"down": {"uv": [0, 0, 1, 5], "rotation": 180, "texture": "#3"}
			}
		},
		{
			"from": [17.77784, 1.03, 5.52067],
			"to": [19.02784, 6.03, 10.52067],
			"faces": {
				"north": {"uv": [0, 0, 1, 5], "texture": "#3"},
				"east": {"uv": [0, 0, 5, 5], "texture": "#3"},
				"south": {"uv": [0, 0, 1, 5], "texture": "#3"},
				"west": {"uv": [0, 0, 5, 5], "texture": "#3"},
				"up": {"uv": [0, 0, 1, 5], "rotation": 180, "texture": "#3"},
				"down": {"uv": [0, 0, 1, 5], "rotation": 180, "texture": "#3"}
			}
		},
		{
			"from": [-1.97216, 0.99896, 10.52067],
			"to": [0.02784, 5.99896, 11.52067],
			"faces": {
				"north": {"uv": [0, 0, 2, 5], "texture": "#3"},
				"east": {"uv": [0, 0, 1, 5], "texture": "#3"},
				"south": {"uv": [0, 0, 2, 5], "texture": "#3"},
				"west": {"uv": [0, 0, 1, 5], "texture": "#3"},
				"up": {"uv": [0, 0, 2, 1], "rotation": 180, "texture": "#3"},
				"down": {"uv": [0, 0, 2, 1], "rotation": 180, "texture": "#3"}
			}
		},
		{
			"from": [-1.97216, -0.00104, 5.52067],
			"to": [0.02784, 0.99896, 10.52067],
			"faces": {
				"north": {"uv": [0, 0, 2, 1], "texture": "#3"},
				"east": {"uv": [0, 0, 5, 1], "texture": "#3"},
				"south": {"uv": [0, 0, 2, 1], "texture": "#3"},
				"west": {"uv": [0, 0, 5, 1], "texture": "#3"},
				"up": {"uv": [0, 0, 2, 5], "rotation": 180, "texture": "#3"},
				"down": {"uv": [0, 0, 2, 5], "rotation": 180, "texture": "#3"}
			}
		},
		{
			"from": [16.02779, 6.03037, 5.55209],
			"to": [18.02779, 7.03037, 10.55209],
			"faces": {
				"north": {"uv": [0, 0, 2, 1], "texture": "#3"},
				"east": {"uv": [0, 0, 5, 1], "texture": "#3"},
				"south": {"uv": [0, 0, 2, 1], "texture": "#3"},
				"west": {"uv": [0, 0, 5, 1], "texture": "#3"},
				"up": {"uv": [0, 0, 2, 5], "rotation": 180, "texture": "#3"},
				"down": {"uv": [0, 0, 2, 5], "rotation": 180, "texture": "#3"}
			}
		},
		{
			"from": [16.02779, 1.03037, 10.55209],
			"to": [18.02779, 6.03037, 11.55209],
			"faces": {
				"north": {"uv": [0, 0, 2, 5], "texture": "#3"},
				"east": {"uv": [0, 0, 1, 5], "texture": "#3"},
				"south": {"uv": [0, 0, 2, 5], "texture": "#3"},
				"west": {"uv": [0, 0, 1, 5], "texture": "#3"},
				"up": {"uv": [0, 0, 2, 1], "rotation": 180, "texture": "#3"},
				"down": {"uv": [0, 0, 2, 1], "rotation": 180, "texture": "#3"}
			}
		},
		{
			"from": [16.02779, 0.03037, 5.55209],
			"to": [18.02779, 1.03037, 10.55209],
			"faces": {
				"north": {"uv": [0, 0, 2, 1], "texture": "#3"},
				"east": {"uv": [0, 0, 5, 1], "texture": "#3"},
				"south": {"uv": [0, 0, 2, 1], "texture": "#3"},
				"west": {"uv": [0, 0, 5, 1], "texture": "#3"},
				"up": {"uv": [0, 0, 2, 5], "rotation": 180, "texture": "#3"},
				"down": {"uv": [0, 0, 2, 5], "rotation": 180, "texture": "#3"}
			}
		},
		{
			"from": [16.02779, 1.03037, 4.55209],
			"to": [18.02779, 6.03037, 5.55209],
			"faces": {
				"north": {"uv": [0, 0, 2, 5], "texture": "#3"},
				"east": {"uv": [0, 0, 1, 5], "texture": "#3"},
				"south": {"uv": [0, 0, 2, 5], "texture": "#3"},
				"west": {"uv": [0, 0, 1, 5], "texture": "#3"},
				"up": {"uv": [0, 0, 2, 1], "rotation": 180, "texture": "#3"},
				"down": {"uv": [0, 0, 2, 1], "rotation": 180, "texture": "#3"}
			}
		},
		{
			"from": [-1.47216, 6.99931, 7.54602],
			"to": [-0.22216, 12.99931, 8.77102],
			"rotation": {"angle": 0, "axis": "y", "origin": [8, 8, 7.25]},
			"faces": {
				"north": {"uv": [0, 0, 1.25, 7], "texture": "#2"},
				"east": {"uv": [0, 0, 0.725, 7], "texture": "#2"},
				"south": {"uv": [0, 0, 1.25, 7], "texture": "#2"},
				"west": {"uv": [0, 0, 0.725, 7], "texture": "#2"},
				"up": {"uv": [0, 0, 1.25, 0.725], "rotation": 180, "texture": "#2"},
				"down": {"uv": [0, 0, 1.25, 0.725], "rotation": 180, "texture": "#2"}
			}
		},
		{
			"from": [16.30284, 6.99931, 7.54602],
			"to": [17.55284, 12.99931, 8.77102],
			"rotation": {"angle": 0, "axis": "y", "origin": [25.775, 8, 7.25]},
			"faces": {
				"north": {"uv": [0, 0, 1.25, 7], "texture": "#2"},
				"east": {"uv": [0, 0, 0.725, 7], "texture": "#2"},
				"south": {"uv": [0, 0, 1.25, 7], "texture": "#2"},
				"west": {"uv": [0, 0, 0.725, 7], "texture": "#2"},
				"up": {"uv": [0, 0, 1.25, 0.725], "rotation": 180, "texture": "#2"},
				"down": {"uv": [0, 0, 1.25, 0.725], "rotation": 180, "texture": "#2"}
			}
		},
		{
			"from": [-1.48247, 12.89929, 7.55632],
			"to": [17.56753, 13.99929, 8.78132],
			"rotation": {"angle": 0, "axis": "y", "origin": [8, 8, 7.25]},
			"faces": {
				"north": {"uv": [0, 0, 16, 1.1], "texture": "#2"},
				"east": {"uv": [0, 0, 0.725, 1.1], "texture": "#2"},
				"south": {"uv": [0, 0, 16, 1.1], "texture": "#2"},
				"west": {"uv": [0, 0, 0.725, 1.1], "texture": "#2"},
				"up": {"uv": [0, 0, 16, 0.725], "rotation": 180, "texture": "#2"},
				"down": {"uv": [0, 0, 16, 0.725], "rotation": 180, "texture": "#2"}
			}
		},
		{
			"from": [2.31753, 12.59929, 6.50632],
			"to": [13.96753, 14.89929, 9.83132],
			"faces": {
				"north": {"uv": [0, 0, 11.65, 2.3], "texture": "#3"},
				"east": {"uv": [0, 0, 3.325, 2.3], "texture": "#3"},
				"south": {"uv": [0, 0, 11.65, 2.3], "texture": "#3"},
				"west": {"uv": [0, 0, 3.325, 2.3], "texture": "#3"},
				"up": {"uv": [0, 0, 11.65, 3.325], "rotation": 180, "texture": "#3"},
				"down": {"uv": [0, 0, 11.65, 3.325], "rotation": 180, "texture": "#3"}
			}
		}
	],
	"display": {
		"thirdperson_righthand": {
			"rotation": [-10, 128, 15],
			"translation": [0, 1, -1.5],
			"scale": [0.31, 0.3, 0.32]
		},
		"thirdperson_lefthand": {
			"rotation": [-10, 128, 15],
			"translation": [-1, 1, -1.5],
			"scale": [0.31, 0.3, 0.32]
		},
		"firstperson_righthand": {
			"rotation": [-10, 128, 15],
			"translation": [9, -4.5, -3.5],
			"scale": [0.47, 0.46, 0.45]
		},
		"firstperson_lefthand": {
			"rotation": [-10, 128, 15],
			"translation": [9, -4.5, -3.5],
			"scale": [0.47, 0.46, 0.45]
		},
		"ground": {
			"scale": [0.47, 0.46, 0.45]
		},
		"gui": {
			"rotation": [45, 133, 0],
			"translation": [0, 0.25, 0],
			"scale": [0.61, 0.62, 0.61]
		},
		"head": {
			"translation": [0, 2.5, -0.25],
			"scale": [0.81, 0.81, 0.81]
		},
		"fixed": {
			"rotation": [11, 0, 0],
			"translation": [0, 0.75, -2]
		}
	}
}