{"credit":"","textures":{"0":"block/yellow_wool","2":"block/iron_block","3":"block/gray_concrete","4":"block/brown_concrete","5":"block/yellow_concrete","particle":"block/yellow_wool"},"elements":[{"from":[5,0,1],"to":[10,6,6],"rotation":{"angle":0,"axis":"y","origin":[15,8,10]},"faces":{"north":{"uv":[0,0,2.5,3],"texture":"#0"},"east":{"uv":[0,0,2.5,3],"texture":"#0"},"south":{"uv":[0,0,2.5,3],"texture":"#0"},"west":{"uv":[0,0,2.5,3],"texture":"#0"},"up":{"uv":[0,0,2.5,2.5],"texture":"#0"},"down":{"uv":[0,0,2.5,2.5],"texture":"#0"}}},{"from":[6,1,-1],"to":[10,5,0.25],"rotation":{"angle":0,"axis":"y","origin":[14,8,9]},"faces":{"north":{"uv":[0,0,4,4],"texture":"#0"},"east":{"uv":[0,0,1.25,4],"texture":"#0"},"south":{"uv":[0,0,4,4],"texture":"#0"},"west":{"uv":[0,0,1.25,4],"texture":"#0"},"up":{"uv":[0,0,4,1.25],"texture":"#0"},"down":{"uv":[0,0,4,1.25],"texture":"#0"}}},{"from":[5.75,0.75,0.25],"to":[10,5.25,1],"rotation":{"angle":0,"axis":"y","origin":[14,8,9]},"faces":{"north":{"uv":[0,0,4.25,4.5],"texture":"#5"},"east":{"uv":[0,0,0.75,4.5],"texture":"#5"},"south":{"uv":[0,0,4.25,4.5],"texture":"#5"},"west":{"uv":[0,0,0.75,4.5],"texture":"#5"},"up":{"uv":[0,0,4.25,0.75],"texture":"#5"},"down":{"uv":[0,0,4.25,0.75],"texture":"#5"}}},{"from":[6,1.99317,17.00683],"to":[7,3.99317,18.00683],"rotation":{"angle":0,"axis":"y","origin":[14,9.99317,23.00683]},"faces":{"north":{"uv":[0,0,1,2],"texture":"#2"},"east":{"uv":[0,0,1,2],"texture":"#2"},"south":{"uv":[0,0,1,2],"texture":"#2"},"west":{"uv":[2,1,3,2],"texture":"#2"},"up":{"uv":[0,0,1,1],"texture":"#2"},"down":{"uv":[0,0,1,1],"texture":"#2"}}},{"from":[6,3.65538,16.73254],"to":[7,4.65538,17.23254],"rotation":{"angle":22.5,"axis":"x","origin":[6.5,4.15538,17.73254]},"faces":{"north":{"uv":[0,0,1,1],"rotation":180,"texture":"#2"},"east":{"uv":[0,0,1,0.5],"rotation":90,"texture":"#2"},"south":{"uv":[0,0,1,1],"texture":"#2"},"west":{"uv":[2,1,3,2],"rotation":270,"texture":"#2"},"up":{"uv":[0,0,1,0.5],"texture":"#2"},"down":{"uv":[0,0,1,0.5],"rotation":180,"texture":"#2"}}},{"from":[6,1.76009,16.8511],"to":[7,2.26009,17.8511],"rotation":{"angle":22.5,"axis":"x","origin":[6.5,1.73516,17.25801]},"faces":{"north":{"uv":[0,0,1,0.5],"texture":"#2"},"east":{"uv":[0,0,1,0.5],"texture":"#2"},"south":{"uv":[0,0,1,0.5],"texture":"#2"},"west":{"uv":[2,1,3,2],"texture":"#2"},"up":{"uv":[0,0,1,1],"texture":"#2"},"down":{"uv":[0,0,1,1],"texture":"#2"}}},{"from":[6,4.248,17.31549],"to":[7,4.748,18.31549],"rotation":{"angle":-45,"axis":"x","origin":[6.5,3.748,17.81549]},"faces":{"north":{"uv":[0,0,1,0.5],"texture":"#2"},"east":{"uv":[0,0,1,0.5],"texture":"#2"},"south":{"uv":[0,0,1,0.5],"texture":"#2"},"west":{"uv":[2,1,3,2],"texture":"#2"},"up":{"uv":[0,0,1,1],"texture":"#2"},"down":{"uv":[0,0,1,1],"texture":"#2"}}},{"from":[6,1.48516,16.79641],"to":[7,1.98516,17.79641],"rotation":{"angle":45,"axis":"x","origin":[6.5,1.73516,17.25801]},"faces":{"north":{"uv":[0,0,1,0.5],"texture":"#2"},"east":{"uv":[0,0,1,0.5],"texture":"#2"},"south":{"uv":[0,0,1,0.5],"texture":"#2"},"west":{"uv":[2,1,3,2],"texture":"#2"},"up":{"uv":[0,0,1,1],"texture":"#2"},"down":{"uv":[0,0,1,1],"texture":"#2"}}},{"from":[6,3.83988,17.23624],"to":[7,4.33988,18.23624],"rotation":{"angle":-22.5,"axis":"x","origin":[6.5,3.33988,17.73624]},"faces":{"north":{"uv":[0,0,1,0.5],"texture":"#2"},"east":{"uv":[0,0,1,0.5],"texture":"#2"},"south":{"uv":[0,0,1,0.5],"texture":"#2"},"west":{"uv":[2,1,3,2],"texture":"#2"},"up":{"uv":[0,0,1,1],"texture":"#2"},"down":{"uv":[0,0,1,1],"texture":"#2"}}},{"from":[6,1.14207,16.73307],"to":[7,2.14207,17.23307],"rotation":{"angle":-22.5,"axis":"x","origin":[6.5,1.73516,17.25801]},"faces":{"north":{"uv":[0,0,1,1],"rotation":180,"texture":"#2"},"east":{"uv":[0,0,1,0.5],"rotation":270,"texture":"#2"},"south":{"uv":[0,0,1,1],"texture":"#2"},"west":{"uv":[2,1,3,2],"rotation":90,"texture":"#2"},"up":{"uv":[0,0,1,0.5],"rotation":180,"texture":"#2"},"down":{"uv":[0,0,1,0.5],"texture":"#2"}}},{"from":[6,1,6],"to":[7,5,17],"rotation":{"angle":0,"axis":"y","origin":[14,8,14]},"faces":{"north":{"uv":[0,0,0.5,2],"texture":"#2"},"east":{"uv":[0,0,5.5,2],"texture":"#2"},"south":{"uv":[0,0,0.5,2],"texture":"#2"},"west":{"uv":[1,1,7,3],"texture":"#2"},"up":{"uv":[0,0,0.5,5.5],"texture":"#2"},"down":{"uv":[0,0,0.5,5.5],"texture":"#2"}}},{"from":[6.25,5,6],"to":[6.65,5.25,7],"rotation":{"angle":0,"axis":"y","origin":[14,12,14]},"faces":{"north":{"uv":[0,3,1,3],"texture":"#2"},"east":{"uv":[0,3,1,3],"texture":"#2"},"south":{"uv":[0,3,1,3],"texture":"#2"},"west":{"uv":[0,3,1,3],"texture":"#2"},"up":{"uv":[0,3,1,3],"texture":"#2"},"down":{"uv":[0,3,1,3],"texture":"#2"}}},{"from":[6.25,0.75,6],"to":[6.65,1,7],"rotation":{"angle":0,"axis":"y","origin":[14,-6,14]},"faces":{"north":{"uv":[0,3,1,3],"texture":"#2"},"east":{"uv":[0,3,1,3],"texture":"#2"},"south":{"uv":[0,3,1,3],"texture":"#2"},"west":{"uv":[0,3,1,3],"texture":"#2"},"up":{"uv":[0,3,1,3],"texture":"#2"},"down":{"uv":[0,3,1,3],"texture":"#2"}}},{"from":[6.25,5,12],"to":[6.65,5.25,13],"rotation":{"angle":0,"axis":"y","origin":[14,12,20]},"faces":{"north":{"uv":[0,3,1,3],"texture":"#2"},"east":{"uv":[0,3,1,3],"texture":"#2"},"south":{"uv":[0,3,1,3],"texture":"#2"},"west":{"uv":[0,3,1,3],"texture":"#2"},"up":{"uv":[0,3,1,3],"texture":"#2"},"down":{"uv":[0,3,1,3],"texture":"#2"}}},{"from":[6.25,0.75,12],"to":[6.65,1,13],"rotation":{"angle":0,"axis":"y","origin":[14,-6,20]},"faces":{"north":{"uv":[0,3,1,3],"texture":"#2"},"east":{"uv":[0,3,1,3],"texture":"#2"},"south":{"uv":[0,3,1,3],"texture":"#2"},"west":{"uv":[0,3,1,3],"texture":"#2"},"up":{"uv":[0,3,1,3],"texture":"#2"},"down":{"uv":[0,3,1,3],"texture":"#2"}}},{"from":[6.25,5,9],"to":[6.65,5.25,10],"rotation":{"angle":0,"axis":"y","origin":[14,12,17]},"faces":{"north":{"uv":[0,3,1,3],"texture":"#2"},"east":{"uv":[0,3,1,3],"texture":"#2"},"south":{"uv":[0,3,1,3],"texture":"#2"},"west":{"uv":[0,3,1,3],"texture":"#2"},"up":{"uv":[0,3,1,3],"texture":"#2"},"down":{"uv":[0,3,1,3],"texture":"#2"}}},{"from":[6.25,0.75,9],"to":[6.65,1,10],"rotation":{"angle":0,"axis":"y","origin":[14,-6,17]},"faces":{"north":{"uv":[0,3,1,3],"texture":"#2"},"east":{"uv":[0,3,1,3],"texture":"#2"},"south":{"uv":[0,3,1,3],"texture":"#2"},"west":{"uv":[0,3,1,3],"texture":"#2"},"up":{"uv":[0,3,1,3],"texture":"#2"},"down":{"uv":[0,3,1,3],"texture":"#2"}}},{"from":[6.25,5,15],"to":[6.65,5.25,16],"rotation":{"angle":0,"axis":"y","origin":[14,12,23]},"faces":{"north":{"uv":[0,3,1,3],"texture":"#2"},"east":{"uv":[0,3,1,3],"texture":"#2"},"south":{"uv":[0,3,1,3],"texture":"#2"},"west":{"uv":[0,3,1,3],"texture":"#2"},"up":{"uv":[0,3,1,3],"texture":"#2"},"down":{"uv":[0,3,1,3],"texture":"#2"}}},{"from":[6.25,0.75,15],"to":[6.65,1,16],"rotation":{"angle":0,"axis":"y","origin":[14,-6,23]},"faces":{"north":{"uv":[0,3,1,3],"texture":"#2"},"east":{"uv":[0,3,1,3],"texture":"#2"},"south":{"uv":[0,3,1,3],"texture":"#2"},"west":{"uv":[0,3,1,3],"texture":"#2"},"up":{"uv":[0,3,1,3],"texture":"#2"},"down":{"uv":[0,3,1,3],"texture":"#2"}}},{"from":[6.25,2.5,18],"to":[6.65,3.5,18.25],"rotation":{"angle":0,"axis":"x","origin":[6.5,3,18.25]},"faces":{"north":{"uv":[0,3,1,3],"texture":"#2"},"east":{"uv":[0,3,1,3],"texture":"#2"},"south":{"uv":[0,3,1,3],"texture":"#2"},"west":{"uv":[0,3,1,3],"rotation":90,"texture":"#2"},"up":{"uv":[0,3,1,3],"texture":"#2"},"down":{"uv":[0,3,1,3],"texture":"#2"}}},{"from":[6.25,5,7.5],"to":[6.65,5.25,8.5],"rotation":{"angle":0,"axis":"y","origin":[14,12,15.5]},"faces":{"north":{"uv":[0,3,1,3],"texture":"#2"},"east":{"uv":[0,3,1,3],"texture":"#2"},"south":{"uv":[0,3,1,3],"texture":"#2"},"west":{"uv":[0,3,1,3],"texture":"#2"},"up":{"uv":[0,3,1,3],"texture":"#2"},"down":{"uv":[0,3,1,3],"texture":"#2"}}},{"from":[6.25,0.75,7.5],"to":[6.65,1,8.5],"rotation":{"angle":0,"axis":"y","origin":[14,-6,15.5]},"faces":{"north":{"uv":[0,3,1,3],"texture":"#2"},"east":{"uv":[0,3,1,3],"texture":"#2"},"south":{"uv":[0,3,1,3],"texture":"#2"},"west":{"uv":[0,3,1,3],"texture":"#2"},"up":{"uv":[0,3,1,3],"texture":"#2"},"down":{"uv":[0,3,1,3],"texture":"#2"}}},{"from":[6.25,5,13.5],"to":[6.65,5.25,14.5],"rotation":{"angle":0,"axis":"y","origin":[14,12,21.5]},"faces":{"north":{"uv":[0,3,1,3],"texture":"#2"},"east":{"uv":[0,3,1,3],"texture":"#2"},"south":{"uv":[0,3,1,3],"texture":"#2"},"west":{"uv":[0,3,1,3],"texture":"#2"},"up":{"uv":[0,3,1,3],"texture":"#2"},"down":{"uv":[0,3,1,3],"texture":"#2"}}},{"from":[6.25,0.75,13.5],"to":[6.65,1,14.5],"rotation":{"angle":0,"axis":"y","origin":[14,-6,21.5]},"faces":{"north":{"uv":[0,3,1,3],"texture":"#2"},"east":{"uv":[0,3,1,3],"texture":"#2"},"south":{"uv":[0,3,1,3],"texture":"#2"},"west":{"uv":[0,3,1,3],"texture":"#2"},"up":{"uv":[0,3,1,3],"texture":"#2"},"down":{"uv":[0,3,1,3],"texture":"#2"}}},{"from":[6.25,5,10.5],"to":[6.65,5.25,11.5],"rotation":{"angle":0,"axis":"y","origin":[14,12,18.5]},"faces":{"north":{"uv":[0,3,1,3],"texture":"#2"},"east":{"uv":[0,3,1,3],"texture":"#2"},"south":{"uv":[0,3,1,3],"texture":"#2"},"west":{"uv":[0,3,1,3],"texture":"#2"},"up":{"uv":[0,3,1,3],"texture":"#2"},"down":{"uv":[0,3,1,3],"texture":"#2"}}},{"from":[6.25,0.75,10.5],"to":[6.65,1,11.5],"rotation":{"angle":0,"axis":"y","origin":[14,-6,18.5]},"faces":{"north":{"uv":[0,3,1,3],"texture":"#2"},"east":{"uv":[0,3,1,3],"texture":"#2"},"south":{"uv":[0,3,1,3],"texture":"#2"},"west":{"uv":[0,3,1,3],"texture":"#2"},"up":{"uv":[0,3,1,3],"texture":"#2"},"down":{"uv":[0,3,1,3],"texture":"#2"}}},{"from":[6.25,5,16.5],"to":[6.65,5.25,17],"rotation":{"angle":0,"axis":"x","origin":[6.5,5.25,17]},"faces":{"north":{"uv":[0,3,1,3],"texture":"#2"},"east":{"uv":[0,3,1,3],"texture":"#2"},"south":{"uv":[0,3,1,3],"texture":"#2"},"west":{"uv":[0,3,1,3],"texture":"#2"},"up":{"uv":[0,3,1,3],"texture":"#2"},"down":{"uv":[0,3,1,3],"texture":"#2"}}},{"from":[6.25,0.75,16.5],"to":[6.65,1,17],"rotation":{"angle":0,"axis":"x","origin":[6.5,0.75,17]},"faces":{"north":{"uv":[0,3,1,3],"texture":"#2"},"east":{"uv":[0,3,1,3],"texture":"#2"},"south":{"uv":[0,3,1,3],"texture":"#2"},"west":{"uv":[0,3,1,3],"texture":"#2"},"up":{"uv":[0,3,1,3],"texture":"#2"},"down":{"uv":[0,3,1,3],"texture":"#2"}}},{"from":[6.25,4.38543,17.77678],"to":[6.65,4.88543,18.02678],"rotation":{"angle":-45,"axis":"x","origin":[6.5,4.44279,17.98846]},"faces":{"north":{"uv":[0,3,1,3],"texture":"#2"},"east":{"uv":[0,3,1,3],"texture":"#2"},"south":{"uv":[0,3,1,3],"texture":"#2"},"west":{"uv":[0,3,1,3],"rotation":90,"texture":"#2"},"up":{"uv":[0,3,1,3],"texture":"#2"},"down":{"uv":[0,3,1,3],"texture":"#2"}}},{"from":[6.25,1.11457,17.77678],"to":[6.65,1.61457,18.02678],"rotation":{"angle":45,"axis":"x","origin":[6.5,1.55721,17.98846]},"faces":{"north":{"uv":[0,3,1,3],"texture":"#2"},"east":{"uv":[0,3,1,3],"texture":"#2"},"south":{"uv":[0,3,1,3],"texture":"#2"},"west":{"uv":[0,3,1,3],"rotation":90,"texture":"#2"},"up":{"uv":[0,3,1,3],"texture":"#2"},"down":{"uv":[0,3,1,3],"texture":"#2"}}},{"from":[6.25,4.80866,16.96194],"to":[6.65,5.05866,17.46194],"rotation":{"angle":22.5,"axis":"x","origin":[6.5,5.05866,17.46194]},"faces":{"north":{"uv":[0,3,1,3],"texture":"#2"},"east":{"uv":[0,3,1,3],"texture":"#2"},"south":{"uv":[0,3,1,3],"texture":"#2"},"west":{"uv":[0,3,1,3],"texture":"#2"},"up":{"uv":[0,3,1,3],"texture":"#2"},"down":{"uv":[0,3,1,3],"texture":"#2"}}},{"from":[6.25,0.94134,16.96194],"to":[6.65,1.19134,17.46194],"rotation":{"angle":-22.5,"axis":"x","origin":[6.5,0.94134,17.46194]},"faces":{"north":{"uv":[0,3,1,3],"texture":"#2"},"east":{"uv":[0,3,1,3],"texture":"#2"},"south":{"uv":[0,3,1,3],"texture":"#2"},"west":{"uv":[0,3,1,3],"texture":"#2"},"up":{"uv":[0,3,1,3],"texture":"#2"},"down":{"uv":[0,3,1,3],"texture":"#2"}}},{"from":[6.25,3.91903,17.83097],"to":[6.65,4.41903,18.08097],"rotation":{"angle":-22.5,"axis":"x","origin":[6.5,4.36168,18.04265]},"faces":{"north":{"uv":[0,3,1,3],"texture":"#2"},"east":{"uv":[0,3,1,3],"texture":"#2"},"south":{"uv":[0,3,1,3],"texture":"#2"},"west":{"uv":[0,3,1,3],"rotation":90,"texture":"#2"},"up":{"uv":[0,3,1,3],"texture":"#2"},"down":{"uv":[0,3,1,3],"texture":"#2"}}},{"from":[6.25,1.58097,17.83097],"to":[6.65,2.08097,18.08097],"rotation":{"angle":22.5,"axis":"x","origin":[6.5,1.63832,18.04265]},"faces":{"north":{"uv":[0,3,1,3],"texture":"#2"},"east":{"uv":[0,3,1,3],"texture":"#2"},"south":{"uv":[0,3,1,3],"texture":"#2"},"west":{"uv":[0,3,1,3],"rotation":90,"texture":"#2"},"up":{"uv":[0,3,1,3],"texture":"#2"},"down":{"uv":[0,3,1,3],"texture":"#2"}}},{"from":[9.9,-0.01367,3],"to":[11,0.98633,4],"rotation":{"angle":0,"axis":"y","origin":[18,7.98633,11]},"faces":{"north":{"uv":[0,0,1.1,1],"texture":"#4"},"east":{"uv":[0,0,1,1],"texture":"#4"},"south":{"uv":[0,0,1.1,1],"texture":"#4"},"west":{"uv":[0,0,1,1],"texture":"#4"},"up":{"uv":[0,0,1.1,1],"texture":"#4"},"down":{"uv":[0,0,1.1,1],"texture":"#4"}}},{"from":[6,7,3],"to":[11,8,4],"rotation":{"angle":0,"axis":"y","origin":[14,15,11]},"faces":{"north":{"uv":[0,0,2.5,0.5],"texture":"#4"},"east":{"uv":[0,0,0.5,0.5],"texture":"#4"},"south":{"uv":[0,0,2.5,0.5],"texture":"#4"},"west":{"uv":[0,0,0.5,0.5],"texture":"#4"},"up":{"uv":[0,0,2.5,0.5],"texture":"#4"},"down":{"uv":[0,0,2.5,0.5],"texture":"#4"}}},{"from":[5.57926,5.58478,3],"to":[6.57926,7.88478,4],"rotation":{"angle":-22.5,"axis":"z","origin":[6.07926,6.88478,3.5]},"faces":{"north":{"uv":[0,0,2.3,1],"rotation":90,"texture":"#4"},"east":{"uv":[0,0,2.3,1],"rotation":270,"texture":"#4"},"south":{"uv":[0,0,2.3,1],"rotation":270,"texture":"#4"},"west":{"uv":[0,0,2.3,1],"rotation":270,"texture":"#4"},"up":{"uv":[0,0,1,1],"rotation":270,"texture":"#4"},"down":{"uv":[0,0,1,1],"rotation":270,"texture":"#4"}}},{"from":[11.00683,0.99317,3],"to":[12.00683,6.99317,4],"rotation":{"angle":0,"axis":"y","origin":[17.00683,11.99317,11]},"faces":{"north":{"uv":[0,0,1,6],"texture":"#4"},"east":{"uv":[0,0,1,6],"texture":"#4"},"south":{"uv":[0,0,1,6],"texture":"#4"},"west":{"uv":[0,0,1,6],"texture":"#4"},"up":{"uv":[0,0,1,1],"texture":"#4"},"down":{"uv":[0,0,1,1],"texture":"#4"}}},{"from":[10.7706,6.84672,3],"to":[11.2706,7.84672,4],"rotation":{"angle":-22.5,"axis":"z","origin":[11.2706,7.34672,3.5]},"faces":{"north":{"uv":[0,0,1,0.5],"rotation":90,"texture":"#4"},"east":{"uv":[0,0,1,1],"rotation":270,"texture":"#4"},"south":{"uv":[0,0,1,0.5],"rotation":270,"texture":"#4"},"west":{"uv":[0,0,1,1],"rotation":270,"texture":"#4"},"up":{"uv":[0,0,1,0.5],"rotation":270,"texture":"#4"},"down":{"uv":[0,0,1,0.5],"rotation":270,"texture":"#4"}}},{"from":[10.8511,0.76009,3],"to":[11.8511,1.26009,4],"rotation":{"angle":-22.5,"axis":"z","origin":[11.25801,0.73516,3.5]},"faces":{"north":{"uv":[0,0,1,0.5],"texture":"#4"},"east":{"uv":[0,0,1,0.5],"texture":"#4"},"south":{"uv":[0,0,1,0.5],"texture":"#4"},"west":{"uv":[0,0,1,0.5],"texture":"#4"},"up":{"uv":[0,0,1,1],"texture":"#4"},"down":{"uv":[0,0,1,1],"texture":"#4"}}},{"from":[10.96194,6.60155,3],"to":[11.46194,7.60155,4],"rotation":{"angle":-45,"axis":"z","origin":[11.46194,7.10155,3.5]},"faces":{"north":{"uv":[0,0,1,0.5],"rotation":90,"texture":"#4"},"east":{"uv":[0,0,1,1],"rotation":270,"texture":"#4"},"south":{"uv":[0,0,1,0.5],"rotation":270,"texture":"#4"},"west":{"uv":[0,0,1,1],"rotation":270,"texture":"#4"},"up":{"uv":[0,0,1,0.5],"rotation":270,"texture":"#4"},"down":{"uv":[0,0,1,0.5],"rotation":270,"texture":"#4"}}},{"from":[10.79641,0.48516,3],"to":[11.79641,0.98516,4],"rotation":{"angle":-45,"axis":"z","origin":[11.25801,0.73516,3.5]},"faces":{"north":{"uv":[0,0,1,0.5],"texture":"#4"},"east":{"uv":[0,0,1,0.5],"texture":"#4"},"south":{"uv":[0,0,1,0.5],"texture":"#4"},"west":{"uv":[0,0,1,0.5],"texture":"#4"},"up":{"uv":[0,0,1,1],"texture":"#4"},"down":{"uv":[0,0,1,1],"texture":"#4"}}},{"from":[11.0449,6.80182,3],"to":[12.0449,7.30182,4],"rotation":{"angle":22.5,"axis":"z","origin":[11.5449,6.80182,3.5]},"faces":{"north":{"uv":[0,0,1,0.5],"texture":"#4"},"east":{"uv":[0,0,1,0.5],"texture":"#4"},"south":{"uv":[0,0,1,0.5],"texture":"#4"},"west":{"uv":[0,0,1,0.5],"texture":"#4"},"up":{"uv":[0,0,1,1],"texture":"#4"},"down":{"uv":[0,0,1,1],"texture":"#4"}}},{"from":[10.73307,0.14207,3],"to":[11.23307,1.14207,4],"rotation":{"angle":22.5,"axis":"z","origin":[11.25801,0.73516,3.5]},"faces":{"north":{"uv":[0,0,1,0.5],"rotation":270,"texture":"#4"},"east":{"uv":[0,0,1,1],"rotation":90,"texture":"#4"},"south":{"uv":[0,0,1,0.5],"rotation":90,"texture":"#4"},"west":{"uv":[0,0,1,1],"rotation":90,"texture":"#4"},"up":{"uv":[0,0,1,0.5],"rotation":90,"texture":"#4"},"down":{"uv":[0,0,1,0.5],"rotation":90,"texture":"#4"}}},{"from":[7,2,-4],"to":[9,3,0],"rotation":{"angle":0,"axis":"y","origin":[15,10,8]},"faces":{"north":{"uv":[0,0,1,0.5],"texture":"#3"},"east":{"uv":[0,0,2,0.5],"texture":"#3"},"south":{"uv":[0,0,1,0.5],"texture":"#3"},"west":{"uv":[0,0,2,0.5],"texture":"#3"},"up":{"uv":[0,0,1,2],"texture":"#3"},"down":{"uv":[0,0,1,2],"texture":"#3"}}},{"from":[7,1.94239,-4.28963],"to":[9,2.94239,-3.78963],"rotation":{"angle":-22.5,"axis":"x","origin":[8,2.44239,-4.03963]},"faces":{"north":{"uv":[0,0,2,1],"texture":"#3"},"east":{"uv":[0,0,0.5,1],"texture":"#3"},"south":{"uv":[0,0,2,1],"texture":"#3"},"west":{"uv":[0,0,0.5,1],"texture":"#3"},"up":{"uv":[0,0,2,0.5],"texture":"#3"},"down":{"uv":[0,0,2,0.5],"texture":"#3"}}},{"from":[7,1.77833,-4.53516],"to":[9,2.77833,-4.03516],"rotation":{"angle":-45,"axis":"x","origin":[8,2.27833,-4.28516]},"faces":{"north":{"uv":[0,0,2,1],"texture":"#3"},"east":{"uv":[0,0,0.5,1],"texture":"#3"},"south":{"uv":[0,0,2,1],"texture":"#3"},"west":{"uv":[0,0,0.5,1],"texture":"#3"},"up":{"uv":[0,0,2,0.5],"texture":"#3"},"down":{"uv":[0,0,2,0.5],"texture":"#3"}}},{"from":[7,1.78279,-4.94922],"to":[9,2.28279,-3.94922],"rotation":{"angle":22.5,"axis":"x","origin":[8,2.03279,-4.44922]},"faces":{"north":{"uv":[0,0,2,0.5],"rotation":180,"texture":"#3"},"east":{"uv":[0,0,0.5,1],"rotation":90,"texture":"#3"},"south":{"uv":[0,0,2,0.5],"texture":"#3"},"west":{"uv":[0,0,0.5,1],"rotation":270,"texture":"#3"},"up":{"uv":[0,0,2,1],"texture":"#3"},"down":{"uv":[0,0,2,1],"rotation":180,"texture":"#3"}}},{"from":[7,0.99317,-5.00683],"to":[9,1.99317,-4.00683],"rotation":{"angle":0,"axis":"y","origin":[16,8.99317,2.99317]},"faces":{"north":{"uv":[0,0,2,1],"texture":"#3"},"east":{"uv":[0,0,1,1],"texture":"#3"},"south":{"uv":[0,0,2,1],"texture":"#3"},"west":{"uv":[0,0,1,1],"texture":"#3"},"up":{"uv":[0,0,2,1],"texture":"#3"},"down":{"uv":[0,0,2,1],"texture":"#3"}}},{"from":[7,-0.00683,-5.00683],"to":[9,0.99317,0.99317],"rotation":{"angle":0,"axis":"y","origin":[15,7.99317,7.99317]},"faces":{"north":{"uv":[0,0,2,1],"texture":"#3"},"east":{"uv":[0,0,6,1],"texture":"#3"},"south":{"uv":[0,0,2,1],"texture":"#3"},"west":{"uv":[0,0,6,1],"texture":"#3"},"up":{"uv":[0,0,2,6],"texture":"#3"},"down":{"uv":[0,0,2,6],"texture":"#3"}}}],"display":{"thirdperson_righthand":{"rotation":[0,-180,0],"translation":[0,5.5,-10]},"thirdperson_lefthand":{"rotation":[0,-180,0],"translation":[0,5.5,-10]},"firstperson_righthand":{"rotation":[17,-163.75,-21],"translation":[0,5.25,-3.25]},"firstperson_lefthand":{"rotation":[16,-180,-18],"translation":[1,5.25,-4.75]},"ground":{"translation":[0,5,0]},"gui":{"rotation":[60,-123.5,35.5],"translation":[0.25,4,0.75],"scale":[0.77539,0.77539,0.77539]},"head":{"rotation":[-18.75,-114.25,5.75],"translation":[4,11,2.25],"scale":[1.86,1.86,1.86]},"fixed":{"rotation":[-96,-92,0],"translation":[-10.75,0,-22.5],"scale":[3.06,3.06,3.06]}},"groups":[{"name":"Основание","origin":[14,8,9],"children":[0,1,2]},{"name":"Пила","origin":[8,8,8],"children":[3,4,5,6,7,8,9,10,11,12,13,14,15,16,17,18,19,20,21,22,23,24,25,26,27,28,29,30,31,32,33]},{"name":"Ручки для пилы","origin":[8,8,8],"children":[34,35,36,37,38,39,40,41,42,43,44,45,46,47,48,49]}]}