{"credit":"by Damfler","textures":{"0":"basic_staff/basic_staff","1":"staff_effects/staff_effect_charged_basic","particle":"basic_staff/basic_staff"},"elements":[{"from":[7.13195,-13.58549,7.25833],"to":[8.63195,-3.58549,8.75833],"rotation":{"angle":-22.5,"axis":"z","origin":[7.88195,-7.58549,8.00833]},"faces":{"north":{"uv":[6,0,11,16],"texture":"#0"},"east":{"uv":[6,0,11,16],"texture":"#0"},"south":{"uv":[6,0,11,16],"texture":"#0"},"west":{"uv":[6,0,11,16],"texture":"#0"},"up":{"uv":[11,0,16,5],"texture":"#0"},"down":{"uv":[11,0,16,5],"texture":"#0"}}},{"from":[7.13195,3.74405,7.25833],"to":[8.63195,9.74405,8.75833],"rotation":{"angle":-22.5,"axis":"z","origin":[7.88195,9.74405,8.00833]},"faces":{"north":{"uv":[0,0,5,16],"texture":"#0"},"east":{"uv":[0,0,5,16],"texture":"#0"},"south":{"uv":[0,0,5,16],"texture":"#0"},"west":{"uv":[0,0,5,16],"texture":"#0"},"up":{"uv":[11,0,16,5],"texture":"#0"},"down":{"uv":[11,0,16,5],"texture":"#0"}}},{"from":[7.03195,4.74405,7.15833],"to":[8.73195,8.74405,8.85833],"rotation":{"angle":-22.5,"axis":"z","origin":[7.88195,9.74405,8.00833]},"faces":{"north":{"uv":[11,5,16,16],"texture":"#0"},"east":{"uv":[11,5,16,16],"texture":"#0"},"south":{"uv":[11,5,16,16],"texture":"#0"},"west":{"uv":[11,5,16,16],"texture":"#0"},"up":{"uv":[11,11,16,16],"texture":"#0"},"down":{"uv":[11,11,16,16],"texture":"#0"}}},{"from":[9.42805,15.28733,7.25833],"to":[10.92805,21.28733,8.75833],"rotation":{"angle":-22.5,"axis":"z","origin":[10.17805,21.28733,8.00833]},"faces":{"north":{"uv":[0,0,5,16],"texture":"#0"},"east":{"uv":[0,0,5,16],"texture":"#0"},"south":{"uv":[0,0,5,16],"texture":"#0"},"west":{"uv":[0,0,5,16],"texture":"#0"},"up":{"uv":[11,0,16,5],"texture":"#0"},"down":{"uv":[11,0,16,5],"texture":"#0"}}},{"from":[7.13195,-4.76848,7.23333],"to":[8.63195,5.23152,8.78333],"rotation":{"angle":22.5,"axis":"z","origin":[7.88195,-0.76848,8.00833]},"faces":{"north":{"uv":[0,0,5,16],"texture":"#0"},"east":{"uv":[0,0,5,16],"texture":"#0"},"south":{"uv":[0,0,5,16],"texture":"#0"},"west":{"uv":[0,0,5,16],"texture":"#0"},"up":{"uv":[11,0,16,5],"texture":"#0"},"down":{"uv":[11,0,16,5],"texture":"#0"}}},{"from":[7.03195,0.23152,7.13333],"to":[8.73195,4.23152,8.88333],"rotation":{"angle":22.5,"axis":"z","origin":[7.88195,-0.76848,8.00833]},"faces":{"north":{"uv":[11,5,16,16],"texture":"#0"},"east":{"uv":[11,5,16,16],"texture":"#0"},"south":{"uv":[11,5,16,16],"texture":"#0"},"west":{"uv":[11,5,16,16],"texture":"#0"},"up":{"uv":[11,11,16,16],"texture":"#0"},"down":{"uv":[11,11,16,16],"texture":"#0"}}},{"from":[7.03195,-3.76848,7.13333],"to":[8.73195,0.23152,8.88333],"rotation":{"angle":22.5,"axis":"z","origin":[7.88195,-0.76848,8.00833]},"faces":{"north":{"uv":[11,5,16,16],"texture":"#0"},"east":{"uv":[11,5,16,16],"texture":"#0"},"south":{"uv":[11,5,16,16],"texture":"#0"},"west":{"uv":[11,5,16,16],"texture":"#0"},"up":{"uv":[11,11,16,16],"texture":"#0"},"down":{"uv":[11,11,16,16],"texture":"#0"}}},{"from":[5.60122,14.86554,7.20833],"to":[7.10122,22.86554,8.80833],"rotation":{"angle":22.5,"axis":"z","origin":[6.35122,18.86554,8.00833]},"faces":{"north":{"uv":[0,0,5,16],"texture":"#0"},"east":{"uv":[0,0,5,16],"texture":"#0"},"south":{"uv":[0,0,5,16],"texture":"#0"},"west":{"uv":[0,0,5,16],"texture":"#0"},"up":{"uv":[11,0,16,5],"texture":"#0"},"down":{"uv":[11,0,16,5],"texture":"#0"}}},{"from":[6.77928,18.4977,8.05833],"to":[8.77928,20.4977,8.05833],"rotation":{"angle":-45,"axis":"z","origin":[7.77928,19.4977,8.05833]},"faces":{"north":{"uv":[0,0,16,16],"texture":"#1"},"east":{"uv":[0,0,16,16],"texture":"#1"},"south":{"uv":[0,0,16,16],"texture":"#1"},"west":{"uv":[0,0,16,16],"texture":"#1"},"up":{"uv":[0,0,16,16],"texture":"#1"},"down":{"uv":[0,0,16,16],"texture":"#1"}}},{"from":[6.77928,21.4977,8.05833],"to":[8.77928,23.4977,8.05833],"rotation":{"angle":-45,"axis":"z","origin":[7.77928,22.4977,8.05833]},"faces":{"north":{"uv":[0,0,16,16],"texture":"#1"},"east":{"uv":[0,0,16,16],"texture":"#1"},"south":{"uv":[0,0,16,16],"texture":"#1"},"west":{"uv":[0,0,16,16],"texture":"#1"},"up":{"uv":[0,0,16,16],"texture":"#1"},"down":{"uv":[0,0,16,16],"texture":"#1"}}},{"from":[7.87928,23.9977,8.05833],"to":[8.87928,24.9977,8.05833],"rotation":{"angle":-45,"axis":"z","origin":[7.87928,23.9977,8.05833]},"faces":{"north":{"uv":[0,0,16,16],"texture":"#1"},"east":{"uv":[0,0,16,16],"texture":"#1"},"south":{"uv":[0,0,16,16],"texture":"#1"},"west":{"uv":[0,0,16,16],"texture":"#1"},"up":{"uv":[0,0,16,16],"texture":"#1"},"down":{"uv":[0,0,16,16],"texture":"#1"}}},{"from":[5.97928,22.2977,8.05833],"to":[6.97928,23.2977,8.05833],"rotation":{"angle":-45,"axis":"z","origin":[6.97928,23.2977,8.05833]},"faces":{"north":{"uv":[0,0,16,16],"texture":"#1"},"east":{"uv":[0,0,16,16],"texture":"#1"},"south":{"uv":[0,0,16,16],"texture":"#1"},"west":{"uv":[0,0,16,16],"texture":"#1"},"up":{"uv":[0,0,16,16],"texture":"#1"},"down":{"uv":[0,0,16,16],"texture":"#1"}}},{"from":[8.77928,20.6977,8.05833],"to":[9.77928,21.6977,8.05833],"rotation":{"angle":-45,"axis":"z","origin":[8.77928,21.6977,8.05833]},"faces":{"north":{"uv":[0,0,16,16],"texture":"#1"},"east":{"uv":[0,0,16,16],"texture":"#1"},"south":{"uv":[0,0,16,16],"texture":"#1"},"west":{"uv":[0,0,16,16],"texture":"#1"},"up":{"uv":[0,0,16,16],"texture":"#1"},"down":{"uv":[0,0,16,16],"texture":"#1"}}},{"from":[6.77928,20.6977,8.05833],"to":[7.77928,21.6977,8.05833],"rotation":{"angle":-45,"axis":"z","origin":[6.77928,21.6977,8.05833]},"faces":{"north":{"uv":[0,0,16,16],"texture":"#1"},"east":{"uv":[0,0,16,16],"texture":"#1"},"south":{"uv":[0,0,16,16],"texture":"#1"},"west":{"uv":[0,0,16,16],"texture":"#1"},"up":{"uv":[0,0,16,16],"texture":"#1"},"down":{"uv":[0,0,16,16],"texture":"#1"}}},{"from":[2.47928,19.4977,8.05833],"to":[4.47928,21.4977,8.05833],"rotation":{"angle":-22.5,"axis":"z","origin":[3.47928,20.4977,8.05833]},"faces":{"north":{"uv":[0,0,16,16],"rotation":90,"texture":"#1"},"east":{"uv":[0,0,16,16],"rotation":270,"texture":"#1"},"south":{"uv":[0,0,16,16],"rotation":270,"texture":"#1"},"west":{"uv":[0,0,16,16],"rotation":270,"texture":"#1"},"up":{"uv":[0,0,16,16],"rotation":270,"texture":"#1"},"down":{"uv":[0,0,16,16],"rotation":270,"texture":"#1"}}},{"from":[4.47928,19.6977,8.05833],"to":[5.47928,20.6977,8.05833],"rotation":{"angle":-22.5,"axis":"z","origin":[4.47928,19.6977,8.05833]},"faces":{"north":{"uv":[0,0,16,16],"rotation":90,"texture":"#1"},"east":{"uv":[0,0,16,16],"rotation":270,"texture":"#1"},"south":{"uv":[0,0,16,16],"rotation":270,"texture":"#1"},"west":{"uv":[0,0,16,16],"rotation":270,"texture":"#1"},"up":{"uv":[0,0,16,16],"rotation":270,"texture":"#1"},"down":{"uv":[0,0,16,16],"rotation":270,"texture":"#1"}}},{"from":[3.47928,21.7977,8.05833],"to":[4.47928,22.7977,8.05833],"rotation":{"angle":-22.5,"axis":"z","origin":[3.47928,21.7977,8.05833]},"faces":{"north":{"uv":[0,0,16,16],"rotation":90,"texture":"#1"},"east":{"uv":[0,0,16,16],"rotation":270,"texture":"#1"},"south":{"uv":[0,0,16,16],"rotation":270,"texture":"#1"},"west":{"uv":[0,0,16,16],"rotation":270,"texture":"#1"},"up":{"uv":[0,0,16,16],"rotation":270,"texture":"#1"},"down":{"uv":[0,0,16,16],"rotation":270,"texture":"#1"}}},{"from":[3.27928,22.7977,8.05833],"to":[5.27928,24.7977,8.05833],"rotation":{"angle":-22.5,"axis":"z","origin":[4.27928,23.7977,8.05833]},"faces":{"north":{"uv":[0,0,16,16],"rotation":90,"texture":"#1"},"east":{"uv":[0,0,16,16],"rotation":270,"texture":"#1"},"south":{"uv":[0,0,16,16],"rotation":270,"texture":"#1"},"west":{"uv":[0,0,16,16],"rotation":270,"texture":"#1"},"up":{"uv":[0,0,16,16],"rotation":270,"texture":"#1"},"down":{"uv":[0,0,16,16],"rotation":270,"texture":"#1"}}},{"from":[10.37928,17.9977,8.05833],"to":[12.37928,19.9977,8.05833],"rotation":{"angle":22.5,"axis":"z","origin":[11.37928,18.9977,8.05833]},"faces":{"north":{"uv":[0,0,16,16],"rotation":270,"texture":"#1"},"east":{"uv":[0,0,16,16],"rotation":90,"texture":"#1"},"south":{"uv":[0,0,16,16],"rotation":90,"texture":"#1"},"west":{"uv":[0,0,16,16],"rotation":90,"texture":"#1"},"up":{"uv":[0,0,16,16],"rotation":90,"texture":"#1"},"down":{"uv":[0,0,16,16],"rotation":90,"texture":"#1"}}},{"from":[9.37928,18.2977,8.05833],"to":[10.37928,19.2977,8.05833],"rotation":{"angle":22.5,"axis":"z","origin":[10.37928,18.2977,8.05833]},"faces":{"north":{"uv":[0,0,16,16],"rotation":270,"texture":"#1"},"east":{"uv":[0,0,16,16],"rotation":90,"texture":"#1"},"south":{"uv":[0,0,16,16],"rotation":90,"texture":"#1"},"west":{"uv":[0,0,16,16],"rotation":90,"texture":"#1"},"up":{"uv":[0,0,16,16],"rotation":90,"texture":"#1"},"down":{"uv":[0,0,16,16],"rotation":90,"texture":"#1"}}},{"from":[10.87928,20.4977,8.05833],"to":[11.87928,21.4977,8.05833],"rotation":{"angle":22.5,"axis":"z","origin":[11.87928,20.4977,8.05833]},"faces":{"north":{"uv":[0,0,16,16],"rotation":270,"texture":"#1"},"east":{"uv":[0,0,16,16],"rotation":90,"texture":"#1"},"south":{"uv":[0,0,16,16],"rotation":90,"texture":"#1"},"west":{"uv":[0,0,16,16],"rotation":90,"texture":"#1"},"up":{"uv":[0,0,16,16],"rotation":90,"texture":"#1"},"down":{"uv":[0,0,16,16],"rotation":90,"texture":"#1"}}},{"from":[9.77928,21.4977,8.05833],"to":[11.77928,23.4977,8.05833],"rotation":{"angle":22.5,"axis":"z","origin":[10.77928,22.4977,8.05833]},"faces":{"north":{"uv":[0,0,16,16],"rotation":270,"texture":"#1"},"east":{"uv":[0,0,16,16],"rotation":90,"texture":"#1"},"south":{"uv":[0,0,16,16],"rotation":90,"texture":"#1"},"west":{"uv":[0,0,16,16],"rotation":90,"texture":"#1"},"up":{"uv":[0,0,16,16],"rotation":90,"texture":"#1"},"down":{"uv":[0,0,16,16],"rotation":90,"texture":"#1"}}},{"from":[7.07486,9.45704,7.23333],"to":[8.57486,15.45704,8.78333],"rotation":{"angle":0,"axis":"z","origin":[7.82486,16.48239,8.00833]},"faces":{"north":{"uv":[0,0,5,16],"texture":"#0"},"east":{"uv":[0,0,5,16],"texture":"#0"},"south":{"uv":[0,0,5,16],"texture":"#0"},"west":{"uv":[0,0,5,16],"texture":"#0"},"up":{"uv":[11,0,16,5],"texture":"#0"},"down":{"uv":[11,0,16,5],"texture":"#0"}}}],"display":{"thirdperson_righthand":{"rotation":[0,309.5,0],"translation":[0.5,5.5,2.25]},"thirdperson_lefthand":{"rotation":[0,-33,0],"translation":[-1,5.5,2.25]},"firstperson_righthand":{"rotation":[-24,-45,23],"translation":[5.75,-2.75,3.5]},"firstperson_lefthand":{"rotation":[-24,-45,23],"translation":[5.75,-2.75,3.5]},"ground":{"rotation":[-90,0,0]},"gui":{"rotation":[0,44.75,42.25],"translation":[-0.75,0.75,0],"scale":[0.45313,0.45313,0.45313]},"head":{"rotation":[0,0,-53],"translation":[7.75,-5.25,4.5],"scale":[-1.6,1.6,1.6]},"fixed":{"rotation":[-90,0,0],"translation":[0,0,-36.5],"scale":[2,2,2]}}}