{
	"credit": "Дуралей пидорас",
	"textures": {
		"1": "ap_21/ap-21"
	},
	"elements": [
		{
			"from": [0.7, 0.1, 6.1],
			"to": [6.5, 0.9, 8.25],
			"rotation": {"angle": 0, "axis": "y", "origin": [0, 8, 14]},
			"faces": {
				"north": {"uv": [9.5, 2, 8.125, 2.5], "texture": "#1"},
				"east": {"uv": [0, 0, 1.65, 0.8], "texture": "#1"},
				"south": {"uv": [11.5, 0.5, 12, 1], "texture": "#1"},
				"west": {"uv": [0, 0, 7, 1.5], "texture": "#1"},
				"up": {"uv": [7.5, 0, 13, 2], "texture": "#1"},
				"down": {"uv": [7.5, 2, 13, 0], "texture": "#1"}
			}
		},
		{
			"from": [13.2, 0, 4.6],
			"to": [14.55, 1, 8.4],
			"rotation": {"angle": 22.5, "axis": "y", "origin": [21.2, 8, 12.6]},
			"faces": {
				"north": {"uv": [0, 0, 1.35, 1], "texture": "#1"},
				"east": {"uv": [0, 0, 3.8, 1], "texture": "#1"},
				"south": {"uv": [0, 0, 1.35, 1], "texture": "#1"},
				"west": {"uv": [0, 0, 1, 2], "texture": "#1"},
				"up": {"uv": [7.5, 11, 9.5, 15.5], "texture": "#1"},
				"down": {"uv": [7.5, 15.5, 9.5, 11.5], "texture": "#1"}
			}
		},
		{
			"from": [18.775, -0.1, 8.075],
			"to": [19.95, 1.125, 9.75],
			"rotation": {"angle": 0, "axis": "y", "origin": [26.55, 8, 3.675]},
			"faces": {
				"north": {"uv": [0, 0, 3.175, 1.2], "texture": "#1"},
				"east": {"uv": [0, 0, 2.65, 1.2], "texture": "#1"},
				"south": {"uv": [0, 0, 3.175, 1.2], "texture": "#1"},
				"west": {"uv": [0, 0, 3, 1.5], "rotation": 90, "texture": "#1"},
				"up": {"uv": [0, 0, 3, 1.5], "rotation": 90, "texture": "#1"},
				"down": {"uv": [0, 0, 4, 1], "rotation": 90, "texture": "#1"}
			}
		},
		{
			"from": [13.175, -0.125, 7.1],
			"to": [19.95, 1.125, 8.075],
			"rotation": {"angle": 0, "axis": "y", "origin": [20.825, 8, 14.675]},
			"faces": {
				"north": {"uv": [1, 13, 6.5, 13.5], "texture": "#1"},
				"east": {"uv": [0, 0, 1.475, 1.2], "texture": "#1"},
				"south": {"uv": [0, 0, 6.9, 1.2], "texture": "#1"},
				"west": {"uv": [0, 0, 15.5, 16], "texture": "#1"},
				"up": {"uv": [0, 13, 7.5, 14.5], "texture": "#1"},
				"down": {"uv": [0, 14.5, 7, 13], "texture": "#1"}
			}
		},
		{
			"from": [0.17645, -0.35, 8.24801],
			"to": [9.42645, 1.4, 10.04801],
			"rotation": {"angle": 0, "axis": "y", "origin": [6.42645, 0.4, 9.17301]},
			"faces": {
				"north": {"uv": [9.5, 11.5, 11.5, 2], "rotation": 90, "texture": "#1"},
				"east": {"uv": [0, 2.5, 2, 3.5], "texture": "#1"},
				"south": {"uv": [9.5, 2, 11.5, 11.5], "rotation": 90, "texture": "#1"},
				"west": {"uv": [0.5, 2.5, 2.5, 3.5], "texture": "#1"},
				"up": {"uv": [9.5, 2, 11.5, 11.5], "rotation": 90, "texture": "#1"},
				"down": {"uv": [9.5, 2, 11.5, 11.5], "rotation": 90, "texture": "#1"}
			}
		},
		{
			"from": [9.4, 0.2, 8.35],
			"to": [11.45, 0.8, 9.65],
			"rotation": {"angle": 0, "axis": "y", "origin": [18.2, 8, 16.35]},
			"faces": {
				"north": {"uv": [0, 0, 1.65, 0.6], "texture": "#1"},
				"east": {"uv": [0, 0, 1.3, 0.6], "texture": "#1"},
				"south": {"uv": [0, 11.5, 1.5, 12], "texture": "#1"},
				"west": {"uv": [0, 12, 1.5, 12.5], "texture": "#1"},
				"up": {"uv": [0, 11.5, 2, 13], "texture": "#1"},
				"down": {"uv": [5.5, 5.5, 7, 7], "texture": "#1"}
			}
		},
		{
			"from": [6.5, -0.2, 7],
			"to": [13.2, 1.2, 8.6],
			"rotation": {"angle": 0, "axis": "y", "origin": [14.2, 8, 15]},
			"faces": {
				"north": {"uv": [0.5, 2, 7, 3.5], "texture": "#1"},
				"east": {"uv": [0.5, 2.5, 2, 4], "texture": "#1"},
				"south": {"uv": [2.5, 5.5, 9, 7], "texture": "#1"},
				"west": {"uv": [2.5, 4, 4, 5.5], "texture": "#1"},
				"up": {"uv": [0, 2, 7.5, 4], "texture": "#1"},
				"down": {"uv": [0, 2, 7.5, 4], "texture": "#1"}
			}
		},
		{
			"from": [5.4, 0, 6],
			"to": [12.4, 1, 7],
			"rotation": {"angle": 0, "axis": "y", "origin": [13.7, 8, 14]},
			"faces": {
				"north": {"uv": [0, 2.5, 7, 3.5], "texture": "#1"},
				"east": {"uv": [0, 2, 1, 3], "texture": "#1"},
				"south": {"uv": [0, 2.5, 7, 3.5], "texture": "#1"},
				"west": {"uv": [1, 2.5, 2, 3.5], "texture": "#1"},
				"up": {"uv": [0, 9.5, 7.5, 11.5], "texture": "#1"},
				"down": {"uv": [0, 11.5, 7.5, 9.5], "texture": "#1"}
			}
		},
		{
			"from": [4.3, 0.025, 9.525],
			"to": [6.3, 0.975, 10.525],
			"rotation": {"angle": -45, "axis": "y", "origin": [12.6, 8, 17.525]},
			"faces": {
				"north": {"uv": [0.5, 2.5, 2.5, 3.5], "texture": "#1"},
				"east": {"uv": [0, 0, 1, 1], "texture": "#1"},
				"south": {"uv": [0, 0, 2, 1], "texture": "#1"},
				"west": {"uv": [0, 0, 1, 1], "texture": "#1"},
				"up": {"uv": [0, 2, 7.5, 4], "texture": "#1"},
				"down": {"uv": [0, 4, 7.5, 2], "texture": "#1"}
			}
		},
		{
			"from": [-1.55, 0.1, 7.05],
			"to": [0.7, 0.9, 8],
			"rotation": {"angle": 0, "axis": "y", "origin": [1.15, 8, 14.25]},
			"faces": {
				"north": {"uv": [0.5, 2, 4, 2.5], "texture": "#1"},
				"east": {"uv": [0, 0, 0.95, 0.8], "texture": "#1"},
				"south": {"uv": [1.5, 2.5, 5, 3.5], "texture": "#1"},
				"west": {"uv": [1, 2, 2, 3], "texture": "#1"},
				"up": {"uv": [2, 2, 4, 3], "texture": "#1"},
				"down": {"uv": [1.5, 3, 6.5, 2], "texture": "#1"}
			}
		},
		{
			"from": [-0.075, 0.2, 5.4],
			"to": [0.775, 0.8, 7.1],
			"rotation": {"angle": 0, "axis": "y", "origin": [0.35, 0.5, 6.5]},
			"faces": {
				"north": {"uv": [1, 3, 2, 3.5], "texture": "#1"},
				"east": {"uv": [0, 3, 1, 3.5], "texture": "#1"},
				"south": {"uv": [0, 0, 0.85, 0.6], "texture": "#1"},
				"west": {"uv": [1, 2.5, 2, 3], "texture": "#1"},
				"up": {"uv": [0, 2, 7.5, 4], "texture": "#1"},
				"down": {"uv": [0, 4, 7.5, 2], "texture": "#1"}
			}
		},
		{
			"from": [-2.05, 0.2, 7.2],
			"to": [-1.55, 0.8, 7.8],
			"rotation": {"angle": 45, "axis": "x", "origin": [-2.05, 0.5, 7.5]},
			"faces": {
				"north": {"uv": [1.5, 2, 2, 4], "texture": "#1"},
				"east": {"uv": [0, 0, 0.6, 0.6], "texture": "#1"},
				"south": {"uv": [1.5, 4, 2, 2], "texture": "#1"},
				"west": {"uv": [4.25, 4.25, 5.25, 5.25], "texture": "#1"},
				"up": {"uv": [0, 2, 7.5, 4], "texture": "#1"},
				"down": {"uv": [1.5, 2, 2, 4], "texture": "#1"}
			}
		}
	],
	"display": {
		"thirdperson_righthand": {
			"rotation": [-85, -180, -90],
			"translation": [-7.5, 1.25, -2]
		},
		"thirdperson_lefthand": {
			"rotation": [-85, -180, 90],
			"translation": [7.25, 2, -1.75]
		},
		"firstperson_righthand": {
			"rotation": [-96, -180, -79],
			"translation": [-8, 2.75, -2.75]
		},
		"firstperson_lefthand": {
			"rotation": [-84, -180, 102],
			"translation": [8.75, 4.5, 1.5]
		},
		"ground": {
			"translation": [0, 4.75, 0]
		},
		"gui": {
			"rotation": [76, -34, -5],
			"translation": [0, 1.75, 0],
			"scale": [0.8, 0.8, 0.8]
		},
		"head": {
			"rotation": [-76, -122, 2],
			"translation": [-10, 18, -9],
			"scale": [1.52, 1.52, 1.52]
		},
		"fixed": {
			"rotation": [90, 0, 0],
			"translation": [0, 0, 14],
			"scale": [1.85, 1.85, 1.85]
		}
	},
	"groups": [
		{
			"name": "group",
			"origin": [26.55, 8, 4.175],
			"children": [0, 1,
				{
					"name": "group",
					"origin": [20.825, 8, 15.175],
					"children": [2, 3]
				}
			]
		},
		{
			"name": "group",
			"origin": [-3.2, 0.5, 7.25],
			"children": [4, 5, 6, 7, 8, 9, 10, 11]
		}
	]
}