{
	"credit": "Dooraley",
	"textures": {
		"0": "block/black_concrete_powder",
		"1": "block/stripped_dark_oak_log",
		"3": "block/iron_door_bottom",
		"particle": "block/black_concrete_powder"
	},
	"elements": [
		{
			"from": [8.1, 6.35, 2.1],
			"to": [8.3, 6.5, 2.35],
			"faces": {
				"north": {"uv": [7.7, 9.5, 7.9, 9.65], "texture": "#0"},
				"east": {"uv": [13.9, 9.65, 13.65, 9.5], "texture": "#0"},
				"south": {"uv": [8.1, 9.5, 8.3, 9.65], "texture": "#0"},
				"west": {"uv": [2.1, 9.5, 2.35, 9.65], "texture": "#0"},
				"up": {"uv": [8.1, 2.1, 8.3, 2.35], "texture": "#0"},
				"down": {"uv": [8.1, 13.65, 8.3, 13.9], "texture": "#0"}
			}
		},
		{
			"from": [8.1, 6.35, 2.1],
			"to": [8.3, 6.45, 3],
			"faces": {
				"north": {"uv": [7.7, 9.55, 7.9, 9.65], "texture": "#0"},
				"east": {"uv": [13.9, 9.65, 13, 9.55], "texture": "#0"},
				"south": {"uv": [8.1, 9.55, 8.3, 9.65], "texture": "#0"},
				"west": {"uv": [2.1, 9.55, 3, 9.65], "texture": "#0"},
				"up": {"uv": [8.1, 2.1, 8.3, 3], "texture": "#0"},
				"down": {"uv": [8.1, 13, 8.3, 13.9], "texture": "#0"}
			}
		},
		{
			"from": [8.1, 6.35, 2.3],
			"to": [8.3, 6.45, 2.6],
			"rotation": {"angle": 22.5, "axis": "x", "origin": [8.2, 6.4, 2.45]},
			"faces": {
				"north": {"uv": [7.7, 9.55, 7.9, 9.65], "texture": "#0"},
				"east": {"uv": [13.7, 9.65, 13.4, 9.55], "texture": "#0"},
				"south": {"uv": [8.1, 9.55, 8.3, 9.65], "texture": "#0"},
				"west": {"uv": [2.3, 9.55, 2.6, 9.65], "texture": "#0"},
				"up": {"uv": [8.1, 2.3, 8.3, 2.6], "texture": "#0"},
				"down": {"uv": [8.1, 13.4, 8.3, 13.7], "texture": "#0"}
			}
		},
		{
			"from": [7.9, 6.35, 12.4],
			"to": [8.5, 6.45, 13.2],
			"faces": {
				"north": {"uv": [7.5, 9.55, 8.1, 9.65], "texture": "#0"},
				"east": {"uv": [3.6, 9.65, 2.8, 9.55], "texture": "#0"},
				"south": {"uv": [7.9, 9.55, 8.5, 9.65], "texture": "#0"},
				"west": {"uv": [12.4, 9.55, 13.2, 9.65], "texture": "#0"},
				"up": {"uv": [7.9, 12.4, 8.5, 13.2], "texture": "#0"},
				"down": {"uv": [7.9, 2.8, 8.5, 3.6], "texture": "#0"}
			}
		},
		{
			"from": [7.9, 6.35, 12.125],
			"to": [8.5, 6.45, 12.425],
			"rotation": {"angle": -22.5, "axis": "x", "origin": [8.2, 6.4, 12.4]},
			"faces": {
				"north": {"uv": [7.5, 9.55, 8.1, 9.65], "texture": "#0"},
				"east": {"uv": [3.875, 9.65, 3.575, 9.55], "texture": "#0"},
				"south": {"uv": [7.9, 9.55, 8.5, 9.65], "texture": "#0"},
				"west": {"uv": [12.125, 9.55, 12.425, 9.65], "texture": "#0"},
				"up": {"uv": [7.9, 12.125, 8.5, 12.425], "texture": "#0"},
				"down": {"uv": [7.9, 3.575, 8.5, 3.875], "texture": "#0"}
			}
		},
		{
			"from": [7.9, 6.35, 13.1],
			"to": [8.15, 6.575, 13.2],
			"faces": {
				"north": {"uv": [7.85, 9.425, 8.1, 9.65], "texture": "#0"},
				"east": {"uv": [2.9, 9.65, 2.8, 9.425], "texture": "#0"},
				"south": {"uv": [7.9, 9.425, 8.15, 9.65], "texture": "#0"},
				"west": {"uv": [13.1, 9.425, 13.2, 9.65], "texture": "#0"},
				"up": {"uv": [7.9, 13.1, 8.15, 13.2], "texture": "#0"},
				"down": {"uv": [7.9, 2.8, 8.15, 2.9], "texture": "#0"}
			}
		},
		{
			"from": [8.25, 6.35, 13.1],
			"to": [8.5, 6.575, 13.2],
			"faces": {
				"north": {"uv": [7.5, 9.425, 7.75, 9.65], "texture": "#0"},
				"east": {"uv": [2.9, 9.65, 2.8, 9.425], "texture": "#0"},
				"south": {"uv": [8.25, 9.425, 8.5, 9.65], "texture": "#0"},
				"west": {"uv": [13.1, 9.425, 13.2, 9.65], "texture": "#0"},
				"up": {"uv": [8.25, 13.1, 8.5, 13.2], "texture": "#0"},
				"down": {"uv": [8.25, 2.8, 8.5, 2.9], "texture": "#0"}
			}
		},
		{
			"from": [8.00001, 2.26065, 11.57176],
			"to": [8.40001, 2.66065, 11.67176],
			"rotation": {"angle": 22.5, "axis": "x", "origin": [8.20001, 2.76065, 11.49676]},
			"faces": {
				"north": {"uv": [7.6, 13.33306, 8, 13.73306], "texture": "#0"},
				"east": {"uv": [4.42755, 13.73306, 4.32755, 13.33306], "texture": "#0"},
				"south": {"uv": [8, 13.33306, 8.4, 13.73306], "texture": "#0"},
				"west": {"uv": [11.57245, 13.33306, 11.67245, 13.73306], "texture": "#0"},
				"up": {"uv": [8, 11.57245, 8.4, 11.67245], "texture": "#0"},
				"down": {"uv": [8, 4.32755, 8.4, 4.42755], "texture": "#0"}
			}
		},
		{
			"from": [8, 2.1, 11.6],
			"to": [8.4, 2.7, 11.7],
			"rotation": {"angle": -22.5, "axis": "x", "origin": [8.2, 2.15, 10.4]},
			"faces": {
				"north": {"uv": [7.6, 13.3, 8, 13.9], "texture": "#0"},
				"east": {"uv": [4.4, 13.9, 4.3, 13.3], "texture": "#0"},
				"south": {"uv": [8, 13.3, 8.4, 13.9], "texture": "#0"},
				"west": {"uv": [11.6, 13.3, 11.7, 13.9], "texture": "#0"},
				"up": {"uv": [8, 11.6, 8.4, 11.7], "texture": "#0"},
				"down": {"uv": [8, 4.3, 8.4, 4.4], "texture": "#0"}
			}
		},
		{
			"from": [8.2075, 4.41773, 9.80007],
			"to": [9.2075, 5.41773, 12.30007],
			"faces": {
				"north": {"uv": [5.99968, 9.9998, 6.99962, 10.99975], "texture": "#3"},
				"east": {"uv": [6.2, 11.7, 3.7, 10.7], "texture": "#3"},
				"south": {"uv": [5.99968, 9.9998, 6.99962, 10.99975], "texture": "#3"},
				"west": {"uv": [9.8, 10.7, 12.3, 11.7], "texture": "#3"},
				"up": {"uv": [8.2, 9.8, 9.2, 12.3], "texture": "#3"},
				"down": {"uv": [8.2, 3.7, 9.2, 6.2], "texture": "#3"}
			}
		},
		{
			"from": [7.2, 4.4, 9.8],
			"to": [8.2, 5.4, 12.3],
			"faces": {
				"north": {"uv": [5.99968, 9.9998, 6.99962, 10.99975], "texture": "#3"},
				"east": {"uv": [6.2, 11.7, 3.7, 10.7], "texture": "#3"},
				"south": {"uv": [5.99968, 9.9998, 6.99962, 10.99975], "texture": "#3"},
				"west": {"uv": [9.8, 10.7, 12.3, 11.7], "texture": "#3"},
				"up": {"uv": [7.2, 9.8, 8.2, 12.3], "texture": "#3"},
				"down": {"uv": [7.2, 3.7, 8.2, 6.2], "texture": "#3"}
			}
		},
		{
			"from": [10.80274, 2.74789, 9.80004],
			"to": [11.80274, 3.47289, 12.30004],
			"rotation": {"angle": -45, "axis": "z", "origin": [12.20274, 8.42289, 8.00004]},
			"faces": {
				"north": {"uv": [5.99968, 9.9998, 6.99962, 10.99975], "texture": "#3"},
				"east": {"uv": [6.2, 13.375, 3.7, 12.65], "texture": "#3"},
				"south": {"uv": [5.99968, 9.9998, 6.99962, 10.99975], "texture": "#3"},
				"west": {"uv": [9.8, 12.65, 12.3, 13.375], "texture": "#3"},
				"up": {"uv": [10.8, 9.8, 11.8, 12.3], "texture": "#3"},
				"down": {"uv": [10.8, 3.7, 11.8, 6.2], "texture": "#3"}
			}
		},
		{
			"from": [7.71259, 4.91268, 9.80004],
			"to": [8.71259, 5.91268, 12.30004],
			"faces": {
				"north": {"uv": [5.99968, 9.9998, 6.99962, 10.99975], "texture": "#3"},
				"east": {"uv": [6.2, 11.2, 3.7, 10.2], "texture": "#3"},
				"south": {"uv": [5.99968, 9.9998, 6.99962, 10.99975], "texture": "#3"},
				"west": {"uv": [9.8, 10.2, 12.3, 11.2], "texture": "#3"},
				"up": {"uv": [7.7, 9.8, 8.7, 12.3], "texture": "#3"},
				"down": {"uv": [7.7, 3.7, 8.7, 6.2], "texture": "#3"}
			}
		},
		{
			"from": [12.2169, 1.74792, 9.80005],
			"to": [12.9169, 2.47292, 12.30005],
			"rotation": {"angle": -45, "axis": "z", "origin": [14.6169, 8.42292, 8.00005]},
			"faces": {
				"north": {"uv": [5.99968, 9.9998, 6.99962, 10.99975], "texture": "#3"},
				"east": {"uv": [6.2, 14.375, 3.7, 13.65], "texture": "#3"},
				"south": {"uv": [5.99968, 9.9998, 6.99962, 10.99975], "texture": "#3"},
				"west": {"uv": [9.8, 13.65, 12.3, 14.375], "texture": "#3"},
				"up": {"uv": [12.2, 9.8, 12.9, 12.3], "texture": "#3"},
				"down": {"uv": [12.2, 3.7, 12.9, 6.2], "texture": "#3"}
			}
		},
		{
			"from": [12.61685, 1.03791, 9.80006],
			"to": [13.61685, 1.76291, 12.30006],
			"rotation": {"angle": -45, "axis": "z", "origin": [14.61685, 8.41291, 8.00006]},
			"faces": {
				"north": {"uv": [5.99968, 9.9998, 6.99962, 10.99975], "texture": "#3"},
				"east": {"uv": [6.2, 15.075, 3.7, 14.35], "texture": "#3"},
				"south": {"uv": [5.99968, 9.9998, 6.99962, 10.99975], "texture": "#3"},
				"west": {"uv": [9.8, 14.35, 12.3, 15.075], "texture": "#3"},
				"up": {"uv": [12.6, 9.8, 13.6, 12.3], "texture": "#3"},
				"down": {"uv": [12.6, 3.7, 13.6, 6.2], "texture": "#3"}
			}
		},
		{
			"from": [11.5026, 2.03791, 9.8001],
			"to": [12.2026, 2.76291, 12.3001],
			"rotation": {"angle": -45, "axis": "z", "origin": [12.2026, 8.41291, 8.0001]},
			"faces": {
				"north": {"uv": [5.99968, 9.9998, 6.99962, 10.99975], "texture": "#3"},
				"east": {"uv": [6.2, 14.075, 3.7, 13.35], "texture": "#3"},
				"south": {"uv": [5.99968, 9.9998, 6.99962, 10.99975], "texture": "#3"},
				"west": {"uv": [9.8, 13.35, 12.3, 14.075], "texture": "#3"},
				"up": {"uv": [11.5, 9.8, 12.2, 12.3], "texture": "#3"},
				"down": {"uv": [11.5, 3.7, 12.2, 6.2], "texture": "#3"}
			}
		},
		{
			"from": [7.69482, 3.9051, 9.80008],
			"to": [8.69482, 4.9051, 12.30008],
			"faces": {
				"north": {"uv": [5.99968, 9.9998, 6.99962, 10.99975], "texture": "#3"},
				"east": {"uv": [6.2, 12.2, 3.7, 11.2], "texture": "#3"},
				"south": {"uv": [5.99968, 9.9998, 6.99962, 10.99975], "texture": "#3"},
				"west": {"uv": [9.8, 11.2, 12.3, 12.2], "texture": "#3"},
				"up": {"uv": [7.7, 9.8, 8.7, 12.3], "texture": "#3"},
				"down": {"uv": [7.7, 3.7, 8.7, 6.2], "texture": "#3"}
			}
		},
		{
			"from": [7.95, 5.2, 1.89],
			"to": [8.45, 5.7, 1.99],
			"faces": {
				"north": {"uv": [8, 3, 10, 4], "texture": "#0"},
				"east": {"uv": [8, 3, 10, 4], "texture": "#3"},
				"south": {"uv": [8, 3, 10, 4], "texture": "#3"},
				"west": {"uv": [8, 3, 10, 4], "texture": "#3"},
				"up": {"uv": [8, 3, 10, 4], "texture": "#3"},
				"down": {"uv": [8, 3, 10, 4], "texture": "#3"}
			}
		},
		{
			"from": [7.9, 5.15, 1.9],
			"to": [8.5, 5.75, 3.9],
			"faces": {
				"north": {"uv": [8, 3, 10, 4], "texture": "#3"},
				"east": {"uv": [8, 3, 10, 4], "texture": "#3"},
				"south": {"uv": [8, 3, 10, 4], "texture": "#3"},
				"west": {"uv": [8, 3, 10, 4], "texture": "#3"},
				"up": {"uv": [8, 3, 10, 4], "texture": "#3"},
				"down": {"uv": [8, 3, 10, 4], "texture": "#3"}
			}
		},
		{
			"from": [8.001, 5.98967, 14.01309],
			"to": [8.401, 6.28967, 14.51309],
			"faces": {
				"north": {"uv": [8, 3, 10, 4], "texture": "#3"},
				"east": {"uv": [8, 3, 10, 4], "texture": "#3"},
				"south": {"uv": [8, 3, 10, 4], "texture": "#3"},
				"west": {"uv": [8, 3, 10, 4], "texture": "#3"},
				"up": {"uv": [8, 3, 10, 4], "texture": "#3"},
				"down": {"uv": [8, 3, 10, 4], "texture": "#3"}
			}
		},
		{
			"from": [8, 5.45, 13.4],
			"to": [8.4, 5.75, 14.2],
			"rotation": {"angle": -22.5, "axis": "x", "origin": [8.2, 5.55, 12.75]},
			"faces": {
				"north": {"uv": [8, 3, 10, 4], "texture": "#3"},
				"east": {"uv": [8, 3, 10, 4], "texture": "#3"},
				"south": {"uv": [8, 3, 10, 4], "texture": "#3"},
				"west": {"uv": [8, 3, 10, 4], "texture": "#3"},
				"up": {"uv": [8, 3, 10, 4], "texture": "#3"},
				"down": {"uv": [8, 3, 10, 4], "texture": "#3"}
			}
		},
		{
			"from": [7.9, 5.05, 13.4],
			"to": [8.5, 5.75, 13.7],
			"rotation": {"angle": -22.5, "axis": "x", "origin": [8.2, 5.55, 12.75]},
			"faces": {
				"north": {"uv": [8, 3, 10, 4], "texture": "#3"},
				"east": {"uv": [8, 3, 10, 4], "texture": "#3"},
				"south": {"uv": [8, 3, 10, 4], "texture": "#3"},
				"west": {"uv": [8, 3, 10, 4], "texture": "#3"},
				"up": {"uv": [8, 3, 10, 4], "texture": "#3"},
				"down": {"uv": [8, 3, 10, 4], "texture": "#3"}
			}
		},
		{
			"from": [7.6, 4.55, 13.2],
			"to": [8.8, 5.05, 13.7],
			"faces": {
				"north": {"uv": [8, 3, 10, 4], "texture": "#3"},
				"east": {"uv": [8, 3, 10, 4], "texture": "#3"},
				"south": {"uv": [8, 3, 10, 4], "texture": "#3"},
				"west": {"uv": [8, 3, 10, 4], "texture": "#3"},
				"up": {"uv": [8, 3, 10, 4], "texture": "#3"},
				"down": {"uv": [8, 3, 10, 4], "texture": "#3"}
			}
		},
		{
			"from": [7.825, 1.75, 10.625],
			"to": [8.575, 1.95, 11.275],
			"rotation": {"angle": 22.5, "axis": "x", "origin": [8.2, 2.15, 10.4]},
			"faces": {
				"north": {"uv": [8, 3, 10, 4], "texture": "#3"},
				"east": {"uv": [8, 3, 10, 4], "texture": "#3"},
				"south": {"uv": [8, 3, 10, 4], "texture": "#3"},
				"west": {"uv": [8, 3, 10, 4], "texture": "#3"},
				"up": {"uv": [8, 3, 10, 4], "texture": "#3"},
				"down": {"uv": [8, 3, 10, 4], "texture": "#3"}
			}
		},
		{
			"from": [7.82521, 1.70966, 12.22796],
			"to": [8.57521, 2.98466, 12.42796],
			"rotation": {"angle": 22.5, "axis": "x", "origin": [8.20021, 2.13466, 12.30296]},
			"faces": {
				"north": {"uv": [8, 3, 10, 4], "texture": "#3"},
				"east": {"uv": [8, 3, 10, 4], "texture": "#3"},
				"south": {"uv": [8, 3, 10, 4], "texture": "#3"},
				"west": {"uv": [8, 3, 10, 4], "texture": "#3"},
				"up": {"uv": [8, 3, 10, 4], "texture": "#3"},
				"down": {"uv": [8, 3, 10, 4], "texture": "#3"}
			}
		},
		{
			"from": [7.82518, 1.02495, 11.2914],
			"to": [8.57518, 1.22495, 11.9414],
			"rotation": {"angle": -22.5, "axis": "x", "origin": [8.20018, 2.14995, 10.4164]},
			"faces": {
				"north": {"uv": [8, 3, 10, 4], "texture": "#3"},
				"east": {"uv": [8, 3, 10, 4], "texture": "#3"},
				"south": {"uv": [8, 3, 10, 4], "texture": "#3"},
				"west": {"uv": [8, 3, 10, 4], "texture": "#3"},
				"up": {"uv": [8, 3, 10, 4], "texture": "#3"},
				"down": {"uv": [8, 3, 10, 4], "texture": "#3"}
			}
		},
		{
			"from": [7.82515, 1.44546, 11.05531],
			"to": [8.57515, 1.64546, 11.65531],
			"faces": {
				"north": {"uv": [8, 3, 10, 4], "texture": "#3"},
				"east": {"uv": [8, 3, 10, 4], "texture": "#3"},
				"south": {"uv": [8, 3, 10, 4], "texture": "#3"},
				"west": {"uv": [8, 3, 10, 4], "texture": "#3"},
				"up": {"uv": [8, 3, 10, 4], "texture": "#3"},
				"down": {"uv": [8, 3, 10, 4], "texture": "#3"}
			}
		},
		{
			"from": [7.82496, 1.6984, 10.27498],
			"to": [8.57496, 2.7984, 10.47498],
			"rotation": {"angle": -22.5, "axis": "x", "origin": [8.19996, 2.1484, 10.37498]},
			"faces": {
				"north": {"uv": [8, 3, 10, 4], "texture": "#3"},
				"east": {"uv": [8, 3, 10, 4], "texture": "#3"},
				"south": {"uv": [8, 3, 10, 4], "texture": "#3"},
				"west": {"uv": [8, 3, 10, 4], "texture": "#3"},
				"up": {"uv": [8, 3, 10, 4], "texture": "#3"},
				"down": {"uv": [8, 3, 10, 4], "texture": "#3"}
			}
		},
		{
			"from": [7.825, 1.025, 7.1],
			"to": [8.575, 1.95, 8],
			"rotation": {"angle": -45, "axis": "x", "origin": [8, 8, 8.1]},
			"faces": {
				"north": {"uv": [8, 3, 10, 4], "texture": "#3"},
				"east": {"uv": [8, 3, 10, 4], "texture": "#3"},
				"south": {"uv": [8, 3, 10, 4], "texture": "#3"},
				"west": {"uv": [8, 3, 10, 4], "texture": "#3"},
				"up": {"uv": [8, 3, 10, 4], "texture": "#3"},
				"down": {"uv": [8, 3, 10, 4], "texture": "#3"}
			}
		},
		{
			"from": [7.775, 2.95, 9.3],
			"to": [8.65, 3.15, 12.4],
			"faces": {
				"north": {"uv": [8, 3, 10, 4], "texture": "#3"},
				"east": {"uv": [8, 3, 10, 4], "texture": "#3"},
				"south": {"uv": [8, 3, 10, 4], "texture": "#3"},
				"west": {"uv": [8, 3, 10, 4], "texture": "#3"},
				"up": {"uv": [8, 3, 10, 4], "texture": "#3"},
				"down": {"uv": [8, 3, 10, 4], "texture": "#3"}
			}
		},
		{
			"from": [7.8, 2.35, 5.7],
			"to": [8.6, 3.275, 6.6],
			"rotation": {"angle": -45, "axis": "x", "origin": [8, 8, 8.1]},
			"faces": {
				"north": {"uv": [8, 3, 10, 4], "texture": "#3"},
				"east": {"uv": [8, 3, 10, 4], "texture": "#3"},
				"south": {"uv": [8, 3, 10, 4], "texture": "#3"},
				"west": {"uv": [8, 3, 10, 4], "texture": "#3"},
				"up": {"uv": [8, 3, 10, 4], "texture": "#3"},
				"down": {"uv": [8, 3, 10, 4], "texture": "#3"}
			}
		},
		{
			"from": [7.7, 3.15, 13.1],
			"to": [8.7, 4.85, 14.5],
			"faces": {
				"north": {"uv": [8, 3, 10, 4], "texture": "#3"},
				"east": {"uv": [8, 3, 10, 4], "texture": "#3"},
				"south": {"uv": [8, 3, 10, 4], "texture": "#3"},
				"west": {"uv": [8, 3, 10, 4], "texture": "#3"},
				"up": {"uv": [8, 3, 10, 4], "texture": "#3"},
				"down": {"uv": [8, 3, 10, 4], "texture": "#3"}
			}
		},
		{
			"from": [7.75002, 4.9, 13.65],
			"to": [8.65002, 5.6, 14.65],
			"rotation": {"angle": 22.5, "axis": "x", "origin": [8.2, 5.55, 12.75]},
			"faces": {
				"north": {"uv": [8, 3, 10, 4], "texture": "#3"},
				"east": {"uv": [8, 3, 10, 4], "texture": "#3"},
				"south": {"uv": [8, 3, 10, 4], "texture": "#3"},
				"west": {"uv": [8, 3, 10, 4], "texture": "#3"},
				"up": {"uv": [8, 3, 10, 4], "texture": "#3"},
				"down": {"uv": [8, 3, 10, 4], "texture": "#3"}
			}
		},
		{
			"from": [7.7501, 5.4, 13.05],
			"to": [8.6501, 6.1, 14.05],
			"rotation": {"angle": 45, "axis": "x", "origin": [8.2, 5.55, 12.75]},
			"faces": {
				"north": {"uv": [8, 3, 10, 4], "texture": "#3"},
				"east": {"uv": [8, 3, 10, 4], "texture": "#3"},
				"south": {"uv": [8, 3, 10, 4], "texture": "#3"},
				"west": {"uv": [8, 3, 10, 4], "texture": "#3"},
				"up": {"uv": [8, 3, 10, 4], "texture": "#3"},
				"down": {"uv": [8, 3, 10, 4], "texture": "#3"}
			}
		},
		{
			"from": [7.75, 4.55, 12.7],
			"to": [8.65, 6.15, 13.4],
			"rotation": {"angle": -22.5, "axis": "x", "origin": [8.2, 5.55, 12.75]},
			"faces": {
				"north": {"uv": [8, 3, 10, 4], "texture": "#3"},
				"east": {"uv": [8, 3, 10, 4], "texture": "#3"},
				"south": {"uv": [8, 3, 10, 4], "texture": "#3"},
				"west": {"uv": [8, 3, 10, 4], "texture": "#3"},
				"up": {"uv": [8, 3, 10, 4], "texture": "#3"},
				"down": {"uv": [8, 3, 10, 4], "texture": "#3"}
			}
		},
		{
			"from": [7.7, 3.15, 12.4],
			"to": [8.7, 6.35, 13.1],
			"faces": {
				"north": {"uv": [8, 3, 10, 4], "texture": "#3"},
				"east": {"uv": [8, 3, 10, 4], "texture": "#3"},
				"south": {"uv": [8, 3, 10, 4], "texture": "#3"},
				"west": {"uv": [8, 3, 10, 4], "texture": "#3"},
				"up": {"uv": [8, 3, 10, 4], "texture": "#3"},
				"down": {"uv": [8, 3, 10, 4], "texture": "#3"}
			}
		},
		{
			"from": [7.7, 3.15, 9.7],
			"to": [8.7, 3.65, 12.4],
			"faces": {
				"north": {"uv": [8, 3, 10, 4], "texture": "#3"},
				"east": {"uv": [8, 3, 10, 4], "texture": "#3"},
				"south": {"uv": [8, 3, 10, 4], "texture": "#3"},
				"west": {"uv": [8, 3, 10, 4], "texture": "#3"},
				"up": {"uv": [8, 3, 10, 4], "texture": "#3"},
				"down": {"uv": [8, 3, 10, 4], "texture": "#3"}
			}
		},
		{
			"from": [7.7, 3.15, 9.1],
			"to": [8.7, 5.05, 9.7],
			"faces": {
				"north": {"uv": [8, 3, 10, 4], "texture": "#3"},
				"east": {"uv": [8, 3, 10, 4], "texture": "#3"},
				"south": {"uv": [8, 3, 10, 4], "texture": "#3"},
				"west": {"uv": [8, 3, 10, 4], "texture": "#3"},
				"up": {"uv": [8, 3, 10, 4], "texture": "#3"},
				"down": {"uv": [8, 3, 10, 4], "texture": "#3"}
			}
		},
		{
			"from": [7.7, 6.05, 9.7],
			"to": [8.7, 6.35, 12.4],
			"faces": {
				"north": {"uv": [8, 3, 10, 4], "texture": "#3"},
				"east": {"uv": [8, 3, 10, 4], "texture": "#3"},
				"south": {"uv": [8, 3, 10, 4], "texture": "#3"},
				"west": {"uv": [8, 3, 10, 4], "texture": "#3"},
				"up": {"uv": [8, 3, 10, 4], "texture": "#3"},
				"down": {"uv": [8, 3, 10, 4], "texture": "#3"}
			}
		},
		{
			"from": [6.03535, 5.72555, 1.99988],
			"to": [6.53535, 6.72555, 9.69988],
			"rotation": {"angle": 45, "axis": "z", "origin": [8.03535, 8.00055, 7.99988]},
			"faces": {
				"north": {"uv": [8, 3, 10, 4], "texture": "#3"},
				"east": {"uv": [8, 3, 10, 4], "texture": "#3"},
				"south": {"uv": [8, 3, 10, 4], "texture": "#3"},
				"west": {"uv": [8, 3, 10, 4], "texture": "#3"},
				"up": {"uv": [8, 3, 10, 4], "texture": "#3"},
				"down": {"uv": [8, 3, 10, 4], "texture": "#3"}
			}
		},
		{
			"from": [7.7, 5.45, 8.8],
			"to": [8.7, 6.35, 9.7],
			"faces": {
				"north": {"uv": [8, 3, 10, 4], "texture": "#3"},
				"east": {"uv": [8, 3, 10, 4], "texture": "#3"},
				"south": {"uv": [8, 3, 10, 4], "texture": "#3"},
				"west": {"uv": [8, 3, 10, 4], "texture": "#3"},
				"up": {"uv": [8, 3, 10, 4], "texture": "#3"},
				"down": {"uv": [8, 3, 10, 4], "texture": "#3"}
			}
		},
		{
			"from": [7.675, 4.15, 8.8],
			"to": [8.725, 5.05, 9.7],
			"faces": {
				"north": {"uv": [8, 3, 10, 4], "texture": "#3"},
				"east": {"uv": [8, 3, 10, 4], "texture": "#3"},
				"south": {"uv": [8, 3, 10, 4], "texture": "#3"},
				"west": {"uv": [8, 3, 10, 4], "texture": "#3"},
				"up": {"uv": [8, 3, 10, 4], "texture": "#3"},
				"down": {"uv": [8, 3, 10, 4], "texture": "#3"}
			}
		},
		{
			"from": [7.725, 3.35, 7.3],
			"to": [8.675, 4.25, 7.6],
			"rotation": {"angle": -22.5, "axis": "x", "origin": [8, 8, 8.1]},
			"faces": {
				"north": {"uv": [8, 3, 10, 4], "texture": "#3"},
				"east": {"uv": [8, 3, 10, 4], "texture": "#3"},
				"south": {"uv": [8, 3, 10, 4], "texture": "#3"},
				"west": {"uv": [8, 3, 10, 4], "texture": "#3"},
				"up": {"uv": [8, 3, 10, 4], "texture": "#3"},
				"down": {"uv": [8, 3, 10, 4], "texture": "#3"}
			}
		},
		{
			"from": [6, 5.725, 2],
			"to": [7, 5.725, 8.9],
			"rotation": {"angle": 45, "axis": "z", "origin": [8, 8, 8]},
			"faces": {
				"north": {"uv": [8, 3, 10, 4], "texture": "#3"},
				"east": {"uv": [8, 3, 10, 4], "texture": "#3"},
				"south": {"uv": [8, 3, 10, 4], "texture": "#3"},
				"west": {"uv": [8, 3, 10, 4], "texture": "#3"},
				"up": {"uv": [8, 3, 10, 4], "texture": "#3"},
				"down": {"uv": [8, 3, 10, 4], "texture": "#3"}
			}
		},
		{
			"from": [7.9, 6.05, 8.5],
			"to": [8.5, 6.25, 9.6],
			"faces": {
				"north": {"uv": [8, 3, 10, 4], "texture": "#3"},
				"east": {"uv": [8, 3, 10, 4], "texture": "#3"},
				"south": {"uv": [8, 3, 10, 4], "texture": "#3"},
				"west": {"uv": [8, 3, 10, 4], "texture": "#3"},
				"up": {"uv": [8, 3, 10, 4], "texture": "#3"},
				"down": {"uv": [8, 3, 10, 4], "texture": "#3"}
			}
		},
		{
			"from": [7.9, 6.05, 4.2],
			"to": [8.5, 6.25, 4.7],
			"faces": {
				"north": {"uv": [8, 3, 10, 4], "texture": "#3"},
				"east": {"uv": [8, 3, 10, 4], "texture": "#3"},
				"south": {"uv": [8, 3, 10, 4], "texture": "#3"},
				"west": {"uv": [8, 3, 10, 4], "texture": "#3"},
				"up": {"uv": [8, 3, 10, 4], "texture": "#3"},
				"down": {"uv": [8, 3, 10, 4], "texture": "#3"}
			}
		},
		{
			"from": [7.9, 6.05, 2],
			"to": [8.5, 6.25, 2.5],
			"faces": {
				"north": {"uv": [8, 3, 10, 4], "texture": "#3"},
				"east": {"uv": [8, 3, 10, 4], "texture": "#3"},
				"south": {"uv": [8, 3, 10, 4], "texture": "#3"},
				"west": {"uv": [8, 3, 10, 4], "texture": "#3"},
				"up": {"uv": [8, 3, 10, 4], "texture": "#3"},
				"down": {"uv": [8, 3, 10, 4], "texture": "#3"}
			}
		},
		{
			"from": [7.9, 6.05, 6.4],
			"to": [8.5, 6.25, 7],
			"faces": {
				"north": {"uv": [8, 3, 10, 4], "texture": "#3"},
				"east": {"uv": [8, 3, 10, 4], "texture": "#3"},
				"south": {"uv": [8, 3, 10, 4], "texture": "#3"},
				"west": {"uv": [8, 3, 10, 4], "texture": "#3"},
				"up": {"uv": [8, 3, 10, 4], "texture": "#3"},
				"down": {"uv": [8, 3, 10, 4], "texture": "#3"}
			}
		},
		{
			"from": [7.9, 6.25, 2],
			"to": [8.5, 6.35, 9.6],
			"faces": {
				"north": {"uv": [8, 3, 10, 4], "texture": "#3"},
				"east": {"uv": [8, 3, 10, 4], "texture": "#3"},
				"south": {"uv": [8, 3, 10, 4], "texture": "#3"},
				"west": {"uv": [8, 3, 10, 4], "texture": "#3"},
				"up": {"uv": [8, 3, 10, 4], "texture": "#3"},
				"down": {"uv": [8, 3, 10, 4], "texture": "#3"}
			}
		},
		{
			"from": [6.03535, 5.72559, 1.99985],
			"to": [7.03535, 6.30059, 9.69985],
			"rotation": {"angle": 45, "axis": "z", "origin": [8.03535, 8.00059, 7.99985]},
			"faces": {
				"north": {"uv": [8, 3, 10, 4], "texture": "#3"},
				"east": {"uv": [8, 3, 10, 4], "texture": "#3"},
				"south": {"uv": [8, 3, 10, 4], "texture": "#3"},
				"west": {"uv": [8, 3, 10, 4], "texture": "#3"},
				"up": {"uv": [8, 3, 10, 4], "texture": "#3"},
				"down": {"uv": [8, 3, 10, 4], "texture": "#3"}
			}
		},
		{
			"from": [7.9, 4.25, 2],
			"to": [8.5, 5.05, 8.9],
			"faces": {
				"north": {"uv": [8, 3, 10, 4], "texture": "#3"},
				"east": {"uv": [8, 3, 10, 4], "texture": "#3"},
				"south": {"uv": [8, 3, 10, 4], "texture": "#3"},
				"west": {"uv": [8, 3, 10, 4], "texture": "#3"},
				"up": {"uv": [8, 3, 10, 4], "texture": "#3"},
				"down": {"uv": [8, 3, 10, 4], "texture": "#3"}
			}
		},
		{
			"from": [7.85, 5.3, 2],
			"to": [8.55, 6.1, 9.7],
			"faces": {
				"north": {"uv": [8, 3, 10, 4], "texture": "#3"},
				"east": {"uv": [8, 3, 10, 4], "texture": "#3"},
				"south": {"uv": [8, 3, 10, 4], "texture": "#3"},
				"west": {"uv": [8, 3, 10, 4], "texture": "#3"},
				"up": {"uv": [8, 3, 10, 4], "texture": "#3"},
				"down": {"uv": [8, 3, 10, 4], "texture": "#3"}
			}
		},
		{
			"from": [7.5227, 4.95975, 1.99991],
			"to": [8.5227, 5.68475, 9.69991],
			"faces": {
				"north": {"uv": [8, 3, 10, 4], "texture": "#3"},
				"east": {"uv": [8, 3, 10, 4], "texture": "#3"},
				"south": {"uv": [8, 3, 10, 4], "texture": "#3"},
				"west": {"uv": [8, 3, 10, 4], "texture": "#3"},
				"up": {"uv": [8, 3, 10, 4], "texture": "#3"},
				"down": {"uv": [8, 3, 10, 4], "texture": "#3"}
			}
		},
		{
			"from": [7.93692, 4.95975, 1.99991],
			"to": [8.93692, 5.68475, 9.69991],
			"faces": {
				"north": {"uv": [8, 3, 10, 4], "texture": "#3"},
				"east": {"uv": [8, 3, 10, 4], "texture": "#3"},
				"south": {"uv": [8, 3, 10, 4], "texture": "#3"},
				"west": {"uv": [8, 3, 10, 4], "texture": "#3"},
				"up": {"uv": [8, 3, 10, 4], "texture": "#3"},
				"down": {"uv": [8, 3, 10, 4], "texture": "#3"}
			}
		},
		{
			"from": [5.51768, 5.20028, 1.99994],
			"to": [6.51768, 6.20028, 9.69994],
			"rotation": {"angle": 45, "axis": "z", "origin": [8.01768, 8.00028, 7.99994]},
			"faces": {
				"north": {"uv": [8, 3, 10, 4], "texture": "#3"},
				"east": {"uv": [8, 3, 10, 4], "texture": "#3"},
				"south": {"uv": [8, 3, 10, 4], "texture": "#3"},
				"west": {"uv": [8, 3, 10, 4], "texture": "#3"},
				"up": {"uv": [8, 3, 10, 4], "texture": "#3"},
				"down": {"uv": [8, 3, 10, 4], "texture": "#3"}
			}
		},
		{
			"from": [7.5, -0.13494, 13.59211],
			"to": [8.9, 1.06506, 15.79211],
			"faces": {
				"north": {"uv": [0, 0, 5, 9], "texture": "#1"},
				"east": {"uv": [0, 0, 5, 9], "texture": "#1"},
				"south": {"uv": [0, 0, 5, 9], "texture": "#1"},
				"west": {"uv": [0, 0, 5, 9], "texture": "#1"},
				"up": {"uv": [0, 0, 5, 9], "texture": "#1"},
				"down": {"uv": [0, 0, 5, 9], "texture": "#1"}
			}
		},
		{
			"from": [7.5, 3.45, 13.9],
			"to": [8.9, 4.25, 14.8],
			"faces": {
				"north": {"uv": [0, 0, 5, 9], "texture": "#1"},
				"east": {"uv": [0, 0, 5, 9], "texture": "#1"},
				"south": {"uv": [0, 0, 5, 9], "texture": "#1"},
				"west": {"uv": [0, 0, 5, 9], "texture": "#1"},
				"up": {"uv": [0, 0, 5, 9], "texture": "#1"},
				"down": {"uv": [0, 0, 5, 9], "texture": "#1"}
			}
		},
		{
			"from": [7.51, 3.06256, 13.32322],
			"to": [8.89, 3.76256, 14.72322],
			"rotation": {"angle": -45, "axis": "x", "origin": [8.213, 3.01256, 13.72322]},
			"faces": {
				"north": {"uv": [0, 0, 5, 9], "texture": "#1"},
				"east": {"uv": [0, 0, 5, 9], "texture": "#1"},
				"south": {"uv": [0, 0, 5, 9], "texture": "#1"},
				"west": {"uv": [0, 0, 5, 9], "texture": "#1"},
				"up": {"uv": [0, 0, 5, 9], "texture": "#1"},
				"down": {"uv": [0, 0, 5, 9], "texture": "#1"}
			}
		},
		{
			"from": [7.499, 0.45, 12.7],
			"to": [8.901, 3.75, 14.9],
			"rotation": {"angle": -22.5, "axis": "x", "origin": [8.2, 3, 13.8]},
			"faces": {
				"north": {"uv": [0, 0, 5, 9], "texture": "#1"},
				"east": {"uv": [0, 0, 5, 9], "texture": "#1"},
				"south": {"uv": [0, 0, 5, 9], "texture": "#1"},
				"west": {"uv": [0, 0, 5, 9], "texture": "#1"},
				"up": {"uv": [0, 0, 5, 9], "texture": "#1"},
				"down": {"uv": [0, 0, 5, 9], "texture": "#1"}
			}
		}
	],
	"display": {
		"thirdperson_righthand": {
			"translation": [-0.25, 3.75, -2.25],
			"scale": [0.8, 0.7, 0.7]
		},
		"thirdperson_lefthand": {
			"translation": [-0.25, 3.75, -2.25],
			"scale": [-0.8, 0.7, 0.7]
		},
		"firstperson_righthand": {
			"rotation": [0.5, -10, -0.5],
			"translation": [1.3, 8.25, -1.5]
		},
		"firstperson_lefthand": {
			"rotation": [-0.5, -10, 0],
			"translation": [1.67, 8.1, -1.5]
		},
		"ground": {
			"rotation": [0, 0, 90],
			"translation": [-1.25, -1.75, -1],
			"scale": [0.5, 0.5, 0.5]
		},
		"gui": {
			"rotation": [112, 60, -118],
			"translation": [1, 5.25, 0]
		},
		"head": {
			"rotation": [-90, 0, 0],
			"translation": [-7.25, -28, -4],
			"scale": [0.7, 0.7, 0.7]
		},
		"fixed": {
			"rotation": [0, 90, 0],
			"translation": [-0.75, 6.5, 0.25],
			"scale": [1.51, 1.51, 1.51]
		}
	},
	"groups": [
		{
			"name": "Детали",
			"origin": [8, 8, 8],
			"children": [
				{
					"name": "group",
					"origin": [8, 8, 8],
					"children": [0, 1, 2, 3, 4, 5, 6, 7, 8]
				}
			]
		},
		{
			"name": "Барабан",
			"origin": [8, 8, 8],
			"children": [9, 10, 11, 12, 13, 14, 15, 16,
				{
					"name": "group",
					"origin": [8, 8, 8],
					"children": []
				}
			]
		},
		{
			"name": "основа",
			"origin": [8, 8, 8],
			"children": [17, 18, 19, 20, 21, 22, 23, 24, 25, 26, 27, 28, 29, 30, 31, 32, 33, 34, 35, 36, 37, 38, 39, 40, 41, 42, 43, 44, 45, 46, 47, 48, 49, 50, 51, 52, 53, 54]
		},
		{
			"name": "Ручка",
			"origin": [8, 8, 8],
			"children": [55, 56, 57, 58]
		}
	]
}