{
	"credit": "Dooraley",
	"textures": {
		"0": "mavzer/mavzer",
		"particle": "mavzer/mavzer"
	},
	"elements": [
		{
			"from": [7, -0.05, 7.4],
			"to": [11.1, 1.05, 9],
			"rotation": {"angle": 0, "axis": "y", "origin": [14, 7.9, 16]},
			"faces": {
				"north": {"uv": [4, 0, 8, 2], "texture": "#0"},
				"east": {"uv": [4, 0, 8, 2], "texture": "#0"},
				"south": {"uv": [4, 0, 8, 2], "texture": "#0"},
				"west": {"uv": [4, 0, 8, 2], "texture": "#0"},
				"up": {"uv": [4, 0, 8.1, 1.6], "texture": "#0"},
				"down": {"uv": [4, 0, 8, 2], "texture": "#0"}
			}
		},
		{
			"from": [3.8, 0, 9],
			"to": [10.8, 1, 10],
			"rotation": {"angle": 0, "axis": "y", "origin": [14, 8.1, 17.6]},
			"faces": {
				"north": {"uv": [5, 2, 12, 3], "texture": "#0"},
				"east": {"uv": [5, 2, 6, 3], "texture": "#0"},
				"south": {"uv": [5, 2, 12, 3], "texture": "#0"},
				"west": {"uv": [5, 2, 6, 3], "texture": "#0"},
				"up": {"uv": [4, 2, 11, 3], "texture": "#0"},
				"down": {"uv": [5, 2, 12, 3], "texture": "#0"}
			}
		},
		{
			"from": [10.6, 0.001, 8.8],
			"to": [11.298, 1.001, 10],
			"rotation": {"angle": 22.5, "axis": "y", "origin": [11.05, 0.5, 9.5]},
			"faces": {
				"north": {"uv": [5, 2, 6, 3], "texture": "#0"},
				"east": {"uv": [5, 2, 6, 3], "texture": "#0"},
				"south": {"uv": [5, 2, 6, 3], "texture": "#0"},
				"west": {"uv": [5, 2, 6, 3], "texture": "#0"},
				"up": {"uv": [5, 2, 6, 3], "texture": "#0"},
				"down": {"uv": [5, 2, 6, 3], "texture": "#0"}
			}
		},
		{
			"from": [0, 0.15, 9.15],
			"to": [3.8, 0.85, 9.85],
			"rotation": {"angle": 0, "axis": "y", "origin": [9.6, 8.2, 17.3]},
			"faces": {
				"north": {"uv": [6, 0, 13, 1], "texture": "#0"},
				"east": {"uv": [6, 0, 13, 1], "texture": "#0"},
				"south": {"uv": [6, 0, 13, 1], "texture": "#0"},
				"west": {"uv": [13, 1, 14, 2], "texture": "#0"},
				"up": {"uv": [6, 0, 13, 1], "texture": "#0"},
				"down": {"uv": [6, 0, 13, 1], "texture": "#0"}
			}
		},
		{
			"from": [5, -0.1, 6],
			"to": [7, 1.1, 9],
			"rotation": {"angle": 0, "axis": "y", "origin": [10, 8, 16]},
			"faces": {
				"north": {"uv": [5, 3, 7, 7], "texture": "#0"},
				"east": {"uv": [5, 3, 7, 7], "texture": "#0"},
				"south": {"uv": [5, 3, 7, 7], "texture": "#0"},
				"west": {"uv": [5, 3, 7, 7], "texture": "#0"},
				"up": {"uv": [6, 0, 8, 3], "texture": "#0"},
				"down": {"uv": [5, 3, 7, 7], "texture": "#0"}
			}
		},
		{
			"from": [9.91209, 0.025, 4.72284],
			"to": [11.61209, 0.975, 7.92284],
			"rotation": {"angle": -22.5, "axis": "y", "origin": [11.11209, 0.5, 6.42284]},
			"faces": {
				"north": {"uv": [0, 0, 3, 5], "texture": "#0"},
				"east": {"uv": [0, 0, 3, 5], "texture": "#0"},
				"south": {"uv": [0, 0, 3, 5], "texture": "#0"},
				"west": {"uv": [0, 0, 3, 5], "texture": "#0"},
				"up": {"uv": [0, 0, 3, 5], "texture": "#0"},
				"down": {"uv": [0, 0, 3, 5], "rotation": 180, "texture": "#0"}
			}
		},
		{
			"from": [10.84795, 0.98, 5.32888],
			"to": [11.34795, 0.98, 5.82888],
			"rotation": {"angle": 22.5, "axis": "y", "origin": [11.09795, 0.98, 5.57888]},
			"faces": {
				"north": {"uv": [1, 7, 2, 8], "rotation": 90, "texture": "#0"},
				"east": {"uv": [1, 7, 2, 8], "rotation": 90, "texture": "#0"},
				"south": {"uv": [1, 7, 2, 8], "rotation": 90, "texture": "#0"},
				"west": {"uv": [1, 7, 2, 8], "rotation": 90, "texture": "#0"},
				"up": {"uv": [1, 7, 2, 8], "rotation": 90, "texture": "#0"},
				"down": {"uv": [1, 7, 2, 8], "rotation": 90, "texture": "#0"}
			}
		},
		{
			"from": [10.7479, 0.023, 5.3289],
			"to": [11.2479, 0.023, 5.8289],
			"rotation": {"angle": 22.5, "axis": "y", "origin": [11.09795, 0.025, 5.37888]},
			"faces": {
				"north": {"uv": [1, 7, 2, 8], "texture": "#0"},
				"east": {"uv": [1, 7, 2, 8], "texture": "#0"},
				"south": {"uv": [1, 7, 2, 8], "texture": "#0"},
				"west": {"uv": [1, 7, 2, 8], "texture": "#0"},
				"up": {"uv": [1, 7, 2, 8], "texture": "#0"},
				"down": {"uv": [1, 7, 2, 8], "texture": "#0"}
			}
		},
		{
			"from": [6.97574, 0.1, 6.07574],
			"to": [8.37574, 0.9, 6.27574],
			"rotation": {"angle": 0, "axis": "y", "origin": [14.97574, 8, 14.07574]},
			"faces": {
				"north": {"uv": [4, 3, 5, 4], "texture": "#0"},
				"east": {"uv": [4, 3, 5, 4], "texture": "#0"},
				"south": {"uv": [4, 3, 5, 4], "texture": "#0"},
				"west": {"uv": [4, 3, 5, 4], "texture": "#0"},
				"up": {"uv": [7, 2, 8, 3], "texture": "#0"},
				"down": {"uv": [4, 3, 5, 4], "texture": "#0"}
			}
		},
		{
			"from": [7, 0.1, 7.2],
			"to": [8.6, 0.9, 7.4],
			"rotation": {"angle": 0, "axis": "y", "origin": [15, 8, 15.2]},
			"faces": {
				"north": {"uv": [4, 3, 5, 4], "texture": "#0"},
				"east": {"uv": [4, 3, 5, 4], "texture": "#0"},
				"south": {"uv": [4, 3, 5, 4], "texture": "#0"},
				"west": {"uv": [4, 3, 5, 4], "texture": "#0"},
				"up": {"uv": [7, 2, 8, 3], "texture": "#0"},
				"down": {"uv": [4, 3, 5, 4], "texture": "#0"}
			}
		},
		{
			"from": [8.6, 0.1, 6.5],
			"to": [8.8, 0.9, 7.4],
			"rotation": {"angle": 0, "axis": "y", "origin": [8.7, 0.5, 6.6]},
			"faces": {
				"north": {"uv": [7, 2, 8, 3], "texture": "#0"},
				"east": {"uv": [4, 3, 5, 4], "texture": "#0"},
				"south": {"uv": [4, 3, 5, 4], "texture": "#0"},
				"west": {"uv": [4, 3, 5, 4], "texture": "#0"},
				"up": {"uv": [7, 2, 8, 3], "texture": "#0"},
				"down": {"uv": [4, 3, 5, 4], "texture": "#0"}
			}
		},
		{
			"from": [8.1, 0.4, 6.7],
			"to": [8.2, 0.6, 7.2],
			"rotation": {"angle": 0, "axis": "y", "origin": [8.1, 0.5, 6.6]},
			"faces": {
				"north": {"uv": [13, 1, 14, 2], "texture": "#0"},
				"east": {"uv": [13, 1, 14, 2], "texture": "#0"},
				"south": {"uv": [13, 1, 14, 2], "texture": "#0"},
				"west": {"uv": [13, 1, 14, 2], "texture": "#0"},
				"up": {"uv": [13, 1, 14, 2], "texture": "#0"},
				"down": {"uv": [13, 1, 14, 2], "texture": "#0"}
			}
		},
		{
			"from": [7.93787, 0.4, 6.50858],
			"to": [8.23787, 0.6, 6.60858],
			"rotation": {"angle": -45, "axis": "y", "origin": [7.98787, 0.5, 6.55858]},
			"faces": {
				"north": {"uv": [13, 1, 14, 2], "texture": "#0"},
				"east": {"uv": [13, 1, 14, 2], "texture": "#0"},
				"south": {"uv": [13, 1, 14, 2], "texture": "#0"},
				"west": {"uv": [13, 1, 14, 2], "texture": "#0"},
				"up": {"uv": [13, 1, 14, 2], "texture": "#0"},
				"down": {"uv": [13, 1, 14, 2], "texture": "#0"}
			}
		},
		{
			"from": [8.0636, 0.1, 6.20503],
			"to": [8.2636, 0.9, 6.80503],
			"rotation": {"angle": 45, "axis": "y", "origin": [8.1636, 0.5, 6.00503]},
			"faces": {
				"north": {"uv": [7, 2, 8, 3], "texture": "#0"},
				"east": {"uv": [4, 3, 5, 4], "texture": "#0"},
				"south": {"uv": [4, 3, 5, 4], "texture": "#0"},
				"west": {"uv": [4, 3, 5, 4], "texture": "#0"},
				"up": {"uv": [7, 2, 8, 3], "texture": "#0"},
				"down": {"uv": [4, 3, 5, 4], "texture": "#0"}
			}
		}
	],
	"gui_light": "front",
	"display": {
		"thirdperson_righthand": {
			"rotation": [-90, 0, -90],
			"translation": [6.25, 0.76, 0.25],
			"scale": [0.85, 0.85, 0.85]
		},
		"thirdperson_lefthand": {
			"rotation": [-90, 0, -90],
			"translation": [6.25, 0.76, 0.25],
			"scale": [-0.85, 0.85, 0.85]
		},
		"firstperson_righthand": {
			"rotation": [91.5, -180, 82.5],
			"translation": [7.75, 4, 5.5]
		},
		"firstperson_lefthand": {
			"rotation": [-86, 0, 80.5],
			"translation": [-7, 4.5, 3.5]
		},
		"ground": {
			"translation": [0, 6, 0]
		},
		"gui": {
			"rotation": [-94, 0, 35],
			"translation": [-3.25, 0, 0],
			"scale": [1.2, 1.2, 1.2]
		},
		"head": {
			"rotation": [0, 0, 90],
			"translation": [-14.5, -27.75, -1],
			"scale": [1, 1, -1]
		},
		"fixed": {
			"rotation": [-90, 0, 0],
			"translation": [2.5, 0.25, -10.75],
			"scale": [1.5, 1.5, 1.5]
		}
	}
}