{
	"textures": {
		"0": "block/iron_block",
		"1": "block/coal_block",
		"2": "block/andesite",
		"particle": "block/iron_block"
	},
	"elements": [
		{
			"from": [7.9, 0.9, 4.1],
			"to": [8.7, 1.7, 6.3],
			"rotation": {"angle": 0, "axis": "y", "origin": [16, 9, 14.3]},
			"faces": {
				"north": {"uv": [2, 1, 4, 6], "texture": "#0"},
				"east": {"uv": [2, 1, 4, 6], "texture": "#0"},
				"south": {"uv": [2, 1, 4, 6], "texture": "#0"},
				"west": {"uv": [2, 1, 4, 6], "texture": "#0"},
				"up": {"uv": [2, 1, 4, 6], "texture": "#0"},
				"down": {"uv": [2, 1, 4, 6], "texture": "#0"}
			}
		},
		{
			"from": [3.5, 1, 4.3],
			"to": [8, 1.6, 4.9],
			"rotation": {"angle": -22.5, "axis": "y", "origin": [8, 2, 5]},
			"faces": {
				"north": {"uv": [1, 1, 15, 3], "texture": "#0"},
				"east": {"uv": [1, 1, 15, 3], "texture": "#0"},
				"south": {"uv": [1, 1, 15, 3], "texture": "#0"},
				"west": {"uv": [1, 1, 15, 3], "texture": "#0"},
				"up": {"uv": [1, 1, 15, 3], "texture": "#0"},
				"down": {"uv": [1, 1, 15, 3], "texture": "#0"}
			}
		},
		{
			"from": [6.00806, 0.9, 3.42235],
			"to": [6.80806, 1.7, 4.22235],
			"rotation": {"angle": -22.5, "axis": "y", "origin": [6.3, 0.9, 3.9]},
			"faces": {
				"north": {"uv": [0, 0, 3, 3], "texture": "#2"},
				"east": {"uv": [0, 0, 3, 3], "texture": "#2"},
				"south": {"uv": [0, 0, 3, 3], "texture": "#2"},
				"west": {"uv": [0, 0, 3, 3], "texture": "#2"},
				"up": {"uv": [0, 0, 3, 3], "texture": "#2"},
				"down": {"uv": [0, 0, 3, 3], "texture": "#2"}
			}
		},
		{
			"from": [5.9, 0.8, 2.8],
			"to": [6.2, 1.8, 3.8],
			"rotation": {"angle": -22.5, "axis": "y", "origin": [4.9, 1.8, 3.8]},
			"faces": {
				"north": {"uv": [0, 0, 5, 10], "texture": "#1"},
				"east": {"uv": [0, 0, 12, 12], "texture": "#1"},
				"south": {"uv": [0, 0, 5, 9], "texture": "#1"},
				"west": {"uv": [0, 0, 16, 16], "texture": "#1"},
				"up": {"uv": [0, 0, 3, 7], "texture": "#1"},
				"down": {"uv": [0, 0, 6, 11], "texture": "#1"}
			}
		},
		{
			"from": [5.6, 0.9, 2.8],
			"to": [6, 1.7, 3.6],
			"rotation": {"angle": -22.5, "axis": "y", "origin": [4.7, 1.9, 3.7]},
			"faces": {
				"north": {"uv": [0, 0, 5, 10], "texture": "#1"},
				"east": {"uv": [0, 0, 12, 12], "texture": "#1"},
				"south": {"uv": [0, 0, 5, 9], "texture": "#1"},
				"west": {"uv": [0, 0, 16, 16], "texture": "#1"},
				"up": {"uv": [0, 0, 3, 7], "texture": "#1"},
				"down": {"uv": [0, 0, 6, 11], "texture": "#1"}
			}
		},
		{
			"from": [3.7, 0.8, 2.7],
			"to": [5.6, 1.8, 3.7],
			"rotation": {"angle": -22.5, "axis": "y", "origin": [4.7, 1.8, 3.7]},
			"faces": {
				"north": {"uv": [0, 0, 16, 8], "texture": "#1"},
				"east": {"uv": [0, 0, 15, 15], "texture": "#1"},
				"south": {"uv": [0, 0, 16, 8], "texture": "#1"},
				"west": {"uv": [0, 0, 16, 16], "texture": "#1"},
				"up": {"uv": [0, 0, 15, 8], "texture": "#1"},
				"down": {"uv": [0, 0, 15, 8], "texture": "#1"}
			}
		},
		{
			"from": [3.3, 1.1, 2.9],
			"to": [3.8, 1.5, 3.3],
			"rotation": {"angle": -22.5, "axis": "y", "origin": [4.5, 2.1, 3.4]},
			"faces": {
				"north": {"uv": [1, 1, 3, 3], "texture": "#0"},
				"east": {"uv": [1, 1, 3, 3], "texture": "#0"},
				"south": {"uv": [1, 1, 3, 3], "texture": "#0"},
				"west": {"uv": [1, 1, 3, 3], "texture": "#0"},
				"up": {"uv": [1, 1, 3, 3], "texture": "#0"},
				"down": {"uv": [1, 1, 3, 3], "texture": "#0"}
			}
		},
		{
			"from": [3.32675, 1, 4.44233],
			"to": [7.82675, 1.6, 5.04233],
			"rotation": {"angle": 22.5, "axis": "y", "origin": [10.5, 1.3, 4.35]},
			"faces": {
				"north": {"uv": [1, 1, 15, 3], "texture": "#0"},
				"east": {"uv": [1, 1, 15, 3], "texture": "#0"},
				"south": {"uv": [1, 1, 15, 3], "texture": "#0"},
				"west": {"uv": [1, 1, 15, 3], "texture": "#0"},
				"up": {"uv": [1, 1, 15, 3], "texture": "#0"},
				"down": {"uv": [1, 1, 15, 3], "texture": "#0"}
			}
		},
		{
			"from": [6.06176, 0.9, 6.19232],
			"to": [6.86176, 1.7, 6.99232],
			"rotation": {"angle": 22.5, "axis": "y", "origin": [6, 1.3, 6.6]},
			"faces": {
				"north": {"uv": [0, 0, 3, 3], "texture": "#2"},
				"east": {"uv": [0, 0, 3, 3], "texture": "#2"},
				"south": {"uv": [0, 0, 3, 3], "texture": "#2"},
				"west": {"uv": [0, 0, 3, 3], "texture": "#2"},
				"up": {"uv": [0, 0, 3, 3], "texture": "#2"},
				"down": {"uv": [0, 0, 3, 3], "texture": "#2"}
			}
		},
		{
			"from": [6.022, 0.8, 6.11334],
			"to": [6.322, 1.8, 7.11334],
			"rotation": {"angle": 22.5, "axis": "y", "origin": [6, 1.3, 6.6]},
			"faces": {
				"north": {"uv": [0, 0, 5, 10], "texture": "#1"},
				"east": {"uv": [0, 0, 12, 12], "texture": "#1"},
				"south": {"uv": [0, 0, 5, 9], "texture": "#1"},
				"west": {"uv": [0, 0, 16, 16], "texture": "#1"},
				"up": {"uv": [0, 0, 3, 7], "texture": "#1"},
				"down": {"uv": [0, 0, 6, 11], "texture": "#1"}
			}
		},
		{
			"from": [5.69896, 0.9, 6.19749],
			"to": [6.09896, 1.7, 6.99749],
			"rotation": {"angle": 22.5, "axis": "y", "origin": [6, 1.3, 6.6]},
			"faces": {
				"north": {"uv": [0, 0, 5, 10], "texture": "#1"},
				"east": {"uv": [0, 0, 12, 12], "texture": "#1"},
				"south": {"uv": [0, 0, 5, 9], "texture": "#1"},
				"west": {"uv": [0, 0, 16, 16], "texture": "#1"},
				"up": {"uv": [0, 0, 3, 7], "texture": "#1"},
				"down": {"uv": [0, 0, 6, 11], "texture": "#1"}
			}
		},
		{
			"from": [3.79896, 0.8, 6.09749],
			"to": [5.69896, 1.8, 7.09749],
			"rotation": {"angle": 22.5, "axis": "y", "origin": [6, 1.3, 6.6]},
			"faces": {
				"north": {"uv": [0, 0, 16, 8], "texture": "#1"},
				"east": {"uv": [0, 0, 15, 15], "texture": "#1"},
				"south": {"uv": [0, 0, 16, 8], "texture": "#1"},
				"west": {"uv": [0, 0, 16, 16], "texture": "#1"},
				"up": {"uv": [0, 0, 15, 8], "texture": "#1"},
				"down": {"uv": [0, 0, 15, 8], "texture": "#1"}
			}
		},
		{
			"from": [3.29938, 1.1, 6.39686],
			"to": [3.79938, 1.5, 6.79686],
			"rotation": {"angle": 22.5, "axis": "y", "origin": [6, 1.3, 6.6]},
			"faces": {
				"north": {"uv": [1, 1, 3, 3], "texture": "#0"},
				"east": {"uv": [1, 1, 3, 3], "texture": "#0"},
				"south": {"uv": [1, 1, 3, 3], "texture": "#0"},
				"west": {"uv": [1, 1, 3, 3], "texture": "#0"},
				"up": {"uv": [1, 1, 3, 3], "texture": "#0"},
				"down": {"uv": [1, 1, 3, 3], "texture": "#0"}
			}
		},
		{
			"from": [8.5, 1.1, 4.3],
			"to": [9.9, 1.5, 4.7],
			"rotation": {"angle": -22.5, "axis": "y", "origin": [9, 1.5, 4.5]},
			"faces": {
				"north": {"uv": [1, 1, 13, 4], "texture": "#0"},
				"east": {"uv": [1, 1, 13, 4], "texture": "#0"},
				"south": {"uv": [1, 1, 13, 4], "texture": "#0"},
				"west": {"uv": [1, 1, 13, 4], "texture": "#0"},
				"up": {"uv": [1, 1, 13, 4], "texture": "#0"},
				"down": {"uv": [1, 1, 13, 4], "texture": "#0"}
			}
		},
		{
			"from": [8.5, 1.1, 5.7],
			"to": [10, 1.5, 6.1],
			"rotation": {"angle": 22.5, "axis": "y", "origin": [9, 1.5, 6.1]},
			"faces": {
				"north": {"uv": [1, 1, 13, 4], "texture": "#0"},
				"east": {"uv": [1, 1, 13, 4], "texture": "#0"},
				"south": {"uv": [1, 1, 13, 4], "texture": "#0"},
				"west": {"uv": [1, 1, 13, 4], "texture": "#0"},
				"up": {"uv": [1, 1, 13, 4], "texture": "#0"},
				"down": {"uv": [1, 1, 13, 4], "texture": "#0"}
			}
		},
		{
			"from": [9.5, 1, 4.7],
			"to": [9.9, 1.6, 5.7],
			"rotation": {"angle": 0, "axis": "y", "origin": [17.5, 9.1, 13]},
			"faces": {
				"north": {"uv": [2, 1, 3, 5], "texture": "#0"},
				"east": {"uv": [2, 1, 3, 5], "texture": "#0"},
				"south": {"uv": [2, 1, 3, 5], "texture": "#0"},
				"west": {"uv": [2, 1, 3, 5], "texture": "#0"},
				"up": {"uv": [2, 1, 3, 5], "texture": "#0"},
				"down": {"uv": [2, 1, 3, 5], "texture": "#0"}
			}
		},
		{
			"from": [9.5, 1.2, 4],
			"to": [10.1, 1.4, 4.3],
			"rotation": {"angle": 45, "axis": "y", "origin": [10.5, 1.3, 4.2]},
			"faces": {
				"north": {"uv": [1, 2, 15, 6], "texture": "#0"},
				"east": {"uv": [1, 2, 15, 6], "texture": "#0"},
				"south": {"uv": [1, 2, 15, 6], "texture": "#0"},
				"west": {"uv": [1, 2, 15, 6], "texture": "#0"},
				"up": {"uv": [1, 2, 15, 6], "texture": "#0"},
				"down": {"uv": [1, 2, 15, 6], "texture": "#0"}
			}
		},
		{
			"from": [10, 1.2, 4],
			"to": [10.4, 1.4, 4.2],
			"rotation": {"angle": 22.5, "axis": "y", "origin": [11, 1.3, 4.1]},
			"faces": {
				"north": {"uv": [1, 2, 15, 6], "texture": "#0"},
				"east": {"uv": [1, 2, 15, 6], "texture": "#0"},
				"south": {"uv": [1, 2, 15, 6], "texture": "#0"},
				"west": {"uv": [1, 2, 15, 6], "texture": "#0"},
				"up": {"uv": [1, 2, 15, 6], "texture": "#0"},
				"down": {"uv": [1, 2, 15, 6], "texture": "#0"}
			}
		},
		{
			"from": [10.4, 1.2, 4.2],
			"to": [10.7, 1.4, 4.5],
			"rotation": {"angle": 0, "axis": "y", "origin": [11.4, 1.3, 4.3]},
			"faces": {
				"north": {"uv": [1, 2, 15, 6], "texture": "#0"},
				"east": {"uv": [1, 2, 15, 6], "texture": "#0"},
				"south": {"uv": [1, 2, 15, 6], "texture": "#0"},
				"west": {"uv": [1, 2, 15, 6], "texture": "#0"},
				"up": {"uv": [1, 2, 15, 6], "texture": "#0"},
				"down": {"uv": [1, 2, 15, 6], "texture": "#0"}
			}
		},
		{
			"from": [10.5, 1.2, 4.6],
			"to": [10.9, 1.4, 4.8],
			"rotation": {"angle": -22.5, "axis": "y", "origin": [11.5, 1.3, 4.7]},
			"faces": {
				"north": {"uv": [1, 2, 15, 6], "texture": "#0"},
				"east": {"uv": [1, 2, 15, 6], "texture": "#0"},
				"south": {"uv": [1, 2, 15, 6], "texture": "#0"},
				"west": {"uv": [1, 2, 15, 6], "texture": "#0"},
				"up": {"uv": [1, 2, 15, 6], "texture": "#0"},
				"down": {"uv": [1, 2, 15, 6], "texture": "#0"}
			}
		},
		{
			"from": [10.6, 1.2, 5],
			"to": [11.2, 1.4, 5.3],
			"rotation": {"angle": -45, "axis": "y", "origin": [11.6, 1.3, 5.1]},
			"faces": {
				"north": {"uv": [1, 2, 15, 6], "texture": "#0"},
				"east": {"uv": [1, 2, 15, 6], "texture": "#0"},
				"south": {"uv": [1, 2, 15, 6], "texture": "#0"},
				"west": {"uv": [1, 2, 15, 6], "texture": "#0"},
				"up": {"uv": [1, 2, 15, 6], "texture": "#0"},
				"down": {"uv": [1, 2, 15, 6], "texture": "#0"}
			}
		},
		{
			"from": [11.4, 1.2, 4.6],
			"to": [11.6, 1.4, 5],
			"rotation": {"angle": 22.5, "axis": "y", "origin": [11.6, 1.3, 5.4]},
			"faces": {
				"north": {"uv": [1, 2, 15, 6], "rotation": 90, "texture": "#0"},
				"east": {"uv": [1, 2, 15, 6], "rotation": 90, "texture": "#0"},
				"south": {"uv": [1, 2, 15, 6], "rotation": 90, "texture": "#0"},
				"west": {"uv": [1, 2, 15, 6], "rotation": 90, "texture": "#0"},
				"up": {"uv": [1, 2, 15, 6], "rotation": 90, "texture": "#0"},
				"down": {"uv": [1, 2, 15, 6], "rotation": 90, "texture": "#0"}
			}
		},
		{
			"from": [11.1, 1.1, 5],
			"to": [11.6, 1.5, 5.1],
			"rotation": {"angle": 0, "axis": "y", "origin": [11.9, 1.3, 5.1]},
			"faces": {
				"north": {"uv": [1, 2, 15, 6], "rotation": 180, "texture": "#0"},
				"east": {"uv": [1, 2, 15, 6], "rotation": 180, "texture": "#0"},
				"south": {"uv": [1, 2, 15, 6], "rotation": 180, "texture": "#0"},
				"west": {"uv": [1, 2, 15, 6], "rotation": 180, "texture": "#0"},
				"up": {"uv": [1, 2, 15, 6], "rotation": 180, "texture": "#0"},
				"down": {"uv": [1, 2, 15, 6], "rotation": 180, "texture": "#0"}
			}
		},
		{
			"from": [9.5, 1.2, 6.1],
			"to": [10.1, 1.4, 6.4],
			"rotation": {"angle": -45, "axis": "y", "origin": [10.5, 1.3, 6.2]},
			"faces": {
				"north": {"uv": [1, 2, 15, 6], "texture": "#0"},
				"east": {"uv": [1, 2, 15, 6], "texture": "#0"},
				"south": {"uv": [1, 2, 15, 6], "texture": "#0"},
				"west": {"uv": [1, 2, 15, 6], "texture": "#0"},
				"up": {"uv": [1, 2, 15, 6], "texture": "#0"},
				"down": {"uv": [1, 2, 15, 6], "texture": "#0"}
			}
		},
		{
			"from": [10, 1.2, 6.2],
			"to": [10.4, 1.4, 6.4],
			"rotation": {"angle": -22.5, "axis": "y", "origin": [11, 1.3, 6.3]},
			"faces": {
				"north": {"uv": [1, 2, 15, 6], "texture": "#0"},
				"east": {"uv": [1, 2, 15, 6], "texture": "#0"},
				"south": {"uv": [1, 2, 15, 6], "texture": "#0"},
				"west": {"uv": [1, 2, 15, 6], "texture": "#0"},
				"up": {"uv": [1, 2, 15, 6], "texture": "#0"},
				"down": {"uv": [1, 2, 15, 6], "texture": "#0"}
			}
		},
		{
			"from": [10.4, 1.2, 5.9],
			"to": [10.7, 1.4, 6.2],
			"rotation": {"angle": 0, "axis": "y", "origin": [11.4, 1.3, 6.1]},
			"faces": {
				"north": {"uv": [1, 2, 15, 6], "texture": "#0"},
				"east": {"uv": [1, 2, 15, 6], "texture": "#0"},
				"south": {"uv": [1, 2, 15, 6], "texture": "#0"},
				"west": {"uv": [1, 2, 15, 6], "texture": "#0"},
				"up": {"uv": [1, 2, 15, 6], "texture": "#0"},
				"down": {"uv": [1, 2, 15, 6], "texture": "#0"}
			}
		},
		{
			"from": [10.5, 1.2, 5.6],
			"to": [10.9, 1.4, 5.8],
			"rotation": {"angle": 22.5, "axis": "y", "origin": [11.5, 1.3, 5.7]},
			"faces": {
				"north": {"uv": [1, 2, 15, 6], "texture": "#0"},
				"east": {"uv": [1, 2, 15, 6], "texture": "#0"},
				"south": {"uv": [1, 2, 15, 6], "texture": "#0"},
				"west": {"uv": [1, 2, 15, 6], "texture": "#0"},
				"up": {"uv": [1, 2, 15, 6], "texture": "#0"},
				"down": {"uv": [1, 2, 15, 6], "texture": "#0"}
			}
		},
		{
			"from": [10.6, 1.2, 5.1],
			"to": [11.2, 1.4, 5.4],
			"rotation": {"angle": 45, "axis": "y", "origin": [11.6, 1.3, 5.3]},
			"faces": {
				"north": {"uv": [1, 2, 15, 6], "texture": "#0"},
				"east": {"uv": [1, 2, 15, 6], "texture": "#0"},
				"south": {"uv": [1, 2, 15, 6], "texture": "#0"},
				"west": {"uv": [1, 2, 15, 6], "texture": "#0"},
				"up": {"uv": [1, 2, 15, 6], "texture": "#0"},
				"down": {"uv": [1, 2, 15, 6], "texture": "#0"}
			}
		},
		{
			"from": [11.4, 1.2, 5.4],
			"to": [11.6, 1.4, 5.8],
			"rotation": {"angle": -22.5, "axis": "y", "origin": [11.6, 1.3, 5]},
			"faces": {
				"north": {"uv": [1, 2, 15, 6], "rotation": 90, "texture": "#0"},
				"east": {"uv": [1, 2, 15, 6], "rotation": 90, "texture": "#0"},
				"south": {"uv": [1, 2, 15, 6], "rotation": 90, "texture": "#0"},
				"west": {"uv": [1, 2, 15, 6], "rotation": 90, "texture": "#0"},
				"up": {"uv": [1, 2, 15, 6], "rotation": 90, "texture": "#0"},
				"down": {"uv": [1, 2, 15, 6], "rotation": 90, "texture": "#0"}
			}
		},
		{
			"from": [11.1, 1.1, 5.3],
			"to": [11.6, 1.5, 5.4],
			"rotation": {"angle": 0, "axis": "y", "origin": [11.9, 1.3, 5.4]},
			"faces": {
				"north": {"uv": [1, 2, 15, 6], "rotation": 180, "texture": "#0"},
				"east": {"uv": [1, 2, 15, 6], "rotation": 180, "texture": "#0"},
				"south": {"uv": [1, 2, 15, 6], "rotation": 180, "texture": "#0"},
				"west": {"uv": [1, 2, 15, 6], "rotation": 180, "texture": "#0"},
				"up": {"uv": [1, 2, 15, 6], "rotation": 180, "texture": "#0"},
				"down": {"uv": [1, 2, 15, 6], "rotation": 180, "texture": "#0"}
			}
		}
	],
	"display": {
		"thirdperson_righthand": {
			"rotation": [-1, -164, 60],
			"translation": [2.5, 6.5, -4]
		},
		"thirdperson_lefthand": {
			"rotation": [-1.5, 21, -92],
			"translation": [6.75, 3.5, -0.5]
		},
		"firstperson_righthand": {
			"rotation": [-47, 110, 87],
			"translation": [3.75, 9.25, 6]
		},
		"firstperson_lefthand": {
			"rotation": [121, -110, 81],
			"translation": [1.25, 11, 5.25],
			"scale": [1.2, 1.2, 1.2]
		},
		"ground": {
			"translation": [-0.5, 3.5, 3]
		},
		"gui": {
			"rotation": [78, 132, 0],
			"translation": [1.75, 8, 0],
			"scale": [1.8, 1.8, 1.8]
		},
		"head": {
			"rotation": [-115, 130, 48],
			"translation": [19.75, 11.25, -7],
			"scale": [2, 2, 2]
		},
		"fixed": {
			"rotation": [88, 49, 0],
			"translation": [7.25, -1.25, 14.75],
			"scale": [2.3, 2.3, 2.3]
		}
	},
	"groups": [0,
		{
			"name": "group",
			"origin": [4.5, 2.1, 3.4],
			"children": [1, 2, 3, 4, 5, 6]
		},
		{
			"name": "group",
			"origin": [4.5, 2.1, 3.4],
			"children": [7, 8, 9, 10, 11, 12]
		}, 13, 14, 15,
		{
			"name": "group",
			"origin": [11.6, 1.3, 5.1],
			"children": [16, 17, 18, 19, 20, 21, 22]
		},
		{
			"name": "group",
			"origin": [11.6, 1.3, 5.1],
			"children": [23, 24, 25, 26, 27, 28, 29]
		}
	]
}