{
	"credit": "Made with Blockbench",
	"textures": {
		"0": "appl_l/etiketka",
		"1": "appl_l/appl2",
		"2": "appl_l/appl1",
		"3": "appl_l/appl3",
		"particle": "appl_l/etiketka"
	},
	"elements": [
		{
			"from": [6, 0, 6],
			"to": [10, 1, 10],
			"rotation": {"angle": 0, "axis": "y", "origin": [17, 8, 14]},
			"faces": {
				"north": {"uv": [5, 3, 11, 5], "texture": "#1"},
				"east": {"uv": [5, 3, 11, 5], "texture": "#1"},
				"south": {"uv": [5, 3, 11, 5], "texture": "#1"},
				"west": {"uv": [5, 3, 11, 5], "texture": "#1"},
				"up": {"uv": [5, 3, 11, 9], "texture": "#1"},
				"down": {"uv": [5, 3, 11, 9], "texture": "#1"}
			}
		},
		{
			"from": [6.125, 1, 6.125],
			"to": [9.75, 6, 9.75],
			"rotation": {"angle": 0, "axis": "y", "origin": [17, 9, 14]},
			"faces": {
				"north": {"uv": [3, 2, 8, 9], "texture": "#1"},
				"east": {"uv": [3, 2, 8, 9], "texture": "#1"},
				"south": {"uv": [3, 2, 8, 9], "texture": "#1"},
				"west": {"uv": [3, 2, 8, 9], "texture": "#1"},
				"up": {"uv": [3, 2, 8, 9], "texture": "#1"},
				"down": {"uv": [3, 2, 8, 9], "texture": "#1"}
			}
		},
		{
			"from": [6.375, 0.75, 6.375],
			"to": [9.5, 6.75, 9.5],
			"rotation": {"angle": 0, "axis": "y", "origin": [17, 9, 14]},
			"faces": {
				"north": {"uv": [0, 0, 6, 10], "texture": "#3"},
				"east": {"uv": [0, 0, 6, 10], "texture": "#3"},
				"south": {"uv": [0, 0, 6, 10], "texture": "#3"},
				"west": {"uv": [0, 0, 6, 10], "texture": "#3"},
				"up": {"uv": [0, 0, 6, 10], "texture": "#3"},
				"down": {"uv": [0, 0, 6, 10], "texture": "#3"}
			}
		},
		{
			"from": [6.625, 1.25, 6.124],
			"to": [9.25, 5.75, 6.124],
			"rotation": {"angle": 0, "axis": "y", "origin": [17, 9, 10.25]},
			"faces": {
				"north": {"uv": [0, 0, 15.968, 16], "texture": "#0"},
				"east": {"uv": [0, 0, 15.968, 16], "texture": "#0"},
				"south": {"uv": [4.736, 4.8, 5.376, 5.408], "texture": "#0"},
				"west": {"uv": [0, 0, 15.968, 16], "texture": "#0"},
				"up": {"uv": [0, 0, 15.968, 16], "texture": "#0"},
				"down": {"uv": [0, 0, 15.968, 16], "texture": "#0"}
			}
		},
		{
			"from": [6, 6, 6],
			"to": [10, 7.5, 10],
			"rotation": {"angle": 0, "axis": "y", "origin": [17, 14, 14]},
			"faces": {
				"north": {"uv": [2, 5, 8, 8], "texture": "#1"},
				"east": {"uv": [2, 5, 8, 8], "texture": "#1"},
				"south": {"uv": [2, 5, 8, 8], "texture": "#1"},
				"west": {"uv": [2, 5, 8, 8], "texture": "#1"},
				"up": {"uv": [2, 5, 8, 11], "texture": "#1"},
				"down": {"uv": [2, 5, 8, 11], "texture": "#1"}
			}
		},
		{
			"from": [6.5, 7.5, 6.5],
			"to": [9.5, 8.5, 9.5],
			"rotation": {"angle": 0, "axis": "y", "origin": [17, 15.5, 14]},
			"faces": {
				"north": {"uv": [3, 5, 8, 7], "texture": "#1"},
				"east": {"uv": [3, 5, 8, 7], "texture": "#1"},
				"south": {"uv": [3, 5, 8, 7], "texture": "#1"},
				"west": {"uv": [3, 5, 8, 7], "texture": "#1"},
				"up": {"uv": [3, 5, 8, 10], "texture": "#1"},
				"down": {"uv": [3, 5, 8, 7], "texture": "#1"}
			}
		},
		{
			"from": [7, 8.5, 7],
			"to": [9, 9.25, 9],
			"rotation": {"angle": 0, "axis": "y", "origin": [17, 16.25, 14]},
			"faces": {
				"north": {"uv": [0, 8, 3, 9], "texture": "#2"},
				"east": {"uv": [0, 8, 3, 9], "texture": "#2"},
				"south": {"uv": [0, 8, 3, 9], "texture": "#2"},
				"west": {"uv": [0, 8, 3, 9], "texture": "#2"},
				"up": {"uv": [0, 5, 3, 8], "texture": "#2"},
				"down": {"uv": [0, 8, 3, 9], "texture": "#2"}
			}
		},
		{
			"from": [7.25, 9, 7.25],
			"to": [8.75, 11.75, 8.75],
			"rotation": {"angle": 0, "axis": "y", "origin": [17, 16.75, 14]},
			"faces": {
				"north": {"uv": [0, 0, 3, 8], "texture": "#2"},
				"east": {"uv": [0, 0, 3, 8], "texture": "#2"},
				"south": {"uv": [0, 0, 3, 8], "texture": "#2"},
				"west": {"uv": [0, 0, 3, 8], "texture": "#2"},
				"up": {"uv": [0, 0, 3, 3], "texture": "#2"},
				"down": {"uv": [0, 0, 3, 8], "texture": "#2"}
			}
		},
		{
			"from": [7.125, 11.75, 7.125],
			"to": [8.875, 12.75, 8.875],
			"rotation": {"angle": 0, "axis": "y", "origin": [17, 16.75, 14]},
			"faces": {
				"north": {"uv": [3, 0, 8, 2], "texture": "#2"},
				"east": {"uv": [3, 0, 8, 2], "texture": "#2"},
				"south": {"uv": [3, 0, 8, 2], "texture": "#2"},
				"west": {"uv": [3, 0, 8, 2], "texture": "#2"},
				"up": {"uv": [3, 0, 8, 5], "texture": "#2"},
				"down": {"uv": [3, 0, 8, 2], "texture": "#2"}
			}
		}
	],
	"display": {
		"thirdperson_righthand": {
			"scale": [0.65, 0.65, 0.65]
		},
		"thirdperson_lefthand": {
			"scale": [0.66, 0.66, 0.66]
		},
		"firstperson_righthand": {
			"rotation": [16, 23, 0],
			"translation": [2.5, 0, -2]
		},
		"firstperson_lefthand": {
			"rotation": [21, -22, 0],
			"translation": [2.25, 0, 0]
		},
		"ground": {
			"rotation": [0, 0, 90],
			"translation": [0, -2.5, 0]
		},
		"gui": {
			"rotation": [37, 134, 0],
			"translation": [0.25, 2.25, 0],
			"scale": [1.19, 1.19, 1.19]
		},
		"head": {
			"translation": [0, 14, 0]
		},
		"fixed": {
			"rotation": [-90, 0, 0],
			"translation": [0, 0.5, -13.75],
			"scale": [1.9, 1.9, 1.9]
		}
	}
}