{
	"credit": "Made with Blockbench",
	"textures": {
		"0": "appl_m/appl_m",
		"1": "appl_m/appl_m1",
		"2": "appl_m/etiketka",
		"3": "appl_m/appl_m2",
		"particle": "appl_m/appl_m"
	},
	"elements": [
		{
			"from": [6.625, 0, 6],
			"to": [9.375, 1.25, 10],
			"rotation": {"angle": 0, "axis": "y", "origin": [15.75, 8, 15]},
			"faces": {
				"north": {"uv": [2, 3, 9, 6], "texture": "#0"},
				"east": {"uv": [2, 3, 9, 6], "texture": "#0"},
				"south": {"uv": [2, 3, 9, 6], "texture": "#0"},
				"west": {"uv": [2, 3, 9, 6], "texture": "#0"},
				"up": {"uv": [2, 3, 9, 6], "rotation": 90, "texture": "#0"},
				"down": {"uv": [2, 3, 9, 8], "rotation": 90, "texture": "#0"}
			}
		},
		{
			"from": [6.625, 6.5, 6],
			"to": [9.375, 7.75, 10],
			"rotation": {"angle": 0, "axis": "y", "origin": [15.75, 14.5, 15]},
			"faces": {
				"north": {"uv": [2, 5, 10, 8], "texture": "#0"},
				"east": {"uv": [2, 5, 10, 8], "texture": "#0"},
				"south": {"uv": [2, 5, 10, 8], "texture": "#0"},
				"west": {"uv": [2, 5, 10, 8], "texture": "#0"},
				"up": {"uv": [2, 5, 10, 10], "texture": "#0"},
				"down": {"uv": [2, 5, 10, 10], "texture": "#0"}
			}
		},
		{
			"from": [6.625, 7.75, 6.25],
			"to": [9.375, 8.25, 9.75],
			"rotation": {"angle": 0, "axis": "y", "origin": [15.75, 15, 15]},
			"faces": {
				"north": {"uv": [4, 3, 11, 4], "texture": "#0"},
				"east": {"uv": [4, 3, 11, 4], "texture": "#0"},
				"south": {"uv": [4, 3, 11, 4], "texture": "#0"},
				"west": {"uv": [4, 3, 11, 4], "texture": "#0"},
				"up": {"uv": [4, 3, 11, 6], "rotation": 90, "texture": "#0"},
				"down": {"uv": [4, 3, 11, 4], "texture": "#0"}
			}
		},
		{
			"from": [6.75, 8.25, 7.125],
			"to": [9.25, 8.75, 8.875],
			"rotation": {"angle": 0, "axis": "y", "origin": [15.75, 15.5, 14.75]},
			"faces": {
				"north": {"uv": [6, 8, 11, 11], "texture": "#0"},
				"east": {"uv": [6, 8, 11, 11], "texture": "#0"},
				"south": {"uv": [6, 8, 11, 11], "texture": "#0"},
				"west": {"uv": [6, 8, 11, 11], "texture": "#0"},
				"up": {"uv": [6, 5, 11, 11], "texture": "#0"},
				"down": {"uv": [6, 8, 11, 11], "texture": "#0"}
			}
		},
		{
			"from": [7.375, 8.75, 7.375],
			"to": [8.625, 12.25, 8.625],
			"rotation": {"angle": 0, "axis": "y", "origin": [15.75, 16, 14.75]},
			"faces": {
				"north": {"uv": [5, 3, 9, 10], "texture": "#0"},
				"east": {"uv": [5, 3, 9, 10], "texture": "#0"},
				"south": {"uv": [5, 3, 9, 10], "texture": "#0"},
				"west": {"uv": [5, 3, 9, 10], "texture": "#0"},
				"up": {"uv": [5, 3, 9, 10], "texture": "#0"},
				"down": {"uv": [5, 3, 9, 10], "texture": "#0"}
			}
		},
		{
			"from": [7.125, 11.5, 7.125],
			"to": [8.875, 12.5, 8.875],
			"rotation": {"angle": 0, "axis": "y", "origin": [15.75, 18.75, 14.75]},
			"faces": {
				"north": {"uv": [0, 0, 6, 3], "texture": "#1"},
				"east": {"uv": [6, 0, 12, 3], "texture": "#1"},
				"south": {"uv": [0, 0, 6, 3], "texture": "#1"},
				"west": {"uv": [6, 0, 12, 3], "texture": "#1"},
				"up": {"uv": [0, 3, 6, 9], "texture": "#1"},
				"down": {"uv": [0, 3, 6, 9], "texture": "#1"}
			}
		},
		{
			"from": [6.75, 1.25, 6.25],
			"to": [9.25, 6.5, 9.75],
			"rotation": {"angle": 0, "axis": "y", "origin": [15.75, 9.25, 15]},
			"faces": {
				"north": {"uv": [4, 3, 9, 10], "texture": "#0"},
				"east": {"uv": [4, 3, 9, 10], "texture": "#0"},
				"south": {"uv": [4, 3, 9, 10], "texture": "#0"},
				"west": {"uv": [4, 3, 9, 10], "texture": "#0"},
				"up": {"uv": [4, 3, 9, 10], "texture": "#0"},
				"down": {"uv": [4, 3, 9, 10], "texture": "#0"}
			}
		},
		{
			"from": [6.875, 0.501, 6.5],
			"to": [9.125, 7.751, 9.5],
			"rotation": {"angle": 0, "axis": "y", "origin": [15.75, 9.25, 15]},
			"faces": {
				"north": {"uv": [3, 2.5, 8, 13], "texture": "#3"},
				"east": {"uv": [3, 2.5, 8, 13], "texture": "#3"},
				"south": {"uv": [3, 2.5, 8, 13], "texture": "#3"},
				"west": {"uv": [3, 2.5, 8, 13], "texture": "#3"},
				"up": {"uv": [3, 2.5, 8, 13], "texture": "#3"},
				"down": {"uv": [3, 2.5, 8, 13], "texture": "#3"}
			}
		},
		{
			"from": [6.741, 2.5, 6.25],
			"to": [6.741, 6, 9.75],
			"rotation": {"angle": 0, "axis": "y", "origin": [15.75, 10.5, 15]},
			"faces": {
				"north": {"uv": [0, 0, 0.768, 6.912], "texture": "#2"},
				"east": {"uv": [0, 0, 0.768, 6.912], "texture": "#2"},
				"south": {"uv": [0, 0, 0.768, 6.912], "texture": "#2"},
				"west": {"uv": [0, 0, 16, 16], "texture": "#2"},
				"up": {"uv": [0, 0, 0.768, 6.912], "texture": "#2"},
				"down": {"uv": [0, 0, 0.768, 6.912], "texture": "#2"}
			}
		}
	],
	"display": {
		"thirdperson_righthand": {
			"scale": [0.6, 0.6, 0.6]
		},
		"thirdperson_lefthand": {
			"rotation": [0, -180, 0],
			"scale": [0.6, 0.6, 0.6]
		},
		"firstperson_righthand": {
			"rotation": [14, -61, 2],
			"translation": [2.75, 0.75, -1]
		},
		"firstperson_lefthand": {
			"rotation": [11, -42, -4],
			"translation": [2, -0.25, 0.75]
		},
		"gui": {
			"rotation": [44, 54, -22],
			"translation": [1, 2, 0],
			"scale": [1.18, 1.18, 1.18]
		},
		"head": {
			"rotation": [0, -90, 0],
			"translation": [0, 14.25, 0]
		},
		"fixed": {
			"rotation": [-90, 0, 0],
			"translation": [0, 0.5, -12.25],
			"scale": [1.81, 1.81, 1.81]
		}
	}
}