{
	"credit": "Made with Blockbench",
	"textures": {
		"0": "b_w/etiketka",
		"1": "b_w/b_w",
		"2": "b_w/b_w1",
		"3": "b_w/b_w2",
		"particle": "b_w/etiketka"
	},
	"elements": [
		{
			"from": [6.5, 0, 6.5],
			"to": [9.5, 8, 9.5],
			"rotation": {"angle": 0, "axis": "y", "origin": [14, 8, 14]},
			"faces": {
				"north": {"uv": [3, 2, 7, 15], "texture": "#1"},
				"east": {"uv": [3, 2, 7, 15], "texture": "#1"},
				"south": {"uv": [3, 2, 7, 15], "texture": "#1"},
				"west": {"uv": [3, 2, 7, 15], "texture": "#1"},
				"up": {"uv": [3, 11, 7, 15], "texture": "#1"},
				"down": {"uv": [3, 2, 7, 6], "texture": "#1"}
			}
		},
		{
			"from": [6.8, 0.25, 6.8],
			"to": [9.2, 8.01, 9.2],
			"rotation": {"angle": 0, "axis": "y", "origin": [14, 8, 14]},
			"faces": {
				"north": {"uv": [3, 2, 7, 15], "texture": "#3"},
				"east": {"uv": [3, 2, 7, 15], "texture": "#3"},
				"south": {"uv": [3, 2, 7, 15], "texture": "#3"},
				"west": {"uv": [3, 2, 7, 15], "texture": "#3"},
				"up": {"uv": [3, 2, 7, 6], "texture": "#3"},
				"down": {"uv": [3, 2, 7, 6], "texture": "#3"}
			}
		},
		{
			"from": [7.05, 8, 7.05],
			"to": [8.95, 8.76, 8.95],
			"rotation": {"angle": 0, "axis": "y", "origin": [14, 8, 14]},
			"faces": {
				"north": {"uv": [3, 2, 7, 3.5], "texture": "#3"},
				"east": {"uv": [3, 2, 7, 3.5], "texture": "#3"},
				"south": {"uv": [3, 2, 7, 3.5], "texture": "#3"},
				"west": {"uv": [3, 2, 7, 3.5], "texture": "#3"},
				"up": {"uv": [3, 2, 7, 6], "texture": "#3"},
				"down": {"uv": [3, 2, 7, 6], "texture": "#3"}
			}
		},
		{
			"from": [6.5, 2, 9.501],
			"to": [9.5, 7, 9.501],
			"rotation": {"angle": 0, "axis": "y", "origin": [14, 8, 14]},
			"faces": {
				"north": {"uv": [0, 9, 3, 12], "texture": "#2"},
				"east": {"uv": [0, 9, 3, 12], "texture": "#2"},
				"south": {"uv": [0, 0, 16, 16], "texture": "#0"},
				"west": {"uv": [0, 9, 3, 12], "texture": "#2"},
				"up": {"uv": [0, 9, 3, 12], "texture": "#2"},
				"down": {"uv": [0, 9, 3, 12], "texture": "#2"}
			}
		},
		{
			"from": [6.75, 8, 6.75],
			"to": [9.25, 9, 9.25],
			"rotation": {"angle": 0, "axis": "y", "origin": [14, 15.25, 14]},
			"faces": {
				"north": {"uv": [6, 7, 10, 9], "texture": "#1"},
				"east": {"uv": [6, 7, 10, 9], "texture": "#1"},
				"south": {"uv": [6, 7, 10, 9], "texture": "#1"},
				"west": {"uv": [6, 7, 10, 9], "texture": "#1"},
				"up": {"uv": [6, 7, 10, 11], "texture": "#1"},
				"down": {"uv": [6, 7, 10, 9], "texture": "#1"}
			}
		},
		{
			"from": [7, 9, 7],
			"to": [9, 10, 9],
			"rotation": {"angle": 0, "axis": "y", "origin": [14, 16.25, 14]},
			"faces": {
				"north": {"uv": [5, 3, 9, 6], "texture": "#1"},
				"east": {"uv": [5, 3, 9, 6], "texture": "#1"},
				"south": {"uv": [5, 3, 9, 6], "texture": "#1"},
				"west": {"uv": [5, 3, 9, 6], "texture": "#1"},
				"up": {"uv": [5, 8, 9, 12], "texture": "#1"},
				"down": {"uv": [9, 5, 13, 9], "texture": "#1"}
			}
		},
		{
			"from": [7.25, 10, 7.25],
			"to": [8.75, 13.5, 8.75],
			"rotation": {"angle": 0, "axis": "y", "origin": [14, 17.25, 14]},
			"faces": {
				"north": {"uv": [0, 0, 3, 9], "texture": "#2"},
				"east": {"uv": [0, 0, 3, 9], "texture": "#2"},
				"south": {"uv": [0, 0, 3, 9], "texture": "#2"},
				"west": {"uv": [0, 0, 3, 9], "texture": "#2"},
				"up": {"uv": [3, 0, 6, 3], "texture": "#2"},
				"down": {"uv": [0, 0, 3, 9], "texture": "#2"}
			}
		},
		{
			"from": [7.125, 12.76, 7.125],
			"to": [8.875, 13.51, 8.875],
			"rotation": {"angle": 0, "axis": "y", "origin": [14, 17.25, 14]},
			"faces": {
				"north": {"uv": [3, 3, 8, 6], "texture": "#2"},
				"east": {"uv": [3, 3, 8, 6], "texture": "#2"},
				"south": {"uv": [3, 3, 8, 6], "texture": "#2"},
				"west": {"uv": [3, 3, 8, 6], "texture": "#2"},
				"up": {"uv": [8, 2, 13, 7], "texture": "#2"},
				"down": {"uv": [3, 3, 8, 6], "texture": "#2"}
			}
		}
	],
	"display": {
		"thirdperson_righthand": {
			"translation": [0, -1, 0],
			"scale": [0.53, 0.53, 0.53]
		},
		"thirdperson_lefthand": {
			"translation": [0, -1, 0],
			"scale": [0.53, 0.53, 0.53]
		},
		"firstperson_righthand": {
			"rotation": [18, 14, 0],
			"translation": [2.5, 1.25, 0],
			"scale": [0.6, 0.6, 0.6]
		},
		"firstperson_lefthand": {
			"rotation": [19, -16, 0],
			"translation": [3.5, 0, 0.5],
			"scale": [0.6, 0.6, 0.6]
		},
		"ground": {
			"rotation": [0, 0, 90],
			"translation": [0, -4, 0]
		},
		"gui": {
			"rotation": [-36, -5, -31],
			"translation": [0.5, 0.5, 0]
		},
		"head": {
			"rotation": [0, -180, 0],
			"translation": [0, 13.25, 0]
		},
		"fixed": {
			"rotation": [-90, 0, 0],
			"translation": [0, -0.5, -12.75],
			"scale": [1.77, 1.77, 1.77]
		}
	}
}