{
	"credit": "Made with Blockbench",
	"textures": {
		"0": "medovukha/etiketka",
		"1": "medovukha/m",
		"2": "medovukha/m1",
		"3": "medovukha/m2",
		"particle": "medovukha/etiketka"
	},
	"elements": [
		{
			"from": [6, 0, 6],
			"to": [10, 5, 10],
			"rotation": {"angle": 0, "axis": "y", "origin": [17, 8, 16]},
			"faces": {
				"north": {"uv": [2, 2, 8, 10], "texture": "#1"},
				"east": {"uv": [2, 2, 8, 10], "texture": "#1"},
				"south": {"uv": [2, 2, 8, 10], "texture": "#1"},
				"west": {"uv": [2, 2, 8, 10], "texture": "#1"},
				"up": {"uv": [4, 4, 10, 10], "texture": "#1"},
				"down": {"uv": [5, 6, 11, 12], "texture": "#1"}
			}
		},
		{
			"from": [6.25, 0.25, 6.25],
			"to": [9.75, 5.006, 9.75],
			"rotation": {"angle": 0, "axis": "y", "origin": [17, 8, 16]},
			"faces": {
				"north": {"uv": [2, 2, 8, 10], "texture": "#3"},
				"east": {"uv": [2, 2, 8, 10], "texture": "#3"},
				"south": {"uv": [2, 2, 8, 10], "texture": "#3"},
				"west": {"uv": [2, 2, 8, 10], "texture": "#3"},
				"up": {"uv": [2, 2, 8, 10], "texture": "#3"},
				"down": {"uv": [2, 2, 8, 10], "texture": "#3"}
			}
		},
		{
			"from": [6.5, 5, 6.5],
			"to": [9.5, 6.01, 9.5],
			"rotation": {"angle": 0, "axis": "y", "origin": [17, 9, 16]},
			"faces": {
				"north": {"uv": [2, 2, 8, 10], "texture": "#3"},
				"east": {"uv": [2, 2, 8, 10], "texture": "#3"},
				"south": {"uv": [2, 2, 8, 10], "texture": "#3"},
				"west": {"uv": [2, 2, 8, 10], "texture": "#3"},
				"up": {"uv": [2, 2, 8, 10], "texture": "#3"},
				"down": {"uv": [2, 2, 8, 10], "texture": "#3"}
			}
		},
		{
			"from": [6.75, 6, 6.75],
			"to": [9.25, 6.76, 9.25],
			"rotation": {"angle": 0, "axis": "y", "origin": [17, 10, 16]},
			"faces": {
				"north": {"uv": [2, 2, 8, 10], "texture": "#3"},
				"east": {"uv": [2, 2, 8, 10], "texture": "#3"},
				"south": {"uv": [2, 2, 8, 10], "texture": "#3"},
				"west": {"uv": [2, 2, 8, 10], "texture": "#3"},
				"up": {"uv": [2, 2, 8, 10], "texture": "#3"},
				"down": {"uv": [2, 2, 8, 10], "texture": "#3"}
			}
		},
		{
			"from": [6, 0.5, 10.01],
			"to": [10, 4.5, 10.01],
			"rotation": {"angle": 0, "axis": "y", "origin": [17, 8, 16]},
			"faces": {
				"north": {"uv": [0, 0, 1.728, 1.28], "texture": "#0"},
				"east": {"uv": [0, 0, 1.728, 1.28], "texture": "#0"},
				"south": {"uv": [0, 0, 16, 16], "texture": "#0"},
				"west": {"uv": [0, 0, 1.728, 1.28], "texture": "#0"},
				"up": {"uv": [0, 0, 1.728, 1.28], "texture": "#0"},
				"down": {"uv": [0, 0, 1.728, 1.28], "texture": "#0"}
			}
		},
		{
			"from": [6.25, 5, 6.25],
			"to": [9.75, 6, 9.75],
			"rotation": {"angle": 0, "axis": "y", "origin": [17, 13, 16]},
			"faces": {
				"north": {"uv": [3, 4, 9, 6], "texture": "#1"},
				"east": {"uv": [3, 4, 9, 6], "texture": "#1"},
				"south": {"uv": [3, 4, 9, 6], "texture": "#1"},
				"west": {"uv": [3, 4, 9, 6], "texture": "#1"},
				"up": {"uv": [3, 4, 9, 10], "texture": "#1"},
				"down": {"uv": [7, 4, 13, 10], "texture": "#1"}
			}
		},
		{
			"from": [6.5, 6, 6.5],
			"to": [9.5, 7, 9.5],
			"rotation": {"angle": 0, "axis": "y", "origin": [17, 14, 16]},
			"faces": {
				"north": {"uv": [3, 4, 9, 6], "texture": "#1"},
				"east": {"uv": [3, 4, 9, 6], "texture": "#1"},
				"south": {"uv": [3, 4, 9, 6], "texture": "#1"},
				"west": {"uv": [3, 4, 9, 6], "texture": "#1"},
				"up": {"uv": [8, 8, 14, 14], "texture": "#1"},
				"down": {"uv": [7, 8, 13, 14], "texture": "#1"}
			}
		},
		{
			"from": [7, 7, 7],
			"to": [9, 8.25, 9],
			"rotation": {"angle": 0, "axis": "y", "origin": [17, 15, 16]},
			"faces": {
				"north": {"uv": [6, 3, 10, 8], "rotation": 90, "texture": "#1"},
				"east": {"uv": [6, 3, 10, 8], "rotation": 90, "texture": "#1"},
				"south": {"uv": [6, 3, 10, 8], "rotation": 90, "texture": "#1"},
				"west": {"uv": [6, 3, 10, 8], "rotation": 90, "texture": "#1"},
				"up": {"uv": [6, 3, 10, 8], "rotation": 90, "texture": "#1"},
				"down": {"uv": [6, 3, 10, 8], "rotation": 90, "texture": "#1"}
			}
		},
		{
			"from": [7.25, 8.25, 7.25],
			"to": [8.75, 11.25, 8.75],
			"rotation": {"angle": 0, "axis": "y", "origin": [17, 16.25, 16]},
			"faces": {
				"north": {"uv": [3, 3, 7, 10], "texture": "#1"},
				"east": {"uv": [3, 3, 7, 10], "texture": "#1"},
				"south": {"uv": [3, 3, 7, 10], "texture": "#1"},
				"west": {"uv": [3, 3, 7, 10], "texture": "#1"},
				"up": {"uv": [3, 3, 7, 7], "texture": "#1"},
				"down": {"uv": [3, 3, 7, 10], "texture": "#1"}
			}
		},
		{
			"from": [7.125, 9.75, 7.125],
			"to": [8.875, 11.5, 8.875],
			"rotation": {"angle": 0, "axis": "y", "origin": [17, 16.25, 16]},
			"faces": {
				"north": {"uv": [0, 0, 9, 3], "rotation": 90, "texture": "#2"},
				"east": {"uv": [0, 0, 9, 3], "rotation": 90, "texture": "#2"},
				"south": {"uv": [0, 3, 9, 13], "texture": "#2"},
				"west": {"uv": [0, 0, 9, 3], "rotation": 90, "texture": "#2"},
				"up": {"uv": [0, 3, 9, 13], "rotation": 90, "texture": "#2"},
				"down": {"uv": [0, 0, 9, 3], "rotation": 90, "texture": "#2"}
			}
		}
	],
	"display": {
		"thirdperson_righthand": {
			"scale": [0.66, 0.66, 0.66]
		},
		"thirdperson_lefthand": {
			"scale": [0.66, 0.66, 0.66]
		},
		"firstperson_righthand": {
			"rotation": [18, 19, 0],
			"translation": [1.75, 1.75, 0],
			"scale": [0.63, 0.63, 0.63]
		},
		"firstperson_lefthand": {
			"rotation": [20, -26, 0],
			"translation": [3, 0, 0],
			"scale": [0.66, 0.66, 0.66]
		},
		"ground": {
			"rotation": [0, 0, 90],
			"translation": [0, -2.75, 0]
		},
		"gui": {
			"rotation": [-19, -27, -37],
			"translation": [2, 2.75, 0],
			"scale": [1.29, 1.29, 1.29]
		},
		"head": {
			"rotation": [0, -180, 0],
			"translation": [0, 14.25, 0]
		},
		"fixed": {
			"rotation": [-90, 0, 0],
			"translation": [0, 0.5, -13.5],
			"scale": [1.89, 1.89, 1.89]
		}
	}
}