{"credit":"Dooraley","textures":{"1":"block/pink_shulker_box","3":"block/black_concrete_powder","4":"block/pink_concrete_powder","5":"brewery/mushroom","6":"brewery/mushroom_vodka_logo","7":"block/pink_stained_glass"},"elements":[{"from":[6.5,0.5,7.5],"to":[9.5,8.6,10.5],"rotation":{"angle":0,"axis":"y","origin":[14,8.5,15]},"faces":{"north":{"uv":[11,1,16,13],"texture":"#4"},"east":{"uv":[11,1,16,13],"texture":"#4"},"south":{"uv":[11,4,16,16],"texture":"#4"},"west":{"uv":[11,1,16,13],"texture":"#4"},"up":{"uv":[11,1,16,13],"texture":"#4"},"down":{"uv":[11,1,16,13],"texture":"#4"}}},{"from":[6,0,7],"to":[10,10,11],"rotation":{"angle":0,"axis":"y","origin":[14,18,18]},"faces":{"north":{"uv":[2,3,7,15],"texture":"#7"},"east":{"uv":[4,1,9,13],"texture":"#7"},"south":{"uv":[8,2,13,14],"texture":"#7"},"west":{"uv":[9,1,14,13],"texture":"#7"},"up":{"uv":[9,1,14,13],"texture":"#7"},"down":{"uv":[9,1,14,13],"texture":"#7"}}},{"from":[6.5,10,7.5],"to":[9.5,10.5,10.5],"rotation":{"angle":0,"axis":"y","origin":[14.5,18,17.5]},"faces":{"north":{"uv":[9,12,14,13],"texture":"#7"},"east":{"uv":[9,12,14,13],"texture":"#7"},"south":{"uv":[9,12,14,13],"texture":"#7"},"west":{"uv":[9,12,14,13],"texture":"#7"},"up":{"uv":[9,11,14,12],"texture":"#7"},"down":{"uv":[9,12,14,13],"texture":"#7"}}},{"from":[7.3,12.3,8.4],"to":[8.6,13,9.7],"rotation":{"angle":0,"axis":"y","origin":[15.5,18.5,16.5]},"faces":{"north":{"uv":[9,10,14,13],"texture":"#7"},"east":{"uv":[9,10,14,13],"texture":"#7"},"south":{"uv":[9,10,14,13],"texture":"#7"},"west":{"uv":[9,10,14,13],"texture":"#7"},"up":{"uv":[9,10,14,13],"texture":"#7"},"down":{"uv":[9,10,14,13],"texture":"#7"}}},{"from":[7.3,10.5,8.4],"to":[8.6,11,9.7],"rotation":{"angle":0,"axis":"y","origin":[15.5,16.5,16.5]},"faces":{"north":{"uv":[4,2,9,3],"texture":"#7"},"east":{"uv":[4,2,9,3],"texture":"#7"},"south":{"uv":[4,2,9,3],"texture":"#7"},"west":{"uv":[4,2,9,3],"texture":"#7"},"up":{"uv":[4,2,9,4],"texture":"#7"},"down":{"uv":[4,2,9,3],"texture":"#7"}}},{"from":[7.3,13,8.4],"to":[8.6,15.5,9.7],"rotation":{"angle":0,"axis":"y","origin":[15.5,18.2,16.5]},"faces":{"north":{"uv":[0,5,3,10],"texture":"#1"},"east":{"uv":[0,5,3,10],"texture":"#1"},"south":{"uv":[0,5,3,10],"texture":"#1"},"west":{"uv":[0,5,3,10],"texture":"#1"},"up":{"uv":[0,5,3,10],"texture":"#1"},"down":{"uv":[0,5,3,10],"texture":"#1"}}},{"from":[7.2,14.5,8.3],"to":[8.7,14.8,9.8],"rotation":{"angle":0,"axis":"y","origin":[15.5,19.7,16.5]},"faces":{"north":{"uv":[6,8,10,9],"texture":"#3"},"east":{"uv":[6,8,10,9],"texture":"#3"},"south":{"uv":[6,8,10,9],"texture":"#3"},"west":{"uv":[6,8,10,9],"texture":"#3"},"up":{"uv":[6,8,10,9],"texture":"#3"},"down":{"uv":[6,8,10,9],"texture":"#3"}}},{"from":[7.299,11,8.4],"to":[7.299,12.3,9.7],"rotation":{"angle":0,"axis":"y","origin":[8.009,8,12]},"faces":{"north":{"uv":[7,7,8,8],"texture":"#1"},"east":{"uv":[7,7,8,8],"texture":"#1"},"south":{"uv":[7,7,8,8],"texture":"#1"},"west":{"uv":[0,0,16,16],"texture":"#5"},"up":{"uv":[7,7,8,8],"texture":"#1"},"down":{"uv":[7,7,8,8],"texture":"#1"}}},{"from":[7.3,11,8.4],"to":[8.6,12.3,9.7],"rotation":{"angle":0,"axis":"y","origin":[15.6,19.3,16.4]},"faces":{"north":{"uv":[1,5,4,8],"texture":"#1"},"east":{"uv":[1,5,4,8],"texture":"#1"},"south":{"uv":[1,5,4,8],"texture":"#1"},"west":{"uv":[1,5,4,8],"texture":"#1"},"up":{"uv":[4,6,7,9],"texture":"#7"},"down":{"uv":[5,7,8,10],"texture":"#7"}}},{"from":[5.95,1.3,7],"to":[6,8.8,11],"rotation":{"angle":0,"axis":"y","origin":[13.9,14.7,15]},"faces":{"north":{"uv":[2.93333,0.66667,4.46667,1.46667],"texture":"#5"},"east":{"uv":[1.6,0.53333,3.2,2.13333],"texture":"#5"},"south":{"uv":[2.8,0.46667,4.4,2.06667],"texture":"#5"},"west":{"uv":[0,0,16,16],"texture":"#6"},"up":{"uv":[0,0,1.6,1.6],"texture":"#5"},"down":{"uv":[0,0,1.6,1.6],"texture":"#5"}}}],"display":{"thirdperson_righthand":{"rotation":[33,41,-18],"translation":[0,2,-1.5],"scale":[0.7,0.7,0.7]},"thirdperson_lefthand":{"rotation":[17,-145,-17],"translation":[-1.25,2,1],"scale":[0.7,0.7,0.7]},"firstperson_righthand":{"rotation":[-10,21,-5],"translation":[0.5,4,1],"scale":[0.6,0.6,0.6]},"firstperson_lefthand":{"rotation":[-2,-150,2],"translation":[0.5,4.5,2.75],"scale":[0.6,0.6,0.6]},"ground":{"rotation":[0,-58,0],"translation":[-0.25,2.25,-0.25],"scale":[0.6,0.6,0.6]},"gui":{"rotation":[2,71,-13],"translation":[-1.75,0.5,0],"scale":[0.9,0.9,0.9]},"head":{"rotation":[0,-90,0],"translation":[1,14.5,0.25]},"fixed":{"rotation":[-90,0,0],"translation":[0.25,-1.5,-12.2],"scale":[1.6,1.6,1.6]}},"groups":[0,{"name":"group","origin":[13,8,11.8],"children":[1,2,3,4,5,6,7,8]},{"name":"group","origin":[13,8,11.8],"children":[9]}]}