{"credit":"Dooraley","textures":{"1":"block/red_concrete_powder","2":"brewery/wine_bottle","3":"block/black_concrete_powder","4":"block/red_sandstone_top","5":"brewery/wine","particle":"block/green_stained_glass"},"elements":[{"from":[6.5,0.5,7.5],"to":[9.5,8.6,10.5],"rotation":{"angle":0,"axis":"y","origin":[14,8.5,15]},"faces":{"north":{"uv":[0,0,5,12],"texture":"#1"},"east":{"uv":[0,0,5,12],"texture":"#1"},"south":{"uv":[0,0,5,12],"texture":"#1"},"west":{"uv":[0,0,5,12],"texture":"#1"},"up":{"uv":[8,3,13,8],"texture":"#1"},"down":{"uv":[0,0,5,12],"texture":"#1"}}},{"from":[6,0,7],"to":[10,10,11],"rotation":{"angle":0,"axis":"y","origin":[14,18,18]},"faces":{"north":{"uv":[0,6,4,16],"texture":"#2"},"east":{"uv":[0,4,4,14],"texture":"#2"},"south":{"uv":[0,6,4,16],"texture":"#2"},"west":{"uv":[0,6,4,16],"texture":"#2"},"up":{"uv":[0,12,4,16],"texture":"#2"},"down":{"uv":[0,6,4,16],"texture":"#2"}}},{"from":[6.5,10,7.5],"to":[9.5,10.5,10.5],"rotation":{"angle":0,"axis":"y","origin":[14.5,18,17.5]},"faces":{"north":{"uv":[0,2,2,4],"texture":"#2"},"east":{"uv":[0,2,2,4],"texture":"#2"},"south":{"uv":[0,2,2,4],"texture":"#2"},"west":{"uv":[0,2,2,4],"texture":"#2"},"up":{"uv":[0,13,3,16],"texture":"#2"},"down":{"uv":[0,2,2,4],"texture":"#2"}}},{"from":[7.3,10.5,8.4],"to":[8.6,13,9.7],"rotation":{"angle":0,"axis":"y","origin":[15.5,18.5,16.5]},"faces":{"north":{"uv":[2,11,4,15],"texture":"#2"},"east":{"uv":[2,11,4,15],"texture":"#2"},"south":{"uv":[2,11,4,15],"texture":"#2"},"west":{"uv":[2,11,4,15],"texture":"#2"},"up":{"uv":[2,11,4,15],"texture":"#2"},"down":{"uv":[2,11,4,15],"texture":"#2"}}},{"from":[7.3,13,8.4],"to":[8.6,15.5,9.7],"rotation":{"angle":0,"axis":"y","origin":[15.5,18.2,16.5]},"faces":{"north":{"uv":[0,11,3,16],"texture":"#1"},"east":{"uv":[0,11,3,16],"texture":"#1"},"south":{"uv":[0,11,3,16],"texture":"#1"},"west":{"uv":[0,11,3,16],"texture":"#1"},"up":{"uv":[4,11,7,14],"texture":"#1"},"down":{"uv":[0,11,3,16],"texture":"#1"}}},{"from":[7.2,14.5,8.3],"to":[8.7,14.8,9.8],"rotation":{"angle":0,"axis":"y","origin":[15.5,19.7,16.5]},"faces":{"north":{"uv":[0,13,5,14],"texture":"#3"},"east":{"uv":[0,13,5,14],"texture":"#3"},"south":{"uv":[0,13,5,14],"texture":"#3"},"west":{"uv":[0,13,5,14],"texture":"#3"},"up":{"uv":[0,11,5,16],"texture":"#3"},"down":{"uv":[0,13,5,14],"texture":"#3"}}},{"from":[5.95,3.3,7],"to":[6,6.8,11],"rotation":{"angle":0,"axis":"y","origin":[13.9,13.7,15]},"faces":{"north":{"uv":[0,0,1,1],"texture":"#4"},"east":{"uv":[6,4,13,10],"texture":"#4"},"south":{"uv":[0,0,1,1],"texture":"#4"},"west":{"uv":[4,4,11,10],"texture":"#4"},"up":{"uv":[0,0,1,1],"texture":"#4"},"down":{"uv":[0,0,1,1],"texture":"#4"}}},{"from":[10,3.3,7],"to":[10.05,6.8,11],"rotation":{"angle":0,"axis":"y","origin":[18,13.7,15]},"faces":{"north":{"uv":[0,0,1,1],"texture":"#4"},"east":{"uv":[1,10,8,16],"texture":"#4"},"south":{"uv":[0,0,1,1],"texture":"#4"},"west":{"uv":[7,2,14,8],"texture":"#4"},"up":{"uv":[0,0,1,1],"texture":"#4"},"down":{"uv":[0,0,1,1],"texture":"#4"}}},{"from":[6,3.3,11],"to":[10,6.8,11.05],"rotation":{"angle":0,"axis":"y","origin":[8,5.05,11.1]},"faces":{"north":{"uv":[1,10,8,16],"texture":"#4"},"east":{"uv":[0,0,1,1],"texture":"#4"},"south":{"uv":[7,7,14,13],"texture":"#4"},"west":{"uv":[0,0,1,1],"texture":"#4"},"up":{"uv":[0,0,1,1],"texture":"#4"},"down":{"uv":[0,0,1,1],"texture":"#4"}}},{"from":[6,3.3,6.95],"to":[10,6.8,7],"rotation":{"angle":0,"axis":"y","origin":[8,5.05,7]},"faces":{"north":{"uv":[9,0,16,6],"texture":"#4"},"east":{"uv":[0,0,1,1],"texture":"#4"},"south":{"uv":[4,5,11,11],"texture":"#4"},"west":{"uv":[0,0,1,1],"texture":"#4"},"up":{"uv":[0,0,1,1],"texture":"#4"},"down":{"uv":[0,0,1,1],"texture":"#4"}}},{"from":[5.945,3.3,7],"to":[5.945,6.8,11],"rotation":{"angle":0,"axis":"y","origin":[13.9,14.7,15]},"faces":{"west":{"uv":[7.96,0,15.96,16],"texture":"#5"}}},{"from":[10.05,3.3,7],"to":[10.05,6.8,11],"rotation":{"angle":0,"axis":"y","origin":[18,13.7,15]},"faces":{"east":{"uv":[0,0,8,16],"texture":"#5"}}},{"from":[6,3.3,11.05],"to":[10,6.8,11.05],"rotation":{"angle":0,"axis":"y","origin":[8,5.05,11.1]},"faces":{"south":{"uv":[8,0,16,16],"texture":"#5"}}},{"from":[6,3.3,6.945],"to":[10,6.8,6.945],"rotation":{"angle":0,"axis":"y","origin":[8,5.05,7]},"faces":{"north":{"uv":[8,0,16,16],"texture":"#5"}}}],"display":{"thirdperson_righthand":{"rotation":[17,-145,-17],"translation":[-0.5,1.75,0.75],"scale":[0.7,0.7,0.7]},"thirdperson_lefthand":{"rotation":[17,-145,-17],"translation":[-1.25,2,1],"scale":[0.7,0.7,0.7]},"firstperson_righthand":{"rotation":[-16,-160,-17],"translation":[1.75,4.75,0.75],"scale":[0.6,0.6,0.6]},"firstperson_lefthand":{"rotation":[-17,24,7],"translation":[1.5,5,0],"scale":[0.6,0.6,0.6]},"ground":{"rotation":[-89,-58,0],"translation":[-0.25,-2,-0.25],"scale":[0.6,0.6,0.6]},"gui":{"rotation":[7,-121.75,20.75],"translation":[0.5,0.5,0],"scale":[0.9,0.9,0.9]},"head":{"rotation":[-51,-90,0],"translation":[1.25,-28.5,5.25]},"fixed":{"rotation":[-90,0,0],"translation":[0.25,-1.5,-11.7],"scale":[1.6,1.6,1.6]}},"groups":[0,{"name":"group","origin":[13,8,11.8],"children":[1,2,3,4,5]},{"name":"group","origin":[13,8,11.8],"children":[6,7,8,9]},{"name":"group","origin":[13,8,11.8],"children":[10,11,12,13]}]}