{"credit":"Dooraley","textures":{"0":"block/white_stained_glass","1":"block/barrel_top","3":"block/barrel_side","6":"brewery/rum","7":"brewery/honey_png","particle":"block/white_stained_glass"},"elements":[{"from":[6.5,0.5,7.5],"to":[9.5,6.1,10.5],"rotation":{"angle":0,"axis":"y","origin":[14,8.5,15]},"faces":{"north":{"uv":[2,11,7,13],"texture":"#3"},"east":{"uv":[2,11,7,13],"texture":"#3"},"south":{"uv":[2,11,7,13],"texture":"#3"},"west":{"uv":[2,11,7,13],"texture":"#3"},"up":{"uv":[2,11,7,13],"texture":"#3"},"down":{"uv":[2,11,7,13],"texture":"#3"}}},{"from":[6,0,7],"to":[10,7,11],"rotation":{"angle":0,"axis":"y","origin":[14,18,18]},"faces":{"north":{"uv":[6,3,10,13],"texture":"#0"},"east":{"uv":[6,3,10,13],"texture":"#0"},"south":{"uv":[5,3,9,13],"texture":"#0"},"west":{"uv":[2,5,6,14],"texture":"#0"},"up":{"uv":[6,3,10,13],"texture":"#0"},"down":{"uv":[6,3,10,13],"texture":"#0"}}},{"from":[6.5,7,7.5],"to":[9.5,7.5,10.5],"rotation":{"angle":0,"axis":"y","origin":[14.5,15,17.5]},"faces":{"north":{"uv":[4,9,7,12],"texture":"#0"},"east":{"uv":[4,9,7,12],"texture":"#0"},"south":{"uv":[4,9,7,12],"texture":"#0"},"west":{"uv":[4,9,7,12],"texture":"#0"},"up":{"uv":[4,9,7,12],"texture":"#0"},"down":{"uv":[4,9,7,12],"texture":"#0"}}},{"from":[7.3,7.5,8.4],"to":[8.6,10,9.7],"rotation":{"angle":0,"axis":"y","origin":[15.5,15.5,16.5]},"faces":{"north":{"uv":[6,8,8,12],"texture":"#0"},"east":{"uv":[6,8,8,12],"texture":"#0"},"south":{"uv":[6,8,8,12],"texture":"#0"},"west":{"uv":[6,8,8,12],"texture":"#0"},"up":{"uv":[6,8,8,12],"texture":"#0"},"down":{"uv":[6,8,8,12],"texture":"#0"}}},{"from":[7.25,10,8.35],"to":[8.65,11,9.75],"rotation":{"angle":0,"axis":"y","origin":[15.6,14.2,16.5]},"faces":{"north":{"uv":[7,5,10,10],"texture":"#1"},"east":{"uv":[7,5,10,10],"texture":"#1"},"south":{"uv":[7,5,10,10],"texture":"#1"},"west":{"uv":[7,5,10,10],"texture":"#1"},"up":{"uv":[2,7,6,11],"texture":"#1"},"down":{"uv":[7,5,10,10],"texture":"#1"}}},{"from":[7.6,9.3,8.7],"to":[8.3,10.6,9.4],"rotation":{"angle":0,"axis":"y","origin":[15.5,14.7,17.5]},"faces":{"north":{"uv":[6,8,11,9],"texture":"#3"},"east":{"uv":[6,8,11,9],"texture":"#3"},"south":{"uv":[6,8,11,9],"texture":"#3"},"west":{"uv":[6,8,11,9],"texture":"#3"},"up":{"uv":[6,8,11,9],"texture":"#3"},"down":{"uv":[6,8,11,9],"texture":"#3"}}},{"from":[7.3,8,9.7],"to":[8.6,8.3,9.7],"rotation":{"angle":0,"axis":"y","origin":[17,16,16]},"faces":{"north":{"uv":[7,7,8,8],"texture":"#1"},"east":{"uv":[7,7,8,8],"texture":"#1"},"south":{"uv":[7,7,8,8],"texture":"#1"},"west":{"uv":[7,7,8,8],"texture":"#1"},"up":{"uv":[7,7,8,8],"texture":"#1"},"down":{"uv":[7,7,8,8],"texture":"#1"}}},{"from":[7.25,8.4,8.4],"to":[7.25,9.7,9.7],"rotation":{"angle":0,"axis":"y","origin":[17,16,17]},"faces":{"north":{"uv":[0,0,0,1],"texture":"#missing"},"east":{"uv":[8,7,9,8],"texture":"#1"},"south":{"uv":[0,0,0,1],"texture":"#missing"},"west":{"uv":[0,0,16,16],"texture":"#7"},"up":{"uv":[0,0,0,1.3],"texture":"#missing"},"down":{"uv":[0,0,0,1.3],"texture":"#missing"}}},{"from":[7.3,8,8.38],"to":[8.6,8.3,8.38],"rotation":{"angle":0,"axis":"y","origin":[17,16,15]},"faces":{"north":{"uv":[7,8,8,9],"texture":"#1"},"east":{"uv":[7,8,8,9],"texture":"#1"},"south":{"uv":[7,8,8,9],"texture":"#1"},"west":{"uv":[7,8,8,9],"texture":"#1"},"up":{"uv":[7,8,8,9],"texture":"#1"},"down":{"uv":[7,8,8,9],"texture":"#1"}}},{"from":[8.6,8,8.4],"to":[8.6,8.3,9.7],"rotation":{"angle":0,"axis":"y","origin":[16,16,16]},"faces":{"north":{"uv":[7,6,8,9],"texture":"#1"},"east":{"uv":[7,6,8,9],"texture":"#1"},"south":{"uv":[7,6,8,9],"texture":"#1"},"west":{"uv":[7,6,8,9],"texture":"#1"},"up":{"uv":[7,6,8,9],"texture":"#1"},"down":{"uv":[7,6,8,9],"texture":"#1"}}},{"from":[7.29,8,8.4],"to":[7.29,8.3,9.7],"rotation":{"angle":0,"axis":"y","origin":[8,5,12]},"faces":{"north":{"uv":[7,7,8,8],"texture":"#1"},"east":{"uv":[7,7,8,8],"texture":"#1"},"south":{"uv":[7,7,8,8],"texture":"#1"},"west":{"uv":[7,7,8,8],"texture":"#1"},"up":{"uv":[7,7,8,8],"texture":"#1"},"down":{"uv":[7,7,8,8],"texture":"#1"}}},{"from":[7.05,9.7,8.15],"to":[8.85,10,9.95],"rotation":{"angle":0,"axis":"y","origin":[15,18,16]},"faces":{"north":{"uv":[5,8,7,11],"texture":"#0"},"east":{"uv":[5,8,7,11],"texture":"#0"},"south":{"uv":[5,8,7,11],"texture":"#0"},"west":{"uv":[5,8,7,11],"texture":"#0"},"up":{"uv":[5,8,7,11],"texture":"#0"},"down":{"uv":[5,8,7,11],"texture":"#0"}}},{"from":[5.999,1,7.25],"to":[6.099,6,10.75],"rotation":{"angle":0,"axis":"y","origin":[14,11,17]},"faces":{"north":{"uv":[0,0,0.12325,16],"texture":"#6"},"east":{"uv":[0,0,0.85154,4.9972],"texture":"#6"},"south":{"uv":[0,0,0.1,5],"texture":"#6"},"west":{"uv":[0.0112,0,16,15.9888],"texture":"#6"},"up":{"uv":[0,0,0.1,3.5],"texture":"#6"},"down":{"uv":[0,0,0.1,3.5],"texture":"#6"}}}],"display":{"thirdperson_righthand":{"rotation":[33,41,-18],"translation":[0.5,4,-0.25],"scale":[0.7,0.7,0.7]},"thirdperson_lefthand":{"rotation":[17,-145,-17],"translation":[-1.25,2,1],"scale":[0.7,0.7,0.7]},"firstperson_righthand":{"rotation":[-10,21,-5],"translation":[0.5,5.5,1],"scale":[0.6,0.6,0.6]},"firstperson_lefthand":{"rotation":[-2,-150,2],"translation":[0.5,6.25,3.25],"scale":[0.6,0.6,0.6]},"ground":{"rotation":[0,-58,0],"translation":[-0.25,2.25,-0.25],"scale":[0.6,0.6,0.6]},"gui":{"rotation":[2,71,-13],"translation":[-1.75,3.5,0],"scale":[0.9,0.9,0.9]},"head":{"rotation":[0,-90,0],"translation":[1,14.5,0.25]},"fixed":{"rotation":[-90,0,0],"translation":[-0.5,-1.5,-11.7],"scale":[1.6,1.6,1.6]}},"groups":[0,{"name":"group","origin":[13,8,11.8],"children":[1,2,3,4,5,6,7,8,9,10,11]},12]}