{"credit":"Dooraley","textures":{"0":"block/light_gray_stained_glass","1":"block/blue_shulker_box","2":"brewery/snowflake_vodka","3":"block/white_concrete","4":"block/light_gray_concrete","5":"brewery/russian_vodka_logo","particle":"block/light_gray_stained_glass"},"elements":[{"from":[6.5,0.5,7.5],"to":[9.5,8.6,10.5],"rotation":{"angle":0,"axis":"y","origin":[14,8.5,15]},"faces":{"north":{"uv":[11,1,16,13],"texture":"#4"},"east":{"uv":[11,1,16,13],"texture":"#4"},"south":{"uv":[11,1,16,13],"texture":"#4"},"west":{"uv":[11,1,16,13],"texture":"#4"},"up":{"uv":[11,1,16,13],"texture":"#4"},"down":{"uv":[11,1,16,13],"texture":"#4"}}},{"from":[6,0,7],"to":[10,10,11],"rotation":{"angle":0,"axis":"y","origin":[14,18,18]},"faces":{"north":{"uv":[6,3,10,13],"texture":"#0"},"east":{"uv":[6,3,10,13],"texture":"#0"},"south":{"uv":[6,3,10,13],"texture":"#0"},"west":{"uv":[6,3,10,13],"texture":"#0"},"up":{"uv":[6,3,10,13],"texture":"#0"},"down":{"uv":[6,3,10,13],"texture":"#0"}}},{"from":[6.5,10,7.5],"to":[9.5,10.5,10.5],"rotation":{"angle":0,"axis":"y","origin":[14.5,18,17.5]},"faces":{"north":{"uv":[4,9,7,12],"texture":"#0"},"east":{"uv":[4,9,7,12],"texture":"#0"},"south":{"uv":[4,9,7,12],"texture":"#0"},"west":{"uv":[4,9,7,12],"texture":"#0"},"up":{"uv":[4,9,7,12],"texture":"#0"},"down":{"uv":[4,9,7,12],"texture":"#0"}}},{"from":[7.3,10.5,8.4],"to":[8.6,13,9.7],"rotation":{"angle":0,"axis":"y","origin":[15.5,18.5,16.5]},"faces":{"north":{"uv":[6,8,8,12],"texture":"#0"},"east":{"uv":[6,8,8,12],"texture":"#0"},"south":{"uv":[6,8,8,12],"texture":"#0"},"west":{"uv":[6,8,8,12],"texture":"#0"},"up":{"uv":[6,8,8,12],"texture":"#0"},"down":{"uv":[6,8,8,12],"texture":"#0"}}},{"from":[7.3,13,8.4],"to":[8.6,15.5,9.7],"rotation":{"angle":0,"axis":"y","origin":[15.5,18.2,16.5]},"faces":{"north":{"uv":[0,5,3,10],"texture":"#1"},"east":{"uv":[0,5,3,10],"texture":"#1"},"south":{"uv":[0,5,3,10],"texture":"#1"},"west":{"uv":[0,5,3,10],"texture":"#1"},"up":{"uv":[0,5,3,10],"texture":"#1"},"down":{"uv":[0,5,3,10],"texture":"#1"}}},{"from":[7.2,14.5,8.3],"to":[8.7,14.8,9.8],"rotation":{"angle":0,"axis":"y","origin":[15.5,19.7,16.5]},"faces":{"north":{"uv":[6,8,11,9],"texture":"#3"},"east":{"uv":[6,8,11,9],"texture":"#3"},"south":{"uv":[6,8,11,9],"texture":"#3"},"west":{"uv":[6,8,11,9],"texture":"#3"},"up":{"uv":[6,8,11,9],"texture":"#3"},"down":{"uv":[6,8,11,9],"texture":"#3"}}},{"from":[7.3,11,9.7],"to":[8.6,12.3,9.7],"rotation":{"angle":0,"axis":"y","origin":[17,19,16]},"faces":{"north":{"uv":[7,7,8,8],"texture":"#1"},"east":{"uv":[7,7,8,8],"texture":"#1"},"south":{"uv":[7,7,8,8],"texture":"#1"},"west":{"uv":[7,7,8,8],"texture":"#1"},"up":{"uv":[7,7,8,8],"texture":"#1"},"down":{"uv":[7,7,8,8],"texture":"#1"}}},{"from":[7.25,11,8.4],"to":[7.25,12.3,9.7],"rotation":{"angle":0,"axis":"y","origin":[17,19,17]},"faces":{"north":{"uv":[0,0,0,1],"texture":"#missing"},"east":{"uv":[8,7,9,8],"texture":"#1"},"south":{"uv":[0,0,0,1],"texture":"#missing"},"west":{"uv":[0,0,15.97721,16],"texture":"#2"},"up":{"uv":[0,0,0,1.3],"texture":"#missing"},"down":{"uv":[0,0,0,1.3],"texture":"#missing"}}},{"from":[7.3,11,8.38],"to":[8.6,12.3,8.38],"rotation":{"angle":0,"axis":"y","origin":[17,19,15]},"faces":{"north":{"uv":[7,8,8,9],"texture":"#1"},"east":{"uv":[7,8,8,9],"texture":"#1"},"south":{"uv":[7,8,8,9],"texture":"#1"},"west":{"uv":[7,8,8,9],"texture":"#1"},"up":{"uv":[7,8,8,9],"texture":"#1"},"down":{"uv":[7,8,8,9],"texture":"#1"}}},{"from":[8.6,11,8.4],"to":[8.6,12.3,9.7],"rotation":{"angle":0,"axis":"y","origin":[16,19,16]},"faces":{"north":{"uv":[7,6,8,9],"texture":"#1"},"east":{"uv":[7,6,8,9],"texture":"#1"},"south":{"uv":[7,6,8,9],"texture":"#1"},"west":{"uv":[7,6,8,9],"texture":"#1"},"up":{"uv":[7,6,8,9],"texture":"#1"},"down":{"uv":[7,6,8,9],"texture":"#1"}}},{"from":[7.29,11,8.4],"to":[7.29,12.3,9.7],"rotation":{"angle":0,"axis":"y","origin":[8,8,12]},"faces":{"north":{"uv":[7,7,8,8],"texture":"#1"},"east":{"uv":[7,7,8,8],"texture":"#1"},"south":{"uv":[7,7,8,8],"texture":"#1"},"west":{"uv":[7,7,8,8],"texture":"#1"},"up":{"uv":[7,7,8,8],"texture":"#1"},"down":{"uv":[7,7,8,8],"texture":"#1"}}},{"from":[5.95,1.3,7],"to":[6,8.8,11],"rotation":{"angle":0,"axis":"y","origin":[13.9,14.7,15]},"faces":{"north":{"uv":[2.93333,0.66667,4.46667,1.46667],"texture":"#5"},"east":{"uv":[1.6,0.53333,3.2,2.13333],"texture":"#5"},"south":{"uv":[2.8,0.46667,4.4,2.06667],"texture":"#5"},"west":{"uv":[0,0,16,16],"texture":"#5"},"up":{"uv":[0,0,1.6,1.6],"texture":"#5"},"down":{"uv":[0,0,1.6,1.6],"texture":"#5"}}}],"display":{"thirdperson_righthand":{"rotation":[33,41,-18],"translation":[0,2,-1.5],"scale":[0.7,0.7,0.7]},"thirdperson_lefthand":{"rotation":[17,-145,-17],"translation":[-1.25,2,1],"scale":[0.7,0.7,0.7]},"firstperson_righthand":{"rotation":[-10,21,-5],"translation":[0.5,4,1],"scale":[0.6,0.6,0.6]},"firstperson_lefthand":{"rotation":[-2,-150,2],"translation":[0.5,4.5,2.75],"scale":[0.6,0.6,0.6]},"ground":{"rotation":[0,-58,0],"translation":[-0.25,1.75,-0.25],"scale":[0.6,0.6,0.6]},"gui":{"rotation":[2,71,-13],"translation":[-1,0.75,0],"scale":[0.9,0.9,0.9]},"head":{"rotation":[0,-90,0],"translation":[1,14.25,0.25]},"fixed":{"rotation":[-90,0,0],"translation":[-0.25,-1.5,-11.2],"scale":[1.6,1.6,1.6]}},"groups":[0,{"name":"group","origin":[13,8,11.8],"children":[1,2,3,4,5,6,7,8,9,10]},{"name":"group","origin":[13,8,11.8],"children":[11]}]}