{
	"credit": "Made with Blockbench",
	"textures": {
		"0": "spooky/glass_blue",
		"1": "spooky/spooky",
		"2": "brewery/etiketka",
		"3": "spooky/unnamed",
		"4": "spooky/0",
		"5": "spooky/pumpkin_side",
		"6": "spooky/pumpkin_top",
		"7": "spooky/9",
		"8": "spooky/red_concrete",
		"particle": "spooky/glass_blue"
	},
	"elements": [
		{
			"from": [6, 0, 6],
			"to": [10, 1, 10],
			"rotation": {"angle": 0, "axis": "y", "origin": [14, 8, 14]},
			"faces": {
				"north": {"uv": [3, 4, 9, 6], "texture": "#0"},
				"east": {"uv": [3, 4, 9, 6], "texture": "#0"},
				"south": {"uv": [3, 4, 9, 6], "texture": "#0"},
				"west": {"uv": [3, 4, 9, 6], "texture": "#0"},
				"up": {"uv": [3, 4, 9, 10], "texture": "#0"},
				"down": {"uv": [8, 8, 14, 14], "texture": "#0"}
			}
		},
		{
			"from": [6, 7, 6],
			"to": [10, 8, 10],
			"rotation": {"angle": 0, "axis": "y", "origin": [14, 15, 14]},
			"faces": {
				"north": {"uv": [6, 10, 11, 12], "texture": "#0"},
				"east": {"uv": [6, 10, 11, 12], "texture": "#0"},
				"south": {"uv": [6, 10, 11, 12], "texture": "#0"},
				"west": {"uv": [6, 10, 11, 12], "texture": "#0"},
				"up": {"uv": [7, 8, 12, 13], "texture": "#0"},
				"down": {"uv": [6, 10, 11, 15], "texture": "#0"}
			}
		},
		{
			"from": [6.25, 8.001, 6.25],
			"to": [9.75, 9.001, 9.75],
			"rotation": {"angle": 0, "axis": "y", "origin": [14, 16, 14]},
			"faces": {
				"north": {"uv": [3, 3, 9, 4], "texture": "#0"},
				"east": {"uv": [3, 3, 9, 4], "texture": "#0"},
				"south": {"uv": [3, 3, 9, 4], "texture": "#0"},
				"west": {"uv": [3, 3, 9, 4], "texture": "#0"},
				"up": {"uv": [3, 3, 9, 9], "texture": "#0"},
				"down": {"uv": [7, 8, 13, 14], "texture": "#0"}
			}
		},
		{
			"from": [6.25, 8.001, 5.5],
			"to": [7.5, 9.251, 6.75],
			"rotation": {"angle": 22.5, "axis": "y", "origin": [6.875, 8.626, 6.125]},
			"faces": {
				"north": {"uv": [0, 0, 16, 16], "texture": "#4"},
				"east": {"uv": [0, 0, 16, 16], "texture": "#5"},
				"south": {"uv": [0, 0, 16, 16], "texture": "#5"},
				"west": {"uv": [0, 0, 16, 16], "texture": "#5"},
				"up": {"uv": [0, 0, 16, 16], "texture": "#6"},
				"down": {"uv": [0, 0, 16, 16], "texture": "#6"}
			}
		},
		{
			"from": [9.25, 1.001, 9.25],
			"to": [10.25, 2.001, 10.25],
			"rotation": {"angle": -22.5, "axis": "y", "origin": [9.625, 1.626, 9.625]},
			"faces": {
				"north": {"uv": [0, 0, 16, 16], "texture": "#5"},
				"east": {"uv": [0, 0, 16, 16], "texture": "#7"},
				"south": {"uv": [0, 0, 16, 16], "texture": "#5"},
				"west": {"uv": [0, 0, 16, 16], "texture": "#5"},
				"up": {"uv": [0, 0, 16, 16], "rotation": 90, "texture": "#6"},
				"down": {"uv": [0, 0, 16, 16], "rotation": 270, "texture": "#6"}
			}
		},
		{
			"from": [8, 9.001, 9.5],
			"to": [8.75, 9.751, 10.25],
			"rotation": {"angle": 0, "axis": "y", "origin": [14, 17, 14.75]},
			"faces": {
				"north": {"uv": [1, 4, 2, 5], "texture": "#1"},
				"east": {"uv": [1, 4, 2, 5], "texture": "#1"},
				"south": {"uv": [1, 4, 2, 5], "texture": "#1"},
				"west": {"uv": [1, 4, 2, 5], "texture": "#1"},
				"up": {"uv": [1, 4, 2, 5], "texture": "#1"},
				"down": {"uv": [1, 4, 2, 5], "texture": "#1"}
			}
		},
		{
			"from": [8, 7.751, 10],
			"to": [8, 9.251, 10.75],
			"rotation": {"angle": -22.5, "axis": "y", "origin": [8, 8.876, 10.375]},
			"faces": {
				"north": {"uv": [7, 0, 10, 6], "texture": "#1"},
				"east": {"uv": [10, 0, 13, 6], "texture": "#1"},
				"south": {"uv": [7, 0, 10, 6], "texture": "#1"},
				"west": {"uv": [7, 0, 10, 6], "texture": "#1"},
				"up": {"uv": [7, 0, 10, 6], "texture": "#1"},
				"down": {"uv": [7, 0, 10, 6], "texture": "#1"}
			}
		},
		{
			"from": [8.47992, 8.001, 9.7792],
			"to": [9.22992, 9.501, 9.7792],
			"rotation": {"angle": 45, "axis": "y", "origin": [8.6875, 9.03225, 9.375]},
			"faces": {
				"north": {"uv": [10, 0, 13, 6], "texture": "#1"},
				"east": {"uv": [7, 0, 10, 6], "texture": "#1"},
				"south": {"uv": [7, 0, 10, 6], "texture": "#1"},
				"west": {"uv": [7, 0, 10, 6], "texture": "#1"},
				"up": {"uv": [7, 0, 10, 6], "rotation": 270, "texture": "#1"},
				"down": {"uv": [7, 0, 10, 6], "rotation": 90, "texture": "#1"}
			}
		},
		{
			"from": [8.25, 8.001, 10],
			"to": [8.25, 9.501, 10.75],
			"rotation": {"angle": 0, "axis": "y", "origin": [8.25, 9.126, 10.375]},
			"faces": {
				"north": {"uv": [0, 7, 4, 13], "texture": "#1"},
				"east": {"uv": [0, 7, 4, 13], "texture": "#1"},
				"south": {"uv": [0, 7, 4, 13], "texture": "#1"},
				"west": {"uv": [0, 7, 4, 13], "texture": "#1"},
				"up": {"uv": [0, 7, 4, 13], "texture": "#1"},
				"down": {"uv": [0, 7, 4, 13], "texture": "#1"}
			}
		},
		{
			"from": [8.875, 8.251, 9],
			"to": [8.875, 9.751, 9.75],
			"rotation": {"angle": -22.5, "axis": "y", "origin": [8.6875, 9.03225, 9.375]},
			"faces": {
				"north": {"uv": [0, 7, 4, 13], "texture": "#1"},
				"east": {"uv": [0, 7, 4, 13], "texture": "#1"},
				"south": {"uv": [0, 7, 4, 13], "texture": "#1"},
				"west": {"uv": [0, 7, 4, 13], "texture": "#1"},
				"up": {"uv": [0, 7, 4, 13], "rotation": 180, "texture": "#1"},
				"down": {"uv": [0, 7, 4, 13], "rotation": 180, "texture": "#1"}
			}
		},
		{
			"from": [8.5, 8.001, 10],
			"to": [8.5, 9.751, 10.75],
			"rotation": {"angle": 22.5, "axis": "y", "origin": [8.5, 9.376, 10.375]},
			"faces": {
				"north": {"uv": [4, 7, 8, 12], "texture": "#1"},
				"east": {"uv": [4, 7, 8, 12], "texture": "#1"},
				"south": {"uv": [4, 7, 8, 12], "texture": "#1"},
				"west": {"uv": [4, 7, 8, 12], "texture": "#1"},
				"up": {"uv": [4, 7, 8, 12], "texture": "#1"},
				"down": {"uv": [4, 7, 8, 12], "texture": "#1"}
			}
		},
		{
			"from": [8.62976, 8.251, 8.97608],
			"to": [8.62976, 10.001, 9.72608],
			"rotation": {"angle": 0, "axis": "y", "origin": [8.6875, 9.03225, 9.375]},
			"faces": {
				"north": {"uv": [4, 7, 8, 12], "texture": "#1"},
				"east": {"uv": [4, 7, 8, 12], "texture": "#1"},
				"south": {"uv": [4, 7, 8, 12], "texture": "#1"},
				"west": {"uv": [4, 7, 8, 12], "texture": "#1"},
				"up": {"uv": [4, 7, 8, 12], "rotation": 180, "texture": "#1"},
				"down": {"uv": [4, 7, 8, 12], "rotation": 180, "texture": "#1"}
			}
		},
		{
			"from": [9, 8.251, 10],
			"to": [9, 9.751, 10.75],
			"rotation": {"angle": 45, "axis": "y", "origin": [9, 9.376, 10.375]},
			"faces": {
				"north": {"uv": [9, 7, 12, 12], "texture": "#1"},
				"east": {"uv": [9, 7, 12, 12], "texture": "#1"},
				"south": {"uv": [9, 7, 12, 12], "texture": "#1"},
				"west": {"uv": [9, 7, 12, 12], "texture": "#1"},
				"up": {"uv": [9, 7, 12, 12], "texture": "#1"},
				"down": {"uv": [9, 7, 12, 12], "texture": "#1"}
			}
		},
		{
			"from": [8.28975, 8.501, 8.60225],
			"to": [8.28975, 10.001, 9.35225],
			"rotation": {"angle": 22.5, "axis": "y", "origin": [8.6875, 9.03225, 9.375]},
			"faces": {
				"north": {"uv": [9, 7, 12, 12], "texture": "#1"},
				"east": {"uv": [9, 7, 12, 12], "texture": "#1"},
				"south": {"uv": [9, 7, 12, 12], "texture": "#1"},
				"west": {"uv": [9, 7, 12, 12], "texture": "#1"},
				"up": {"uv": [9, 7, 12, 12], "rotation": 180, "texture": "#1"},
				"down": {"uv": [9, 7, 12, 12], "rotation": 180, "texture": "#1"}
			}
		},
		{
			"from": [6.75, 9, 6.75],
			"to": [9.25, 9.75, 9.25],
			"rotation": {"angle": 0, "axis": "y", "origin": [14, 17, 14]},
			"faces": {
				"north": {"uv": [7, 11, 11, 12], "texture": "#0"},
				"east": {"uv": [7, 11, 11, 12], "texture": "#0"},
				"south": {"uv": [7, 11, 11, 12], "texture": "#0"},
				"west": {"uv": [7, 11, 11, 12], "texture": "#0"},
				"up": {"uv": [7, 9, 11, 13], "texture": "#0"},
				"down": {"uv": [7, 11, 11, 12], "texture": "#0"}
			}
		},
		{
			"from": [7.25, 9.7501, 7.25],
			"to": [8.75, 13.7501, 8.75],
			"rotation": {"angle": 0, "axis": "y", "origin": [14, 17.75, 14]},
			"faces": {
				"north": {"uv": [10, 7, 12, 13], "texture": "#0"},
				"east": {"uv": [10, 7, 12, 13], "texture": "#0"},
				"south": {"uv": [10, 7, 12, 13], "texture": "#0"},
				"west": {"uv": [10, 7, 12, 13], "texture": "#0"},
				"up": {"uv": [10, 7, 12, 13], "texture": "#0"},
				"down": {"uv": [10, 7, 12, 13], "texture": "#0"}
			}
		},
		{
			"from": [7.125, 13, 7.125],
			"to": [8.875, 14, 8.875],
			"rotation": {"angle": 0, "axis": "y", "origin": [14, 21, 14]},
			"faces": {
				"north": {"uv": [2, 1, 5, 3], "texture": "#1"},
				"east": {"uv": [1, 1, 4, 3], "texture": "#1"},
				"south": {"uv": [2, 0, 5, 2], "texture": "#1"},
				"west": {"uv": [0, 1, 3, 3], "texture": "#1"},
				"up": {"uv": [1, 0, 4, 3], "texture": "#1"},
				"down": {"uv": [2, 0, 5, 3], "texture": "#1"}
			}
		},
		{
			"from": [7.375, 12, 7.375],
			"to": [8.625, 13.25, 8.625],
			"rotation": {"angle": 0, "axis": "y", "origin": [14, 21, 14]},
			"faces": {
				"north": {"uv": [2, 1, 5, 3], "texture": "#1"},
				"east": {"uv": [1, 1, 4, 3], "texture": "#1"},
				"south": {"uv": [2, 0, 5, 2], "texture": "#1"},
				"west": {"uv": [0, 1, 3, 3], "texture": "#1"},
				"up": {"uv": [1, 0, 4, 3], "texture": "#1"},
				"down": {"uv": [2, 0, 5, 3], "texture": "#1"}
			}
		},
		{
			"from": [6.25, 1.001, 6.25],
			"to": [9.75, 7.501, 9.75],
			"rotation": {"angle": 0, "axis": "y", "origin": [14, 9, 14]},
			"faces": {
				"north": {"uv": [3, 2, 9, 11], "texture": "#0"},
				"east": {"uv": [3, 2, 9, 11], "texture": "#0"},
				"south": {"uv": [3, 2, 9, 11], "texture": "#0"},
				"west": {"uv": [3, 2, 9, 11], "texture": "#0"},
				"up": {"uv": [3, 2, 9, 11], "texture": "#0"},
				"down": {"uv": [3, 2, 9, 11], "texture": "#0"}
			}
		},
		{
			"from": [6.5, 0.501, 6.5],
			"to": [9.5, 8.501, 9.5],
			"rotation": {"angle": 0, "axis": "y", "origin": [14, 9, 14]},
			"faces": {
				"north": {"uv": [0, 0, 16, 16], "texture": "#8"},
				"east": {"uv": [0, 0, 16, 16], "texture": "#8"},
				"south": {"uv": [0, 0, 16, 16], "texture": "#8"},
				"west": {"uv": [0, 0, 16, 16], "texture": "#8"},
				"up": {"uv": [0, 0, 16, 16], "texture": "#8"},
				"down": {"uv": [0, 0, 16, 16], "texture": "#8"}
			}
		},
		{
			"from": [6.248, 1.751, 6.5],
			"to": [6.248, 6.751, 9.5],
			"rotation": {"angle": 0, "axis": "y", "origin": [14, 9, 14]},
			"faces": {
				"north": {"uv": [15, 15, 16, 16], "texture": "#1"},
				"east": {"uv": [15, 15, 16, 16], "texture": "#1"},
				"south": {"uv": [15, 15, 16, 16], "texture": "#1"},
				"west": {"uv": [0, 0, 15.94464, 15.94464], "texture": "#2"},
				"up": {"uv": [15, 15, 16, 16], "texture": "#1"},
				"down": {"uv": [15, 15, 16, 16], "texture": "#1"}
			}
		},
		{
			"from": [6.2479, 5.751, 6.5],
			"to": [6.2479, 6.751, 7.5],
			"rotation": {"angle": -22.5, "axis": "x", "origin": [6.2499, 6.001, 7.25]},
			"faces": {
				"north": {"uv": [0, 0, 15.94464, 15.94464], "texture": "#3"},
				"east": {"uv": [0, 0, 15.94464, 15.94464], "texture": "#3"},
				"south": {"uv": [0, 0, 15.94464, 15.94464], "texture": "#3"},
				"west": {"uv": [0, 0, 15.94464, 15.94464], "texture": "#3"},
				"up": {"uv": [0, 0, 15.94464, 15.94464], "texture": "#3"},
				"down": {"uv": [0, 0, 15.94464, 15.94464], "texture": "#3"}
			}
		},
		{
			"from": [6.66226, 4.86166, 6.2175],
			"to": [7.66226, 5.86166, 6.2175],
			"rotation": {"angle": 22.5, "axis": "z", "origin": [7.16226, 5.36166, 6.2175]},
			"faces": {
				"north": {"uv": [0, 0, 15.94464, 15.94464], "texture": "#3"},
				"east": {"uv": [0, 0, 15.94464, 15.94464], "texture": "#3"},
				"south": {"uv": [0, 0, 15.94464, 15.94464], "texture": "#3"},
				"west": {"uv": [0, 0, 15.94464, 15.94464], "texture": "#3"},
				"up": {"uv": [0, 0, 15.94464, 15.94464], "rotation": 270, "texture": "#3"},
				"down": {"uv": [0, 0, 15.94464, 15.94464], "rotation": 90, "texture": "#3"}
			}
		},
		{
			"from": [6.2479, 3.251, 8.5],
			"to": [6.2479, 4.251, 9.5],
			"rotation": {"angle": 22.5, "axis": "x", "origin": [6.2499, 3.501, 9.25]},
			"faces": {
				"north": {"uv": [0, 0, 15.94464, 15.94464], "texture": "#3"},
				"east": {"uv": [0, 0, 15.94464, 15.94464], "texture": "#3"},
				"south": {"uv": [0, 0, 15.94464, 15.94464], "texture": "#3"},
				"west": {"uv": [0, 0, 15.94464, 15.94464], "texture": "#3"},
				"up": {"uv": [0, 0, 15.94464, 15.94464], "texture": "#3"},
				"down": {"uv": [0, 0, 15.94464, 15.94464], "texture": "#3"}
			}
		},
		{
			"from": [9.751, 4.751, 8.5],
			"to": [9.751, 5.751, 9.5],
			"rotation": {"angle": 22.5, "axis": "x", "origin": [9.9999, 5.001, 9.25]},
			"faces": {
				"north": {"uv": [0, 0, 15.94464, 15.94464], "texture": "#3"},
				"east": {"uv": [0, 0, 15.94464, 15.94464], "texture": "#3"},
				"south": {"uv": [0, 0, 15.94464, 15.94464], "texture": "#3"},
				"west": {"uv": [0, 0, 15.94464, 15.94464], "texture": "#3"},
				"up": {"uv": [0, 0, 15.94464, 15.94464], "texture": "#3"},
				"down": {"uv": [0, 0, 15.94464, 15.94464], "texture": "#3"}
			}
		},
		{
			"from": [6.2479, 1.001, 7.25],
			"to": [6.2479, 2.001, 8.25],
			"rotation": {"angle": 22.5, "axis": "x", "origin": [6.2499, 1.251, 8]},
			"faces": {
				"north": {"uv": [0, 0, 15.94464, 15.94464], "texture": "#3"},
				"east": {"uv": [0, 0, 15.94464, 15.94464], "texture": "#3"},
				"south": {"uv": [0, 0, 15.94464, 15.94464], "texture": "#3"},
				"west": {"uv": [0, 0, 15.94464, 15.94464], "texture": "#3"},
				"up": {"uv": [0, 0, 15.94464, 15.94464], "texture": "#3"},
				"down": {"uv": [0, 0, 15.94464, 15.94464], "texture": "#3"}
			}
		},
		{
			"from": [9.751, 1.501, 6.5],
			"to": [9.751, 2.501, 7.5],
			"rotation": {"angle": 45, "axis": "x", "origin": [9.9999, 1.751, 6.75]},
			"faces": {
				"north": {"uv": [0, 0, 15.94464, 15.94464], "rotation": 180, "texture": "#3"},
				"east": {"uv": [0, 0, 15.94464, 15.94464], "rotation": 270, "texture": "#3"},
				"south": {"uv": [0, 0, 15.94464, 15.94464], "texture": "#3"},
				"west": {"uv": [0, 0, 15.94464, 15.94464], "rotation": 90, "texture": "#3"},
				"up": {"uv": [0, 0, 15.94464, 15.94464], "rotation": 180, "texture": "#3"},
				"down": {"uv": [0, 0, 15.94464, 15.94464], "texture": "#3"}
			}
		},
		{
			"from": [8.52447, 1.21103, 6.2175],
			"to": [9.52447, 2.21103, 6.2175],
			"rotation": {"angle": -22.5, "axis": "z", "origin": [9.02447, 1.71103, 6.2175]},
			"faces": {
				"north": {"uv": [0, 0, 15.94464, 15.94464], "texture": "#3"},
				"east": {"uv": [0, 0, 15.94464, 15.94464], "texture": "#3"},
				"south": {"uv": [0, 0, 15.94464, 15.94464], "texture": "#3"},
				"west": {"uv": [0, 0, 15.94464, 15.94464], "texture": "#3"},
				"up": {"uv": [0, 0, 15.94464, 15.94464], "rotation": 270, "texture": "#3"},
				"down": {"uv": [0, 0, 15.94464, 15.94464], "rotation": 90, "texture": "#3"}
			}
		},
		{
			"from": [6.77447, 1.21103, 9.751],
			"to": [7.77447, 2.21103, 9.751],
			"rotation": {"angle": 45, "axis": "z", "origin": [6.501, 3.84719, 9.96759]},
			"faces": {
				"north": {"uv": [0, 0, 15.94464, 15.94464], "texture": "#3"},
				"east": {"uv": [0, 0, 15.94464, 15.94464], "texture": "#3"},
				"south": {"uv": [0, 0, 15.94464, 15.94464], "texture": "#3"},
				"west": {"uv": [0, 0, 15.94464, 15.94464], "texture": "#3"},
				"up": {"uv": [0, 0, 15.94464, 15.94464], "rotation": 270, "texture": "#3"},
				"down": {"uv": [0, 0, 15.94464, 15.94464], "rotation": 90, "texture": "#3"}
			}
		}
	],
	"display": {
		"thirdperson_righthand": {
			"rotation": [0, -90, 0],
			"translation": [0, 0.75, 0],
			"scale": [0.55, 0.55, 0.55]
		},
		"thirdperson_lefthand": {
			"rotation": [0, 90, 0],
			"scale": [0.55, 0.55, 0.55]
		},
		"firstperson_righthand": {
			"rotation": [0, -90, 0]
		},
		"firstperson_lefthand": {
			"rotation": [0, 90, 0]
		},
		"ground": {
			"rotation": [0, 0, -90],
			"translation": [0, -2.5, 0]
		},
		"gui": {
			"rotation": [38, 48, 0],
			"translation": [0, 1.25, 0]
		},
		"head": {
			"rotation": [0, -90, 0],
			"translation": [0, 14.75, 0]
		},
		"fixed": {
			"rotation": [-90, -90, 0],
			"translation": [0, -0.5, -12.5],
			"scale": [1.75, 1.75, 1.75]
		}
	}
}