{"credit":"Dooraley","textures":{"0":"block/white_stained_glass","1":"block/green_stained_glass","2":"block/barrel_top","4":"brewery/tequila_logo","5":"brewery/tequila_corp_logo","particle":"block/white_stained_glass"},"elements":[{"from":[7,0.1,5.995],"to":[10,3.1,6],"rotation":{"angle":0,"axis":"y","origin":[16.1,8.4,12.095]},"faces":{"north":{"uv":[0.13333,0.13333,16,16],"texture":"#4"},"east":{"uv":[0,0,0.6,0.46667],"texture":"#4"},"south":{"uv":[0,0,0.6,0.46667],"texture":"#4"},"west":{"uv":[0,0,0.6,0.46667],"texture":"#4"},"up":{"uv":[0,0,0.6,0.46667],"texture":"#4"},"down":{"uv":[0,0,0.6,0.46667],"texture":"#4"}}},{"from":[7,0,6],"to":[10,3.2,9],"rotation":{"angle":0,"axis":"y","origin":[8.5,1.75,7.5]},"faces":{"north":{"uv":[1,1,15,15],"texture":"#0"},"east":{"uv":[12,1,15,5],"texture":"#0"},"south":{"uv":[1,1,15,15],"rotation":180,"texture":"#0"},"west":{"uv":[10,1,15,5],"rotation":90,"texture":"#0"},"up":{"uv":[12,1,15,5],"texture":"#0"},"down":{"uv":[12,1,15,5],"texture":"#0"}}},{"from":[7.5,0.5,6.5],"to":[9.5,3,8.5],"rotation":{"angle":0,"axis":"y","origin":[17,10.5,16]},"faces":{"north":{"uv":[13,1,15,3],"texture":"#1"},"east":{"uv":[13,1,15,3],"texture":"#1"},"south":{"uv":[13,1,15,3],"texture":"#1"},"west":{"uv":[13,1,15,3],"texture":"#1"},"up":{"uv":[13,1,15,3],"texture":"#1"},"down":{"uv":[13,1,15,3],"texture":"#1"}}},{"from":[7.2,3.2,6.2],"to":[9.8,3.7,8.8],"rotation":{"angle":0,"axis":"y","origin":[17,11.2,16]},"faces":{"north":{"uv":[11,1,14,5],"texture":"#0"},"east":{"uv":[11,1,14,5],"texture":"#0"},"south":{"uv":[11,1,14,5],"texture":"#0"},"west":{"uv":[11,1,14,5],"texture":"#0"},"up":{"uv":[11,1,14,5],"texture":"#0"}}},{"from":[7.6,3.7,6.6],"to":[9.4,4.1,8.4],"rotation":{"angle":0,"axis":"y","origin":[17,11.7,16]},"faces":{"north":{"uv":[11,1,14,5],"texture":"#0"},"east":{"uv":[11,1,14,5],"texture":"#0"},"south":{"uv":[11,1,14,5],"texture":"#0"},"west":{"uv":[11,1,14,5],"texture":"#0"},"up":{"uv":[11,1,14,5],"texture":"#0"}}},{"from":[8,4.1,7],"to":[9,5,8],"rotation":{"angle":0,"axis":"y","origin":[17,12.1,16]},"faces":{"north":{"uv":[11,1,14,5],"texture":"#0"},"east":{"uv":[11,1,14,5],"texture":"#0"},"south":{"uv":[11,1,14,5],"texture":"#0"},"west":{"uv":[11,1,14,5],"texture":"#0"}}},{"from":[8.1,4.3,7.1],"to":[8.9,5.2,7.9],"rotation":{"angle":0,"axis":"y","origin":[17,12.3,16]},"faces":{"north":{"uv":[8,1,12,5],"texture":"#2"},"east":{"uv":[8,1,12,5],"texture":"#2"},"south":{"uv":[8,1,12,5],"texture":"#2"},"west":{"uv":[8,1,12,5],"texture":"#2"},"up":{"uv":[8,1,12,5],"texture":"#2"},"down":{"uv":[8,1,12,5],"texture":"#2"}}},{"from":[8.1,4.3,7.099],"to":[8.9,5.2,7.1],"rotation":{"angle":0,"axis":"y","origin":[17,12.3,15.299]},"faces":{"north":{"uv":[0.9,0,15.1,16],"texture":"#5"}}},{"from":[7.9,5,6.9],"to":[9.1,5.2,8.1],"rotation":{"angle":0,"axis":"y","origin":[17,13,16]},"faces":{"north":{"uv":[11,1,14,5],"texture":"#0"},"east":{"uv":[11,1,14,5],"texture":"#0"},"south":{"uv":[11,1,14,5],"texture":"#0"},"west":{"uv":[11,1,14,5],"texture":"#0"},"down":{"uv":[11,1,14,5],"texture":"#0"}}},{"from":[7.9,5.2,6.9],"to":[9.1,6,8.1],"rotation":{"angle":0,"axis":"y","origin":[17,13.2,16]},"faces":{"north":{"uv":[1,1,6,4],"texture":"#2"},"east":{"uv":[1,1,6,4],"texture":"#2"},"south":{"uv":[1,1,6,4],"texture":"#2"},"west":{"uv":[1,1,6,4],"texture":"#2"},"up":{"uv":[1,6,7,12],"texture":"#2"},"down":{"uv":[1,1,6,4],"texture":"#2"}}}],"display":{"thirdperson_righthand":{"rotation":[32,41,-1],"translation":[-2.25,4.25,3]},"thirdperson_lefthand":{"rotation":[32,28,-1],"translation":[0.25,5.25,2.25]},"firstperson_righthand":{"rotation":[-7,-180,-4],"translation":[3.75,13,-6.25],"scale":[2,2,2]},"firstperson_lefthand":{"rotation":[-7,115,0],"translation":[2.25,9.5,0.25]},"ground":{"translation":[-0.5,4.75,0]},"gui":{"rotation":[13,154,1],"translation":[1.75,10.5,0],"scale":[2,2,2]},"head":{"translation":[-0.75,22.25,1.25],"scale":[2,2,2]},"fixed":{"rotation":[-90,0,0],"translation":[-2.25,1.5,-26.75],"scale":[3.5,3.5,3.5]}}}