{"credit":"Made with Blockbench","textures":{"0":"block/orange_stained_glass","2":"block/yellow_concrete_powder","3":"block/barrel_side","4":"block/barrel_top","5":"block/white_concrete_powder","6":"brewery/wheat_beer","7":"brewery/beer_logo","particle":"block/orange_stained_glass"},"elements":[{"from":[2.5,1,13],"to":[10.5,19,13.5],"rotation":{"angle":0,"axis":"y","origin":[6.6,10,12.91667]},"faces":{"north":{"uv":[0,0,16,16],"texture":"#0"},"east":{"uv":[0,0,1,16],"texture":"#0"},"south":{"uv":[0,0,16,16],"texture":"#0"},"west":{"uv":[0,0,1,16],"texture":"#0"}}},{"from":[2.5,1,3.5],"to":[10.5,19,4],"rotation":{"angle":0,"axis":"y","origin":[6.6,10,3.41667]},"faces":{"north":{"uv":[0,0,16,16],"texture":"#0"},"east":{"uv":[0,0,1,16],"texture":"#0"},"south":{"uv":[0,0,16,16],"texture":"#0"},"west":{"uv":[0,0,1,16],"texture":"#0"}}},{"from":[1.5,1,4.5],"to":[2,19,12.5],"rotation":{"angle":0,"axis":"y","origin":[1.75,10,8.5]},"faces":{"north":{"uv":[0,0,1,16],"texture":"#0"},"east":{"uv":[0,0,16,16],"texture":"#0"},"south":{"uv":[0,0,1,16],"texture":"#0"},"west":{"uv":[0,0,16,16],"texture":"#0"}}},{"from":[11,1,4.5],"to":[11.5,19,12.5],"rotation":{"angle":0,"axis":"y","origin":[11.25,10,8.5]},"faces":{"north":{"uv":[0,0,1,16],"texture":"#0"},"east":{"uv":[0,0,16,16],"texture":"#0"},"south":{"uv":[0,0,1,16],"texture":"#0"},"west":{"uv":[0,0,16,16],"texture":"#0"}}},{"from":[10.5,0,4],"to":[11,1,13],"rotation":{"angle":0,"axis":"y","origin":[18,8,11]},"faces":{"north":{"uv":[0,0,1,16],"texture":"#0"},"east":{"uv":[0,0,1,16],"texture":"#0"},"south":{"uv":[0,0,1,16],"texture":"#0"},"west":{"uv":[0,0,1,16],"texture":"#0"},"up":{"uv":[0,0,1,16],"texture":"#0"},"down":{"uv":[0,0,1,16],"texture":"#0"}}},{"from":[2.5,0,3.5],"to":[10.5,1,13.5],"rotation":{"angle":0,"axis":"y","origin":[10,8,11]},"faces":{"north":{"uv":[0,0,1,16],"texture":"#0"},"east":{"uv":[0,0,1,16],"texture":"#0"},"south":{"uv":[0,0,1,16],"texture":"#0"},"west":{"uv":[0,0,1,16],"texture":"#0"},"up":{"uv":[0,0,1,16],"texture":"#0"},"down":{"uv":[0,0,1,16],"texture":"#0"}}},{"from":[2,0,4],"to":[2.5,1,13],"rotation":{"angle":0,"axis":"y","origin":[9.5,8,11]},"faces":{"north":{"uv":[0,0,1,16],"texture":"#0"},"east":{"uv":[0,0,1,16],"texture":"#0"},"south":{"uv":[0,0,1,16],"texture":"#0"},"west":{"uv":[0,0,1,16],"texture":"#0"},"up":{"uv":[0,0,1,16],"texture":"#0"},"down":{"uv":[0,0,1,16],"texture":"#0"}}},{"from":[1.5,0,4.5],"to":[2,1,12.5],"rotation":{"angle":0,"axis":"y","origin":[9,8,11]},"faces":{"north":{"uv":[0,0,1,16],"texture":"#0"},"east":{"uv":[0,0,1,16],"texture":"#0"},"south":{"uv":[0,0,1,16],"texture":"#0"},"west":{"uv":[0,0,1,16],"texture":"#0"},"up":{"uv":[0,0,1,16],"texture":"#0"},"down":{"uv":[0,0,1,16],"texture":"#0"}}},{"from":[11,0,4.5],"to":[11.5,1,12.5],"rotation":{"angle":0,"axis":"y","origin":[18.5,8,11]},"faces":{"north":{"uv":[0,0,1,16],"texture":"#0"},"east":{"uv":[0,0,1,16],"texture":"#0"},"south":{"uv":[0,0,1,16],"texture":"#0"},"west":{"uv":[0,0,1,16],"texture":"#0"},"up":{"uv":[0,0,1,16],"texture":"#0"},"down":{"uv":[0,0,1,16],"texture":"#0"}}},{"from":[10.5,1,12.5],"to":[11,19,13],"rotation":{"angle":0,"axis":"y","origin":[6.5,10,12.91667]},"faces":{"north":{"uv":[0,0,1,16],"texture":"#0"},"east":{"uv":[0,0,1,16],"texture":"#0"},"south":{"uv":[0,0,1,15],"texture":"#0"},"west":{"uv":[0,0,1,16],"texture":"#0"}}},{"from":[2,1,4],"to":[2.5,19,4.5],"rotation":{"angle":0,"axis":"y","origin":[6.5,10,4.41667]},"faces":{"north":{"uv":[0,0,1,16],"texture":"#0"},"east":{"uv":[0,0,1,16],"texture":"#0"},"south":{"uv":[0,0,1,15],"texture":"#0"},"west":{"uv":[0,0,1,16],"texture":"#0"}}},{"from":[10.5,1,4],"to":[11,19,4.5],"rotation":{"angle":0,"axis":"y","origin":[6.5,10,4.41667]},"faces":{"north":{"uv":[0,0,1,16],"texture":"#0"},"east":{"uv":[0,0,1,16],"texture":"#0"},"south":{"uv":[0,0,1,15],"texture":"#0"},"west":{"uv":[0,0,1,16],"texture":"#0"}}},{"from":[2,1,12.5],"to":[2.5,19,13],"rotation":{"angle":0,"axis":"y","origin":[6.5,10,12.91667]},"faces":{"north":{"uv":[0,0,1,16],"texture":"#0"},"east":{"uv":[0,0,1,16],"texture":"#0"},"south":{"uv":[0,0,1,15],"texture":"#0"},"west":{"uv":[0,0,1,16],"texture":"#0"}}},{"from":[10.5,19,4],"to":[11,19.5,13],"rotation":{"angle":0,"axis":"y","origin":[18,27,11]},"faces":{"north":{"uv":[0,0,1,16],"texture":"#0"},"east":{"uv":[0,0,1,16],"texture":"#0"},"south":{"uv":[0,0,1,16],"texture":"#0"},"west":{"uv":[0,0,1,16],"texture":"#0"},"up":{"uv":[0,0,1,16],"texture":"#0"},"down":{"uv":[0,0,1,16],"texture":"#0"}}},{"from":[2.5,19,3.5],"to":[10.5,19.5,13.5],"rotation":{"angle":0,"axis":"y","origin":[10,27,11]},"faces":{"north":{"uv":[0,0,1,16],"texture":"#0"},"east":{"uv":[0,0,1,16],"texture":"#0"},"south":{"uv":[0,0,1,16],"texture":"#0"},"west":{"uv":[0,0,1,16],"texture":"#0"},"up":{"uv":[0,0,1,16],"texture":"#0"},"down":{"uv":[0,0,1,16],"texture":"#0"}}},{"from":[2,19,4],"to":[2.5,19.5,13],"rotation":{"angle":0,"axis":"y","origin":[9.5,27,11]},"faces":{"north":{"uv":[0,0,1,16],"texture":"#0"},"east":{"uv":[0,0,1,16],"texture":"#0"},"south":{"uv":[0,0,1,16],"texture":"#0"},"west":{"uv":[0,0,1,16],"texture":"#0"},"up":{"uv":[0,0,1,16],"texture":"#0"},"down":{"uv":[0,0,1,16],"texture":"#0"}}},{"from":[1.5,19,4.5],"to":[2,19.5,12.5],"rotation":{"angle":0,"axis":"y","origin":[9,27,11]},"faces":{"north":{"uv":[0,0,1,16],"texture":"#0"},"east":{"uv":[0,0,1,16],"texture":"#0"},"south":{"uv":[0,0,1,16],"texture":"#0"},"west":{"uv":[0,0,1,16],"texture":"#0"},"up":{"uv":[0,0,1,16],"texture":"#0"},"down":{"uv":[0,0,1,16],"texture":"#0"}}},{"from":[11,19,4.5],"to":[11.5,19.5,12.5],"rotation":{"angle":0,"axis":"y","origin":[18.5,27,11]},"faces":{"north":{"uv":[0,0,1,16],"texture":"#0"},"east":{"uv":[0,0,1,16],"texture":"#0"},"south":{"uv":[0,0,1,16],"texture":"#0"},"west":{"uv":[0,0,1,16],"texture":"#0"},"up":{"uv":[0,0,1,16],"texture":"#0"},"down":{"uv":[0,0,1,16],"texture":"#0"}}},{"from":[5.65,28.2,7.6],"to":[7.45,30.5,9.4],"rotation":{"angle":0,"axis":"y","origin":[13.8,37.4,16.7]},"faces":{"north":{"uv":[0,0,16,16],"texture":"#3"},"east":{"uv":[0,0,16,16],"texture":"#3"},"south":{"uv":[0,0,16,16],"texture":"#3"},"west":{"uv":[0,0,16,16],"texture":"#3"},"up":{"uv":[8,1,15,8],"texture":"#4"},"down":{"uv":[8,1,15,8],"texture":"#4"}}},{"from":[2.5,19.5,4.5],"to":[10.5,20.5,12.5],"rotation":{"angle":0,"axis":"y","origin":[10,27.5,11]},"faces":{"north":{"uv":[14,1,15,2],"texture":"#0"},"east":{"uv":[14,1,15,2],"texture":"#0"},"south":{"uv":[14,1,15,2],"texture":"#0"},"west":{"uv":[14,1,15,2],"texture":"#0"},"up":{"uv":[14,1,15,2],"texture":"#0"},"down":{"uv":[14,1,15,2],"texture":"#0"}}},{"from":[3.5,20.5,5.5],"to":[9.5,22,11.5],"rotation":{"angle":0,"axis":"y","origin":[10,28.5,13]},"faces":{"north":{"uv":[15,0,16,1],"texture":"#0"},"east":{"uv":[14,1,15,2],"texture":"#0"},"south":{"uv":[15,0,16,1],"texture":"#0"},"west":{"uv":[15,0,16,1],"texture":"#0"},"up":{"uv":[15,0,16,1],"texture":"#0"},"down":{"uv":[15,0,16,1],"texture":"#0"}}},{"from":[5,22,7],"to":[8,29,10],"rotation":{"angle":0,"axis":"y","origin":[11,30,13]},"faces":{"north":{"uv":[14,1,15,2],"texture":"#0"},"east":{"uv":[14,1,15,2],"texture":"#0"},"south":{"uv":[14,1,15,2],"texture":"#0"},"west":{"uv":[14,1,15,2],"texture":"#0"},"up":{"uv":[14,1,15,2],"texture":"#0"},"down":{"uv":[14,1,15,2],"texture":"#0"}}},{"from":[4.8,29,6.8],"to":[8.3,29.7,10.2],"rotation":{"angle":0,"axis":"y","origin":[6.55,29.35,8.5]},"faces":{"north":{"uv":[15,0,16,1],"texture":"#0"},"east":{"uv":[15,0,16,1],"texture":"#0"},"south":{"uv":[15,0,16,1],"texture":"#0"},"west":{"uv":[15,0,16,1],"texture":"#0"},"up":{"uv":[15,0,16,1],"texture":"#0"},"down":{"uv":[15,0,16,1],"texture":"#0"}}},{"from":[10.5,1,4.5],"to":[11,15,12.5],"rotation":{"angle":0,"axis":"y","origin":[10.75,10,8.5]},"faces":{"north":{"uv":[0,0,1,16],"texture":"#2"},"east":{"uv":[0,0,16,16],"texture":"#2"},"south":{"uv":[0,0,1,16],"texture":"#2"},"west":{"uv":[0,0,16,16],"texture":"#2"},"up":{"uv":[8,0,9,16],"texture":"#2"},"down":{"uv":[0,0,1,16],"texture":"#2"}}},{"from":[2,1,4.5],"to":[2.5,15,12.5],"rotation":{"angle":0,"axis":"y","origin":[2.25,10,8.5]},"faces":{"north":{"uv":[0,0,1,16],"texture":"#2"},"east":{"uv":[0,0,16,16],"texture":"#2"},"south":{"uv":[0,0,1,16],"texture":"#2"},"west":{"uv":[0,0,16,16],"texture":"#2"},"up":{"uv":[8,0,9,16],"texture":"#2"},"down":{"uv":[0,0,1,16],"texture":"#2"}}},{"from":[2.5,1,4],"to":[10.5,15,13],"rotation":{"angle":0,"axis":"y","origin":[6.6,10,12.41667]},"faces":{"north":{"uv":[0,0,16,16],"texture":"#2"},"east":{"uv":[0,0,16,16],"texture":"#2"},"south":{"uv":[0,0,16,16],"texture":"#2"},"west":{"uv":[0,0,16,16],"texture":"#2"},"up":{"uv":[0,0,16,16],"texture":"#2"},"down":{"uv":[0,0,16,16],"texture":"#2"}}},{"from":[11.49,8,4.5],"to":[11.69,13,12.5],"rotation":{"angle":0,"axis":"y","origin":[9.05,11,11.05]},"faces":{"north":{"uv":[0,0,16,10],"texture":"#5"},"east":{"uv":[0,0,16,10],"texture":"#5"},"south":{"uv":[0,0,16,10],"texture":"#5"},"west":{"uv":[0,0,16,10],"texture":"#5"},"up":{"uv":[0,0,1,1],"texture":"#5"},"down":{"uv":[0,0,1,1],"texture":"#5"}}},{"from":[2.5,8,3.3],"to":[10.5,13,3.5],"rotation":{"angle":0,"axis":"y","origin":[6.5,11,3.4]},"faces":{"north":{"uv":[0,0,16,10],"texture":"#5"},"east":{"uv":[0,0,1,1],"texture":"#5"},"south":{"uv":[0,0,1,1],"texture":"#5"},"west":{"uv":[0,0,1,1],"texture":"#5"},"up":{"uv":[0,0,1,1],"texture":"#5"},"down":{"uv":[0,0,1,1],"texture":"#5"}}},{"from":[1.3,8,4.5],"to":[1.5,13,12.5],"rotation":{"angle":0,"axis":"y","origin":[8.5,17,12.5]},"faces":{"north":{"uv":[0,0,16,10],"texture":"#5"},"east":{"uv":[0,0,16,10],"texture":"#5"},"south":{"uv":[0,0,16,10],"texture":"#5"},"west":{"uv":[0,0,16,10],"texture":"#5"},"up":{"uv":[0,0,1,1],"texture":"#5"},"down":{"uv":[0,0,1,1],"texture":"#5"}}},{"from":[2.5,8,13.5],"to":[10.5,13,13.7],"rotation":{"angle":0,"axis":"y","origin":[9.05,11,11.05]},"faces":{"north":{"uv":[0,0,16,10],"texture":"#5"},"east":{"uv":[0,0,16,10],"texture":"#5"},"south":{"uv":[0,0,16,10],"texture":"#5"},"west":{"uv":[0,0,16,10],"texture":"#5"},"up":{"uv":[0,0,1,1],"texture":"#5"},"down":{"uv":[0,0,1,1],"texture":"#5"}}},{"from":[1.10503,8,3.8364],"to":[2.80503,13,4.0364],"rotation":{"angle":45,"axis":"y","origin":[2.00503,11,3.9364]},"faces":{"north":{"uv":[0,0,4,12],"texture":"#5"},"east":{"uv":[0,0,4,12],"texture":"#5"},"south":{"uv":[0,0,4,12],"texture":"#5"},"west":{"uv":[0,0,4,12],"texture":"#5"},"up":{"uv":[0,0,1,1],"texture":"#5"},"down":{"uv":[0,0,1,1],"texture":"#5"}}},{"from":[1.1364,8,12.89497],"to":[2.8364,13,13.09497],"rotation":{"angle":-45,"axis":"y","origin":[1.9364,11,12.99497]},"faces":{"north":{"uv":[0,0,4,12],"texture":"#5"},"east":{"uv":[0,0,4,12],"texture":"#5"},"south":{"uv":[0,0,4,12],"texture":"#5"},"west":{"uv":[0,0,4,12],"texture":"#5"},"up":{"uv":[0,0,1,1],"texture":"#5"},"down":{"uv":[0,0,1,1],"texture":"#5"}}},{"from":[10.19289,8,3.83431],"to":[11.89289,13,4.03431],"rotation":{"angle":-45,"axis":"y","origin":[10.99289,11,3.93431]},"faces":{"north":{"uv":[0,0,4,12],"texture":"#5"},"east":{"uv":[0,0,4,12],"texture":"#5"},"south":{"uv":[0,0,4,12],"texture":"#5"},"west":{"uv":[0,0,4,12],"texture":"#5"},"up":{"uv":[0,0,1,1],"texture":"#5"},"down":{"uv":[0,0,1,1],"texture":"#5"}}},{"from":[10.16569,8,12.89289],"to":[11.86569,13,13.09289],"rotation":{"angle":45,"axis":"y","origin":[11.06569,11,12.99289]},"faces":{"north":{"uv":[0,0,4,12],"texture":"#5"},"east":{"uv":[0,0,4,12],"texture":"#5"},"south":{"uv":[0,0,4,12],"texture":"#5"},"west":{"uv":[0,0,4,12],"texture":"#5"},"up":{"uv":[0,0,1,1],"texture":"#5"},"down":{"uv":[0,0,1,1],"texture":"#5"}}},{"from":[2.5,8,3.29],"to":[10.5,13,3.29],"rotation":{"angle":0,"axis":"y","origin":[5.9,11,3.2]},"faces":{"north":{"uv":[0,0,16,16],"texture":"#6"}}},{"from":[11.699,8,4.5],"to":[11.699,13,12.5],"rotation":{"angle":0,"axis":"y","origin":[11.789,11,7.9]},"faces":{"east":{"uv":[0,0,16,16],"texture":"#6"}}},{"from":[1.29,8,4.5],"to":[1.29,13,12.5],"rotation":{"angle":0,"axis":"y","origin":[1.39,11,7.9]},"faces":{"west":{"uv":[0,0,16,16],"texture":"#6"}}},{"from":[2.5,8,13.71],"to":[10.5,13,13.71],"rotation":{"angle":0,"axis":"y","origin":[9.05,11,11.25]},"faces":{"south":{"uv":[0,0,16,16],"texture":"#7"}}}],"display":{"thirdperson_righthand":{"rotation":[41,130,-30],"translation":[-0.75,-0.25,-1.25],"scale":[0.3,0.3,0.3]},"thirdperson_lefthand":{"rotation":[27,129,-4],"translation":[0,-0.5,-0.75],"scale":[0.3,0.3,0.3]},"firstperson_righthand":{"rotation":[-4,7,23],"translation":[2.25,2,0],"scale":[0.3,0.3,0.3]},"firstperson_lefthand":{"rotation":[-4,7,23],"translation":[2.25,1.5,0],"scale":[0.3,0.3,0.3]},"ground":{"translation":[0.25,-1.3,0],"scale":[0.3,0.3,0.3]},"gui":{"rotation":[-9,-30,-11],"translation":[0.25,-3,0],"scale":[0.45,0.45,0.45]},"head":{"translation":[0.5,8.75,0],"scale":[0.4,0.4,0.4]},"fixed":{"rotation":[-90,0,0],"translation":[0.75,-0.75,-7]}},"groups":[{"name":"group","origin":[6.5,10,12.91667],"children":[0,1,2,3]},{"name":"group","origin":[9.5,8,11],"children":[4,5,6,7,8]},{"name":"group","origin":[6.5,10,12.91667],"children":[9,10,11,12]},{"name":"group","origin":[9.5,8,11],"children":[13,14,15,16,17]},{"name":"group","origin":[6.55,29.35,8.5],"children":[18,19,20,21,22]},{"name":"group","origin":[6.6,10,12.41667],"children":[23,24,25]},{"name":"group","origin":[8.5,17,12.5],"children":[26,27,28,29,30,31,32,33]},34,35,36,37]}