{"credit":"Dooraley","textures":{"0":"block/honey_block_bottom","1":"block/brown_concrete_powder","2":"brewery/whiskey_logo","4":"block/black_concrete_powder","5":"block/white_concrete_powder","particle":"block/honey_block_bottom"},"elements":[{"from":[6.9,0,7.9],"to":[10.1,0.5,11.1],"faces":{"north":{"uv":[2,10,11,12],"texture":"#0"},"east":{"uv":[3,5,12,7],"texture":"#0"},"south":{"uv":[1,8,10,10],"texture":"#0"},"west":{"uv":[3,8,12,10],"texture":"#0"},"up":{"uv":[9,4,12.2,7.2],"texture":"#0"},"down":{"uv":[5,7,8.2,10.2],"texture":"#0"}}},{"from":[6.9,5,7.9],"to":[10.1,5.5,11.1],"faces":{"north":{"uv":[2,10,11,12],"texture":"#0"},"east":{"uv":[3,5,12,7],"texture":"#0"},"south":{"uv":[1,8,10,10],"texture":"#0"},"west":{"uv":[3,8,12,10],"texture":"#0"},"up":{"uv":[9,4,12.2,7.2],"texture":"#0"},"down":{"uv":[5,7,8.2,10.2],"texture":"#0"}}},{"from":[7.3,5.5,8.3],"to":[9.7,6,10.7],"faces":{"north":{"uv":[0,4,13,7],"texture":"#0"},"east":{"uv":[0,0,13,3],"texture":"#0"},"south":{"uv":[0,10,13,13],"texture":"#0"},"west":{"uv":[0,13,13,16],"texture":"#0"},"up":{"uv":[4,2,10,8],"texture":"#0"}}},{"from":[7.9,6,8.9],"to":[9.1,6.5,10.1],"faces":{"north":{"uv":[1,2,11,7],"texture":"#0"},"east":{"uv":[2,6,12,11],"texture":"#0"},"south":{"uv":[4,2,14,7],"texture":"#0"},"west":{"uv":[4,9,14,14],"texture":"#0"},"up":{"uv":[7,4,13,10],"texture":"#0"}}},{"from":[7.999,7.1,8.999],"to":[9.001,7.3,10.001],"faces":{"north":{"uv":[1,2,9,3],"texture":"#5"},"east":{"uv":[1,2,9,3],"texture":"#5"},"south":{"uv":[1,2,9,3],"texture":"#5"},"west":{"uv":[1,2,9,3],"texture":"#5"},"up":{"uv":[1,2,9,3],"texture":"#5"},"down":{"uv":[1,2,9,3],"texture":"#5"}}},{"from":[7.9,7.5,8.9],"to":[9.1,8,10.1],"faces":{"north":{"uv":[2,6,12,11],"texture":"#4"},"east":{"uv":[2,6,12,11],"texture":"#4"},"south":{"uv":[2,6,12,11],"texture":"#4"},"west":{"uv":[2,6,12,11],"texture":"#4"},"up":{"uv":[2,6,12,11],"texture":"#4"},"down":{"uv":[2,6,12,11],"texture":"#4"}}},{"from":[8,6.5,9],"to":[9,7.5,10],"faces":{"north":{"uv":[8,8,16,16],"texture":"#4"},"east":{"uv":[8,8,16,16],"texture":"#4"},"south":{"uv":[8,8,16,16],"texture":"#4"},"west":{"uv":[8,8,16,16],"texture":"#4"},"up":{"uv":[8,8,16,16],"texture":"#4"},"down":{"uv":[8,8,16,16],"texture":"#4"}}},{"from":[7,0.5,8],"to":[10,5,11],"faces":{"north":{"uv":[6,6,10,14],"texture":"#0"},"east":{"uv":[7,2,11,10],"texture":"#0"},"south":{"uv":[2,6,6,14],"texture":"#0"},"west":{"uv":[2,1,6,9],"texture":"#0"},"up":{"uv":[6,5,9,8],"texture":"#0"},"down":{"uv":[4,6,7,9],"texture":"#0"}}},{"from":[9.801,0.8,7.999],"to":[10.001,4.7,8],"rotation":{"angle":0,"axis":"y","origin":[0.001,0,0.001]},"faces":{"north":{"uv":[14.72,7.168,15.936,11.696],"texture":"#2"},"east":{"uv":[14.72,7.168,15.936,11.696],"texture":"#2"},"south":{"uv":[14.72,7.168,15.936,11.696],"texture":"#2"},"west":{"uv":[14.72,7.168,15.936,11.696],"texture":"#2"},"up":{"uv":[14.72,7.168,15.936,11.696],"texture":"#2"},"down":{"uv":[14.72,7.168,15.936,11.696],"texture":"#2"}}},{"from":[9.801,0.8,11.001],"to":[10.001,4.7,11.002],"rotation":{"angle":0,"axis":"y","origin":[0.001,0,-0.1]},"faces":{"north":{"uv":[14.72,7.168,15.936,11.696],"texture":"#missing"},"east":{"uv":[14.72,7.168,15.936,11.696],"texture":"#missing"},"south":{"uv":[14.72,7.168,15.936,11.696],"texture":"#2"},"west":{"uv":[14.72,7.168,15.936,11.696],"texture":"#missing"},"up":{"uv":[14.72,7.168,15.936,11.696],"texture":"#missing"},"down":{"uv":[14.72,7.168,15.936,11.696],"texture":"#missing"}}},{"from":[10,0.8,8],"to":[10.001,4.7,11],"faces":{"east":{"uv":[0,0,16,16],"texture":"#2"}}},{"from":[7.3,0.4,8.3],"to":[9.7,4.9,10.6],"faces":{"north":{"uv":[6,0,14,16],"texture":"#1"},"east":{"uv":[1,0,9,16],"texture":"#1"},"south":{"uv":[2,0,10,16],"texture":"#1"},"west":{"uv":[6,0,14,16],"texture":"#1"},"up":{"uv":[0,0,13,12],"texture":"#1"},"down":{"uv":[0,0,13,12],"texture":"#1"}}}],"display":{"thirdperson_righthand":{"rotation":[12,120,0],"translation":[-2.5,4.75,1.75]},"thirdperson_lefthand":{"rotation":[12,120,0],"translation":[-2.5,4.75,1.75],"scale":[-1,1,1]},"firstperson_righthand":{"rotation":[-11,-120,2],"translation":[1.5,9,1.5]},"firstperson_lefthand":{"rotation":[-11,-120,2],"translation":[1.5,9,1.5],"scale":[-1,1,1]},"ground":{"translation":[-0.75,5.5,-1.25]},"gui":{"rotation":[9,-111,6],"translation":[3,6.5,0],"scale":[1.6,1.6,1.6]},"head":{"rotation":[0,90,0],"translation":[-1.75,14.25,0.5]},"fixed":{"rotation":[0,90,-90],"translation":[-3,0.75,-15],"scale":[2,2,2]}}}