{
	"credit": "",
	"textures": {
		"1": "block/red_wool"
	},
	"elements": [
		{
			"from": [0, 0, 1],
			"to": [1, 6, 15],
			"faces": {
				"north": {"uv": [0, 0, 1, 6], "texture": "#1"},
				"east": {"uv": [0, 0, 14, 6], "texture": "#1"},
				"south": {"uv": [0, 0, 1, 6], "texture": "#1"},
				"west": {"uv": [0, 0, 14, 6], "texture": "#1"},
				"up": {"uv": [0, 0, 1, 14], "texture": "#1"},
				"down": {"uv": [0, 0, 1, 14], "texture": "#1"}
			}
		},
		{
			"from": [15, 0, 1],
			"to": [16, 6, 15],
			"faces": {
				"north": {"uv": [0, 0, 1, 6], "texture": "#1"},
				"east": {"uv": [0, 0, 14, 6], "texture": "#1"},
				"south": {"uv": [0, 0, 1, 6], "texture": "#1"},
				"west": {"uv": [0, 0, 14, 6], "texture": "#1"},
				"up": {"uv": [0, 0, 1, 14], "texture": "#1"},
				"down": {"uv": [0, 0, 1, 14], "texture": "#1"}
			}
		},
		{
			"from": [1, 0, 0],
			"to": [15, 6, 1],
			"faces": {
				"north": {"uv": [0, 0, 14, 6], "texture": "#1"},
				"east": {"uv": [0, 0, 1, 6], "texture": "#1"},
				"south": {"uv": [0, 0, 14, 6], "texture": "#1"},
				"west": {"uv": [0, 0, 1, 6], "texture": "#1"},
				"up": {"uv": [0, 0, 14, 1], "texture": "#1"},
				"down": {"uv": [0, 0, 14, 1], "texture": "#1"}
			}
		},
		{
			"from": [1, 0, 15],
			"to": [15, 6, 16],
			"faces": {
				"north": {"uv": [0, 0, 14, 6], "texture": "#1"},
				"east": {"uv": [0, 0, 1, 6], "texture": "#1"},
				"south": {"uv": [0, 0, 14, 6], "texture": "#1"},
				"west": {"uv": [0, 0, 1, 6], "texture": "#1"},
				"up": {"uv": [0, 0, 14, 1], "texture": "#1"},
				"down": {"uv": [0, 0, 14, 1], "texture": "#1"}
			}
		},
		{
			"from": [1, 6, 1],
			"to": [15, 7, 15],
			"faces": {
				"north": {"uv": [0, 0, 14, 1], "texture": "#1"},
				"east": {"uv": [0, 0, 14, 1], "texture": "#1"},
				"south": {"uv": [0, 0, 14, 1], "texture": "#1"},
				"west": {"uv": [0, 0, 14, 1], "texture": "#1"},
				"up": {"uv": [0, 0, 14, 14], "texture": "#1"},
				"down": {"uv": [0, 0, 14, 14], "texture": "#1"}
			}
		},
		{
			"from": [5, 5.2, 15],
			"to": [10, 8, 17.8],
			"faces": {
				"north": {"uv": [0, 0, 5, 2.8], "texture": "#1"},
				"east": {"uv": [0, 0, 2.8, 2.8], "texture": "#1"},
				"south": {"uv": [0, 0, 5, 2.8], "texture": "#1"},
				"west": {"uv": [0, 0, 2.8, 2.8], "texture": "#1"},
				"up": {"uv": [0, 0, 5, 2.8], "texture": "#1"},
				"down": {"uv": [0, 0, 5, 2.8], "texture": "#1"}
			}
		},
		{
			"from": [6, 4, 15.9],
			"to": [9, 6, 17.4],
			"faces": {
				"north": {"uv": [0, 0, 3, 2], "texture": "#1"},
				"east": {"uv": [0, 0, 1.5, 2], "texture": "#1"},
				"south": {"uv": [0, 0, 3, 2], "texture": "#1"},
				"west": {"uv": [0, 0, 1.5, 2], "texture": "#1"},
				"up": {"uv": [0, 0, 3, 1.5], "texture": "#1"},
				"down": {"uv": [0, 0, 3, 1.5], "texture": "#1"}
			}
		},
		{
			"from": [5, -3, 15.6],
			"to": [7.5, 4, 18.1],
			"rotation": {"angle": 0, "axis": "y", "origin": [7, 8, 8]},
			"faces": {
				"north": {"uv": [0, 0, 3, 2], "texture": "#1"},
				"east": {"uv": [0, 0, 2.5, 2], "texture": "#1"},
				"south": {"uv": [0, 0, 3, 2], "texture": "#1"},
				"west": {"uv": [0, 0, 2.5, 2], "texture": "#1"},
				"up": {"uv": [0, 0, 3, 2.5], "texture": "#1"},
				"down": {"uv": [0, 0, 3, 2.5], "texture": "#1"}
			}
		},
		{
			"from": [7.5, -3, 15.6],
			"to": [10, 4, 17.6],
			"rotation": {"angle": 0, "axis": "y", "origin": [9, 8, 8]},
			"faces": {
				"north": {"uv": [0, 0, 3, 2], "texture": "#1"},
				"east": {"uv": [0, 0, 2.5, 2], "texture": "#1"},
				"south": {"uv": [0, 0, 3, 2], "texture": "#1"},
				"west": {"uv": [0, 0, 2.5, 2], "texture": "#1"},
				"up": {"uv": [0, 0, 3, 2.5], "texture": "#1"},
				"down": {"uv": [0, 0, 3, 2.5], "texture": "#1"}
			}
		}
	],
	"display": {
		"thirdperson_righthand": {
			"rotation": [-10, 128, 15],
			"translation": [0, 1, -1.5],
			"scale": [0.31, 0.3, 0.32]
		},
		"thirdperson_lefthand": {
			"rotation": [-10, 128, 15],
			"translation": [-1, 1, -1.5],
			"scale": [0.31, 0.3, 0.32]
		},
		"firstperson_righthand": {
			"rotation": [-10, 128, 15],
			"translation": [3.5, 5, -3.5],
			"scale": [0.47, 0.46, 0.45]
		},
		"firstperson_lefthand": {
			"rotation": [-10, 128, 15],
			"translation": [3.5, 5, -3.5],
			"scale": [0.47, 0.46, 0.45]
		},
		"ground": {
			"translation": [0, 1.25, 0],
			"scale": [0.47, 0.46, 0.45]
		},
		"gui": {
			"rotation": [45, 133, 0],
			"translation": [0, 1.5, 0],
			"scale": [0.61, 0.62, 0.61]
		},
		"head": {
			"translation": [-0.25, 8.5, 0],
			"scale": [0.93, 0.93, 0.93]
		},
		"fixed": {
			"rotation": [-90, 0, 0],
			"translation": [0, 0.5, -7.25]
		}
	}
}