{"credit":"","textures":{"0":"banana/banana","particle":"block/yellow_concrete"},"elements":[{"name":"Cube","from":[6.6,2.2,7],"to":[8.6,7.2,9],"faces":{"north":{"uv":[2.5,5.5,4.5,10.5],"texture":"#0"},"east":{"uv":[2.5,5,4.5,10],"texture":"#0"},"south":{"uv":[3,5,5,10],"texture":"#0"},"west":{"uv":[1,5,3,10],"texture":"#0"},"up":{"uv":[0,0,2,2],"texture":"#0"},"down":{"uv":[0,0,2,2],"texture":"#0"}}},{"name":"Cube","from":[8.6,3.5,7.1],"to":[10.4,6,8.9],"rotation":{"angle":22.5,"axis":"z","origin":[2,0,1]},"faces":{"north":{"uv":[0,0,1.8,2.5],"texture":"#0"},"east":{"uv":[0,0,1.8,2.5],"texture":"#0"},"south":{"uv":[1,6,2.8,8.5],"texture":"#0"},"west":{"uv":[1,0,2.8,2.5],"texture":"#0"},"up":{"uv":[0,0,1.8,1.8],"texture":"#0"},"down":{"uv":[0,0,1.8,1.8],"texture":"#0"}}},{"name":"Cube","from":[8.9,6,7.3],"to":[10.2,7,8.6],"rotation":{"angle":22.5,"axis":"z","origin":[2,0,1]},"faces":{"north":{"uv":[2,7,3.3,8],"texture":"#0"},"east":{"uv":[2,6,3.3,7],"texture":"#0"},"south":{"uv":[0.5,6.5,1.8,7.5],"texture":"#0"},"west":{"uv":[2,4.5,3.3,5.5],"texture":"#0"},"up":{"uv":[5.5,1.5,6.8,2.8],"texture":"#0"},"down":{"uv":[2,6,3.3,7.3],"texture":"#0"}}},{"name":"Cube","from":[5,3,7.1],"to":[6.8,5,8.9],"rotation":{"angle":-22.5,"axis":"z","origin":[2,0,1]},"faces":{"north":{"uv":[0,0,1.8,2],"texture":"#0"},"east":{"uv":[2,6,3.8,8],"texture":"#0"},"south":{"uv":[1,7,2.8,9],"texture":"#0"},"west":{"uv":[2,7,3.8,9],"texture":"#0"},"up":{"uv":[1,6,2.8,7.8],"texture":"#0"},"down":{"uv":[1,7,2.8,8.8],"texture":"#0"}}},{"name":"Cube","from":[5.3,2,7.4],"to":[6.4,3,8.5],"rotation":{"angle":-22.5,"axis":"z","origin":[2,0,1]},"faces":{"north":{"uv":[13,13,14.1,14],"texture":"#0"},"east":{"uv":[12,12,13.1,13],"texture":"#0"},"south":{"uv":[12,11,13.1,12],"texture":"#0"},"west":{"uv":[12,12,13.1,13],"texture":"#0"},"up":{"uv":[13,12,14.1,13.1],"texture":"#0"},"down":{"uv":[14,14,15.1,15.1],"texture":"#0"}}}],"display":{"thirdperson_righthand":{"translation":[0,1.5,-0.25]},"thirdperson_lefthand":{"translation":[0,-3.5,-0.25],"scale":[-1,-1,1]},"firstperson_righthand":{"translation":[5,1.25,0]},"firstperson_lefthand":{"translation":[4.75,-4.5,-0.25],"scale":[-1,-1,1]},"ground":{"translation":[0,4.25,0]},"gui":{"rotation":[12,44.5,0],"translation":[0,4.5,0],"scale":[1.4043,1.4043,1.4043]},"head":{"rotation":[113.25,-90.75,0],"translation":[2.5,-6,-6.5]},"fixed":{"rotation":[0,-90,0],"translation":[0.75,5,0],"scale":[1.5,1.5,1.5]}}}