{"credit":"by Damfler","textures":{"0":"block/yellow_concrete","1":"docs/name_data","2":"docs/files","3":"block/light_gray_concrete","particle":"block/yellow_concrete"},"elements":[{"from":[15.75,4,8],"to":[16,14,11],"rotation":{"angle":0,"axis":"y","origin":[13.8,4.90658,9.41066]},"faces":{"north":{"uv":[0,0,0.25,10],"texture":"#0"},"east":{"uv":[0,0,3,10],"texture":"#0"},"south":{"uv":[0,0,0.25,10],"texture":"#0"},"west":{"uv":[0,0,3,10],"texture":"#0"},"up":{"uv":[0,0,0.25,3],"texture":"#0"},"down":{"uv":[0,0,0.25,3],"texture":"#0"}}},{"from":[15.5,11.75,9.25],"to":[15.75,13.75,9.75],"rotation":{"angle":0,"axis":"y","origin":[13.8,4.90658,9.41066]},"faces":{"north":{"uv":[0,0,0.25,2],"texture":"#3"},"east":{"uv":[0,0,0.5,2],"texture":"#3"},"south":{"uv":[0,0,0.25,2],"texture":"#3"},"west":{"uv":[0,0,0.5,2],"texture":"#3"},"up":{"uv":[0,0,0.25,0.5],"texture":"#3"},"down":{"uv":[0,0,0.25,0.5],"texture":"#3"}}},{"from":[15.5,4.25,9.25],"to":[15.75,6.25,9.75],"rotation":{"angle":0,"axis":"y","origin":[13.8,4.90658,9.41066]},"faces":{"north":{"uv":[0,0,0.25,2],"texture":"#3"},"east":{"uv":[0,0,0.5,2],"texture":"#3"},"south":{"uv":[0,0,0.25,2],"texture":"#3"},"west":{"uv":[0,0,0.5,2],"texture":"#3"},"up":{"uv":[0,0,0.25,0.5],"texture":"#3"},"down":{"uv":[0,0,0.25,0.5],"texture":"#3"}}},{"from":[15.5,0.25,9.25],"to":[15.75,2.25,9.75],"rotation":{"angle":0,"axis":"y","origin":[13.8,4.90658,9.41066]},"faces":{"north":{"uv":[0,0,0.25,2],"texture":"#3"},"east":{"uv":[0,0,0.5,2],"texture":"#3"},"south":{"uv":[0,0,0.25,2],"texture":"#3"},"west":{"uv":[0,0,0.5,2],"texture":"#3"},"up":{"uv":[0,0,0.25,0.5],"texture":"#3"},"down":{"uv":[0,0,0.25,0.5],"texture":"#3"}}},{"from":[15.75,0,8],"to":[16,1,11],"rotation":{"angle":0,"axis":"y","origin":[13.8,4.90658,9.41066]},"faces":{"north":{"uv":[0,0,0.25,1],"texture":"#0"},"east":{"uv":[0,0,3,1],"texture":"#0"},"south":{"uv":[0,0,0.25,1],"texture":"#0"},"west":{"uv":[0,0,3,1],"texture":"#0"},"up":{"uv":[0,0,0.25,3],"texture":"#0"},"down":{"uv":[0,0,0.25,3],"texture":"#0"}}},{"from":[15.75,1,10.25],"to":[16,4,11],"rotation":{"angle":0,"axis":"y","origin":[13.8,4.90658,9.41066]},"faces":{"north":{"uv":[0,0,0.25,3],"texture":"#0"},"east":{"uv":[0,0,0.75,3],"texture":"#0"},"south":{"uv":[0,0,0.25,3],"texture":"#0"},"west":{"uv":[0,0,0.75,3],"texture":"#0"},"up":{"uv":[0,0,0.25,0.75],"texture":"#0"},"down":{"uv":[0,0,0.25,0.75],"texture":"#0"}}},{"from":[15.75,1,8.75],"to":[16,2.55,10.25],"rotation":{"angle":0,"axis":"y","origin":[13.8,4.90658,9.41066]},"faces":{"north":{"uv":[0,0,0.25,1.55],"texture":"#0"},"east":{"uv":[0,0,1.5,1.55],"texture":"#0"},"south":{"uv":[0,0,0.25,1.55],"texture":"#0"},"west":{"uv":[0,0,1.5,1.55],"texture":"#0"},"up":{"uv":[0,0,0.25,1.5],"texture":"#0"},"down":{"uv":[0,0,0.25,1.5],"texture":"#0"}}},{"from":[15.75,2.25907,7.87013],"to":[16,3.00907,8.77013],"rotation":{"angle":-45,"axis":"x","origin":[13.8,4.90658,9.41066]},"faces":{"north":{"uv":[0,0,0.25,0.75],"texture":"#0"},"east":{"uv":[0,0,0.9,0.75],"texture":"#0"},"south":{"uv":[0,0,0.25,0.75],"texture":"#0"},"west":{"uv":[0,0,0.9,0.75],"texture":"#0"},"up":{"uv":[0,0,0.25,0.9],"texture":"#0"},"down":{"uv":[0,0,0.25,0.9],"texture":"#0"}}},{"from":[15.75,4.53204,10.14218],"to":[16,5.28204,11.04218],"rotation":{"angle":45,"axis":"x","origin":[13.8,4.90658,9.41066]},"faces":{"north":{"uv":[0,3,0.25,3.75],"texture":"#0"},"east":{"uv":[0,3,0.9,3.75],"texture":"#0"},"south":{"uv":[0,3,0.25,3.75],"texture":"#0"},"west":{"uv":[0,3,0.9,3.75],"texture":"#0"},"up":{"uv":[0,3.6,0.25,4.5],"texture":"#0"},"down":{"uv":[0,3.6,0.25,4.5],"texture":"#0"}}},{"from":[15.75,3.24902,6.73876],"to":[16,4.09902,7.63876],"rotation":{"angle":-45,"axis":"x","origin":[13.8,4.90658,9.41066]},"faces":{"north":{"uv":[0,0,0.25,0.85],"texture":"#0"},"east":{"uv":[0,0,0.9,0.85],"texture":"#0"},"south":{"uv":[0,0,0.25,0.85],"texture":"#0"},"west":{"uv":[0,0,0.9,0.85],"texture":"#0"},"up":{"uv":[0,0,0.25,0.9],"texture":"#0"},"down":{"uv":[0,0,0.25,0.9],"texture":"#0"}}},{"from":[15.75,3.44209,9.01081],"to":[16,4.29209,9.91081],"rotation":{"angle":45,"axis":"x","origin":[13.8,4.90658,9.41066]},"faces":{"north":{"uv":[0,3,0.25,3.85],"texture":"#0"},"east":{"uv":[0,3,0.9,3.85],"texture":"#0"},"south":{"uv":[0,3,0.25,3.85],"texture":"#0"},"west":{"uv":[0,3,0.9,3.85],"texture":"#0"},"up":{"uv":[0,3.6,0.25,4.5],"texture":"#0"},"down":{"uv":[0,3.6,0.25,4.5],"texture":"#0"}}},{"from":[15.75,1,8],"to":[16,4,8.75],"rotation":{"angle":0,"axis":"y","origin":[13.8,4.90658,9.41066]},"faces":{"north":{"uv":[0,0,0.25,3],"texture":"#0"},"east":{"uv":[0,0,0.75,3],"texture":"#0"},"south":{"uv":[0,0,0.25,3],"texture":"#0"},"west":{"uv":[0,0,0.75,3],"texture":"#0"},"up":{"uv":[0,0,0.25,0.75],"texture":"#0"},"down":{"uv":[0,0,0.25,0.75],"texture":"#0"}}},{"from":[5.75,0,8],"to":[15.75,14,8.25],"rotation":{"angle":0,"axis":"y","origin":[13.8,4.90658,9.41066]},"faces":{"north":{"uv":[0,0,10,14],"texture":"#0"},"east":{"uv":[0,0,0.25,14],"texture":"#0"},"south":{"uv":[0,0,10,14],"texture":"#0"},"west":{"uv":[0,0,0.25,14],"texture":"#0"},"up":{"uv":[0,0,10,0.25],"texture":"#0"},"down":{"uv":[0,0,10,0.25],"texture":"#0"}}},{"from":[5.75,0,10.75],"to":[15.75,14,11],"rotation":{"angle":0,"axis":"y","origin":[13.8,4.90658,9.41066]},"faces":{"north":{"uv":[0,0,10,14],"texture":"#0"},"east":{"uv":[0,0,0.25,14],"texture":"#0"},"south":{"uv":[0,0,10,14],"texture":"#0"},"west":{"uv":[0,0,0.25,14],"texture":"#0"},"up":{"uv":[0,0,10,0.25],"texture":"#0"},"down":{"uv":[0,0,10,0.25],"texture":"#0"}}},{"from":[5.55,0,9.6],"to":[15.55,14,9.65],"rotation":{"angle":0,"axis":"y","origin":[13.8,4.90658,9.41066]},"faces":{"north":{"uv":[0,0,10,14],"texture":"#2"},"east":{"uv":[0,0,0.05,14],"texture":"#2"},"south":{"uv":[0,0,10,14],"rotation":180,"texture":"#2"},"west":{"uv":[7,0,7.05,14],"texture":"#2"},"up":{"uv":[0,0,10,0.05],"rotation":180,"texture":"#2"},"down":{"uv":[0,0,10,0.05],"texture":"#2"}}},{"from":[5.55,0,9.5],"to":[15.55,14,9.55],"rotation":{"angle":0,"axis":"y","origin":[13.8,4.90658,9.41066]},"faces":{"north":{"uv":[0,0,10,14],"texture":"#2"},"east":{"uv":[0,0,0.05,14],"texture":"#2"},"south":{"uv":[0,0,10,14],"rotation":180,"texture":"#2"},"west":{"uv":[7,0,7.05,14],"texture":"#2"},"up":{"uv":[0,0,10,0.05],"rotation":180,"texture":"#2"},"down":{"uv":[0,0,10,0.05],"texture":"#2"}}},{"from":[5.55,0,9.4],"to":[15.55,14,9.45],"rotation":{"angle":0,"axis":"y","origin":[13.8,4.90658,9.41066]},"faces":{"north":{"uv":[0,0,10,14],"texture":"#2"},"east":{"uv":[0,0,0.05,14],"texture":"#2"},"south":{"uv":[0,0,10,14],"rotation":180,"texture":"#2"},"west":{"uv":[7,0,7.05,14],"texture":"#2"},"up":{"uv":[0,0,10,0.05],"rotation":180,"texture":"#2"},"down":{"uv":[0,0,10,0.05],"texture":"#2"}}},{"from":[5.55,0,9.3],"to":[15.55,14,9.35],"rotation":{"angle":0,"axis":"y","origin":[13.8,4.90658,9.41066]},"faces":{"north":{"uv":[0,0,10,14],"texture":"#2"},"east":{"uv":[15,0,15.05,14],"texture":"#2"},"south":{"uv":[0,0,10,14],"rotation":180,"texture":"#2"},"west":{"uv":[7,0,7.05,14],"texture":"#2"},"up":{"uv":[0,0,10,0.05],"rotation":180,"texture":"#2"},"down":{"uv":[0,0,10,0.05],"texture":"#2"}}},{"from":[6.75,1,7.975],"to":[10.75,4,8],"rotation":{"angle":0,"axis":"y","origin":[13.8,4.90658,9.41066]},"faces":{"north":{"uv":[0,4.5,16,16],"texture":"#1"},"east":{"uv":[0,0,16,1],"texture":"#1"},"south":{"uv":[0,0,16,1],"texture":"#1"},"west":{"uv":[0,0,16,1],"texture":"#1"},"up":{"uv":[0,0,16,1],"texture":"#1"},"down":{"uv":[0,0,16,1],"texture":"#1"}}}],"display":{"thirdperson_righthand":{"rotation":[0,-65,0],"translation":[-2,2.25,-4.5],"scale":[0.7,0.7,0.7]},"thirdperson_lefthand":{"rotation":[0,127.5,0],"translation":[-4.25,2.25,-3.5],"scale":[0.7,0.7,0.7]},"firstperson_righthand":{"rotation":[0,-65,0],"translation":[7.75,2.25,-4.5],"scale":[0.7,0.7,0.7]},"firstperson_lefthand":{"rotation":[0,127.5,0],"translation":[4.25,2.25,-3.5],"scale":[0.7,0.7,0.7]},"ground":{"rotation":[70,0,0],"translation":[0,2.75,0]},"gui":{"rotation":[20.75,138.75,0],"translation":[0.75,-0.75,0],"scale":[0.91406,0.91406,0.91406]},"head":{"translation":[-2.75,13.75,2]},"fixed":{"translation":[-4,1.5,-2.5],"scale":[1.5,1.5,1.5]}}}