{"credit":"by Damfler","textures":{"0":"docs/licence"},"elements":[{"from":[3,1.5,7.875],"to":[13,14.5,8.125],"faces":{"north":{"uv":[0,0,10,13],"texture":"#0"},"east":{"uv":[0,0,0.25,13],"texture":"#0"},"south":{"uv":[1,0.5,1.5,1],"texture":"#0"},"west":{"uv":[0,0,0.25,13],"texture":"#0"},"up":{"uv":[0,0,10,0.25],"texture":"#0"},"down":{"uv":[0,12.5,10,12.75],"texture":"#0"}}},{"from":[6.9165,12.17,7.8695],"to":[7.6365,12.35,7.8945],"rotation":{"angle":0,"axis":"y","origin":[8.1525,12.938,7.782]},"faces":{"north":{"uv":[0.1,0,0,0.1],"texture":"#0"},"east":{"uv":[0.1,0,0,0.1],"texture":"#0"},"south":{"uv":[0.1,0,0,0.1],"texture":"#0"},"west":{"uv":[0.1,0,0,0.1],"texture":"#0"},"up":{"uv":[0.1,0,0,0.1],"texture":"#0"},"down":{"uv":[0.1,0,0,0.1],"texture":"#0"}}},{"from":[7.4565,12.35,7.8695],"to":[7.6365,13.79,7.8945],"rotation":{"angle":0,"axis":"y","origin":[8.1525,12.938,7.782]},"faces":{"north":{"uv":[0,0,0,0],"texture":"#0"},"east":{"uv":[0.1,0,0,0.1],"texture":"#0"},"south":{"uv":[0.1,0,0,0.1],"texture":"#0"},"west":{"uv":[0.1,0,0,0.1],"texture":"#0"},"up":{"uv":[0.1,0,0,0.1],"texture":"#0"},"down":{"uv":[0.1,0,0,0.1],"texture":"#0"}}},{"from":[7.9965,13.61,7.8695],"to":[8.5365,13.79,7.8945],"rotation":{"angle":0,"axis":"y","origin":[8.1525,12.938,7.782]},"faces":{"north":{"uv":[0.1,0,0,0.1],"texture":"#0"},"east":{"uv":[0.1,0,0,0.1],"texture":"#0"},"south":{"uv":[0.1,0,0,0.1],"texture":"#0"},"west":{"uv":[0.1,0,0,0.1],"texture":"#0"},"up":{"uv":[0.1,0,0,0.1],"texture":"#0"},"down":{"uv":[0.1,0,0,0.1],"texture":"#0"}}},{"from":[7.8165,12.35,7.8695],"to":[7.9965,12.89,7.8945],"rotation":{"angle":0,"axis":"y","origin":[8.1525,12.938,7.782]},"faces":{"north":{"uv":[0.1,0,0,0.1],"texture":"#0"},"east":{"uv":[0.1,0,0,0.1],"texture":"#0"},"south":{"uv":[0.1,0,0,0.1],"texture":"#0"},"west":{"uv":[0.1,0,0,0.1],"texture":"#0"},"up":{"uv":[0.1,0,0,0.1],"texture":"#0"},"down":{"uv":[0.1,0,0,0.1],"texture":"#0"}}},{"from":[7.94885,12.66647,7.8695],"to":[8.12885,12.92103,7.8945],"rotation":{"angle":-45,"axis":"z","origin":[8.1525,12.938,7.782]},"faces":{"north":{"uv":[0.1,0,0,0.1],"texture":"#0"},"east":{"uv":[0.1,0,0,0.1],"texture":"#0"},"south":{"uv":[0.1,0,0,0.1],"texture":"#0"},"west":{"uv":[0.1,0,0,0.1],"texture":"#0"},"up":{"uv":[0.1,0,0,0.1],"texture":"#0"},"down":{"uv":[0.1,0,0,0.1],"texture":"#0"}}},{"from":[8.78709,12.66647,7.8695],"to":[8.96709,12.92103,7.8945],"rotation":{"angle":-45,"axis":"z","origin":[8.1525,12.938,7.782]},"faces":{"north":{"uv":[0.1,0,0,0.1],"texture":"#0"},"east":{"uv":[0.1,0,0,0.1],"texture":"#0"},"south":{"uv":[0.1,0,0,0.1],"texture":"#0"},"west":{"uv":[0.1,0,0,0.1],"texture":"#0"},"up":{"uv":[0.1,0,0,0.1],"texture":"#0"},"down":{"uv":[0.1,0,0,0.1],"texture":"#0"}}},{"from":[8.27797,13.17559,7.8695],"to":[8.45797,13.43015,7.8945],"rotation":{"angle":-45,"axis":"z","origin":[8.1525,12.938,7.782]},"faces":{"north":{"uv":[0.1,0,0,0.1],"texture":"#0"},"east":{"uv":[0.1,0,0,0.1],"texture":"#0"},"south":{"uv":[0.1,0,0,0.1],"texture":"#0"},"west":{"uv":[0.1,0,0,0.1],"texture":"#0"},"up":{"uv":[0.1,0,0,0.1],"texture":"#0"},"down":{"uv":[0.1,0,0,0.1],"texture":"#0"}}},{"from":[7.43974,13.17559,7.8695],"to":[7.61974,13.43015,7.8945],"rotation":{"angle":-45,"axis":"z","origin":[8.1525,12.938,7.782]},"faces":{"north":{"uv":[0.1,0,0,0.1],"texture":"#0"},"east":{"uv":[0.1,0,0,0.1],"texture":"#0"},"south":{"uv":[0.1,0,0,0.1],"texture":"#0"},"west":{"uv":[0.1,0,0,0.1],"texture":"#0"},"up":{"uv":[0.1,0,0,0.1],"texture":"#0"},"down":{"uv":[0.1,0,0,0.1],"texture":"#0"}}},{"from":[7.82157,13.63198,7.8695],"to":[8.07613,13.81198,7.8945],"rotation":{"angle":-45,"axis":"z","origin":[8.1525,12.938,7.782]},"faces":{"north":{"uv":[0.1,0,0,0.1],"texture":"#0"},"east":{"uv":[0.1,0,0,0.1],"texture":"#0"},"south":{"uv":[0.1,0,0,0.1],"texture":"#0"},"west":{"uv":[0.1,0,0,0.1],"texture":"#0"},"up":{"uv":[0.1,0,0,0.1],"texture":"#0"},"down":{"uv":[0.1,0,0,0.1],"texture":"#0"}}},{"from":[8.33069,12.28463,7.8695],"to":[8.58525,12.46463,7.8945],"rotation":{"angle":-45,"axis":"z","origin":[8.1525,12.938,7.782]},"faces":{"north":{"uv":[0.1,0,0,0.1],"texture":"#0"},"east":{"uv":[0.1,0,0,0.1],"texture":"#0"},"south":{"uv":[0.1,0,0,0.1],"texture":"#0"},"west":{"uv":[0.1,0,0,0.1],"texture":"#0"},"up":{"uv":[0.1,0,0,0.1],"texture":"#0"},"down":{"uv":[0.1,0,0,0.1],"texture":"#0"}}},{"from":[8.5365,12.35,7.8695],"to":[8.7165,12.53,7.8945],"rotation":{"angle":0,"axis":"y","origin":[8.1525,12.938,7.782]},"faces":{"north":{"uv":[0.1,0,0,0.1],"texture":"#0"},"east":{"uv":[0.1,0,0,0.1],"texture":"#0"},"south":{"uv":[0.1,0,0,0.1],"texture":"#0"},"west":{"uv":[0.1,0,0,0.1],"texture":"#0"},"up":{"uv":[0.1,0,0,0.1],"texture":"#0"},"down":{"uv":[0.1,0,0,0.1],"texture":"#0"}}},{"from":[8.5365,13.07,7.8695],"to":[8.7165,13.61,7.8945],"rotation":{"angle":0,"axis":"y","origin":[8.1525,12.938,7.782]},"faces":{"north":{"uv":[0.1,0,0,0.1],"texture":"#0"},"east":{"uv":[0.1,0,0,0.1],"texture":"#0"},"south":{"uv":[0.1,0,0,0.1],"texture":"#0"},"west":{"uv":[0.1,0,0,0.1],"texture":"#0"},"up":{"uv":[0.1,0,0,0.1],"texture":"#0"},"down":{"uv":[0.1,0,0,0.1],"texture":"#0"}}},{"from":[7.8165,13.43,7.8695],"to":[7.9965,13.61,7.8945],"rotation":{"angle":0,"axis":"y","origin":[8.1525,12.938,7.782]},"faces":{"north":{"uv":[0.1,0,0,0.1],"texture":"#0"},"east":{"uv":[0.1,0,0,0.1],"texture":"#0"},"south":{"uv":[0.1,0,0,0.1],"texture":"#0"},"west":{"uv":[0.1,0,0,0.1],"texture":"#0"},"up":{"uv":[0.1,0,0,0.1],"texture":"#0"},"down":{"uv":[0.1,0,0,0.1],"texture":"#0"}}},{"from":[7.9965,12.89,7.8695],"to":[8.5365,13.07,7.8945],"rotation":{"angle":0,"axis":"y","origin":[8.1525,12.938,7.782]},"faces":{"north":{"uv":[0.1,0,0,0.1],"texture":"#0"},"east":{"uv":[0.1,0,0,0.1],"texture":"#0"},"south":{"uv":[0.1,0,0,0.1],"texture":"#0"},"west":{"uv":[0.1,0,0,0.1],"texture":"#0"},"up":{"uv":[0.1,0,0,0.1],"texture":"#0"},"down":{"uv":[0.1,0,0,0.1],"texture":"#0"}}},{"from":[7.9965,12.17,7.8695],"to":[8.5365,12.35,7.8945],"rotation":{"angle":0,"axis":"y","origin":[8.1525,12.938,7.782]},"faces":{"north":{"uv":[0.1,0,0,0.1],"texture":"#0"},"east":{"uv":[0.1,0,0,0.1],"texture":"#0"},"south":{"uv":[0.1,0,0,0.1],"texture":"#0"},"west":{"uv":[0.1,0,0,0.1],"texture":"#0"},"up":{"uv":[0.1,0,0,0.1],"texture":"#0"},"down":{"uv":[0.1,0,0,0.1],"texture":"#0"}}}],"display":{"thirdperson_righthand":{"rotation":[-4,119.5,0],"translation":[-1.25,1.25,-1],"scale":[0.56,0.56,0.56]},"thirdperson_lefthand":{"rotation":[-4,119.5,0],"translation":[-1.25,1.25,-1],"scale":[0.56,0.56,0.56]},"firstperson_righthand":{"rotation":[-4,119.5,0],"translation":[3.25,1.25,-1],"scale":[0.56,0.56,0.56]},"firstperson_lefthand":{"rotation":[-4,119.5,0],"translation":[3.25,1.25,-1],"scale":[0.56,0.56,0.56]},"ground":{"rotation":[66.75,0,0],"translation":[0,-0.25,0],"scale":[0.8,0.8,0.8]},"gui":{"rotation":[30,143,0],"translation":[0,-0.75,0],"scale":[1.03125,1.03125,1.03125]},"head":{"translation":[0,15.5,-0.25]}},"groups":[0,{"name":"group","origin":[14.9,12.3,11.1],"children":[1,2,3,4,5,6,7,8,9,10,11,12,13,14,15]}]}