{
	"credit": "Made with Blockbench",
	"textures": {
		"0": "docs/pereplet",
		"1": "block/brown_concrete",
		"particle": "docs/pereplet"
	},
	"elements": [
		{
			"from": [1, 0, 5],
			"to": [11, 0.5, 11],
			"rotation": {"angle": 0, "axis": "y", "origin": [15, 8, 15]},
			"faces": {
				"north": {"uv": [0, 0, 10, 0.5], "texture": "#1"},
				"east": {"uv": [0, 0, 6, 0.5], "texture": "#1"},
				"south": {"uv": [0, 0, 10, 0.5], "texture": "#1"},
				"west": {"uv": [0, 0, 6, 0.5], "texture": "#1"},
				"up": {"uv": [0, 0, 10, 6], "texture": "#1"},
				"down": {"uv": [0, 0, 10, 6], "texture": "#1"}
			}
		},
		{
			"from": [1, 1.5, 5],
			"to": [11, 2, 11],
			"rotation": {"angle": 0, "axis": "y", "origin": [15, 9.5, 15]},
			"faces": {
				"north": {"uv": [0, 0, 10, 0.5], "texture": "#1"},
				"east": {"uv": [0, 0, 6, 0.5], "texture": "#1"},
				"south": {"uv": [0, 0, 10, 0.5], "texture": "#1"},
				"west": {"uv": [0, 0, 6, 0.5], "texture": "#1"},
				"up": {"uv": [0, 0, 10, 6], "texture": "#1"},
				"down": {"uv": [0, 0, 10, 6], "texture": "#1"}
			}
		},
		{
			"from": [3, 2, 6.5],
			"to": [9, 2.15, 9.5],
			"rotation": {"angle": 0, "axis": "y", "origin": [15, 9.5, 15.5]},
			"faces": {
				"north": {"uv": [0, 0, 8, 0.25], "texture": "#0"},
				"east": {"uv": [0, 0, 4, 0.25], "texture": "#0"},
				"south": {"uv": [0, 0, 8, 0.25], "texture": "#0"},
				"west": {"uv": [0, 0, 4, 0.25], "texture": "#0"},
				"up": {"uv": [0, 0, 5.6, 2.4], "texture": "#0"},
				"down": {"uv": [1.6, 0, 7.2, 2.4], "texture": "#0"}
			}
		},
		{
			"from": [1.25, 0.5, 5.25],
			"to": [11, 1.5, 10.75],
			"rotation": {"angle": 0, "axis": "y", "origin": [15, 8.5, 15]},
			"faces": {
				"north": {"uv": [0.8, 2.4, 7.8, 16], "rotation": 270, "texture": "#0"},
				"east": {"uv": [0, 0, 5.5, 1], "texture": "#0"},
				"south": {"uv": [0.8, 2.4, 7.8, 16], "rotation": 90, "texture": "#0"},
				"west": {"uv": [0.8, 4.8, 7.8, 16], "rotation": 270, "texture": "#0"},
				"up": {"uv": [0, 0, 9.75, 5.5], "texture": "#0"},
				"down": {"uv": [0, 0, 9.75, 5.5], "texture": "#0"}
			}
		},
		{
			"from": [11, 0.5, 5],
			"to": [11.5, 1.5, 11],
			"rotation": {"angle": 0, "axis": "y", "origin": [24.75, 8.5, 15]},
			"faces": {
				"north": {"uv": [0, 0, 0.5, 1], "texture": "#1"},
				"east": {"uv": [0, 0, 6, 1], "texture": "#1"},
				"south": {"uv": [0, 0, 0.5, 1], "texture": "#1"},
				"west": {"uv": [0, 0, 6, 1], "texture": "#1"},
				"up": {"uv": [0, 0, 0.5, 6], "texture": "#1"},
				"down": {"uv": [0, 0, 0.5, 6], "texture": "#1"}
			}
		},
		{
			"from": [10.92678, 1.26256, 5.001],
			"to": [11.42678, 1.96967, 11.001],
			"rotation": {"angle": 45, "axis": "z", "origin": [11.17678, 1.46967, 7.75]},
			"faces": {
				"north": {"uv": [0, 0, 0.5, 0.70711], "texture": "#1"},
				"east": {"uv": [0, 0, 6, 0.70711], "texture": "#1"},
				"south": {"uv": [0, 0, 0.5, 0.70711], "texture": "#1"},
				"west": {"uv": [0, 0, 6, 0.70711], "texture": "#1"},
				"up": {"uv": [0, 0, 0.5, 6], "texture": "#1"},
				"down": {"uv": [0, 0, 0.5, 6], "texture": "#1"}
			}
		},
		{
			"from": [10.71967, 0.11612, 5.001],
			"to": [11.21967, 0.82322, 11.001],
			"rotation": {"angle": -45, "axis": "z", "origin": [10.96967, 0.32322, 7.75]},
			"faces": {
				"north": {"uv": [0, 0, 0.5, 0.70711], "texture": "#1"},
				"east": {"uv": [0, 0, 6, 0.70711], "texture": "#1"},
				"south": {"uv": [0, 0, 0.5, 0.70711], "texture": "#1"},
				"west": {"uv": [0, 0, 6, 0.70711], "texture": "#1"},
				"up": {"uv": [0, 0, 0.5, 6], "texture": "#1"},
				"down": {"uv": [0, 0, 0.5, 6], "texture": "#1"}
			}
		}
	],
	"display": {
		"thirdperson_righthand": {
			"rotation": [81.75, -13.25, 74.75],
			"translation": [-6, 1.5, 0]
		},
		"thirdperson_lefthand": {
			"rotation": [81.75, -13.25, 74.75],
			"translation": [-6, 1.5, 0],
			"scale": [-1, 1, 1]
		},
		"firstperson_righthand": {
			"rotation": [81.75, -13.25, 19.5],
			"translation": [2.75, 3.75, 6.5]
		},
		"firstperson_lefthand": {
			"rotation": [81.75, -13.25, 19.5],
			"translation": [5, 1.75, 6.5],
			"scale": [-1, 1, 1]
		},
		"ground": {
			"translation": [0, 4.5, 0]
		},
		"gui": {
			"rotation": [130.25, 0, 30.25],
			"translation": [-6.75, -5, 0],
			"scale": [-1.30078, 1.30078, 1.30078]
		},
		"head": {
			"rotation": [0, -39.5, 0],
			"translation": [1.25, 13.5, 2.25]
		},
		"fixed": {
			"rotation": [-90, 0, 0],
			"translation": [3.5, 0, -15.25],
			"scale": [2, 2, 2]
		}
	}
}