{
	"credit": "Made with Blockbench",
	"textures": {
		"0": "docs/military_id",
		"1": "docs/pereplet",
		"particle": "docs/military_id"
	},
	"elements": [
		{
			"from": [7, 0, 4],
			"to": [7.2, 10, 11],
			"faces": {
				"north": {"uv": [0, 0, 0.5, 16], "texture": "#0"},
				"east": {"uv": [0, 0, 0.5, 16], "texture": "#0"},
				"south": {"uv": [0, 0, 0.5, 16], "texture": "#0"},
				"west": {"uv": [0, 0, 16, 16], "texture": "#0"},
				"up": {"uv": [0, 0, 0.5, 16], "texture": "#0"},
				"down": {"uv": [0, 0, 0.5, 16], "texture": "#0"}
			}
		},
		{
			"from": [7.06109, 0.001, 3.94749],
			"to": [7.34393, 10.001, 4.14749],
			"rotation": {"angle": 45, "axis": "y", "origin": [7.09393, 5, 4.04749]},
			"faces": {
				"north": {"uv": [0, 0, 0.5, 16], "texture": "#0"},
				"east": {"uv": [0, 0, 0.5, 16], "texture": "#0"},
				"south": {"uv": [0, 0, 0.5, 16], "texture": "#0"},
				"west": {"uv": [0, 0, 0.5, 16], "texture": "#0"},
				"up": {"uv": [0, 0, 0.5, 16], "texture": "#0"},
				"down": {"uv": [0, 0, 0.5, 16], "texture": "#0"}
			}
		},
		{
			"from": [7.61967, 0.001, 3.79393],
			"to": [7.90251, 10.001, 3.99393],
			"rotation": {"angle": -45, "axis": "y", "origin": [7.65251, 5, 3.89393]},
			"faces": {
				"north": {"uv": [0, 0, 0.5, 16], "texture": "#0"},
				"east": {"uv": [0, 0, 0.5, 16], "texture": "#0"},
				"south": {"uv": [0, 0, 0.5, 16], "texture": "#0"},
				"west": {"uv": [0, 0, 0.5, 16], "texture": "#0"},
				"up": {"uv": [0, 0, 0.5, 16], "texture": "#0"},
				"down": {"uv": [0, 0, 0.5, 16], "texture": "#0"}
			}
		},
		{
			"from": [7.2, 0, 3.8],
			"to": [7.7, 10, 4],
			"faces": {
				"north": {"uv": [0, 0, 0.5, 16], "texture": "#0"},
				"east": {"uv": [0, 0, 0.5, 16], "texture": "#0"},
				"south": {"uv": [0, 0, 0.5, 16], "texture": "#0"},
				"west": {"uv": [0, 0, 0.5, 16], "texture": "#0"},
				"up": {"uv": [0, 0, 0.5, 16], "texture": "#0"},
				"down": {"uv": [0, 0, 0.5, 16], "texture": "#0"}
			}
		},
		{
			"from": [7.2, 0.1, 4],
			"to": [7.7, 9.9, 10.9],
			"faces": {
				"north": {"uv": [0, 0, 8.6, 15.8], "texture": "#1"},
				"east": {"uv": [0, 0, 8.6, 15.8], "texture": "#1"},
				"south": {"uv": [0, 4.8, 8.6, 15.8], "texture": "#1"},
				"west": {"uv": [0, 0, 8.6, 15.8], "texture": "#1"},
				"up": {"uv": [0, 2.4, 8.6, 15.8], "texture": "#1"},
				"down": {"uv": [0, 2.4, 8.6, 15.8], "rotation": 180, "texture": "#1"}
			}
		},
		{
			"from": [7.7, 0, 4],
			"to": [7.9, 10, 11],
			"faces": {
				"north": {"uv": [0, 0, 0.5, 16], "texture": "#0"},
				"east": {"uv": [0, 0, 16, 16], "texture": "#0"},
				"south": {"uv": [0, 0, 0.5, 16], "texture": "#0"},
				"west": {"uv": [0, 0, 0.5, 16], "texture": "#0"},
				"up": {"uv": [0, 0, 0.5, 16], "texture": "#0"},
				"down": {"uv": [0, 0, 0.5, 16], "texture": "#0"}
			}
		},
		{
			"from": [6.94, 7.67, 7.734],
			"to": [7.165, 7.85, 8.454],
			"rotation": {"angle": 0, "axis": "y", "origin": [7.0525, 8.438, 7.218]},
			"faces": {
				"north": {"uv": [3.75, 11.5, 3.85, 11.6], "texture": "#0"},
				"east": {"uv": [3.75, 11.5, 3.85, 11.6], "texture": "#0"},
				"south": {"uv": [3.75, 11.5, 3.85, 11.6], "texture": "#0"},
				"west": {"uv": [3.75, 11.5, 3.85, 11.6], "texture": "#0"},
				"up": {"uv": [3.75, 11.5, 3.85, 11.6], "texture": "#0"},
				"down": {"uv": [3.75, 11.5, 3.85, 11.6], "texture": "#0"}
			}
		},
		{
			"from": [6.94, 7.85, 7.734],
			"to": [7.165, 9.29, 7.914],
			"rotation": {"angle": 0, "axis": "y", "origin": [7.0525, 8.438, 7.218]},
			"faces": {
				"north": {"uv": [3.75, 11.5, 3.85, 11.6], "texture": "#0"},
				"east": {"uv": [3.75, 11.5, 3.85, 11.6], "texture": "#0"},
				"south": {"uv": [3.75, 11.5, 3.85, 11.6], "texture": "#0"},
				"west": {"uv": [3.75, 11.5, 3.85, 11.6], "texture": "#0"},
				"up": {"uv": [3.75, 11.5, 3.85, 11.6], "texture": "#0"},
				"down": {"uv": [3.75, 11.5, 3.85, 11.6], "texture": "#0"}
			}
		},
		{
			"from": [6.94, 9.11, 6.834],
			"to": [7.165, 9.29, 7.374],
			"rotation": {"angle": 0, "axis": "y", "origin": [7.0525, 8.438, 7.218]},
			"faces": {
				"north": {"uv": [3.75, 11.5, 3.85, 11.6], "texture": "#0"},
				"east": {"uv": [3.75, 11.5, 3.85, 11.6], "texture": "#0"},
				"south": {"uv": [3.75, 11.5, 3.85, 11.6], "texture": "#0"},
				"west": {"uv": [3.75, 11.5, 3.85, 11.6], "texture": "#0"},
				"up": {"uv": [3.75, 11.5, 3.85, 11.6], "texture": "#0"},
				"down": {"uv": [3.75, 11.5, 3.85, 11.6], "texture": "#0"}
			}
		},
		{
			"from": [6.94, 7.85, 7.374],
			"to": [7.165, 8.39, 7.554],
			"rotation": {"angle": 0, "axis": "y", "origin": [7.0525, 8.438, 7.218]},
			"faces": {
				"north": {"uv": [3.75, 11.5, 3.85, 11.6], "texture": "#0"},
				"east": {"uv": [3.75, 11.5, 3.85, 11.6], "texture": "#0"},
				"south": {"uv": [3.75, 11.5, 3.85, 11.6], "texture": "#0"},
				"west": {"uv": [3.75, 11.5, 3.85, 11.6], "texture": "#0"},
				"up": {"uv": [3.75, 11.5, 3.85, 11.6], "texture": "#0"},
				"down": {"uv": [3.75, 11.5, 3.85, 11.6], "texture": "#0"}
			}
		},
		{
			"from": [6.9401, 8.16647, 7.24165],
			"to": [7.1651, 8.42103, 7.42165],
			"rotation": {"angle": -45, "axis": "x", "origin": [7.0525, 8.438, 7.218]},
			"faces": {
				"north": {"uv": [3.75, 11.5, 3.85, 11.6], "texture": "#0"},
				"east": {"uv": [3.75, 11.5, 3.85, 11.6], "texture": "#0"},
				"south": {"uv": [3.75, 11.5, 3.85, 11.6], "texture": "#0"},
				"west": {"uv": [3.75, 11.5, 3.85, 11.6], "texture": "#0"},
				"up": {"uv": [3.75, 11.5, 3.85, 11.6], "texture": "#0"},
				"down": {"uv": [3.75, 11.5, 3.85, 11.6], "texture": "#0"}
			}
		},
		{
			"from": [6.9401, 8.16647, 6.40341],
			"to": [7.1651, 8.42103, 6.58341],
			"rotation": {"angle": -45, "axis": "x", "origin": [7.0525, 8.438, 7.218]},
			"faces": {
				"north": {"uv": [3.75, 11.5, 3.85, 11.6], "texture": "#0"},
				"east": {"uv": [3.75, 11.5, 3.85, 11.6], "texture": "#0"},
				"south": {"uv": [3.75, 11.5, 3.85, 11.6], "texture": "#0"},
				"west": {"uv": [3.75, 11.5, 3.85, 11.6], "texture": "#0"},
				"up": {"uv": [3.75, 11.5, 3.85, 11.6], "texture": "#0"},
				"down": {"uv": [3.75, 11.5, 3.85, 11.6], "texture": "#0"}
			}
		},
		{
			"from": [6.9401, 8.67559, 6.91253],
			"to": [7.1651, 8.93015, 7.09253],
			"rotation": {"angle": -45, "axis": "x", "origin": [7.0525, 8.438, 7.218]},
			"faces": {
				"north": {"uv": [3.75, 11.5, 3.85, 11.6], "texture": "#0"},
				"east": {"uv": [3.75, 11.5, 3.85, 11.6], "texture": "#0"},
				"south": {"uv": [3.75, 11.5, 3.85, 11.6], "texture": "#0"},
				"west": {"uv": [3.75, 11.5, 3.85, 11.6], "texture": "#0"},
				"up": {"uv": [3.75, 11.5, 3.85, 11.6], "texture": "#0"},
				"down": {"uv": [3.75, 11.5, 3.85, 11.6], "texture": "#0"}
			}
		},
		{
			"from": [6.9401, 8.67559, 7.75076],
			"to": [7.1651, 8.93015, 7.93076],
			"rotation": {"angle": -45, "axis": "x", "origin": [7.0525, 8.438, 7.218]},
			"faces": {
				"north": {"uv": [3.75, 11.5, 3.85, 11.6], "texture": "#0"},
				"east": {"uv": [3.75, 11.5, 3.85, 11.6], "texture": "#0"},
				"south": {"uv": [3.75, 11.5, 3.85, 11.6], "texture": "#0"},
				"west": {"uv": [3.75, 11.5, 3.85, 11.6], "texture": "#0"},
				"up": {"uv": [3.75, 11.5, 3.85, 11.6], "texture": "#0"},
				"down": {"uv": [3.75, 11.5, 3.85, 11.6], "texture": "#0"}
			}
		},
		{
			"from": [6.9401, 9.13198, 7.29437],
			"to": [7.1651, 9.31198, 7.54893],
			"rotation": {"angle": -45, "axis": "x", "origin": [7.0525, 8.438, 7.218]},
			"faces": {
				"north": {"uv": [3.75, 11.5, 3.85, 11.6], "texture": "#0"},
				"east": {"uv": [3.75, 11.5, 3.85, 11.6], "texture": "#0"},
				"south": {"uv": [3.75, 11.5, 3.85, 11.6], "texture": "#0"},
				"west": {"uv": [3.75, 11.5, 3.85, 11.6], "rotation": 270, "texture": "#0"},
				"up": {"uv": [3.75, 11.5, 3.85, 11.6], "texture": "#0"},
				"down": {"uv": [3.75, 11.5, 3.85, 11.6], "texture": "#0"}
			}
		},
		{
			"from": [6.9401, 7.78463, 6.78525],
			"to": [7.1651, 7.96463, 7.03981],
			"rotation": {"angle": -45, "axis": "x", "origin": [7.0525, 8.438, 7.218]},
			"faces": {
				"north": {"uv": [3.75, 11.5, 3.85, 11.6], "texture": "#0"},
				"east": {"uv": [3.75, 11.5, 3.85, 11.6], "texture": "#0"},
				"south": {"uv": [3.75, 11.5, 3.85, 11.6], "texture": "#0"},
				"west": {"uv": [3.75, 11.5, 3.85, 11.6], "rotation": 270, "texture": "#0"},
				"up": {"uv": [3.75, 11.5, 3.85, 11.6], "texture": "#0"},
				"down": {"uv": [3.75, 11.5, 3.85, 11.6], "texture": "#0"}
			}
		},
		{
			"from": [6.94, 7.85, 6.654],
			"to": [7.165, 8.03, 6.834],
			"rotation": {"angle": 0, "axis": "y", "origin": [7.0525, 8.438, 7.218]},
			"faces": {
				"north": {"uv": [3.75, 11.5, 3.85, 11.6], "texture": "#0"},
				"east": {"uv": [3.75, 11.5, 3.85, 11.6], "texture": "#0"},
				"south": {"uv": [3.75, 11.5, 3.85, 11.6], "texture": "#0"},
				"west": {"uv": [3.75, 11.5, 3.85, 11.6], "texture": "#0"},
				"up": {"uv": [3.75, 11.5, 3.85, 11.6], "texture": "#0"},
				"down": {"uv": [3.75, 11.5, 3.85, 11.6], "texture": "#0"}
			}
		},
		{
			"from": [6.94, 8.57, 6.654],
			"to": [7.165, 9.11, 6.834],
			"rotation": {"angle": 0, "axis": "y", "origin": [7.0525, 8.438, 7.218]},
			"faces": {
				"north": {"uv": [3.75, 11.5, 3.85, 11.6], "texture": "#0"},
				"east": {"uv": [3.75, 11.5, 3.85, 11.6], "texture": "#0"},
				"south": {"uv": [3.75, 11.5, 3.85, 11.6], "texture": "#0"},
				"west": {"uv": [3.75, 11.5, 3.85, 11.6], "texture": "#0"},
				"up": {"uv": [3.75, 11.5, 3.85, 11.6], "texture": "#0"},
				"down": {"uv": [3.75, 11.5, 3.85, 11.6], "texture": "#0"}
			}
		},
		{
			"from": [6.94, 8.93, 7.374],
			"to": [7.165, 9.11, 7.554],
			"rotation": {"angle": 0, "axis": "y", "origin": [7.0525, 8.438, 7.218]},
			"faces": {
				"north": {"uv": [3.75, 11.5, 3.85, 11.6], "texture": "#0"},
				"east": {"uv": [3.75, 11.5, 3.85, 11.6], "texture": "#0"},
				"south": {"uv": [3.75, 11.5, 3.85, 11.6], "texture": "#0"},
				"west": {"uv": [3.75, 11.5, 3.85, 11.6], "texture": "#0"},
				"up": {"uv": [3.75, 11.5, 3.85, 11.6], "texture": "#0"},
				"down": {"uv": [3.75, 11.5, 3.85, 11.6], "texture": "#0"}
			}
		},
		{
			"from": [6.94, 8.39, 6.834],
			"to": [7.165, 8.57, 7.374],
			"rotation": {"angle": 0, "axis": "y", "origin": [7.0525, 8.438, 7.218]},
			"faces": {
				"north": {"uv": [3.75, 11.5, 3.85, 11.6], "texture": "#0"},
				"east": {"uv": [3.75, 11.5, 3.85, 11.6], "texture": "#0"},
				"south": {"uv": [3.75, 11.5, 3.85, 11.6], "texture": "#0"},
				"west": {"uv": [3.75, 11.5, 3.85, 11.6], "texture": "#0"},
				"up": {"uv": [3.75, 11.5, 3.85, 11.6], "texture": "#0"},
				"down": {"uv": [3.75, 11.5, 3.85, 11.6], "texture": "#0"}
			}
		},
		{
			"from": [6.94, 7.67, 6.834],
			"to": [7.165, 7.85, 7.374],
			"rotation": {"angle": 0, "axis": "y", "origin": [7.0525, 8.438, 7.218]},
			"faces": {
				"north": {"uv": [3.75, 11.5, 3.85, 11.6], "texture": "#0"},
				"east": {"uv": [3.75, 11.5, 3.85, 11.6], "texture": "#0"},
				"south": {"uv": [3.75, 11.5, 3.85, 11.6], "texture": "#0"},
				"west": {"uv": [3.75, 11.5, 3.85, 11.6], "texture": "#0"},
				"up": {"uv": [3.75, 11.5, 3.85, 11.6], "texture": "#0"},
				"down": {"uv": [3.75, 11.5, 3.85, 11.6], "texture": "#0"}
			}
		},
		{
			"from": [7.74, 7.67, 6.546],
			"to": [7.965, 7.85, 7.266],
			"rotation": {"angle": 0, "axis": "y", "origin": [7.8525, 8.438, 7.782]},
			"faces": {
				"north": {"uv": [3.85, 11.5, 3.75, 11.6], "texture": "#0"},
				"east": {"uv": [3.85, 11.5, 3.75, 11.6], "texture": "#0"},
				"south": {"uv": [3.85, 11.5, 3.75, 11.6], "texture": "#0"},
				"west": {"uv": [3.85, 11.5, 3.75, 11.6], "texture": "#0"},
				"up": {"uv": [3.75, 11.6, 3.85, 11.5], "texture": "#0"},
				"down": {"uv": [3.75, 11.6, 3.85, 11.5], "texture": "#0"}
			}
		},
		{
			"from": [7.74, 7.85, 7.086],
			"to": [7.965, 9.29, 7.266],
			"rotation": {"angle": 0, "axis": "y", "origin": [7.8525, 8.438, 7.782]},
			"faces": {
				"north": {"uv": [3.85, 11.5, 3.75, 11.6], "texture": "#0"},
				"east": {"uv": [3.85, 11.5, 3.75, 11.6], "texture": "#0"},
				"south": {"uv": [3.85, 11.5, 3.75, 11.6], "texture": "#0"},
				"west": {"uv": [3.85, 11.5, 3.75, 11.6], "texture": "#0"},
				"up": {"uv": [3.75, 11.6, 3.85, 11.5], "texture": "#0"},
				"down": {"uv": [3.75, 11.6, 3.85, 11.5], "texture": "#0"}
			}
		},
		{
			"from": [7.74, 9.11, 7.626],
			"to": [7.965, 9.29, 8.166],
			"rotation": {"angle": 0, "axis": "y", "origin": [7.8525, 8.438, 7.782]},
			"faces": {
				"north": {"uv": [3.85, 11.5, 3.75, 11.6], "texture": "#0"},
				"east": {"uv": [3.85, 11.5, 3.75, 11.6], "texture": "#0"},
				"south": {"uv": [3.85, 11.5, 3.75, 11.6], "texture": "#0"},
				"west": {"uv": [3.85, 11.5, 3.75, 11.6], "texture": "#0"},
				"up": {"uv": [3.75, 11.6, 3.85, 11.5], "texture": "#0"},
				"down": {"uv": [3.75, 11.6, 3.85, 11.5], "texture": "#0"}
			}
		},
		{
			"from": [7.74, 7.85, 7.446],
			"to": [7.965, 8.39, 7.626],
			"rotation": {"angle": 0, "axis": "y", "origin": [7.8525, 8.438, 7.782]},
			"faces": {
				"north": {"uv": [3.85, 11.5, 3.75, 11.6], "texture": "#0"},
				"east": {"uv": [3.85, 11.5, 3.75, 11.6], "texture": "#0"},
				"south": {"uv": [3.85, 11.5, 3.75, 11.6], "texture": "#0"},
				"west": {"uv": [3.85, 11.5, 3.75, 11.6], "texture": "#0"},
				"up": {"uv": [3.75, 11.6, 3.85, 11.5], "texture": "#0"},
				"down": {"uv": [3.75, 11.6, 3.85, 11.5], "texture": "#0"}
			}
		},
		{
			"from": [7.7401, 8.16647, 7.57835],
			"to": [7.9651, 8.42103, 7.75835],
			"rotation": {"angle": 45, "axis": "x", "origin": [7.8525, 8.438, 7.782]},
			"faces": {
				"north": {"uv": [3.85, 11.5, 3.75, 11.6], "texture": "#0"},
				"east": {"uv": [3.85, 11.5, 3.75, 11.6], "texture": "#0"},
				"south": {"uv": [3.85, 11.5, 3.75, 11.6], "texture": "#0"},
				"west": {"uv": [3.85, 11.5, 3.75, 11.6], "texture": "#0"},
				"up": {"uv": [3.75, 11.6, 3.85, 11.5], "texture": "#0"},
				"down": {"uv": [3.75, 11.6, 3.85, 11.5], "texture": "#0"}
			}
		},
		{
			"from": [7.7401, 8.16647, 8.41659],
			"to": [7.9651, 8.42103, 8.59659],
			"rotation": {"angle": 45, "axis": "x", "origin": [7.8525, 8.438, 7.782]},
			"faces": {
				"north": {"uv": [3.85, 11.5, 3.75, 11.6], "texture": "#0"},
				"east": {"uv": [3.85, 11.5, 3.75, 11.6], "texture": "#0"},
				"south": {"uv": [3.85, 11.5, 3.75, 11.6], "texture": "#0"},
				"west": {"uv": [3.85, 11.5, 3.75, 11.6], "texture": "#0"},
				"up": {"uv": [3.75, 11.6, 3.85, 11.5], "texture": "#0"},
				"down": {"uv": [3.75, 11.6, 3.85, 11.5], "texture": "#0"}
			}
		},
		{
			"from": [7.7401, 8.67559, 7.90747],
			"to": [7.9651, 8.93015, 8.08747],
			"rotation": {"angle": 45, "axis": "x", "origin": [7.8525, 8.438, 7.782]},
			"faces": {
				"north": {"uv": [3.85, 11.5, 3.75, 11.6], "texture": "#0"},
				"east": {"uv": [3.85, 11.5, 3.75, 11.6], "texture": "#0"},
				"south": {"uv": [3.85, 11.5, 3.75, 11.6], "texture": "#0"},
				"west": {"uv": [3.85, 11.5, 3.75, 11.6], "texture": "#0"},
				"up": {"uv": [3.75, 11.6, 3.85, 11.5], "texture": "#0"},
				"down": {"uv": [3.75, 11.6, 3.85, 11.5], "texture": "#0"}
			}
		},
		{
			"from": [7.7401, 8.67559, 7.06924],
			"to": [7.9651, 8.93015, 7.24924],
			"rotation": {"angle": 45, "axis": "x", "origin": [7.8525, 8.438, 7.782]},
			"faces": {
				"north": {"uv": [3.85, 11.5, 3.75, 11.6], "texture": "#0"},
				"east": {"uv": [3.85, 11.5, 3.75, 11.6], "texture": "#0"},
				"south": {"uv": [3.85, 11.5, 3.75, 11.6], "texture": "#0"},
				"west": {"uv": [3.85, 11.5, 3.75, 11.6], "texture": "#0"},
				"up": {"uv": [3.75, 11.6, 3.85, 11.5], "texture": "#0"},
				"down": {"uv": [3.75, 11.6, 3.85, 11.5], "texture": "#0"}
			}
		},
		{
			"from": [7.7401, 9.13198, 7.45107],
			"to": [7.9651, 9.31198, 7.70563],
			"rotation": {"angle": 45, "axis": "x", "origin": [7.8525, 8.438, 7.782]},
			"faces": {
				"north": {"uv": [3.85, 11.5, 3.75, 11.6], "texture": "#0"},
				"east": {"uv": [3.85, 11.5, 3.75, 11.6], "texture": "#0"},
				"south": {"uv": [3.85, 11.5, 3.75, 11.6], "texture": "#0"},
				"west": {"uv": [3.75, 11.6, 3.85, 11.5], "rotation": 270, "texture": "#0"},
				"up": {"uv": [3.75, 11.6, 3.85, 11.5], "texture": "#0"},
				"down": {"uv": [3.75, 11.6, 3.85, 11.5], "texture": "#0"}
			}
		},
		{
			"from": [7.7401, 7.78463, 7.96019],
			"to": [7.9651, 7.96463, 8.21475],
			"rotation": {"angle": 45, "axis": "x", "origin": [7.8525, 8.438, 7.782]},
			"faces": {
				"north": {"uv": [3.85, 11.5, 3.75, 11.6], "texture": "#0"},
				"east": {"uv": [3.85, 11.5, 3.75, 11.6], "texture": "#0"},
				"south": {"uv": [3.85, 11.5, 3.75, 11.6], "texture": "#0"},
				"west": {"uv": [3.75, 11.6, 3.85, 11.5], "rotation": 270, "texture": "#0"},
				"up": {"uv": [3.75, 11.6, 3.85, 11.5], "texture": "#0"},
				"down": {"uv": [3.75, 11.6, 3.85, 11.5], "texture": "#0"}
			}
		},
		{
			"from": [7.74, 7.85, 8.166],
			"to": [7.965, 8.03, 8.346],
			"rotation": {"angle": 0, "axis": "y", "origin": [7.8525, 8.438, 7.782]},
			"faces": {
				"north": {"uv": [3.85, 11.5, 3.75, 11.6], "texture": "#0"},
				"east": {"uv": [3.85, 11.5, 3.75, 11.6], "texture": "#0"},
				"south": {"uv": [3.85, 11.5, 3.75, 11.6], "texture": "#0"},
				"west": {"uv": [3.85, 11.5, 3.75, 11.6], "texture": "#0"},
				"up": {"uv": [3.75, 11.6, 3.85, 11.5], "texture": "#0"},
				"down": {"uv": [3.75, 11.6, 3.85, 11.5], "texture": "#0"}
			}
		},
		{
			"from": [7.74, 8.57, 8.166],
			"to": [7.965, 9.11, 8.346],
			"rotation": {"angle": 0, "axis": "y", "origin": [7.8525, 8.438, 7.782]},
			"faces": {
				"north": {"uv": [3.85, 11.5, 3.75, 11.6], "texture": "#0"},
				"east": {"uv": [3.85, 11.5, 3.75, 11.6], "texture": "#0"},
				"south": {"uv": [3.85, 11.5, 3.75, 11.6], "texture": "#0"},
				"west": {"uv": [3.85, 11.5, 3.75, 11.6], "texture": "#0"},
				"up": {"uv": [3.75, 11.6, 3.85, 11.5], "texture": "#0"},
				"down": {"uv": [3.75, 11.6, 3.85, 11.5], "texture": "#0"}
			}
		},
		{
			"from": [7.74, 8.93, 7.446],
			"to": [7.965, 9.11, 7.626],
			"rotation": {"angle": 0, "axis": "y", "origin": [7.8525, 8.438, 7.782]},
			"faces": {
				"north": {"uv": [3.85, 11.5, 3.75, 11.6], "texture": "#0"},
				"east": {"uv": [3.85, 11.5, 3.75, 11.6], "texture": "#0"},
				"south": {"uv": [3.85, 11.5, 3.75, 11.6], "texture": "#0"},
				"west": {"uv": [3.85, 11.5, 3.75, 11.6], "texture": "#0"},
				"up": {"uv": [3.75, 11.6, 3.85, 11.5], "texture": "#0"},
				"down": {"uv": [3.75, 11.6, 3.85, 11.5], "texture": "#0"}
			}
		},
		{
			"from": [7.74, 8.39, 7.626],
			"to": [7.965, 8.57, 8.166],
			"rotation": {"angle": 0, "axis": "y", "origin": [7.8525, 8.438, 7.782]},
			"faces": {
				"north": {"uv": [3.85, 11.5, 3.75, 11.6], "texture": "#0"},
				"east": {"uv": [3.85, 11.5, 3.75, 11.6], "texture": "#0"},
				"south": {"uv": [3.85, 11.5, 3.75, 11.6], "texture": "#0"},
				"west": {"uv": [3.85, 11.5, 3.75, 11.6], "texture": "#0"},
				"up": {"uv": [3.75, 11.6, 3.85, 11.5], "texture": "#0"},
				"down": {"uv": [3.75, 11.6, 3.85, 11.5], "texture": "#0"}
			}
		},
		{
			"from": [7.74, 7.67, 7.626],
			"to": [7.965, 7.85, 8.166],
			"rotation": {"angle": 0, "axis": "y", "origin": [7.8525, 8.438, 7.782]},
			"faces": {
				"north": {"uv": [3.85, 11.5, 3.75, 11.6], "texture": "#0"},
				"east": {"uv": [3.85, 11.5, 3.75, 11.6], "texture": "#0"},
				"south": {"uv": [3.85, 11.5, 3.75, 11.6], "texture": "#0"},
				"west": {"uv": [3.85, 11.5, 3.75, 11.6], "texture": "#0"},
				"up": {"uv": [3.75, 11.6, 3.85, 11.5], "texture": "#0"},
				"down": {"uv": [3.75, 11.6, 3.85, 11.5], "texture": "#0"}
			}
		}
	],
	"display": {
		"thirdperson_righthand": {
			"rotation": [-4, 49, 0],
			"translation": [-1.25, 3, -0.75],
			"scale": [0.56, 0.56, 0.56]
		},
		"thirdperson_lefthand": {
			"rotation": [-4, 49, 0],
			"translation": [-1.25, 1.75, -0.75],
			"scale": [-0.56, 0.56, -0.56]
		},
		"firstperson_righthand": {
			"translation": [1.75, 3.75, 0],
			"scale": [0.73, 0.73, 0.73]
		},
		"firstperson_lefthand": {
			"translation": [1.5, 3.75, 0],
			"scale": [0.73, 0.73, 0.73]
		},
		"ground": {
			"rotation": [0, 0, 90],
			"translation": [-1.75, 0.5, 0],
			"scale": [0.59, 0.59, 0.59]
		},
		"gui": {
			"rotation": [31, 55, 1],
			"translation": [0.5, 2.75, 0],
			"scale": [1.16, 1.16, 1.16]
		},
		"head": {
			"rotation": [0, -86.5, 0],
			"translation": [0, 18.25, 0]
		},
		"fixed": {
			"rotation": [0, -90, 0],
			"translation": [-0.5, 3.5, 0],
			"scale": [1.21, 1.21, 1.21]
		}
	},
	"groups": [0, 1, 2, 3, 4, 5,
		{
			"name": "group",
			"origin": [14.9, 12.3, 11.1],
			"children": [6, 7, 8, 9, 10, 11, 12, 13, 14, 15, 16, 17, 18, 19, 20]
		},
		{
			"name": "group",
			"origin": [14.9, 12.3, 11.1],
			"children": [
				{
					"name": "group",
					"origin": [14.9, 12.3, 11.1],
					"children": []
				}
			]
		},
		{
			"name": "group",
			"origin": [14.9, 12.3, 11.1],
			"children": [21, 22, 23, 24, 25, 26, 27, 28, 29, 30, 31, 32, 33, 34, 35]
		}
	]
}