{
	"credit": "Made with Blockbench",
	"textures": {
		"1": "block/redstone_block",
		"2": "block/white_concrete_powder",
		"3": "block/yellow_shulker_box",
		"4": "block/white_concrete",
		"6": "block/gray_concrete_powder",
		"7": "block/black_concrete_powder",
		"8": "docs/multipass",
		"9": "docs/multipass_front",
		"particle": "block/gray_concrete_powder"
	},
	"elements": [
		{
			"from": [12, 0, -0.5],
			"to": [14, 1, 4.1],
			"rotation": {"angle": 0, "axis": "y", "origin": [21.05, 7.9, 8]},
			"faces": {
				"north": {"uv": [0.1, 0.1, 5.9, 1.9], "texture": "#7"},
				"east": {"uv": [0.1, 0.1, 14.9, 1.9], "texture": "#7"},
				"south": {"uv": [0.1, 0.1, 5.9, 1.9], "texture": "#7"},
				"west": {"uv": [0.1, 0.1, 15.9, 1.9], "texture": "#7"},
				"up": {"uv": [0.1, 0.1, 5.9, 15.9], "texture": "#7"},
				"down": {"uv": [0.1, 0.1, 5.9, 15.9], "texture": "#7"}
			}
		},
		{
			"from": [8, 0, 1],
			"to": [12, 1, 2],
			"rotation": {"angle": 0, "axis": "y", "origin": [19, 8, 9]},
			"faces": {
				"north": {"uv": [0.1, 0.1, 10.9, 2.9], "texture": "#7"},
				"south": {"uv": [0.1, 0.1, 10.9, 2.9], "texture": "#7"},
				"up": {"uv": [0.1, 0.1, 10.9, 2.9], "texture": "#7"},
				"down": {"uv": [0.1, 0.1, 10.9, 2.9], "texture": "#7"}
			}
		},
		{
			"from": [5.6, -0.1, 0.3],
			"to": [8, 1.1, 2.7],
			"rotation": {"angle": -45, "axis": "y", "origin": [6.8, 0.6, 1.5]},
			"faces": {
				"north": {"uv": [0.1, 0.1, 6.9, 2.9], "texture": "#7"},
				"east": {"uv": [0.1, 0.1, 6.9, 2.9], "texture": "#7"},
				"south": {"uv": [0.1, 0.1, 6.9, 2.9], "texture": "#7"},
				"west": {"uv": [0.1, 0.1, 6.9, 2.9], "texture": "#7"},
				"up": {"uv": [0.1, 0.1, 6.9, 6.9], "texture": "#7"},
				"down": {"uv": [0.1, 0.1, 6.9, 6.9], "texture": "#7"}
			}
		},
		{
			"from": [6.2, -0.2, 0.9],
			"to": [7.4, 1.2, 2.1],
			"rotation": {"angle": -45, "axis": "y", "origin": [6.8, 0.5, 1.5]},
			"faces": {
				"north": {"uv": [0.1, 0.1, 15.9, 15.9], "texture": "#3"},
				"east": {"uv": [0.1, 0.1, 15.9, 15.9], "texture": "#3"},
				"south": {"uv": [0.1, 0.1, 15.9, 15.9], "texture": "#3"},
				"west": {"uv": [0.1, 0.1, 15.9, 15.9], "texture": "#3"},
				"up": {"uv": [0.1, 0.1, 15.9, 15.9], "texture": "#3"},
				"down": {"uv": [0.1, 0.1, 15.9, 15.9], "texture": "#3"}
			}
		},
		{
			"from": [7, 0.3, 0.1],
			"to": [12, 0.7, 0.5],
			"rotation": {"angle": 0, "axis": "y", "origin": [19, 8.3, 8.1]},
			"faces": {
				"north": {"uv": [5.1, 4.1, 7.9, 5.9], "texture": "#1"},
				"south": {"uv": [5.1, 4.1, 7.9, 5.9], "texture": "#1"},
				"up": {"uv": [5.1, 4.1, 7.9, 5.9], "texture": "#1"},
				"down": {"uv": [5.1, 4.1, 7.9, 5.9], "texture": "#1"}
			}
		},
		{
			"from": [14, 0.3, -0.1],
			"to": [14.6, 0.7, 4.1],
			"rotation": {"angle": 0, "axis": "y", "origin": [22, 8, 7.9]},
			"faces": {
				"east": {"uv": [0.1, 0.1, 15.9, 0.9], "texture": "#7"},
				"south": {"uv": [0.1, 0.1, 1.9, 15.9], "texture": "#7"},
				"up": {"uv": [0.1, 0.1, 1.9, 15.9], "texture": "#7"},
				"down": {"uv": [0.1, 0.1, 1.9, 15.9], "texture": "#7"}
			}
		},
		{
			"from": [14, 0.4, 4.1],
			"to": [14.4, 0.6, 9.1],
			"rotation": {"angle": 0, "axis": "y", "origin": [22, 8, 12.5]},
			"faces": {
				"east": {"uv": [0.1, 0.1, 15.9, 0.1], "texture": "#7"},
				"south": {"uv": [0.1, 0.1, 2.9, 1.9], "texture": "#7"},
				"up": {"uv": [0.1, 0.1, 1.9, 15.9], "texture": "#7"},
				"down": {"uv": [0.1, 0.1, 1.9, 15.9], "texture": "#7"}
			}
		},
		{
			"from": [13.82717, 0.301, -0.23384],
			"to": [14.52717, 0.701, 0.26616],
			"rotation": {"angle": -22.5, "axis": "y", "origin": [14.22717, 0.5, 0.01616]},
			"faces": {
				"north": {"uv": [0.1, 0.1, 4.9, 1.9], "texture": "#7"},
				"up": {"uv": [0.1, 0.1, 1.9, 15.9], "texture": "#7"},
				"down": {"uv": [0.1, 0.1, 1.9, 15.9], "texture": "#7"}
			}
		},
		{
			"from": [13, -0.101, 0.8],
			"to": [13.4, 1.099, 1.2],
			"rotation": {"angle": 45, "axis": "y", "origin": [13.5, 0.5, 1.3]},
			"faces": {
				"north": {"uv": [0.032, 0.032, 1.968, 1.968], "rotation": 90, "texture": "#6"},
				"east": {"uv": [0.032, 0.032, 1.968, 1.968], "rotation": 90, "texture": "#6"},
				"west": {"uv": [0.032, 0.032, 1.968, 1.968], "rotation": 90, "texture": "#6"},
				"up": {"uv": [0.032, 0.032, 1.968, 1.968], "rotation": 90, "texture": "#6"},
				"down": {"uv": [0.032, 0.032, 1.968, 1.968], "rotation": 90, "texture": "#6"}
			}
		},
		{
			"from": [13, -0.1, -0.4],
			"to": [13.4, 1.1, 0],
			"rotation": {"angle": 45, "axis": "y", "origin": [13.5, 0.5, 0.1]},
			"faces": {
				"north": {"uv": [0.032, 0.032, 15.968, 15.968], "rotation": 90, "texture": "#2"},
				"east": {"uv": [0.032, 0.032, 15.968, 15.968], "rotation": 90, "texture": "#2"},
				"south": {"uv": [0.032, 0.032, 15.968, 15.968], "rotation": 90, "texture": "#2"},
				"west": {"uv": [0.032, 0.032, 15.968, 15.968], "rotation": 90, "texture": "#2"},
				"up": {"uv": [0.032, 0.032, 15.968, 15.968], "rotation": 90, "texture": "#2"},
				"down": {"uv": [0.032, 0.032, 15.968, 15.968], "rotation": 90, "texture": "#2"}
			}
		},
		{
			"from": [12.79358, -0.1, 1.3],
			"to": [13.35858, 1.1, 4.05],
			"rotation": {"angle": 0, "axis": "y", "origin": [13.39358, 0.5, 1.8]},
			"faces": {
				"east": {"uv": [0.1, 0.1, 7.9, 1.9], "rotation": 90, "texture": "#6"},
				"south": {"uv": [0.1, 0.1, 7.9, 1.9], "rotation": 90, "texture": "#6"},
				"west": {"uv": [0.1, 0.1, 7.9, 1.9], "rotation": 90, "texture": "#6"},
				"up": {"uv": [0.1, 0.1, 7.9, 1.9], "rotation": 90, "texture": "#6"},
				"down": {"uv": [0.1, 0.1, 7.9, 1.9], "rotation": 90, "texture": "#6"}
			}
		},
		{
			"from": [6.8, 0.3, 2],
			"to": [12, 0.7, 3.2],
			"rotation": {"angle": 0, "axis": "y", "origin": [19, 8, 10]},
			"faces": {
				"south": {"uv": [0.1, 0.1, 14.9, 2.9], "texture": "#6"},
				"up": {"uv": [0.1, 0.1, 14.9, 2.9], "texture": "#6"},
				"down": {"uv": [0.1, 0.1, 14.9, 2.9], "texture": "#6"}
			}
		},
		{
			"from": [11.7, 0.2, 1.75],
			"to": [11.9, 0.8, 3.25],
			"rotation": {"angle": 0, "axis": "y", "origin": [18.1, 8, 9.75]},
			"faces": {
				"east": {"uv": [0.1, 0.1, 1.9, 15.9], "texture": "#7"},
				"south": {"uv": [0.1, 0.1, 1.9, 15.9], "texture": "#7"},
				"west": {"uv": [0.1, 0.1, 1.9, 15.9], "texture": "#7"},
				"up": {"uv": [0.1, 0.1, 1.9, 15.9], "texture": "#7"},
				"down": {"uv": [0.1, 0.1, 1.9, 15.9], "texture": "#7"}
			}
		},
		{
			"from": [11.4, 0.2, 1.75],
			"to": [11.6, 0.8, 3.25],
			"rotation": {"angle": 0, "axis": "y", "origin": [17.8, 8, 9.75]},
			"faces": {
				"east": {"uv": [0.1, 0.1, 1.9, 15.9], "texture": "#7"},
				"south": {"uv": [0.1, 0.1, 1.9, 15.9], "texture": "#7"},
				"west": {"uv": [0.1, 0.1, 1.9, 15.9], "texture": "#7"},
				"up": {"uv": [0.1, 0.1, 1.9, 15.9], "texture": "#7"},
				"down": {"uv": [0.1, 0.1, 1.9, 15.9], "texture": "#7"}
			}
		},
		{
			"from": [11.1, 0.2, 1.75],
			"to": [11.3, 0.8, 3.25],
			"rotation": {"angle": 0, "axis": "y", "origin": [17.5, 8, 9.75]},
			"faces": {
				"east": {"uv": [0.1, 0.1, 1.9, 15.9], "texture": "#7"},
				"south": {"uv": [0.1, 0.1, 1.9, 15.9], "texture": "#7"},
				"west": {"uv": [0.1, 0.1, 1.9, 15.9], "texture": "#7"},
				"up": {"uv": [0.1, 0.1, 1.9, 15.9], "texture": "#7"},
				"down": {"uv": [0.1, 0.1, 1.9, 15.9], "texture": "#7"}
			}
		},
		{
			"from": [10.8, 0.2, 1.75],
			"to": [11, 0.8, 3.25],
			"rotation": {"angle": 0, "axis": "y", "origin": [17.2, 8, 9.75]},
			"faces": {
				"east": {"uv": [0.1, 0.1, 1.9, 15.9], "texture": "#7"},
				"south": {"uv": [0.1, 0.1, 1.9, 15.9], "texture": "#7"},
				"west": {"uv": [0.1, 0.1, 1.9, 15.9], "texture": "#7"},
				"up": {"uv": [0.1, 0.1, 1.9, 15.9], "texture": "#7"},
				"down": {"uv": [0.1, 0.1, 1.9, 15.9], "texture": "#7"}
			}
		},
		{
			"from": [10.5, 0.2, 1.75],
			"to": [10.7, 0.8, 3.25],
			"rotation": {"angle": 0, "axis": "y", "origin": [16.9, 8, 9.75]},
			"faces": {
				"east": {"uv": [0.1, 0.1, 1.9, 15.9], "texture": "#7"},
				"south": {"uv": [0.1, 0.1, 1.9, 15.9], "texture": "#7"},
				"west": {"uv": [0.1, 0.1, 1.9, 15.9], "texture": "#7"},
				"up": {"uv": [0.1, 0.1, 1.9, 15.9], "texture": "#7"},
				"down": {"uv": [0.1, 0.1, 1.9, 15.9], "texture": "#7"}
			}
		},
		{
			"from": [10.2, 0.2, 1.75],
			"to": [10.4, 0.8, 3.25],
			"rotation": {"angle": 0, "axis": "y", "origin": [16.6, 8, 9.75]},
			"faces": {
				"east": {"uv": [0.1, 0.1, 1.9, 15.9], "texture": "#7"},
				"south": {"uv": [0.1, 0.1, 1.9, 15.9], "texture": "#7"},
				"west": {"uv": [0.1, 0.1, 1.9, 15.9], "texture": "#7"},
				"up": {"uv": [0.1, 0.1, 1.9, 15.9], "texture": "#7"},
				"down": {"uv": [0.1, 0.1, 1.9, 15.9], "texture": "#7"}
			}
		},
		{
			"from": [9.9, 0.2, 1.75],
			"to": [10.1, 0.8, 3.25],
			"rotation": {"angle": 0, "axis": "y", "origin": [16.3, 8, 9.75]},
			"faces": {
				"east": {"uv": [0.1, 0.1, 1.9, 15.9], "texture": "#7"},
				"south": {"uv": [0.1, 0.1, 1.9, 15.9], "texture": "#7"},
				"west": {"uv": [0.1, 0.1, 1.9, 15.9], "texture": "#7"},
				"up": {"uv": [0.1, 0.1, 1.9, 15.9], "texture": "#7"},
				"down": {"uv": [0.1, 0.1, 1.9, 15.9], "texture": "#7"}
			}
		},
		{
			"from": [9.6, 0.2, 1.75],
			"to": [9.8, 0.8, 3.25],
			"rotation": {"angle": 0, "axis": "y", "origin": [16, 8, 9.75]},
			"faces": {
				"east": {"uv": [0.1, 0.1, 1.9, 15.9], "texture": "#7"},
				"south": {"uv": [0.1, 0.1, 1.9, 15.9], "texture": "#7"},
				"west": {"uv": [0.1, 0.1, 1.9, 15.9], "texture": "#7"},
				"up": {"uv": [0.1, 0.1, 1.9, 15.9], "texture": "#7"},
				"down": {"uv": [0.1, 0.1, 1.9, 15.9], "texture": "#7"}
			}
		},
		{
			"from": [9.3, 0.2, 1.75],
			"to": [9.5, 0.8, 3.25],
			"rotation": {"angle": 0, "axis": "y", "origin": [15.7, 8, 9.75]},
			"faces": {
				"east": {"uv": [0.1, 0.1, 1.9, 15.9], "texture": "#7"},
				"south": {"uv": [0.1, 0.1, 1.9, 15.9], "texture": "#7"},
				"west": {"uv": [0.1, 0.1, 1.9, 15.9], "texture": "#7"},
				"up": {"uv": [0.1, 0.1, 1.9, 15.9], "texture": "#7"},
				"down": {"uv": [0.1, 0.1, 1.9, 15.9], "texture": "#7"}
			}
		},
		{
			"from": [9, 0.2, 1.75],
			"to": [9.2, 0.8, 3.25],
			"rotation": {"angle": 0, "axis": "y", "origin": [15.4, 8, 9.75]},
			"faces": {
				"east": {"uv": [0.1, 0.1, 1.9, 15.9], "texture": "#7"},
				"south": {"uv": [0.1, 0.1, 1.9, 15.9], "texture": "#7"},
				"west": {"uv": [0.1, 0.1, 1.9, 15.9], "texture": "#7"},
				"up": {"uv": [0.1, 0.1, 1.9, 15.9], "texture": "#7"},
				"down": {"uv": [0.1, 0.1, 1.9, 15.9], "texture": "#7"}
			}
		},
		{
			"from": [8.7, 0.2, 1.75],
			"to": [8.9, 0.8, 3.25],
			"rotation": {"angle": 0, "axis": "y", "origin": [15.1, 8, 9.75]},
			"faces": {
				"east": {"uv": [0.1, 0.1, 1.9, 15.9], "texture": "#7"},
				"south": {"uv": [0.1, 0.1, 1.9, 15.9], "texture": "#7"},
				"west": {"uv": [0.1, 0.1, 1.9, 15.9], "texture": "#7"},
				"up": {"uv": [0.1, 0.1, 1.9, 15.9], "texture": "#7"},
				"down": {"uv": [0.1, 0.1, 1.9, 15.9], "texture": "#7"}
			}
		},
		{
			"from": [8.4, 0.2, 1.75],
			"to": [8.6, 0.8, 3.25],
			"rotation": {"angle": 0, "axis": "y", "origin": [14.8, 8, 9.75]},
			"faces": {
				"east": {"uv": [0.1, 0.1, 1.9, 15.9], "texture": "#7"},
				"south": {"uv": [0.1, 0.1, 1.9, 15.9], "texture": "#7"},
				"west": {"uv": [0.1, 0.1, 1.9, 15.9], "texture": "#7"},
				"up": {"uv": [0.1, 0.1, 1.9, 15.9], "texture": "#7"},
				"down": {"uv": [0.1, 0.1, 1.9, 15.9], "texture": "#7"}
			}
		},
		{
			"from": [8.1, 0.2, 1.75],
			"to": [8.3, 0.8, 3.25],
			"rotation": {"angle": 0, "axis": "y", "origin": [14.5, 8, 9.75]},
			"faces": {
				"east": {"uv": [0.1, 0.1, 1.9, 15.9], "texture": "#7"},
				"south": {"uv": [0.1, 0.1, 1.9, 15.9], "texture": "#7"},
				"west": {"uv": [0.1, 0.1, 1.9, 15.9], "texture": "#7"},
				"up": {"uv": [0.1, 0.1, 1.9, 15.9], "texture": "#7"},
				"down": {"uv": [0.1, 0.1, 1.9, 15.9], "texture": "#7"}
			}
		},
		{
			"from": [7.8, 0.2, 1.75],
			"to": [8, 0.8, 3.25],
			"rotation": {"angle": 0, "axis": "y", "origin": [14.2, 8, 9.75]},
			"faces": {
				"east": {"uv": [0.1, 0.1, 1.9, 15.9], "texture": "#7"},
				"south": {"uv": [0.1, 0.1, 1.9, 15.9], "texture": "#7"},
				"west": {"uv": [0.1, 0.1, 1.9, 15.9], "texture": "#7"},
				"up": {"uv": [0.1, 0.1, 1.9, 15.9], "texture": "#7"},
				"down": {"uv": [0.1, 0.1, 1.9, 15.9], "texture": "#7"}
			}
		},
		{
			"from": [7.5, 0.2, 1.75],
			"to": [7.7, 0.8, 3.25],
			"rotation": {"angle": 0, "axis": "y", "origin": [13.9, 8, 9.75]},
			"faces": {
				"east": {"uv": [0.1, 0.1, 1.9, 15.9], "texture": "#7"},
				"south": {"uv": [0.1, 0.1, 1.9, 15.9], "texture": "#7"},
				"west": {"uv": [0.1, 0.1, 1.9, 15.9], "texture": "#7"},
				"up": {"uv": [0.1, 0.1, 1.9, 15.9], "texture": "#7"},
				"down": {"uv": [0.1, 0.1, 1.9, 15.9], "texture": "#7"}
			}
		},
		{
			"from": [7.2, 0.2, 1.75],
			"to": [7.4, 0.8, 3.25],
			"rotation": {"angle": 0, "axis": "y", "origin": [13.6, 8, 9.75]},
			"faces": {
				"east": {"uv": [0.1, 0.1, 1.9, 15.9], "texture": "#7"},
				"south": {"uv": [0.1, 0.1, 1.9, 15.9], "texture": "#7"},
				"west": {"uv": [0.1, 0.1, 1.9, 15.9], "texture": "#7"},
				"up": {"uv": [0.1, 0.1, 1.9, 15.9], "texture": "#7"},
				"down": {"uv": [0.1, 0.1, 1.9, 15.9], "texture": "#7"}
			}
		},
		{
			"from": [13.3, 0, 4.1],
			"to": [14, 1, 12],
			"rotation": {"angle": 0, "axis": "y", "origin": [21, 8, 13]},
			"faces": {
				"east": {"uv": [0.1, 0.1, 15.9, 1.9], "texture": "#7"},
				"south": {"uv": [0.1, 0.1, 1.9, 1.9], "texture": "#7"},
				"west": {"uv": [0.1, 0.1, 15.9, 1.9], "texture": "#7"},
				"up": {"uv": [0.1, 0.1, 1.9, 15.9], "texture": "#7"},
				"down": {"uv": [0.1, 0.1, 1.9, 15.9], "texture": "#7"}
			}
		},
		{
			"from": [5.79858, 0, 4.94142],
			"to": [6.49858, 1, 12.04142],
			"rotation": {"angle": 0, "axis": "y", "origin": [13.49858, 8, 12.94142]},
			"faces": {
				"east": {"uv": [0.1, 0.1, 14.9, 1.9], "texture": "#7"},
				"south": {"uv": [0.1, 0.1, 1.9, 2.9], "texture": "#7"},
				"west": {"uv": [0.1, 0.1, 14.9, 1.9], "texture": "#7"},
				"up": {"uv": [0.1, 0.1, 1.9, 12.9], "texture": "#7"},
				"down": {"uv": [0.1, 0.1, 1.9, 12.9], "texture": "#7"}
			}
		},
		{
			"from": [5.39858, 0.3, 4.94142],
			"to": [5.79858, 0.7, 8.74142],
			"rotation": {"angle": 0, "axis": "y", "origin": [13.09858, 8, 12.94142]},
			"faces": {
				"west": {"uv": [0.1, 0.1, 11.9, 0.9], "texture": "#7"},
				"up": {"uv": [12.1, 0.1, 13.9, 6.9], "texture": "#7"},
				"down": {"uv": [12.1, 0.1, 13.9, 6.9], "texture": "#7"}
			}
		},
		{
			"from": [5.48142, 0.301, 8.54142],
			"to": [6.08142, 0.701, 8.94142],
			"rotation": {"angle": -45, "axis": "y", "origin": [5.68142, 0.5, 8.74142]},
			"faces": {
				"south": {"uv": [0.1, 0.1, 0.9, 0.9], "rotation": 270, "texture": "#7"},
				"up": {"uv": [0.1, 0.1, 0.9, 0.9], "rotation": 270, "texture": "#7"},
				"down": {"uv": [0.1, 0.1, 0.9, 0.9], "rotation": 270, "texture": "#7"}
			}
		},
		{
			"from": [6.28995, 0.1, 0.8],
			"to": [8.48995, 0.9, 3.6],
			"rotation": {"angle": -45, "axis": "y", "origin": [7.78995, 0.5, 1.5]},
			"faces": {
				"north": {"uv": [0.1, 0.1, 1.9, 2.9], "texture": "#7"},
				"east": {"uv": [0.1, 0.1, 4.9, 6.9], "texture": "#7"},
				"south": {"uv": [0.1, 0.1, 3.9, 4.9], "texture": "#7"},
				"west": {"uv": [0.1, 0.1, 1.9, 2.9], "texture": "#7"},
				"up": {"uv": [0.1, 0.1, 4.9, 6.9], "texture": "#7"},
				"down": {"uv": [0.1, 0.1, 4.9, 6.9], "texture": "#7"}
			}
		},
		{
			"from": [5.4, 0, 2],
			"to": [6.9, 1, 4.8],
			"rotation": {"angle": 0, "axis": "y", "origin": [13.9, 8, 10]},
			"faces": {
				"north": {"uv": [0.1, 0.1, 4.9, 7.9], "texture": "#7"},
				"east": {"uv": [0.1, 0.1, 7.9, 2.9], "texture": "#7"},
				"west": {"uv": [0.1, 0.1, 7.9, 2.9], "texture": "#7"},
				"up": {"uv": [0.1, 0.1, 4.9, 7.9], "texture": "#7"},
				"down": {"uv": [0.1, 0.1, 4.9, 7.9], "texture": "#7"}
			}
		},
		{
			"from": [5.39858, 0, 4.74142],
			"to": [6.75858, 0.999, 4.94142],
			"rotation": {"angle": 0, "axis": "y", "origin": [13.89858, 8, 10.14142]},
			"faces": {
				"north": {"uv": [0.032, 0.032, 1.968, 1.968], "texture": "#missing"},
				"south": {"uv": [0.1, 0.1, 4.9, 3.9], "texture": "#7"},
				"west": {"uv": [0.1, 0.1, 0.1, 2.9], "texture": "#7"},
				"up": {"uv": [0.1, 0.1, 4.9, 0.9], "texture": "#7"},
				"down": {"uv": [0.1, 0.1, 4.9, 0.9], "texture": "#7"}
			}
		},
		{
			"from": [6.65858, 0.001, 4.7],
			"to": [6.85858, 1.001, 4.9],
			"rotation": {"angle": -45, "axis": "y", "origin": [6.75858, 0.5, 4.8]},
			"faces": {
				"east": {"uv": [0.1, 0.1, 1.9, 1.9], "texture": "#7"},
				"up": {"uv": [0.1, 0.1, 0.2, 0.2], "texture": "#7"},
				"down": {"uv": [0.032, 0.032, 0.232, 0.232], "texture": "#7"}
			}
		},
		{
			"from": [5.3, 0, 2],
			"to": [5.4, 1, 3.3],
			"rotation": {"angle": 0, "axis": "y", "origin": [12.8, 8, 9.9]},
			"faces": {
				"north": {"uv": [0.032, 0.032, 1.968, 1.968], "texture": "#6"},
				"south": {"uv": [0.032, 0.032, 1.968, 1.968], "texture": "#6"},
				"west": {"uv": [0.1, 0.1, 3.9, 3.9], "texture": "#6"},
				"up": {"uv": [0.032, 0.032, 1.968, 1.968], "texture": "#6"},
				"down": {"uv": [0.032, 0.032, 1.968, 1.968], "texture": "#6"}
			}
		},
		{
			"from": [5.5, -0.1, 3.6],
			"to": [6.8, 1.1, 4.4],
			"rotation": {"angle": 0, "axis": "y", "origin": [13.7, 8, 11.6]},
			"faces": {
				"north": {"uv": [0.1, 0.1, 6.9, 4.9], "texture": "#6"},
				"east": {"uv": [0.1, 0.1, 6.9, 4.9], "texture": "#6"},
				"south": {"uv": [0.1, 0.1, 6.9, 4.9], "texture": "#6"},
				"west": {"uv": [0.1, 0.1, 6.9, 4.9], "texture": "#6"},
				"up": {"uv": [0.1, 0.1, 6.9, 4.9], "texture": "#6"},
				"down": {"uv": [0.1, 0.1, 6.9, 4.9], "texture": "#6"}
			}
		},
		{
			"from": [5.6, -0.2, 3.7],
			"to": [6.7, 1.2, 4.3],
			"rotation": {"angle": 0, "axis": "y", "origin": [13.7, 8.1, 11.6]},
			"faces": {
				"north": {"uv": [0.032, 0.032, 14.968, 15.968], "texture": "#2"},
				"east": {"uv": [0.032, 0.032, 14.968, 15.968], "texture": "#2"},
				"south": {"uv": [0.032, 0.032, 14.968, 15.968], "texture": "#2"},
				"west": {"uv": [0.032, 0.032, 14.968, 15.968], "texture": "#2"},
				"up": {"uv": [0.032, 0.032, 14.968, 15.968], "texture": "#2"},
				"down": {"uv": [0.032, 0.032, 14.968, 15.968], "texture": "#2"}
			}
		},
		{
			"from": [5.5, -0.1, 4.6],
			"to": [6.5, 1.1, 4.8],
			"rotation": {"angle": 0, "axis": "y", "origin": [13.6, 8.1, 12.1]},
			"faces": {
				"north": {"uv": [5.032, 4.032, 7.968, 5.968], "texture": "#1"},
				"east": {"uv": [5.032, 4.032, 7.968, 5.968], "texture": "#1"},
				"south": {"uv": [5.032, 4.032, 7.968, 5.968], "texture": "#1"},
				"west": {"uv": [5.032, 4.032, 7.968, 5.968], "texture": "#1"},
				"up": {"uv": [5.032, 4.032, 7.968, 5.968], "texture": "#1"},
				"down": {"uv": [5.032, 4.032, 7.968, 5.968], "texture": "#1"}
			}
		},
		{
			"from": [6.5, 0.5, 3.1],
			"to": [13.3, 0.6, 11.8],
			"rotation": {"angle": 0, "axis": "y", "origin": [20.3, 8, 19]},
			"faces": {
				"south": {"uv": [0.032, 0.032, 6.8, 8.7], "texture": "#4"},
				"west": {"uv": [0.032, 0.032, 6.8, 8.7], "texture": "#4"},
				"up": {"uv": [0.00014, 0.00014, 15.99986, 15.99986], "rotation": 90, "texture": "#9"},
				"down": {"uv": [0.00014, 0.00014, 15.99986, 15.99986], "rotation": 90, "texture": "#8"}
			}
		}
	],
	"display": {
		"thirdperson_righthand": {
			"rotation": [-38, -101, -6.75],
			"translation": [-5.25, 2.75, -0.75],
			"scale": [0.5, 0.5, 0.5]
		},
		"thirdperson_lefthand": {
			"rotation": [-6, 83, -24],
			"translation": [-5.25, -3.25, 2.75],
			"scale": [0.5, -0.5, -0.5]
		},
		"firstperson_righthand": {
			"rotation": [27, 78, 44],
			"translation": [0.75, -0.5, -9.25],
			"scale": [1, -1, -1]
		},
		"firstperson_lefthand": {
			"rotation": [27, 78, 44],
			"translation": [-1.75, 4.5, 5],
			"scale": [-1, 1, -1]
		},
		"ground": {
			"translation": [-1.5, 4.25, 2.5]
		},
		"gui": {
			"rotation": [0, 68, 67],
			"translation": [-1.25, 2, 0],
			"scale": [1.2, 1.2, 1.2]
		},
		"head": {
			"rotation": [0, -90, 0],
			"translation": [-2.25, 14.5, -1.75]
		},
		"fixed": {
			"rotation": [-90, -90, 0],
			"translation": [-2.75, -2.25, -11],
			"scale": [1.4, 1.4, 1.4]
		}
	},
	"groups": [0, 1, 2, 3, 4, 5, 6, 7, 8, 9, 10, 11,
		{
			"name": "group",
			"origin": [19, 8, 10],
			"children": [12, 13, 14, 15, 16, 17, 18, 19, 20, 21, 22, 23, 24, 25, 26, 27]
		}, 28, 29, 30, 31, 32, 33, 34, 35, 36, 37, 38, 39, 40]
}