{"credit":"","textures":{"0":"docs/visa","1":"docs/visa_back","particle":"docs/visa"},"elements":[{"from":[0,0,0],"to":[12.8,0.1,7.2],"faces":{"north":{"uv":[0,0,16,0.14173],"rotation":180,"texture":"#0"},"east":{"uv":[0,0,0.07874,16],"rotation":90,"texture":"#1"},"south":{"uv":[0,0,16,0.11024],"texture":"#0"},"west":{"uv":[15.98425,0,16,16],"rotation":90,"texture":"#0"},"up":{"uv":[0,0,16,16],"texture":"#0"},"down":{"uv":[0,0,16,16],"rotation":180,"texture":"#1"}}},{"from":[0.1,0,0.3],"to":[0.2,0.1,0.4],"rotation":{"angle":0,"axis":"y","origin":[7.6,8,0.3]},"faces":{"north":{"uv":[3.29134,0.88189,5.1811,2.18898],"texture":"#0"},"east":{"uv":[3.29134,0.88189,5.1811,2.18898],"texture":"#0"},"south":{"uv":[3.29134,0.88189,5.1811,2.18898],"texture":"#0"},"west":{"uv":[3.29134,0.88189,5.1811,2.18898],"texture":"#0"}}},{"from":[0,0,0.4],"to":[0.1,0.1,0.5],"rotation":{"angle":0,"axis":"y","origin":[7.5,8,0.4]},"faces":{"north":{"uv":[3.29134,0.88189,5.1811,2.18898],"texture":"#0"},"east":{"uv":[3.29134,0.88189,5.1811,2.18898],"texture":"#0"},"south":{"uv":[3.29134,0.88189,5.1811,2.18898],"texture":"#0"}}},{"from":[0.2,0,0.1],"to":[0.4,0.1,0.2],"rotation":{"angle":0,"axis":"y","origin":[7.7,8,0.1]},"faces":{"north":{"uv":[3.29134,0.88189,5.1811,2.18898],"texture":"#0"},"east":{"uv":[3.29134,0.88189,5.1811,2.18898],"texture":"#0"},"south":{"uv":[3.29134,0.88189,5.1811,2.18898],"texture":"#0"},"west":{"uv":[3.29134,0.88189,5.1811,2.18898],"texture":"#0"}}},{"from":[0.1,0,0.2],"to":[0.2,0.1,0.3],"rotation":{"angle":0,"axis":"y","origin":[7.6,8,0.2]},"faces":{"north":{"uv":[3.29134,0.88189,5.1811,2.18898],"texture":"#0"},"east":{"uv":[3.29134,0.88189,5.1811,2.18898],"texture":"#0"},"south":{"uv":[3.29134,0.88189,5.1811,2.18898],"texture":"#0"},"west":{"uv":[3.29134,0.88189,5.1811,2.18898],"texture":"#0"}}},{"from":[0.4,0,0],"to":[0.5,0.1,0.1],"rotation":{"angle":0,"axis":"y","origin":[7.9,8,0]},"faces":{"east":{"uv":[3.29134,0.88189,5.1811,2.18898],"texture":"#0"},"south":{"uv":[3.29134,0.88189,5.1811,2.18898],"texture":"#0"},"west":{"uv":[3.29134,0.88189,5.1811,2.18898],"texture":"#0"}}},{"from":[0,0,6.7],"to":[0.1,0.1,6.8],"rotation":{"angle":0,"axis":"y","origin":[8,8,14.3]},"faces":{"south":{"uv":[2.88189,1.03937,3.76378,1.59055],"texture":"#0"},"up":{"uv":[3.62205,1.14961,4.28346,1.88976],"texture":"#0"},"down":{"uv":[2.85039,0.96063,3.85827,1.70079],"texture":"#0"}}},{"from":[0.1,0,6.8],"to":[0.2,0.1,6.9],"rotation":{"angle":0,"axis":"y","origin":[8.1,8,14.4]},"faces":{"south":{"uv":[6.88189,0.77165,7.73228,2.11024],"texture":"#0"},"west":{"uv":[2.66142,1.00787,4,1.6378],"texture":"#0"}}},{"from":[0.2,0,6.9],"to":[0.3,0.1,7],"rotation":{"angle":0,"axis":"y","origin":[8.2,8,14.5]},"faces":{"south":{"uv":[3.14961,1.1811,3.59055,1.73228],"texture":"#0"},"west":{"uv":[3.92126,1.1811,4.51969,1.84252],"texture":"#0"}}},{"from":[0.3,0,7],"to":[0.4,0.1,7.1],"rotation":{"angle":0,"axis":"y","origin":[8.3,8,14.6]},"faces":{"south":{"uv":[3.29134,1.00787,4.17323,1.85827],"texture":"#0"},"west":{"uv":[5.29134,0.92913,5.84252,1.48031],"texture":"#0"}}},{"from":[0.4,0,7.1],"to":[0.5,0.1,7.2],"rotation":{"angle":0,"axis":"y","origin":[8.4,8,14.7]},"faces":{"west":{"uv":[3.11811,1.07087,4.74016,1.88976],"texture":"#0"}}},{"from":[12.3,0,7.1],"to":[12.4,0.1,7.2],"rotation":{"angle":0,"axis":"y","origin":[20.3,8,14.2]},"faces":{"east":{"uv":[2.66142,1.33858,2.66142,1.33858],"texture":"#0"},"south":{"uv":[5.59055,1.03937,6.14173,1.52756],"texture":"#0"}}},{"from":[12.4,0,7],"to":[12.6,0.1,7.1],"rotation":{"angle":0,"axis":"y","origin":[20.5,8,14.1]},"faces":{"east":{"uv":[5.22835,1.55906,5.22835,1.55906],"texture":"#0"},"south":{"uv":[3.70079,1.22835,3.70079,1.22835],"texture":"#0"}}},{"from":[12.6,0,6.8],"to":[12.7,0.1,7],"rotation":{"angle":0,"axis":"y","origin":[20.6,8,13.9]},"faces":{"east":{"uv":[4.44094,1.11811,4.44094,1.11811],"texture":"#0"},"south":{"uv":[3.85827,1.22835,3.85827,1.22835],"texture":"#0"}}},{"from":[12.7,0,6.7],"to":[12.8,0.1,6.8],"rotation":{"angle":0,"axis":"y","origin":[20.7,8,13.8]},"faces":{"south":{"uv":[4.14173,1.70079,4.14173,1.70079],"texture":"#0"}}},{"from":[12.2,0,0],"to":[12.3,0.1,0.1],"rotation":{"angle":0,"axis":"y","origin":[19.3,8,7.1]},"faces":{"east":{"uv":[2.88189,1.11811,2.88189,1.11811],"texture":"#0"}}},{"from":[12.3,0,0.1],"to":[12.5,0.1,0.2],"rotation":{"angle":0,"axis":"y","origin":[19.4,8,7.2]},"faces":{"north":{"uv":[3.9685,1.51181,3.9685,1.51181],"texture":"#0"},"east":{"uv":[4.62992,1.55906,4.62992,1.55906],"texture":"#0"}}},{"from":[12.5,0,0.2],"to":[12.6,0.1,0.3],"rotation":{"angle":0,"axis":"y","origin":[19.6,8,7.3]},"faces":{"north":{"uv":[3.9685,1.51181,3.9685,1.51181],"texture":"#0"},"east":{"uv":[4.62992,1.55906,4.62992,1.55906],"texture":"#0"}}},{"from":[12.6,0,0.3],"to":[12.7,0.1,0.4],"rotation":{"angle":0,"axis":"y","origin":[19.7,8,7.4]},"faces":{"north":{"uv":[3.9685,1.51181,3.9685,1.51181],"texture":"#0"},"east":{"uv":[4.62992,1.55906,4.62992,1.55906],"texture":"#0"}}},{"from":[12.7,0,0.4],"to":[12.8,0.1,0.5],"rotation":{"angle":0,"axis":"y","origin":[19.8,8,7.5]},"faces":{"north":{"uv":[3.9685,1.51181,3.9685,1.51181],"texture":"#0"}}}],"display":{"thirdperson_righthand":{"rotation":[-10,-163,-179],"translation":[-3,-5.5,-2.25],"scale":[0.5,0.5,0.5]},"thirdperson_lefthand":{"rotation":[-170,-10,0],"translation":[-4.75,-4.5,-3.75],"scale":[0.5,0.5,0.5]},"firstperson_righthand":{"rotation":[70,-11,0],"translation":[12.5,-4,3.25],"scale":[2,2,2]},"firstperson_lefthand":{"rotation":[80,-9,0],"translation":[8.25,-7.25,2],"scale":[2,2,2]},"ground":{"translation":[2.5,4.75,4.5]},"gui":{"rotation":[90,0,0],"translation":[1.75,-5,0],"scale":[1.1,1.1,1.1]},"head":{"rotation":[90,0,-180],"translation":[-1.5,-1.75,-15]},"fixed":{"rotation":[90,0,-180],"translation":[-5.25,-17.5,-32.75],"scale":[4,4,4]}},"groups":[0,{"name":"group","origin":[7.9,8,0],"children":[1,2,3,4,5]},{"name":"group","origin":[8.4,8,14.7],"children":[6,7,8,9,10]},{"name":"group","origin":[20.7,8,13.8],"children":[11,12,13,14]},{"name":"group","origin":[19.8,8,7.5],"children":[15,16,17,18,19]}]}