{
	"credit": "Made with Blockbench",
	"textures": {
		"0": "block/bamboo_stalk",
		"1": "bamboo_shield/rope",
		"particle": "block/bamboo_stalk"
	},
	"elements": [
		{
			"from": [2.75, 1, 6.5],
			"to": [13.25, 2, 9.25],
			"rotation": {"angle": 0, "axis": "y", "origin": [0, 0, 1]},
			"faces": {
				"north": {"uv": [0, 0, 16, 2], "texture": "#1"},
				"east": {"uv": [0, 0, 6, 2], "texture": "#1"},
				"south": {"uv": [0, 0, 16, 2], "texture": "#1"},
				"west": {"uv": [0, 0, 6, 2], "texture": "#1"},
				"up": {"uv": [0, 0, 16, 6], "texture": "#1"},
				"down": {"uv": [0, 0, 16, 6], "texture": "#1"}
			}
		},
		{
			"from": [9, 0, 7],
			"to": [11, 10, 9],
			"rotation": {"angle": 0, "axis": "y", "origin": [0, 0, 1]},
			"faces": {
				"north": {"uv": [0, 0, 3, 16], "texture": "#0"},
				"east": {"uv": [9, 0, 12, 16], "texture": "#0"},
				"south": {"uv": [3, 0, 6, 16], "texture": "#0"},
				"west": {"uv": [6, 0, 9, 16], "texture": "#0"},
				"up": {"uv": [13, 0, 16, 3], "texture": "#0"},
				"down": {"uv": [13, 4, 16, 7], "texture": "#0"}
			}
		},
		{
			"from": [7, 0, 6.8],
			"to": [9, 10, 8.8],
			"rotation": {"angle": 0, "axis": "y", "origin": [0, 0, 1]},
			"faces": {
				"north": {"uv": [0, 0, 3, 16], "texture": "#0"},
				"east": {"uv": [9, 0, 12, 16], "texture": "#0"},
				"south": {"uv": [3, 0, 6, 16], "texture": "#0"},
				"west": {"uv": [6, 0, 9, 16], "texture": "#0"},
				"up": {"uv": [13, 0, 16, 3], "texture": "#0"},
				"down": {"uv": [13, 4, 16, 7], "texture": "#0"}
			}
		},
		{
			"from": [5, 0, 7.1],
			"to": [7, 10, 9.1],
			"rotation": {"angle": 0, "axis": "y", "origin": [0, 0, 1]},
			"faces": {
				"north": {"uv": [0, 0, 3, 16], "texture": "#0"},
				"east": {"uv": [9, 0, 12, 16], "texture": "#0"},
				"south": {"uv": [3, 0, 6, 16], "texture": "#0"},
				"west": {"uv": [6, 0, 9, 16], "texture": "#0"},
				"up": {"uv": [13, 0, 16, 3], "texture": "#0"},
				"down": {"uv": [13, 4, 16, 7], "texture": "#0"}
			}
		},
		{
			"from": [3, 0, 7],
			"to": [5, 10, 9],
			"rotation": {"angle": 0, "axis": "y", "origin": [0, 0, 1]},
			"faces": {
				"north": {"uv": [0, 0, 3, 16], "texture": "#0"},
				"east": {"uv": [9, 0, 12, 16], "texture": "#0"},
				"south": {"uv": [3, 0, 6, 16], "texture": "#0"},
				"west": {"uv": [6, 0, 9, 16], "texture": "#0"},
				"up": {"uv": [13, 0, 16, 3], "texture": "#0"},
				"down": {"uv": [13, 4, 16, 7], "texture": "#0"}
			}
		},
		{
			"from": [11, 0, 6.75],
			"to": [13, 10, 8.75],
			"rotation": {"angle": 0, "axis": "y", "origin": [0, 0, 1]},
			"faces": {
				"north": {"uv": [0, 0, 3, 16], "texture": "#0"},
				"east": {"uv": [9, 0, 12, 16], "texture": "#0"},
				"south": {"uv": [3, 0, 6, 16], "texture": "#0"},
				"west": {"uv": [6, 0, 9, 16], "texture": "#0"},
				"up": {"uv": [13, 0, 16, 3], "texture": "#0"},
				"down": {"uv": [13, 4, 16, 7], "texture": "#0"}
			}
		},
		{
			"from": [9, 10, 6.8],
			"to": [11, 20, 8.8],
			"rotation": {"angle": 0, "axis": "y", "origin": [0, 0, 1]},
			"faces": {
				"north": {"uv": [0, 0, 3, 16], "texture": "#0"},
				"east": {"uv": [9, 0, 12, 16], "texture": "#0"},
				"south": {"uv": [3, 0, 6, 16], "texture": "#0"},
				"west": {"uv": [6, 0, 9, 16], "texture": "#0"},
				"up": {"uv": [13, 0, 16, 3], "texture": "#0"},
				"down": {"uv": [13, 4, 16, 7], "texture": "#0"}
			}
		},
		{
			"from": [7, 10, 7],
			"to": [9, 20, 9],
			"rotation": {"angle": 0, "axis": "y", "origin": [0, 0, 1]},
			"faces": {
				"north": {"uv": [0, 0, 3, 16], "texture": "#0"},
				"east": {"uv": [9, 0, 12, 16], "texture": "#0"},
				"south": {"uv": [3, 0, 6, 16], "texture": "#0"},
				"west": {"uv": [6, 0, 9, 16], "texture": "#0"},
				"up": {"uv": [13, 0, 16, 3], "texture": "#0"},
				"down": {"uv": [13, 4, 16, 7], "texture": "#0"}
			}
		},
		{
			"from": [5, 10, 6.9],
			"to": [7, 20, 8.9],
			"rotation": {"angle": 0, "axis": "y", "origin": [0, 0, 1]},
			"faces": {
				"north": {"uv": [0, 0, 3, 16], "texture": "#0"},
				"east": {"uv": [9, 0, 12, 16], "texture": "#0"},
				"south": {"uv": [3, 0, 6, 16], "texture": "#0"},
				"west": {"uv": [6, 0, 9, 16], "texture": "#0"},
				"up": {"uv": [13, 0, 16, 3], "texture": "#0"},
				"down": {"uv": [13, 4, 16, 7], "texture": "#0"}
			}
		},
		{
			"from": [3, 10, 6.75],
			"to": [5, 20, 8.75],
			"rotation": {"angle": 0, "axis": "y", "origin": [0, 0, 1]},
			"faces": {
				"north": {"uv": [0, 0, 3, 16], "texture": "#0"},
				"east": {"uv": [9, 0, 12, 16], "texture": "#0"},
				"south": {"uv": [3, 0, 6, 16], "texture": "#0"},
				"west": {"uv": [6, 0, 9, 16], "texture": "#0"},
				"up": {"uv": [13, 0, 16, 3], "texture": "#0"},
				"down": {"uv": [13, 4, 16, 7], "texture": "#0"}
			}
		},
		{
			"from": [11, 10, 6.95],
			"to": [13, 20, 8.95],
			"rotation": {"angle": 0, "axis": "y", "origin": [0, 0, 1]},
			"faces": {
				"north": {"uv": [0, 0, 3, 16], "texture": "#0"},
				"east": {"uv": [9, 0, 12, 16], "texture": "#0"},
				"south": {"uv": [3, 0, 6, 16], "texture": "#0"},
				"west": {"uv": [6, 0, 9, 16], "texture": "#0"},
				"up": {"uv": [13, 0, 16, 3], "texture": "#0"},
				"down": {"uv": [13, 4, 16, 7], "texture": "#0"}
			}
		},
		{
			"from": [2.75, 9.5, 6.5],
			"to": [13.25, 10.5, 9.25],
			"rotation": {"angle": 0, "axis": "y", "origin": [0, 0, 1]},
			"faces": {
				"north": {"uv": [0, 0, 16, 2], "texture": "#1"},
				"east": {"uv": [0, 0, 6, 2], "texture": "#1"},
				"south": {"uv": [0, 0, 16, 2], "texture": "#1"},
				"west": {"uv": [0, 0, 6, 2], "texture": "#1"},
				"up": {"uv": [0, 0, 16, 6], "texture": "#1"},
				"down": {"uv": [0, 0, 16, 6], "texture": "#1"}
			}
		},
		{
			"from": [2.75, 18, 6.5],
			"to": [13.25, 19, 9.25],
			"rotation": {"angle": 0, "axis": "y", "origin": [0, 0, 1]},
			"faces": {
				"north": {"uv": [0, 0, 16, 2], "texture": "#1"},
				"east": {"uv": [0, 0, 6, 2], "texture": "#1"},
				"south": {"uv": [0, 0, 16, 2], "texture": "#1"},
				"west": {"uv": [0, 0, 6, 2], "texture": "#1"},
				"up": {"uv": [0, 0, 16, 6], "texture": "#1"},
				"down": {"uv": [0, 0, 16, 6], "texture": "#1"}
			}
		}
	],
	"display": {
		"thirdperson_righthand": {
			"rotation": [16, -90, 0],
			"translation": [2, -2.75, 0.25]
		},
		"thirdperson_lefthand": {
			"rotation": [16, -90, 0],
			"translation": [1.5, -2.75, 0.25]
		},
		"firstperson_righthand": {
			"translation": [5.75, -3.75, -2.75]
		},
		"firstperson_lefthand": {
			"translation": [2.5, -4, 0]
		},
		"ground": {
			"rotation": [90, 0, 0]
		},
		"gui": {
			"rotation": [46.5, -20.75, 0],
			"translation": [-0.5, -0.75, 0],
			"scale": [0.75, 0.75, 0.75]
		},
		"head": {
			"translation": [0, -19.5, 4.5]
		},
		"fixed": {
			"rotation": [-90, 0, 0],
			"translation": [0, 0, -30.75],
			"scale": [4, 4, 4]
		}
	},
	"groups": [
		{
			"name": "group",
			"origin": [8.75, 26, 13.5],
			"children": [0, 1, 2, 3, 4, 5, 6, 7, 8, 9, 10, 11, 12]
		},
		{
			"name": "group",
			"origin": [8.75, 26, 13.5],
			"children": []
		},
		{
			"name": "group",
			"origin": [8.75, 26, 13.5],
			"children": []
		}
	]
}