{"credit":"","textures":{"0":"block/pumpkin_side","1":"colors/black_yers","particle":"block/pumpkin_side"},"elements":[{"from":[0,0,15],"to":[16,2,17],"rotation":{"angle":0,"axis":"y","origin":[8,6,24]},"faces":{"north":{"uv":[0,0,16,2],"texture":"#0"},"east":{"uv":[2,2,4,4],"texture":"#0"},"south":{"uv":[0,0,16,2],"texture":"#0"},"west":{"uv":[0,0,2,2],"texture":"#0"},"up":{"uv":[0,0,16,2],"texture":"#0"},"down":{"uv":[0,0,16,2],"texture":"#0"}}},{"from":[0,13,15],"to":[16,15,17],"rotation":{"angle":0,"axis":"y","origin":[8,19,24]},"faces":{"north":{"uv":[0,0,16,2],"texture":"#0"},"east":{"uv":[2,2,4,4],"texture":"#0"},"south":{"uv":[0,0,16,2],"texture":"#0"},"west":{"uv":[0,0,2,2],"texture":"#0"},"up":{"uv":[0,0,16,2],"texture":"#0"},"down":{"uv":[0,0,16,2],"texture":"#0"}}},{"from":[7,9,15],"to":[9,13,17],"rotation":{"angle":0,"axis":"y","origin":[8,14,24]},"faces":{"north":{"uv":[0,0,2,1],"texture":"#0"},"east":{"uv":[0,0,2,2],"texture":"#0"},"south":{"uv":[2,1,4,5],"texture":"#0"},"west":{"uv":[0,0,2,4],"texture":"#0"},"up":{"uv":[0,0,2,2],"texture":"#0"},"down":{"uv":[0,0,2,2],"texture":"#0"}}},{"from":[0,8,15],"to":[16,9,17],"rotation":{"angle":0,"axis":"y","origin":[8,14,24]},"faces":{"north":{"uv":[0,0,16,1],"texture":"#0"},"east":{"uv":[1,3,3,4],"texture":"#0"},"south":{"uv":[0,0,16,1],"texture":"#0"},"west":{"uv":[0,0,2,1],"texture":"#0"},"up":{"uv":[0,0,16,2],"texture":"#0"},"down":{"uv":[0,0,16,2],"texture":"#0"}}},{"from":[0,2,15],"to":[1,8,17],"rotation":{"angle":0,"axis":"y","origin":[8,11,24]},"faces":{"north":{"uv":[0,0,1,3],"texture":"#0"},"east":{"uv":[0,0,2,5],"texture":"#0"},"south":{"uv":[0,0,1,6],"texture":"#0"},"west":{"uv":[1,0,3,6],"texture":"#0"},"up":{"uv":[0,0,1,2],"texture":"#0"},"down":{"uv":[0,0,1,2],"texture":"#0"}}},{"from":[15,2,15],"to":[16,8,17],"rotation":{"angle":0,"axis":"y","origin":[23,11,24]},"faces":{"north":{"uv":[0,0,1,3],"texture":"#0"},"east":{"uv":[2,0,4,5],"texture":"#0"},"south":{"uv":[0,0,1,6],"texture":"#0"},"west":{"uv":[0,0,2,6],"texture":"#0"},"up":{"uv":[0,0,1,2],"texture":"#0"},"down":{"uv":[0,0,1,2],"texture":"#0"}}},{"from":[13,2,15],"to":[15,3,17],"rotation":{"angle":0,"axis":"y","origin":[22,9,24]},"faces":{"north":{"uv":[0,0,3,1],"texture":"#0"},"east":{"uv":[0,0,2,1],"texture":"#0"},"south":{"uv":[0,0,2,1],"texture":"#0"},"west":{"uv":[0,0,2,1],"texture":"#0"},"up":{"uv":[0,0,3,2],"texture":"#0"},"down":{"uv":[0,0,3,2],"texture":"#0"}}},{"from":[1,2,15],"to":[3,3,17],"rotation":{"angle":0,"axis":"y","origin":[11,9,24]},"faces":{"north":{"uv":[0,0,3,1],"texture":"#0"},"east":{"uv":[0,0,2,1],"texture":"#0"},"south":{"uv":[0,0,2,1],"texture":"#0"},"west":{"uv":[0,0,2,1],"texture":"#0"},"up":{"uv":[0,0,3,2],"texture":"#0"},"down":{"uv":[0,0,3,2],"texture":"#0"}}},{"from":[1,6,15],"to":[2,7,17],"rotation":{"angle":0,"axis":"y","origin":[11,13,24]},"faces":{"north":{"uv":[0,0,3,1],"texture":"#0"},"east":{"uv":[0,0,2,1],"texture":"#0"},"south":{"uv":[0,0,1,1],"texture":"#0"},"west":{"uv":[0,0,2,1],"texture":"#0"},"up":{"uv":[0,0,3,2],"texture":"#0"},"down":{"uv":[0,0,3,2],"texture":"#0"}}},{"from":[14,6,15],"to":[15,7,17],"rotation":{"angle":0,"axis":"y","origin":[24,13,24]},"faces":{"north":{"uv":[0,0,3,1],"texture":"#0"},"east":{"uv":[0,0,2,1],"texture":"#0"},"south":{"uv":[0,0,1,1],"texture":"#0"},"west":{"uv":[0,0,2,1],"texture":"#0"},"up":{"uv":[0,0,3,2],"texture":"#0"},"down":{"uv":[0,0,3,2],"texture":"#0"}}},{"from":[7,7,15],"to":[9,8,17],"rotation":{"angle":0,"axis":"y","origin":[15,13,24]},"faces":{"north":{"uv":[0,0,2,1],"texture":"#0"},"east":{"uv":[0,0,2,1],"texture":"#0"},"south":{"uv":[0,0,2,1],"texture":"#0"},"west":{"uv":[0,0,2,1],"texture":"#0"},"up":{"uv":[0,0,2,2],"texture":"#0"},"down":{"uv":[0,0,2,2],"texture":"#0"}}},{"from":[6,2,15],"to":[10,3,17],"rotation":{"angle":0,"axis":"y","origin":[17,9,24]},"faces":{"north":{"uv":[0,0,2,1],"texture":"#0"},"east":{"uv":[0,0,2,1],"texture":"#0"},"south":{"uv":[0,0,4,1],"texture":"#0"},"west":{"uv":[0,0,2,1],"texture":"#0"},"up":{"uv":[0,0,2,2],"texture":"#0"},"down":{"uv":[0,0,2,2],"texture":"#0"}}},{"from":[11,7,15],"to":[15,8,17],"rotation":{"angle":0,"axis":"y","origin":[21,14,24]},"faces":{"north":{"uv":[0,0,1,1],"texture":"#0"},"east":{"uv":[0,0,2,1],"texture":"#0"},"south":{"uv":[0,0,4,1],"texture":"#0"},"west":{"uv":[0,0,2,1],"texture":"#0"},"up":{"uv":[0,0,1,2],"texture":"#0"},"down":{"uv":[0,0,1,2],"texture":"#0"}}},{"from":[1,7,15],"to":[5,8,17],"rotation":{"angle":0,"axis":"y","origin":[8,14,24]},"faces":{"north":{"uv":[0,0,1,1],"texture":"#0"},"east":{"uv":[0,0,2,1],"texture":"#0"},"south":{"uv":[0,0,4,1],"texture":"#0"},"west":{"uv":[0,0,2,1],"texture":"#0"},"up":{"uv":[0,0,1,2],"texture":"#0"},"down":{"uv":[0,0,1,2],"texture":"#0"}}},{"from":[14,9,15],"to":[16,13,17],"rotation":{"angle":0,"axis":"y","origin":[15,14,24]},"faces":{"north":{"uv":[0,0,2,2],"texture":"#0"},"east":{"uv":[6,9,8,11],"texture":"#0"},"south":{"uv":[0,0,2,4],"texture":"#0"},"west":{"uv":[0,0,2,4],"texture":"#0"},"up":{"uv":[0,0,2,2],"texture":"#0"},"down":{"uv":[0,0,2,2],"texture":"#0"}}},{"from":[0,9,15],"to":[2,13,17],"rotation":{"angle":0,"axis":"y","origin":[1,14,24]},"faces":{"north":{"uv":[0,0,2,2],"texture":"#0"},"east":{"uv":[0,0,2,2],"texture":"#0"},"south":{"uv":[0,0,2,4],"texture":"#0"},"west":{"uv":[0,0,2,4],"texture":"#0"},"up":{"uv":[0,0,2,2],"texture":"#0"},"down":{"uv":[0,0,2,2],"texture":"#0"}}},{"from":[2,12,15],"to":[4,13,17],"rotation":{"angle":0,"axis":"y","origin":[3,17,24]},"faces":{"north":{"uv":[0,0,6,1],"texture":"#0"},"east":{"uv":[0,0,2,1],"texture":"#0"},"south":{"uv":[0,0,2,1],"texture":"#0"},"west":{"uv":[0,0,2,1],"texture":"#0"},"up":{"uv":[0,0,6,2],"texture":"#0"},"down":{"uv":[0,0,6,2],"texture":"#0"}}},{"from":[12,12,15],"to":[14,13,17],"rotation":{"angle":0,"axis":"y","origin":[13,17,24]},"faces":{"north":{"uv":[0,0,6,1],"texture":"#0"},"east":{"uv":[0,0,2,1],"texture":"#0"},"south":{"uv":[0,0,2,1],"texture":"#0"},"west":{"uv":[0,0,2,1],"texture":"#0"},"up":{"uv":[0,0,6,2],"texture":"#0"},"down":{"uv":[0,0,6,2],"texture":"#0"}}},{"from":[0,0,0],"to":[16,15,15],"rotation":{"angle":0,"axis":"y","origin":[8,8,24]},"faces":{"north":{"uv":[0,0,16,10],"texture":"#0"},"east":{"uv":[0,0,15,15],"texture":"#0"},"south":{"uv":[0,0,16,15],"texture":"#1"},"west":{"uv":[0,0,15,15],"texture":"#0"},"up":{"uv":[0,0,16,15],"texture":"#0"},"down":{"uv":[0,0,16,15],"texture":"#0"}}},{"from":[2,-2,2],"to":[14,0,15],"rotation":{"angle":0,"axis":"y","origin":[9,2,9]},"faces":{"north":{"uv":[0,0,14,3],"texture":"#0"},"east":{"uv":[0,0,15,3],"texture":"#0"},"south":{"uv":[0,0,12,2],"texture":"#0"},"west":{"uv":[0,0,13,4],"texture":"#0"},"up":{"uv":[0,0,14,15],"texture":"#0"},"down":{"uv":[0,0,14,15],"texture":"#0"}}},{"from":[1,15,1],"to":[15,17,16],"rotation":{"angle":0,"axis":"y","origin":[9,21,9]},"faces":{"north":{"uv":[0,0,14,3],"texture":"#0"},"east":{"uv":[0,0,15,3],"texture":"#0"},"south":{"uv":[0,0,14,2],"texture":"#0"},"west":{"uv":[0,0,13,4],"texture":"#0"},"up":{"uv":[0,0,14,15],"texture":"#0"},"down":{"uv":[0,0,14,15],"texture":"#0"}}},{"from":[3,17,3],"to":[13,18,14],"rotation":{"angle":0,"axis":"y","origin":[9,23,9]},"faces":{"north":{"uv":[0,0,14,3],"texture":"#0"},"east":{"uv":[0,0,15,3],"texture":"#0"},"south":{"uv":[0,0,10,1],"texture":"#0"},"west":{"uv":[0,0,13,4],"texture":"#0"},"up":{"uv":[0,0,14,15],"texture":"#0"},"down":{"uv":[0,0,14,15],"texture":"#0"}}}],"display":{"thirdperson_righthand":{"rotation":[0,-180,0],"translation":[0,3.25,1.25],"scale":[0.5,0.5,0.5]},"thirdperson_lefthand":{"rotation":[0,-180,0],"translation":[0,3,1.25],"scale":[0.5,0.5,0.5]},"firstperson_righthand":{"rotation":[0,-34,0],"translation":[1.75,4,2.25],"scale":[0.4,0.4,0.4]},"firstperson_lefthand":{"rotation":[0,-34,0],"translation":[1.75,4,2.25],"scale":[0.4,0.4,0.4]},"ground":{"translation":[0,2,0],"scale":[0.5,0.5,0.5]},"gui":{"rotation":[0,-33.75,0],"translation":[0.25,-0.25,0],"scale":[0.60938,0.60938,0.60938]},"head":{"rotation":[0,-180,0],"translation":[0,1.5,0],"scale":[1.1,1.1,1.1]},"fixed":{"rotation":[-90,0,0],"translation":[0,0,-18.5],"scale":[2,2,2]}}}