{"credit":"","textures":{"0":"block/pumpkin_side","1":"colors/gray_yers","particle":"block/pumpkin_side"},"elements":[{"from":[0,2,15],"to":[16,4,17],"rotation":{"angle":0,"axis":"y","origin":[8,8,24]},"faces":{"north":{"uv":[0,0,16,2],"texture":"#0"},"east":{"uv":[2,2,4,4],"texture":"#0"},"south":{"uv":[0,0,16,2],"texture":"#0"},"west":{"uv":[0,0,2,2],"texture":"#0"},"up":{"uv":[0,0,16,2],"texture":"#0"},"down":{"uv":[0,0,16,2],"texture":"#0"}}},{"from":[0,15,15],"to":[16,17,17],"rotation":{"angle":0,"axis":"y","origin":[8,21,24]},"faces":{"north":{"uv":[0,0,16,2],"texture":"#0"},"east":{"uv":[2,2,4,4],"texture":"#0"},"south":{"uv":[0,0,16,2],"texture":"#0"},"west":{"uv":[0,0,2,2],"texture":"#0"},"up":{"uv":[0,0,16,2],"texture":"#0"},"down":{"uv":[0,0,16,2],"texture":"#0"}}},{"from":[0,4,15],"to":[1,15,17],"rotation":{"angle":0,"axis":"y","origin":[8,11,24]},"faces":{"north":{"uv":[0,0,1,11],"texture":"#0"},"east":{"uv":[0,0,2,11],"texture":"#0"},"south":{"uv":[0,0,1,11],"texture":"#0"},"west":{"uv":[1,0,3,11],"texture":"#0"},"up":{"uv":[0,0,1,2],"texture":"#0"},"down":{"uv":[0,0,1,2],"texture":"#0"}}},{"from":[15,4,15],"to":[16,15,17],"rotation":{"angle":0,"axis":"y","origin":[23,11,24]},"faces":{"north":{"uv":[0,0,1,11],"texture":"#0"},"east":{"uv":[2,0,4,11],"texture":"#0"},"south":{"uv":[0,0,1,11],"texture":"#0"},"west":{"uv":[0,0,2,11],"texture":"#0"},"up":{"uv":[0,0,1,2],"texture":"#0"},"down":{"uv":[0,0,1,2],"texture":"#0"}}},{"from":[13,4,15],"to":[15,5,16],"rotation":{"angle":0,"axis":"y","origin":[22,11,24]},"faces":{"north":{"uv":[1,6,3,7],"texture":"#0"},"east":{"uv":[1,6,2,7],"texture":"#0"},"south":{"uv":[1,6,3,7],"texture":"#0"},"west":{"uv":[1,6,2,7],"texture":"#0"},"up":{"uv":[1,6,3,7],"texture":"#0"},"down":{"uv":[1,6,3,7],"texture":"#0"}}},{"from":[10,4,15],"to":[12,5,16],"rotation":{"angle":0,"axis":"y","origin":[19,11,24]},"faces":{"north":{"uv":[1,6,3,7],"texture":"#0"},"east":{"uv":[1,6,2,7],"texture":"#0"},"south":{"uv":[1,6,3,7],"texture":"#0"},"west":{"uv":[1,6,2,7],"texture":"#0"},"up":{"uv":[1,6,3,7],"texture":"#0"},"down":{"uv":[1,6,3,7],"texture":"#0"}}},{"from":[7,14,15],"to":[9,15,16],"rotation":{"angle":0,"axis":"y","origin":[16,21,24]},"faces":{"north":{"uv":[1,6,3,7],"texture":"#0"},"east":{"uv":[1,6,2,7],"texture":"#0"},"south":{"uv":[1,6,3,7],"texture":"#0"},"west":{"uv":[1,6,2,7],"texture":"#0"},"up":{"uv":[1,6,3,7],"texture":"#0"},"down":{"uv":[1,6,3,7],"texture":"#0"}}},{"from":[4,14,15],"to":[6,15,16],"rotation":{"angle":0,"axis":"y","origin":[13,21,24]},"faces":{"north":{"uv":[1,6,3,7],"texture":"#0"},"east":{"uv":[1,6,2,7],"texture":"#0"},"south":{"uv":[1,6,3,7],"texture":"#0"},"west":{"uv":[1,6,2,7],"texture":"#0"},"up":{"uv":[1,6,3,7],"texture":"#0"},"down":{"uv":[1,6,3,7],"texture":"#0"}}},{"from":[10,14,15],"to":[12,15,16],"rotation":{"angle":0,"axis":"y","origin":[19,21,24]},"faces":{"north":{"uv":[1,6,3,7],"texture":"#0"},"east":{"uv":[1,6,2,7],"texture":"#0"},"south":{"uv":[1,6,3,7],"texture":"#0"},"west":{"uv":[1,6,2,7],"texture":"#0"},"up":{"uv":[1,6,3,7],"texture":"#0"},"down":{"uv":[1,6,3,7],"texture":"#0"}}},{"from":[4,4,15],"to":[6,5,16],"rotation":{"angle":0,"axis":"y","origin":[13,11,24]},"faces":{"north":{"uv":[1,6,3,7],"texture":"#0"},"east":{"uv":[1,6,2,7],"texture":"#0"},"south":{"uv":[1,6,3,7],"texture":"#0"},"west":{"uv":[1,6,2,7],"texture":"#0"},"up":{"uv":[1,6,3,7],"texture":"#0"},"down":{"uv":[1,6,3,7],"texture":"#0"}}},{"from":[7,4,15],"to":[9,5,16],"rotation":{"angle":0,"axis":"y","origin":[16,11,24]},"faces":{"north":{"uv":[1,6,3,7],"texture":"#0"},"east":{"uv":[1,6,2,7],"texture":"#0"},"south":{"uv":[1,6,3,7],"texture":"#0"},"west":{"uv":[1,6,2,7],"texture":"#0"},"up":{"uv":[1,6,3,7],"texture":"#0"},"down":{"uv":[1,6,3,7],"texture":"#0"}}},{"from":[1,14,15],"to":[3,15,16],"rotation":{"angle":0,"axis":"y","origin":[11,21,24]},"faces":{"north":{"uv":[1,6,3,7],"texture":"#0"},"east":{"uv":[1,6,2,7],"texture":"#0"},"south":{"uv":[1,6,3,7],"texture":"#0"},"west":{"uv":[1,6,2,7],"texture":"#0"},"up":{"uv":[1,6,3,7],"texture":"#0"},"down":{"uv":[1,6,3,7],"texture":"#0"}}},{"from":[1,13,15],"to":[2,14,16],"rotation":{"angle":0,"axis":"y","origin":[11,20,24]},"faces":{"north":{"uv":[1,6,2,7],"texture":"#0"},"east":{"uv":[1,6,2,7],"texture":"#0"},"south":{"uv":[1,6,2,7],"texture":"#0"},"west":{"uv":[1,6,2,7],"texture":"#0"},"up":{"uv":[1,6,2,7],"texture":"#0"},"down":{"uv":[1,6,2,7],"texture":"#0"}}},{"from":[1,10,15],"to":[2,12,16],"rotation":{"angle":0,"axis":"y","origin":[11,18,24]},"faces":{"north":{"uv":[1,6,2,8],"texture":"#0"},"east":{"uv":[1,6,2,8],"texture":"#0"},"south":{"uv":[1,6,2,8],"texture":"#0"},"west":{"uv":[1,6,2,8],"texture":"#0"},"up":{"uv":[1,6,2,7],"texture":"#0"},"down":{"uv":[1,6,2,7],"texture":"#0"}}},{"from":[14,7,15],"to":[15,9,16],"rotation":{"angle":0,"axis":"y","origin":[24,15,24]},"faces":{"north":{"uv":[1,6,2,8],"texture":"#0"},"east":{"uv":[1,6,2,8],"texture":"#0"},"south":{"uv":[1,6,2,8],"texture":"#0"},"west":{"uv":[1,6,2,8],"texture":"#0"},"up":{"uv":[1,6,2,7],"texture":"#0"},"down":{"uv":[1,6,2,7],"texture":"#0"}}},{"from":[14,10,15],"to":[15,12,16],"rotation":{"angle":0,"axis":"y","origin":[24,18,24]},"faces":{"north":{"uv":[1,6,2,8],"texture":"#0"},"east":{"uv":[1,6,2,8],"texture":"#0"},"south":{"uv":[1,6,2,8],"texture":"#0"},"west":{"uv":[1,6,2,8],"texture":"#0"},"up":{"uv":[1,6,2,7],"texture":"#0"},"down":{"uv":[1,6,2,7],"texture":"#0"}}},{"from":[1,7,15],"to":[2,9,16],"rotation":{"angle":0,"axis":"y","origin":[11,15,24]},"faces":{"north":{"uv":[1,6,2,8],"texture":"#0"},"east":{"uv":[1,6,2,8],"texture":"#0"},"south":{"uv":[1,6,2,8],"texture":"#0"},"west":{"uv":[1,6,2,8],"texture":"#0"},"up":{"uv":[1,6,2,7],"texture":"#0"},"down":{"uv":[1,6,2,7],"texture":"#0"}}},{"from":[14,5,15],"to":[15,6,16],"rotation":{"angle":0,"axis":"y","origin":[24,12,24]},"faces":{"north":{"uv":[1,6,2,7],"texture":"#0"},"east":{"uv":[1,6,2,7],"texture":"#0"},"south":{"uv":[1,6,2,7],"texture":"#0"},"west":{"uv":[1,6,2,7],"texture":"#0"},"up":{"uv":[1,6,2,7],"texture":"#0"},"down":{"uv":[1,6,2,7],"texture":"#0"}}},{"from":[1,5,15],"to":[2,6,16],"rotation":{"angle":0,"axis":"y","origin":[11,12,24]},"faces":{"north":{"uv":[1,6,2,7],"texture":"#0"},"east":{"uv":[1,6,2,7],"texture":"#0"},"south":{"uv":[1,6,2,7],"texture":"#0"},"west":{"uv":[1,6,2,7],"texture":"#0"},"up":{"uv":[1,6,2,7],"texture":"#0"},"down":{"uv":[1,6,2,7],"texture":"#0"}}},{"from":[14,13,15],"to":[15,14,16],"rotation":{"angle":0,"axis":"y","origin":[24,20,24]},"faces":{"north":{"uv":[1,6,2,7],"texture":"#0"},"east":{"uv":[1,6,2,7],"texture":"#0"},"south":{"uv":[1,6,2,7],"texture":"#0"},"west":{"uv":[1,6,2,7],"texture":"#0"},"up":{"uv":[1,6,2,7],"texture":"#0"},"down":{"uv":[1,6,2,7],"texture":"#0"}}},{"from":[13,14,15],"to":[15,15,16],"rotation":{"angle":0,"axis":"y","origin":[22,21,24]},"faces":{"north":{"uv":[1,6,3,7],"texture":"#0"},"east":{"uv":[1,6,2,7],"texture":"#0"},"south":{"uv":[1,6,3,7],"texture":"#0"},"west":{"uv":[1,6,2,7],"texture":"#0"},"up":{"uv":[1,6,3,7],"texture":"#0"},"down":{"uv":[1,6,3,7],"texture":"#0"}}},{"from":[1,4,15],"to":[3,5,16],"rotation":{"angle":0,"axis":"y","origin":[11,11,24]},"faces":{"north":{"uv":[1,6,3,7],"texture":"#0"},"east":{"uv":[1,6,2,7],"texture":"#0"},"south":{"uv":[1,6,3,7],"texture":"#0"},"west":{"uv":[1,6,2,7],"texture":"#0"},"up":{"uv":[1,6,3,7],"texture":"#0"},"down":{"uv":[1,6,3,7],"texture":"#0"}}},{"from":[0,2,0],"to":[16,17,15],"rotation":{"angle":0,"axis":"y","origin":[8,8,24]},"faces":{"north":{"uv":[0,0,16,15],"texture":"#0"},"east":{"uv":[0,0,15,15],"texture":"#0"},"south":{"uv":[0,0,16,15],"texture":"#1"},"west":{"uv":[0,0,15,15],"texture":"#0"},"up":{"uv":[0,0,16,15],"texture":"#0"},"down":{"uv":[0,0,16,15],"texture":"#0"}}},{"from":[2,17,2],"to":[14,18,15],"rotation":{"angle":0,"axis":"y","origin":[9,25,9]},"faces":{"north":{"uv":[0,0,12,1],"texture":"#0"},"east":{"uv":[0,0,13,1],"texture":"#0"},"south":{"uv":[0,0,12,1],"texture":"#0"},"west":{"uv":[0,0,13,1],"texture":"#0"},"up":{"uv":[0,0,12,13],"texture":"#0"},"down":{"uv":[0,0,12,13],"texture":"#0"}}},{"from":[4,0,4],"to":[12,1,13],"rotation":{"angle":0,"axis":"y","origin":[9,8,9]},"faces":{"north":{"uv":[0,0,8,1],"texture":"#0"},"east":{"uv":[0,0,9,1],"texture":"#0"},"south":{"uv":[0,0,8,1],"texture":"#0"},"west":{"uv":[0,0,9,1],"texture":"#0"},"up":{"uv":[0,0,8,9],"texture":"#0"},"down":{"uv":[0,0,8,9],"texture":"#0"}}},{"from":[4,18,4],"to":[12,19,13],"rotation":{"angle":0,"axis":"y","origin":[9,26,9]},"faces":{"north":{"uv":[0,0,8,1],"texture":"#0"},"east":{"uv":[0,0,9,1],"texture":"#0"},"south":{"uv":[0,0,8,1],"texture":"#0"},"west":{"uv":[0,0,9,1],"texture":"#0"},"up":{"uv":[0,0,8,9],"texture":"#0"},"down":{"uv":[0,0,8,9],"texture":"#0"}}},{"from":[1,1,1],"to":[15,2,16],"rotation":{"angle":0,"axis":"y","origin":[9,8,9]},"faces":{"north":{"uv":[0,0,14,1],"texture":"#0"},"east":{"uv":[0,0,15,1],"texture":"#0"},"south":{"uv":[0,0,14,1],"texture":"#0"},"west":{"uv":[0,0,15,1],"texture":"#0"},"up":{"uv":[0,0,14,15],"texture":"#0"},"down":{"uv":[0,0,14,15],"texture":"#0"}}}],"display":{"thirdperson_righthand":{"rotation":[0,-180,0],"translation":[0,3.25,1.25],"scale":[0.5,0.5,0.5]},"thirdperson_lefthand":{"rotation":[0,-180,0],"translation":[0,3,1.25],"scale":[0.5,0.5,0.5]},"firstperson_righthand":{"rotation":[0,-34,0],"translation":[1.75,4,2.25],"scale":[0.4,0.4,0.4]},"firstperson_lefthand":{"rotation":[0,-34,0],"translation":[1.75,4,2.25],"scale":[0.4,0.4,0.4]},"ground":{"translation":[0,1.75,0],"scale":[0.5,0.5,0.5]},"gui":{"rotation":[0,-43.75,0],"translation":[0.25,-0.75,0],"scale":[0.61719,0.61719,0.61719]},"head":{"rotation":[0,-180,0],"translation":[0,0.5,0],"scale":[1.1,1.1,1.1]},"fixed":{"rotation":[-90,0,0],"translation":[0,-1.25,-14.75],"scale":[2,2,2]}}}