{"credit":"","textures":{"0":"block/pumpkin_side","1":"colors/l_green_yers","particle":"block/pumpkin_side"},"elements":[{"from":[0,2,15],"to":[16,4,17],"rotation":{"angle":0,"axis":"y","origin":[8,8,24]},"faces":{"north":{"uv":[0,0,16,2],"texture":"#0"},"east":{"uv":[2,2,4,4],"texture":"#0"},"south":{"uv":[0,0,16,2],"texture":"#0"},"west":{"uv":[0,0,2,2],"texture":"#0"},"up":{"uv":[0,0,16,2],"texture":"#0"},"down":{"uv":[0,0,16,2],"texture":"#0"}}},{"from":[0,10,15],"to":[16,12,17],"rotation":{"angle":0,"axis":"y","origin":[8,16,24]},"faces":{"north":{"uv":[0,0,16,2],"texture":"#0"},"east":{"uv":[2,2,4,4],"texture":"#0"},"south":{"uv":[0,0,16,2],"texture":"#0"},"west":{"uv":[0,0,2,2],"texture":"#0"},"up":{"uv":[0,0,16,2],"texture":"#0"},"down":{"uv":[0,0,16,2],"texture":"#0"}}},{"from":[7,8,15],"to":[9,10,17],"rotation":{"angle":0,"axis":"y","origin":[8,14,24]},"faces":{"north":{"uv":[0,0,2,2],"texture":"#0"},"east":{"uv":[0,0,2,2],"texture":"#0"},"south":{"uv":[2,1,4,3],"texture":"#0"},"west":{"uv":[0,0,2,2],"texture":"#0"},"up":{"uv":[0,0,2,2],"texture":"#0"},"down":{"uv":[0,0,2,2],"texture":"#0"}}},{"from":[0,7,15],"to":[16,8,17],"rotation":{"angle":0,"axis":"y","origin":[8,13,24]},"faces":{"north":{"uv":[0,0,16,1],"texture":"#0"},"east":{"uv":[1,3,3,4],"texture":"#0"},"south":{"uv":[0,0,16,1],"texture":"#0"},"west":{"uv":[0,0,2,1],"texture":"#0"},"up":{"uv":[0,0,16,2],"texture":"#0"},"down":{"uv":[0,0,16,2],"texture":"#0"}}},{"from":[0,4,15],"to":[1,7,17],"rotation":{"angle":0,"axis":"y","origin":[8,11,24]},"faces":{"north":{"uv":[0,0,1,3],"texture":"#0"},"east":{"uv":[0,0,2,3],"texture":"#0"},"south":{"uv":[0,0,1,3],"texture":"#0"},"west":{"uv":[1,0,3,3],"texture":"#0"},"up":{"uv":[0,0,1,2],"texture":"#0"},"down":{"uv":[0,0,1,2],"texture":"#0"}}},{"from":[15,4,15],"to":[16,7,17],"rotation":{"angle":0,"axis":"y","origin":[23,11,24]},"faces":{"north":{"uv":[0,0,1,3],"texture":"#0"},"east":{"uv":[2,0,4,3],"texture":"#0"},"south":{"uv":[0,0,1,3],"texture":"#0"},"west":{"uv":[0,0,2,3],"texture":"#0"},"up":{"uv":[0,0,1,2],"texture":"#0"},"down":{"uv":[0,0,1,2],"texture":"#0"}}},{"from":[2,6,15],"to":[14,7,17],"rotation":{"angle":0,"axis":"y","origin":[15,13,24]},"faces":{"north":{"uv":[0,0,12,1],"texture":"#0"},"east":{"uv":[0,0,2,1],"texture":"#0"},"south":{"uv":[0,0,12,1],"texture":"#0"},"west":{"uv":[0,0,2,1],"texture":"#0"},"up":{"uv":[0,0,12,2],"texture":"#0"},"down":{"uv":[0,0,12,2],"texture":"#0"}}},{"from":[14,8,15],"to":[16,10,17],"rotation":{"angle":0,"axis":"y","origin":[15,14,24]},"faces":{"north":{"uv":[0,0,2,2],"texture":"#0"},"east":{"uv":[6,9,8,11],"texture":"#0"},"south":{"uv":[0,0,2,2],"texture":"#0"},"west":{"uv":[0,0,2,2],"texture":"#0"},"up":{"uv":[0,0,2,2],"texture":"#0"},"down":{"uv":[0,0,2,2],"texture":"#0"}}},{"from":[0,8,15],"to":[2,10,17],"rotation":{"angle":0,"axis":"y","origin":[1,14,24]},"faces":{"north":{"uv":[0,0,2,2],"texture":"#0"},"east":{"uv":[0,0,2,2],"texture":"#0"},"south":{"uv":[0,0,2,2],"texture":"#0"},"west":{"uv":[0,0,2,2],"texture":"#0"},"up":{"uv":[0,0,2,2],"texture":"#0"},"down":{"uv":[0,0,2,2],"texture":"#0"}}},{"from":[3,8,15],"to":[4,10,16],"rotation":{"angle":0,"axis":"y","origin":[4,14,24]},"faces":{"north":{"uv":[5,4,6,6],"texture":"#0"},"east":{"uv":[5,4,6,6],"texture":"#0"},"south":{"uv":[5,4,6,6],"texture":"#0"},"west":{"uv":[5,4,6,6],"texture":"#0"},"up":{"uv":[5,4,6,6],"texture":"#0"},"down":{"uv":[5,4,6,6],"texture":"#0"}}},{"from":[12,8,15],"to":[13,10,16],"rotation":{"angle":0,"axis":"y","origin":[13,14,24]},"faces":{"north":{"uv":[5,4,6,6],"texture":"#0"},"east":{"uv":[5,4,6,6],"texture":"#0"},"south":{"uv":[5,4,6,6],"texture":"#0"},"west":{"uv":[5,4,6,6],"texture":"#0"},"up":{"uv":[5,4,6,6],"texture":"#0"},"down":{"uv":[5,4,6,6],"texture":"#0"}}},{"from":[12,3.5,17],"to":[13,6.5,17.25],"rotation":{"angle":0,"axis":"y","origin":[13,10,26]},"faces":{"north":{"uv":[5,4,6,6],"texture":"#0"},"east":{"uv":[5,4,6,6],"texture":"#0"},"south":{"uv":[5,4,6,6],"texture":"#0"},"west":{"uv":[5,4,6,6],"texture":"#0"},"up":{"uv":[5,4,6,6],"texture":"#0"},"down":{"uv":[5,4,6,6],"texture":"#0"}}},{"from":[3,3.5,17],"to":[4,6.5,17.25],"rotation":{"angle":0,"axis":"y","origin":[4,10,26]},"faces":{"north":{"uv":[5,4,6,6],"texture":"#0"},"east":{"uv":[5,4,6,6],"texture":"#0"},"south":{"uv":[5,4,6,6],"texture":"#0"},"west":{"uv":[5,4,6,6],"texture":"#0"},"up":{"uv":[5,4,6,6],"texture":"#0"},"down":{"uv":[5,4,6,6],"texture":"#0"}}},{"from":[5.25,3.5,17],"to":[6.25,6.5,17.25],"rotation":{"angle":0,"axis":"y","origin":[6.25,10,26]},"faces":{"north":{"uv":[5,4,6,6],"texture":"#0"},"east":{"uv":[5,4,6,6],"texture":"#0"},"south":{"uv":[5,4,6,6],"texture":"#0"},"west":{"uv":[5,4,6,6],"texture":"#0"},"up":{"uv":[5,4,6,6],"texture":"#0"},"down":{"uv":[5,4,6,6],"texture":"#0"}}},{"from":[9.75,3.5,17],"to":[10.75,6.5,17.25],"rotation":{"angle":0,"axis":"y","origin":[10.75,10,26]},"faces":{"north":{"uv":[5,4,6,6],"texture":"#0"},"east":{"uv":[5,4,6,6],"texture":"#0"},"south":{"uv":[5,4,6,6],"texture":"#0"},"west":{"uv":[5,4,6,6],"texture":"#0"},"up":{"uv":[5,4,6,6],"texture":"#0"},"down":{"uv":[5,4,6,6],"texture":"#0"}}},{"from":[7.5,3.5,17],"to":[8.5,6.5,17.25],"rotation":{"angle":0,"axis":"y","origin":[8.5,10,26]},"faces":{"north":{"uv":[5,4,6,6],"texture":"#0"},"east":{"uv":[5,4,6,6],"texture":"#0"},"south":{"uv":[5,4,6,6],"texture":"#0"},"west":{"uv":[5,4,6,6],"texture":"#0"},"up":{"uv":[5,4,6,6],"texture":"#0"},"down":{"uv":[5,4,6,6],"texture":"#0"}}},{"from":[0,2,0],"to":[16,12,15],"rotation":{"angle":0,"axis":"y","origin":[8,8,24]},"faces":{"north":{"uv":[0,0,16,10],"texture":"#0"},"east":{"uv":[0,0,15,10],"texture":"#0"},"south":{"uv":[0,0,16,10],"texture":"#1"},"west":{"uv":[0,0,15,10],"texture":"#0"},"up":{"uv":[0,0,16,15],"texture":"#0"},"down":{"uv":[0,0,16,15],"texture":"#0"}}},{"from":[1,12,1],"to":[15,15,16],"rotation":{"angle":0,"axis":"y","origin":[9,20,9]},"faces":{"north":{"uv":[0,0,14,3],"texture":"#0"},"east":{"uv":[0,0,15,3],"texture":"#0"},"south":{"uv":[0,0,14,3],"texture":"#0"},"west":{"uv":[0,0,15,3],"texture":"#0"},"up":{"uv":[0,0,14,15],"texture":"#0"},"down":{"uv":[0,0,14,15],"texture":"#0"}}},{"from":[3,15,6],"to":[13,17,17],"rotation":{"angle":0,"axis":"y","origin":[9,23,9]},"faces":{"north":{"uv":[0,0,10,2],"texture":"#0"},"east":{"uv":[0,0,11,2],"texture":"#0"},"south":{"uv":[0,0,10,2],"texture":"#0"},"west":{"uv":[0,0,11,2],"texture":"#0"},"up":{"uv":[0,0,10,11],"texture":"#0"},"down":{"uv":[0,0,10,11],"texture":"#0"}}},{"from":[1,0,1],"to":[15,2,16],"rotation":{"angle":0,"axis":"y","origin":[9,8,9]},"faces":{"north":{"uv":[0,0,14,2],"texture":"#0"},"east":{"uv":[0,0,15,2],"texture":"#0"},"south":{"uv":[0,0,14,2],"texture":"#0"},"west":{"uv":[0,0,15,2],"texture":"#0"},"up":{"uv":[0,0,14,15],"texture":"#0"},"down":{"uv":[0,0,14,15],"texture":"#0"}}}],"display":{"thirdperson_righthand":{"rotation":[0,-180,0],"translation":[0,3.25,1.25],"scale":[0.5,0.5,0.5]},"thirdperson_lefthand":{"rotation":[0,-180,0],"translation":[0,3,1.25],"scale":[0.5,0.5,0.5]},"firstperson_righthand":{"rotation":[0,-34,0],"translation":[1.75,4,2.25],"scale":[0.4,0.4,0.4]},"firstperson_lefthand":{"rotation":[0,-34,0],"translation":[1.75,4,2.25],"scale":[0.4,0.4,0.4]},"ground":{"translation":[0,1.75,0],"scale":[0.5,0.5,0.5]},"gui":{"rotation":[0,-43.75,0],"translation":[0.25,-0.5,0],"scale":[0.61719,0.61719,0.61719]},"head":{"rotation":[0,-180,0],"translation":[0,0.5,0],"scale":[1.1,1.1,1.1]},"fixed":{"rotation":[-90,0,0],"translation":[0,-1.25,-14.75],"scale":[2,2,2]}}}