{"credit":"Made with Blockbench","textures":{"0":"block/pumpkin_side","1":"colors/orange_yers","particle":"block/pumpkin_side"},"elements":[{"from":[0,2,15],"to":[16,4,17],"rotation":{"angle":0,"axis":"y","origin":[8,8,24]},"faces":{"east":{"uv":[0,0,2,2],"texture":"#0"},"south":{"uv":[0,0,16,2],"texture":"#0"},"west":{"uv":[0,0,2,2],"texture":"#0"},"up":{"uv":[0,0,16,2],"texture":"#0"},"down":{"uv":[0,0,16,2],"texture":"#0"}}},{"from":[0,13,15],"to":[16,15,17],"rotation":{"angle":0,"axis":"y","origin":[8,19,24]},"faces":{"east":{"uv":[0,0,2,2],"texture":"#0"},"south":{"uv":[0,0,16,2],"texture":"#0"},"west":{"uv":[0,0,2,2],"texture":"#0"},"up":{"uv":[0,0,16,2],"texture":"#0"},"down":{"uv":[0,0,16,2],"texture":"#0"}}},{"from":[7,8,15],"to":[9,12,17],"rotation":{"angle":0,"axis":"y","origin":[8,14,24]},"faces":{"east":{"uv":[0,0,2,4],"texture":"#0"},"south":{"uv":[0,0,2,4],"texture":"#0"},"west":{"uv":[0,0,2,4],"texture":"#0"}}},{"from":[0,7,15],"to":[16,8,17],"rotation":{"angle":0,"axis":"y","origin":[8,13,24]},"faces":{"east":{"uv":[0,0,2,1],"texture":"#0"},"south":{"uv":[0,0,16,1],"texture":"#0"},"west":{"uv":[0,0,2,1],"texture":"#0"},"up":{"uv":[0,0,16,2],"texture":"#0"},"down":{"uv":[0,0,16,2],"texture":"#0"}}},{"from":[0,4,15],"to":[1,7,17],"rotation":{"angle":0,"axis":"y","origin":[8,11,24]},"faces":{"east":{"uv":[0,0,2,3],"texture":"#0"},"south":{"uv":[0,0,1,3],"texture":"#0"},"west":{"uv":[1,0,3,3],"texture":"#0"}}},{"from":[15,4,15],"to":[16,7,17],"rotation":{"angle":0,"axis":"y","origin":[23,11,24]},"faces":{"east":{"uv":[0,0,2,3],"texture":"#0"},"south":{"uv":[0,0,1,3],"texture":"#0"},"west":{"uv":[0,0,2,3],"texture":"#0"}}},{"from":[13,4,15],"to":[14,5,17],"rotation":{"angle":0,"axis":"y","origin":[21,11,24]},"faces":{"east":{"uv":[0,0,2,1],"texture":"#0"},"south":{"uv":[0,0,1,1],"texture":"#0"},"west":{"uv":[0,0,2,1],"texture":"#0"},"up":{"uv":[0,0,1,2],"texture":"#0"}}},{"from":[2,4,15],"to":[3,5,17],"rotation":{"angle":0,"axis":"y","origin":[12,11,24]},"faces":{"east":{"uv":[0,0,2,1],"texture":"#0"},"south":{"uv":[0,0,1,1],"texture":"#0"},"west":{"uv":[0,0,2,1],"texture":"#0"},"up":{"uv":[0,0,1,2],"texture":"#0"}}},{"from":[7,4,15],"to":[9,5,17],"rotation":{"angle":0,"axis":"y","origin":[15,11,24]},"faces":{"east":{"uv":[0,0,2,1],"texture":"#0"},"south":{"uv":[0,0,2,1],"texture":"#0"},"west":{"uv":[0,0,2,1],"texture":"#0"},"up":{"uv":[0,0,2,2],"texture":"#0"}}},{"from":[10,6,15],"to":[12,7,17],"rotation":{"angle":0,"axis":"y","origin":[18,13,24]},"faces":{"east":{"uv":[0,0,2,1],"texture":"#0"},"south":{"uv":[0,0,2,1],"texture":"#0"},"west":{"uv":[0,0,2,1],"texture":"#0"},"down":{"uv":[0,0,2,2],"texture":"#0"}}},{"from":[4,6,15],"to":[6,7,17],"rotation":{"angle":0,"axis":"y","origin":[11,13,24]},"faces":{"east":{"uv":[0,0,2,1],"texture":"#0"},"south":{"uv":[0,0,2,1],"texture":"#0"},"west":{"uv":[0,0,2,1],"texture":"#0"},"down":{"uv":[0,0,2,2],"texture":"#0"}}},{"from":[14,8,15],"to":[16,13,17],"rotation":{"angle":0,"axis":"y","origin":[15,14,24]},"faces":{"east":{"uv":[0,0,2,5],"texture":"#0"},"south":{"uv":[0,0,2,5],"texture":"#0"},"west":{"uv":[0,0,2,5],"texture":"#0"}}},{"from":[0,8,15],"to":[2,13,17],"rotation":{"angle":0,"axis":"y","origin":[1,17,24]},"faces":{"east":{"uv":[0,0,2,5],"texture":"#0"},"south":{"uv":[0,0,2,5],"texture":"#0"},"west":{"uv":[0,0,2,5],"texture":"#0"}}},{"from":[5,12,15],"to":[11,13,17],"rotation":{"angle":0,"axis":"y","origin":[6,17,24]},"faces":{"east":{"uv":[0,0,2,1],"texture":"#0"},"south":{"uv":[0,0,6,1],"texture":"#0"},"west":{"uv":[0,0,2,1],"texture":"#0"},"down":{"uv":[0,0,6,2],"texture":"#0"}}},{"from":[0,2,0],"to":[16,15,15],"rotation":{"angle":0,"axis":"y","origin":[8,8,24]},"faces":{"north":{"uv":[0,0,16,13],"texture":"#0"},"east":{"uv":[0,0,15,13],"texture":"#0"},"south":{"uv":[0,0,16,13],"texture":"#1"},"west":{"uv":[0,0,15,13],"texture":"#0"},"up":{"uv":[0,0,16,15],"texture":"#0"},"down":{"uv":[0,0,16,15],"texture":"#0"}}},{"from":[1,15,1],"to":[15,17,16],"rotation":{"angle":0,"axis":"y","origin":[9,23,9]},"faces":{"north":{"uv":[0,0,14,2],"texture":"#0"},"east":{"uv":[0,0,15,2],"texture":"#0"},"south":{"uv":[0,0,14,2],"texture":"#0"},"west":{"uv":[0,0,15,2],"texture":"#0"},"up":{"uv":[0,0,14,15],"texture":"#0"}}},{"from":[-3,14,2],"to":[5,22,9],"rotation":{"angle":0,"axis":"y","origin":[0,22,9]},"faces":{"north":{"uv":[0,0,8,8],"texture":"#0"},"east":{"uv":[0,0,7,8],"texture":"#0"},"south":{"uv":[8,8,16,16],"texture":"#1"},"west":{"uv":[0,0,7,8],"texture":"#0"},"up":{"uv":[0,0,8,7],"texture":"#0"},"down":{"uv":[0,0,8,7],"texture":"#0"}}},{"from":[10,14,11],"to":[18,22,18],"rotation":{"angle":0,"axis":"y","origin":[-1,0,4]},"faces":{"north":{"uv":[0,0,8,8],"texture":"#0"},"east":{"uv":[0,0,7,8],"texture":"#0"},"south":{"uv":[8,8,16,16],"texture":"#1"},"west":{"uv":[0,0,7,8],"texture":"#0"},"up":{"uv":[0,0,8,7],"texture":"#0"},"down":{"uv":[0,0,8,7],"texture":"#0"}}},{"from":[-3,14,9],"to":[5,15,10],"rotation":{"angle":0,"axis":"y","origin":[0,22,16]},"faces":{"south":{"uv":[0,0,8,1],"texture":"#0"},"west":{"uv":[0,0,1,1],"texture":"#0"},"up":{"uv":[0,0,8,1],"texture":"#0"},"down":{"uv":[0,0,8,1],"texture":"#0"}}},{"from":[10,14,18],"to":[18,15,19],"rotation":{"angle":0,"axis":"y","origin":[-1,0,4]},"faces":{"east":{"uv":[0,0,1,1],"texture":"#0"},"south":{"uv":[0,0,8,1],"texture":"#0"},"west":{"uv":[0,0,1,1],"texture":"#0"},"up":{"uv":[0,0,8,1],"texture":"#0"},"down":{"uv":[0,0,8,1],"texture":"#0"}}},{"from":[-3,21,9],"to":[5,22,10],"rotation":{"angle":0,"axis":"y","origin":[0,29,16]},"faces":{"east":{"uv":[0,0,1,1],"texture":"#0"},"south":{"uv":[0,0,8,1],"texture":"#0"},"west":{"uv":[0,0,1,1],"texture":"#0"},"up":{"uv":[0,0,8,1],"texture":"#0"},"down":{"uv":[0,0,8,1],"texture":"#0"}}},{"from":[10,21,18],"to":[18,22,19],"rotation":{"angle":0,"axis":"y","origin":[-1,0,4]},"faces":{"east":{"uv":[0,0,1,1],"texture":"#0"},"south":{"uv":[0,0,8,1],"texture":"#0"},"west":{"uv":[0,0,1,1],"texture":"#0"},"up":{"uv":[0,0,8,1],"texture":"#0"},"down":{"uv":[0,0,8,1],"texture":"#0"}}},{"from":[-3,15,9],"to":[-2,21,10],"rotation":{"angle":0,"axis":"y","origin":[0,23,16]},"faces":{"east":{"uv":[0,0,1,6],"texture":"#0"},"south":{"uv":[0,0,1,6],"texture":"#0"},"west":{"uv":[0,0,1,6],"texture":"#0"}}},{"from":[10,15,18],"to":[11,21,19],"rotation":{"angle":0,"axis":"y","origin":[-1,0,4]},"faces":{"east":{"uv":[0,0,1,6],"texture":"#0"},"south":{"uv":[0,0,1,6],"texture":"#0"},"west":{"uv":[0,0,1,6],"texture":"#0"}}},{"from":[4,15,9],"to":[5,21,10],"rotation":{"angle":0,"axis":"y","origin":[7,23,16]},"faces":{"east":{"uv":[0,0,1,6],"texture":"#0"},"south":{"uv":[0,0,1,6],"texture":"#0"},"west":{"uv":[0,0,1,6],"texture":"#0"}}},{"from":[17,15,18],"to":[18,21,19],"rotation":{"angle":0,"axis":"y","origin":[-1,0,4]},"faces":{"east":{"uv":[0,0,1,6],"texture":"#0"},"south":{"uv":[0,0,1,6],"texture":"#0"},"west":{"uv":[0,0,1,6],"texture":"#0"}}},{"from":[0,19,9],"to":[2,21,10],"rotation":{"angle":0,"axis":"y","origin":[4,23,16]},"faces":{"east":{"uv":[0,0,1,2],"texture":"#0"},"south":{"uv":[0,0,2,2],"texture":"#0"},"west":{"uv":[0,0,1,2],"texture":"#0"}}},{"from":[-2,20,9],"to":[-1,21,10],"rotation":{"angle":0,"axis":"y","origin":[2,23,16]},"faces":{"east":{"uv":[0,0,1,1],"texture":"#0"},"south":{"uv":[0,0,1,1],"texture":"#0"},"down":{"uv":[0,0,1,1],"texture":"#0"}}},{"from":[3,20,9],"to":[4,21,10],"rotation":{"angle":0,"axis":"y","origin":[7,23,16]},"faces":{"south":{"uv":[0,0,1,1],"texture":"#0"},"west":{"uv":[0,0,1,1],"texture":"#0"},"down":{"uv":[0,0,1,1],"texture":"#0"}}},{"from":[13,19,18],"to":[15,20,19],"rotation":{"angle":0,"axis":"y","origin":[-1,0,4]},"faces":{"east":{"uv":[0,0,1,1],"texture":"#0"},"south":{"uv":[0,0,2,1],"texture":"#0"},"west":{"uv":[0,0,1,1],"texture":"#0"}}},{"from":[13,17,18],"to":[15,18,19],"rotation":{"angle":0,"axis":"y","origin":[-1,-2,4]},"faces":{"east":{"uv":[0,0,1,1],"texture":"#0"},"south":{"uv":[0,0,2,1],"texture":"#0"},"west":{"uv":[0,0,1,1],"texture":"#0"},"down":{"uv":[0,0,2,1],"texture":"#0"}}},{"from":[11,15,18],"to":[12,16,19],"rotation":{"angle":0,"axis":"y","origin":[-3,-4,4]},"faces":{"east":{"uv":[0,0,1,1],"texture":"#0"},"south":{"uv":[0,0,1,1],"texture":"#0"},"up":{"uv":[0,0,1,1],"texture":"#0"}}},{"from":[16,15,18],"to":[17,16,19],"rotation":{"angle":0,"axis":"y","origin":[1,-4,4]},"faces":{"south":{"uv":[0,0,1,1],"texture":"#0"},"west":{"uv":[0,0,1,1],"texture":"#0"},"up":{"uv":[0,0,1,1],"texture":"#0"}}},{"from":[12,20,18],"to":[16,21,19],"rotation":{"angle":0,"axis":"y","origin":[-1,0,4]},"faces":{"east":{"uv":[0,0,1,1],"texture":"#0"},"south":{"uv":[0,0,4,1],"texture":"#0"},"west":{"uv":[0,0,1,1],"texture":"#0"},"down":{"uv":[0,0,4,1],"texture":"#0"}}},{"from":[-2,18,9],"to":[4,19,10],"rotation":{"angle":0,"axis":"y","origin":[4,23,16]},"faces":{"south":{"uv":[0,0,6,1],"texture":"#0"},"up":{"uv":[0,0,6,1],"texture":"#0"},"down":{"uv":[0,0,6,1],"texture":"#0"}}},{"from":[11,18,18],"to":[17,19,19],"rotation":{"angle":0,"axis":"y","origin":[-1,0,4]},"faces":{"south":{"uv":[0,0,6,1],"texture":"#0"},"up":{"uv":[0,0,6,1],"texture":"#0"},"down":{"uv":[0,0,6,1],"texture":"#0"}}},{"from":[1,0,1],"to":[15,2,16],"rotation":{"angle":0,"axis":"y","origin":[9,8,9]},"faces":{"north":{"uv":[0,0,14,2],"texture":"#0"},"east":{"uv":[0,0,15,2],"texture":"#0"},"south":{"uv":[0,0,14,2],"texture":"#0"},"west":{"uv":[0,0,15,2],"texture":"#0"},"down":{"uv":[0,0,14,15],"texture":"#0"}}}],"display":{"thirdperson_righthand":{"rotation":[0,-180,0],"translation":[0,3.25,1.25],"scale":[0.5,0.5,0.5]},"thirdperson_lefthand":{"rotation":[0,-180,0],"translation":[0,3,1.25],"scale":[0.5,0.5,0.5]},"firstperson_righthand":{"rotation":[0,-34,0],"translation":[1.75,4,2.25],"scale":[0.4,0.4,0.4]},"firstperson_lefthand":{"rotation":[0,-34,0],"translation":[1.75,4,2.25],"scale":[0.4,0.4,0.4]},"ground":{"translation":[0,1.75,0],"scale":[0.5,0.5,0.5]},"gui":{"rotation":[0,-43.75,0],"translation":[0.25,-2.25,0],"scale":[0.61719,0.61719,0.61719]},"head":{"rotation":[0,-180,0],"translation":[0,0.5,0],"scale":[1.1,1.1,1.1]},"fixed":{"rotation":[-90,0,0],"translation":[0,-1.25,-14.75],"scale":[2,2,2]}}}