{"credit":"","textures":{"0":"block/pumpkin_side","1":"colors/red_yers","particle":"block/pumpkin_side"},"elements":[{"from":[0,2,15],"to":[16,3,17],"rotation":{"angle":0,"axis":"y","origin":[8,8,24]},"faces":{"north":{"uv":[0,0,16,1],"texture":"#0"},"east":{"uv":[2,2,4,3],"texture":"#0"},"south":{"uv":[0,0,16,1],"texture":"#0"},"west":{"uv":[0,0,2,1],"texture":"#0"},"up":{"uv":[0,0,16,2],"texture":"#0"},"down":{"uv":[0,0,16,2],"texture":"#0"}}},{"from":[0,12,15],"to":[16,14,17],"rotation":{"angle":0,"axis":"y","origin":[8,18,24]},"faces":{"north":{"uv":[0,0,16,2],"texture":"#0"},"east":{"uv":[2,2,4,4],"texture":"#0"},"south":{"uv":[0,0,16,2],"texture":"#0"},"west":{"uv":[0,0,2,2],"texture":"#0"},"up":{"uv":[0,0,16,2],"texture":"#0"},"down":{"uv":[0,0,16,2],"texture":"#0"}}},{"from":[7,10,15],"to":[9,12,16],"rotation":{"angle":0,"axis":"y","origin":[8,16,24]},"faces":{"north":{"uv":[5,5,6,6],"texture":"#0"},"east":{"uv":[5,5,6,6],"texture":"#0"},"south":{"uv":[5,5,6,6],"texture":"#0"},"west":{"uv":[5,5,6,6],"texture":"#0"},"up":{"uv":[5,5,6,6],"texture":"#0"},"down":{"uv":[5,5,6,6],"texture":"#0"}}},{"from":[2,12,17],"to":[14,13,18],"rotation":{"angle":0,"axis":"y","origin":[8,18,26]},"faces":{"north":{"uv":[0,0,12,1],"texture":"#0"},"east":{"uv":[0,0,1,1],"texture":"#0"},"south":{"uv":[2,1,14,2],"texture":"#0"},"west":{"uv":[0,0,1,1],"texture":"#0"},"up":{"uv":[0,0,12,1],"texture":"#0"},"down":{"uv":[0,0,12,1],"texture":"#0"}}},{"from":[0,7,15],"to":[16,8,17],"rotation":{"angle":0,"axis":"y","origin":[8,13,24]},"faces":{"north":{"uv":[0,0,16,1],"texture":"#0"},"east":{"uv":[1,3,3,4],"texture":"#0"},"south":{"uv":[0,0,16,1],"texture":"#0"},"west":{"uv":[0,0,2,1],"texture":"#0"},"up":{"uv":[0,0,16,2],"texture":"#0"},"down":{"uv":[0,0,16,2],"texture":"#0"}}},{"from":[0,3,15],"to":[1,7,17],"rotation":{"angle":0,"axis":"y","origin":[8,11,24]},"faces":{"north":{"uv":[0,0,1,4],"texture":"#0"},"east":{"uv":[0,0,2,4],"texture":"#0"},"south":{"uv":[0,0,1,4],"texture":"#0"},"west":{"uv":[1,0,3,4],"texture":"#0"},"up":{"uv":[0,0,1,2],"texture":"#0"},"down":{"uv":[0,0,1,2],"texture":"#0"}}},{"from":[15,3,15],"to":[16,7,17],"rotation":{"angle":0,"axis":"y","origin":[23,11,24]},"faces":{"north":{"uv":[0,0,1,4],"texture":"#0"},"east":{"uv":[2,0,4,4],"texture":"#0"},"south":{"uv":[0,0,1,4],"texture":"#0"},"west":{"uv":[0,0,2,4],"texture":"#0"},"up":{"uv":[0,0,1,2],"texture":"#0"},"down":{"uv":[0,0,1,2],"texture":"#0"}}},{"from":[12,3,15],"to":[15,4,17],"rotation":{"angle":0,"axis":"y","origin":[22,10,24]},"faces":{"north":{"uv":[0,0,3,1],"texture":"#0"},"east":{"uv":[0,0,2,1],"texture":"#0"},"south":{"uv":[0,0,3,1],"texture":"#0"},"west":{"uv":[0,0,2,1],"texture":"#0"},"up":{"uv":[0,0,3,2],"texture":"#0"},"down":{"uv":[0,0,3,2],"texture":"#0"}}},{"from":[1,3,15],"to":[4,4,17],"rotation":{"angle":0,"axis":"y","origin":[11,10,24]},"faces":{"north":{"uv":[0,0,3,1],"texture":"#0"},"east":{"uv":[0,0,2,1],"texture":"#0"},"south":{"uv":[0,0,3,1],"texture":"#0"},"west":{"uv":[0,0,2,1],"texture":"#0"},"up":{"uv":[0,0,3,2],"texture":"#0"},"down":{"uv":[0,0,3,2],"texture":"#0"}}},{"from":[5,3,15],"to":[7,4,16],"rotation":{"angle":0,"axis":"y","origin":[15,10,24]},"faces":{"north":{"uv":[5,5,6,6],"texture":"#0"},"east":{"uv":[5,5,6,6],"texture":"#0"},"south":{"uv":[5,5,6,6],"texture":"#0"},"west":{"uv":[5,5,6,6],"texture":"#0"},"up":{"uv":[5,5,6,6],"texture":"#0"},"down":{"uv":[5,5,6,6],"texture":"#0"}}},{"from":[9,3,15],"to":[11,4,16],"rotation":{"angle":0,"axis":"y","origin":[19,10,24]},"faces":{"north":{"uv":[5,5,6,6],"texture":"#0"},"east":{"uv":[5,5,6,6],"texture":"#0"},"south":{"uv":[5,5,6,6],"texture":"#0"},"west":{"uv":[5,5,6,6],"texture":"#0"},"up":{"uv":[5,5,6,6],"texture":"#0"},"down":{"uv":[5,5,6,6],"texture":"#0"}}},{"from":[10,6,15],"to":[12,7,16],"rotation":{"angle":0,"axis":"y","origin":[16,13,24]},"faces":{"north":{"uv":[5,5,6,6],"texture":"#0"},"east":{"uv":[5,5,6,6],"texture":"#0"},"south":{"uv":[5,5,6,6],"texture":"#0"},"west":{"uv":[5,5,6,6],"texture":"#0"},"up":{"uv":[5,5,6,6],"texture":"#0"},"down":{"uv":[5,5,6,6],"texture":"#0"}}},{"from":[4,6,15],"to":[6,7,16],"rotation":{"angle":0,"axis":"y","origin":[10,13,24]},"faces":{"north":{"uv":[5,5,6,6],"texture":"#0"},"east":{"uv":[5,5,6,6],"texture":"#0"},"south":{"uv":[5,5,6,6],"texture":"#0"},"west":{"uv":[5,5,6,6],"texture":"#0"},"up":{"uv":[5,5,6,6],"texture":"#0"},"down":{"uv":[5,5,6,6],"texture":"#0"}}},{"from":[7,6,15],"to":[9,7,16],"rotation":{"angle":0,"axis":"y","origin":[13,13,24]},"faces":{"north":{"uv":[5,5,6,6],"texture":"#0"},"east":{"uv":[5,5,6,6],"texture":"#0"},"south":{"uv":[5,5,6,6],"texture":"#0"},"west":{"uv":[5,5,6,6],"texture":"#0"},"up":{"uv":[5,5,6,6],"texture":"#0"},"down":{"uv":[5,5,6,6],"texture":"#0"}}},{"from":[13,6,14],"to":[14,7,16],"rotation":{"angle":0,"axis":"y","origin":[20,13,23]},"faces":{"north":{"uv":[5,5,6,6],"texture":"#0"},"east":{"uv":[5,5,6,6],"texture":"#0"},"south":{"uv":[5,5,6,6],"texture":"#0"},"west":{"uv":[5,5,6,6],"texture":"#0"},"up":{"uv":[5,5,6,6],"texture":"#0"},"down":{"uv":[5,5,6,6],"texture":"#0"}}},{"from":[2,6,14],"to":[3,7,16],"rotation":{"angle":0,"axis":"y","origin":[9,13,23]},"faces":{"north":{"uv":[5,5,6,6],"texture":"#0"},"east":{"uv":[5,5,6,6],"texture":"#0"},"south":{"uv":[5,5,6,6],"texture":"#0"},"west":{"uv":[5,5,6,6],"texture":"#0"},"up":{"uv":[5,5,6,6],"texture":"#0"},"down":{"uv":[5,5,6,6],"texture":"#0"}}},{"from":[13,8,15],"to":[16,12,17],"rotation":{"angle":0,"axis":"y","origin":[15,14,24]},"faces":{"north":{"uv":[0,0,3,4],"texture":"#0"},"east":{"uv":[6,9,8,13],"texture":"#0"},"south":{"uv":[0,0,3,4],"texture":"#0"},"west":{"uv":[0,0,2,4],"texture":"#0"},"up":{"uv":[0,0,3,2],"texture":"#0"},"down":{"uv":[0,0,3,2],"texture":"#0"}}},{"from":[0,8,15],"to":[3,12,17],"rotation":{"angle":0,"axis":"y","origin":[1,14,24]},"faces":{"north":{"uv":[0,0,3,4],"texture":"#0"},"east":{"uv":[0,0,2,4],"texture":"#0"},"south":{"uv":[0,0,3,4],"texture":"#0"},"west":{"uv":[0,0,2,4],"texture":"#0"},"up":{"uv":[0,0,3,2],"texture":"#0"},"down":{"uv":[0,0,3,2],"texture":"#0"}}},{"from":[0,2,0],"to":[16,14,15],"rotation":{"angle":0,"axis":"y","origin":[8,8,24]},"faces":{"north":{"uv":[0,0,16,12],"texture":"#0"},"east":{"uv":[0,0,15,12],"texture":"#0"},"south":{"uv":[0,0,16,12],"texture":"#1"},"west":{"uv":[0,0,15,12],"texture":"#0"},"up":{"uv":[0,0,16,15],"texture":"#0"},"down":{"uv":[0,0,16,15],"texture":"#0"}}},{"from":[1,14,1],"to":[15,16,16],"rotation":{"angle":0,"axis":"y","origin":[9,22,9]},"faces":{"north":{"uv":[0,0,14,2],"texture":"#0"},"east":{"uv":[0,0,15,2],"texture":"#0"},"south":{"uv":[0,0,14,2],"texture":"#0"},"west":{"uv":[0,0,15,2],"texture":"#0"},"up":{"uv":[0,0,14,15],"texture":"#0"},"down":{"uv":[0,0,14,15],"texture":"#0"}}},{"from":[16,8,8],"to":[19,14,9],"rotation":{"angle":0,"axis":"y","origin":[24,16,9]},"faces":{"north":{"uv":[0,0,3,6],"texture":"#0"},"east":{"uv":[0,0,1,6],"texture":"#0"},"south":{"uv":[13,0,16,6],"texture":"#0"},"west":{"uv":[0,0,1,6],"texture":"#0"},"up":{"uv":[0,0,3,1],"texture":"#0"},"down":{"uv":[0,0,3,1],"texture":"#0"}}},{"from":[-3,8,8],"to":[0,14,9],"rotation":{"angle":0,"axis":"y","origin":[-8,16,9]},"faces":{"north":{"uv":[3,0,0,6],"texture":"#0"},"east":{"uv":[1,0,0,6],"texture":"#0"},"south":{"uv":[16,0,13,6],"texture":"#0"},"west":{"uv":[1,0,0,6],"texture":"#0"},"up":{"uv":[3,0,0,1],"texture":"#0"},"down":{"uv":[3,0,0,1],"texture":"#0"}}},{"from":[17,14,8],"to":[19,15,9],"rotation":{"angle":0,"axis":"y","origin":[24,22,9]},"faces":{"north":{"uv":[0,0,2,1],"texture":"#0"},"east":{"uv":[0,0,1,1],"texture":"#0"},"south":{"uv":[0,0,2,1],"texture":"#0"},"west":{"uv":[0,0,1,1],"texture":"#0"},"up":{"uv":[0,0,2,1],"texture":"#0"},"down":{"uv":[0,0,2,1],"texture":"#0"}}},{"from":[-3,14,8],"to":[-1,15,9],"rotation":{"angle":0,"axis":"y","origin":[-8,22,9]},"faces":{"north":{"uv":[2,0,0,1],"texture":"#0"},"east":{"uv":[1,0,0,1],"texture":"#0"},"south":{"uv":[2,0,0,1],"texture":"#0"},"west":{"uv":[1,0,0,1],"texture":"#0"},"up":{"uv":[2,0,0,1],"texture":"#0"},"down":{"uv":[2,0,0,1],"texture":"#0"}}},{"from":[16,7,8],"to":[18,8,9],"rotation":{"angle":0,"axis":"y","origin":[23,15,9]},"faces":{"north":{"uv":[0,0,2,1],"texture":"#0"},"east":{"uv":[0,0,1,1],"texture":"#0"},"south":{"uv":[0,0,2,1],"texture":"#0"},"west":{"uv":[0,0,1,1],"texture":"#0"},"up":{"uv":[0,0,2,1],"texture":"#0"},"down":{"uv":[0,0,2,1],"texture":"#0"}}},{"from":[-2,7,8],"to":[0,8,9],"rotation":{"angle":0,"axis":"y","origin":[-7,15,9]},"faces":{"north":{"uv":[2,0,0,1],"texture":"#0"},"east":{"uv":[1,0,0,1],"texture":"#0"},"south":{"uv":[2,0,0,1],"texture":"#0"},"west":{"uv":[1,0,0,1],"texture":"#0"},"up":{"uv":[2,0,0,1],"texture":"#0"},"down":{"uv":[2,0,0,1],"texture":"#0"}}},{"from":[1,0,1],"to":[15,2,16],"rotation":{"angle":0,"axis":"y","origin":[9,8,9]},"faces":{"north":{"uv":[0,0,14,2],"texture":"#0"},"east":{"uv":[0,0,15,2],"texture":"#0"},"south":{"uv":[0,0,14,2],"texture":"#0"},"west":{"uv":[0,0,15,2],"texture":"#0"},"up":{"uv":[0,0,14,15],"texture":"#0"},"down":{"uv":[0,0,14,15],"texture":"#0"}}}],"display":{"thirdperson_righthand":{"rotation":[0,-180,0],"translation":[0,3.25,1.25],"scale":[0.5,0.5,0.5]},"thirdperson_lefthand":{"rotation":[0,-180,0],"translation":[0,3,1.25],"scale":[0.5,0.5,0.5]},"firstperson_righthand":{"rotation":[0,-34,0],"translation":[1.75,4,2.25],"scale":[0.4,0.4,0.4]},"firstperson_lefthand":{"rotation":[0,-34,0],"translation":[1.75,4,2.25],"scale":[0.4,0.4,0.4]},"ground":{"translation":[0,1.75,0],"scale":[0.5,0.5,0.5]},"gui":{"rotation":[0,-43.75,0],"translation":[0.25,-0.5,0],"scale":[0.61719,0.61719,0.61719]},"head":{"rotation":[0,-180,0],"translation":[0,0.5,0],"scale":[1.1,1.1,1.1]},"fixed":{"rotation":[-90,0,0],"translation":[0,-1.25,-14.75],"scale":[2,2,2]}}}