{"credit":"","textures":{"0":"block/pumpkin_side","1":"colors/yellow_yers","particle":"block/pumpkin_side"},"elements":[{"from":[0,2,15],"to":[16,4,17],"rotation":{"angle":0,"axis":"y","origin":[8,8,24]},"faces":{"north":{"uv":[0,0,16,2],"texture":"#0"},"east":{"uv":[2,2,4,4],"texture":"#0"},"south":{"uv":[0,0,16,2],"texture":"#0"},"west":{"uv":[0,0,2,2],"texture":"#0"},"up":{"uv":[0,0,16,2],"texture":"#0"},"down":{"uv":[0,0,16,2],"texture":"#0"}}},{"from":[0,15,15],"to":[16,17,17],"rotation":{"angle":0,"axis":"y","origin":[8,21,24]},"faces":{"north":{"uv":[0,0,16,2],"texture":"#0"},"east":{"uv":[2,2,4,4],"texture":"#0"},"south":{"uv":[0,0,16,2],"texture":"#0"},"west":{"uv":[0,0,2,2],"texture":"#0"},"up":{"uv":[0,0,16,2],"texture":"#0"},"down":{"uv":[0,0,16,2],"texture":"#0"}}},{"from":[7,12,15],"to":[9,14,17],"rotation":{"angle":0,"axis":"y","origin":[8,19,24]},"faces":{"north":{"uv":[0,0,2,2],"texture":"#0"},"east":{"uv":[0,0,2,2],"texture":"#0"},"south":{"uv":[2,1,4,3],"texture":"#0"},"west":{"uv":[0,0,2,2],"texture":"#0"},"up":{"uv":[0,0,2,2],"texture":"#0"},"down":{"uv":[0,0,2,2],"texture":"#0"}}},{"from":[0,10,15],"to":[16,11,17],"rotation":{"angle":0,"axis":"y","origin":[8,16,24]},"faces":{"north":{"uv":[0,0,16,1],"texture":"#0"},"east":{"uv":[1,3,3,4],"texture":"#0"},"south":{"uv":[0,0,16,1],"texture":"#0"},"west":{"uv":[0,0,2,1],"texture":"#0"},"up":{"uv":[0,0,16,2],"texture":"#0"},"down":{"uv":[0,0,16,2],"texture":"#0"}}},{"from":[0,4,15],"to":[2,10,17],"rotation":{"angle":0,"axis":"y","origin":[8,11,24]},"faces":{"north":{"uv":[0,0,2,6],"texture":"#0"},"east":{"uv":[0,0,2,6],"texture":"#0"},"south":{"uv":[0,0,2,6],"texture":"#0"},"west":{"uv":[1,0,3,6],"texture":"#0"},"up":{"uv":[0,0,2,2],"texture":"#0"},"down":{"uv":[0,0,2,2],"texture":"#0"}}},{"from":[14,4,15],"to":[16,10,17],"rotation":{"angle":0,"axis":"y","origin":[23,11,24]},"faces":{"north":{"uv":[0,0,2,6],"texture":"#0"},"east":{"uv":[2,0,4,6],"texture":"#0"},"south":{"uv":[0,0,2,6],"texture":"#0"},"west":{"uv":[0,0,2,6],"texture":"#0"},"up":{"uv":[0,0,2,2],"texture":"#0"},"down":{"uv":[0,0,2,2],"texture":"#0"}}},{"from":[7,4,15],"to":[9,6,16],"rotation":{"angle":0,"axis":"y","origin":[15,11,24]},"faces":{"north":{"uv":[5,4,6,5],"texture":"#0"},"east":{"uv":[5,4,6,5],"texture":"#0"},"south":{"uv":[5,4,6,5],"texture":"#0"},"west":{"uv":[5,4,6,5],"texture":"#0"},"up":{"uv":[5,4,6,5],"texture":"#0"},"down":{"uv":[5,4,6,5],"texture":"#0"}}},{"from":[7,8,15],"to":[9,10,16],"rotation":{"angle":0,"axis":"y","origin":[15,15,24]},"faces":{"north":{"uv":[5,4,6,5],"texture":"#0"},"east":{"uv":[5,4,6,5],"texture":"#0"},"south":{"uv":[5,4,6,5],"texture":"#0"},"west":{"uv":[5,4,6,5],"texture":"#0"},"up":{"uv":[5,4,6,5],"texture":"#0"},"down":{"uv":[5,4,6,5],"texture":"#0"}}},{"from":[14,11,15],"to":[16,15,17],"rotation":{"angle":0,"axis":"y","origin":[15,19,24]},"faces":{"north":{"uv":[0,0,2,4],"texture":"#0"},"east":{"uv":[6,9,8,13],"texture":"#0"},"south":{"uv":[0,0,2,4],"texture":"#0"},"west":{"uv":[0,0,2,4],"texture":"#0"},"up":{"uv":[0,0,2,2],"texture":"#0"},"down":{"uv":[0,0,2,2],"texture":"#0"}}},{"from":[0,11,15],"to":[2,15,17],"rotation":{"angle":0,"axis":"y","origin":[1,19,24]},"faces":{"north":{"uv":[0,0,2,4],"texture":"#0"},"east":{"uv":[0,0,2,4],"texture":"#0"},"south":{"uv":[0,0,2,4],"texture":"#0"},"west":{"uv":[0,0,2,4],"texture":"#0"},"up":{"uv":[0,0,2,2],"texture":"#0"},"down":{"uv":[0,0,2,2],"texture":"#0"}}},{"from":[5,14,15],"to":[11,15,17],"rotation":{"angle":0,"axis":"y","origin":[6,19,24]},"faces":{"north":{"uv":[0,0,6,1],"texture":"#0"},"east":{"uv":[0,0,2,1],"texture":"#0"},"south":{"uv":[0,0,6,1],"texture":"#0"},"west":{"uv":[0,0,2,1],"texture":"#0"},"up":{"uv":[0,0,6,2],"texture":"#0"},"down":{"uv":[0,0,6,2],"texture":"#0"}}},{"from":[9,11,15],"to":[11,12,17],"rotation":{"angle":0,"axis":"y","origin":[6,16,24]},"faces":{"north":{"uv":[0,0,2,1],"texture":"#0"},"east":{"uv":[0,0,2,1],"texture":"#0"},"south":{"uv":[0,0,2,1],"texture":"#0"},"west":{"uv":[0,0,2,1],"texture":"#0"},"up":{"uv":[0,0,2,2],"texture":"#0"},"down":{"uv":[0,0,2,2],"texture":"#0"}}},{"from":[5,11,15],"to":[7,12,17],"rotation":{"angle":0,"axis":"y","origin":[2,16,24]},"faces":{"north":{"uv":[0,0,2,1],"texture":"#0"},"east":{"uv":[0,0,2,1],"texture":"#0"},"south":{"uv":[0,0,2,1],"texture":"#0"},"west":{"uv":[0,0,2,1],"texture":"#0"},"up":{"uv":[0,0,2,2],"texture":"#0"},"down":{"uv":[0,0,2,2],"texture":"#0"}}},{"from":[2,12,15],"to":[4,14,16],"rotation":{"angle":0,"axis":"y","origin":[-1,18,24]},"faces":{"north":{"uv":[5,4,6,5],"texture":"#0"},"east":{"uv":[5,4,6,5],"texture":"#0"},"south":{"uv":[5,4,6,5],"texture":"#0"},"west":{"uv":[5,4,6,5],"texture":"#0"},"up":{"uv":[5,4,6,5],"texture":"#0"},"down":{"uv":[5,4,6,5],"texture":"#0"}}},{"from":[12,12,15],"to":[14,14,16],"rotation":{"angle":0,"axis":"y","origin":[9,18,24]},"faces":{"north":{"uv":[5,4,6,5],"texture":"#0"},"east":{"uv":[5,4,6,5],"texture":"#0"},"south":{"uv":[5,4,6,5],"texture":"#0"},"west":{"uv":[5,4,6,5],"texture":"#0"},"up":{"uv":[5,4,6,5],"texture":"#0"},"down":{"uv":[5,4,6,5],"texture":"#0"}}},{"from":[7,11,15],"to":[9,12,16],"rotation":{"angle":0,"axis":"y","origin":[4,16,24]},"faces":{"north":{"uv":[5,4,6,5],"texture":"#0"},"east":{"uv":[5,4,6,5],"texture":"#0"},"south":{"uv":[5,4,6,5],"texture":"#0"},"west":{"uv":[5,4,6,5],"texture":"#0"},"up":{"uv":[5,4,6,5],"texture":"#0"},"down":{"uv":[5,4,6,5],"texture":"#0"}}},{"from":[0,2,0],"to":[16,17,15],"rotation":{"angle":0,"axis":"y","origin":[8,8,24]},"faces":{"north":{"uv":[0,0,16,15],"texture":"#0"},"east":{"uv":[0,0,15,15],"texture":"#0"},"south":{"uv":[0,0,16,15],"texture":"#1"},"west":{"uv":[0,0,15,15],"texture":"#0"},"up":{"uv":[0,0,16,15],"texture":"#0"},"down":{"uv":[0,0,16,15],"texture":"#0"}}},{"from":[16,9,9],"to":[17,14,10],"rotation":{"angle":0,"axis":"y","origin":[24,8,24]},"faces":{"north":{"uv":[0,0,1,5],"texture":"#0"},"east":{"uv":[0,0,1,5],"texture":"#0"},"south":{"uv":[0,0,1,5],"texture":"#0"},"west":{"uv":[0,0,1,5],"texture":"#0"},"up":{"uv":[0,0,1,1],"texture":"#0"},"down":{"uv":[0,0,1,1],"texture":"#0"}}},{"from":[-1,9,9],"to":[0,14,10],"rotation":{"angle":0,"axis":"y","origin":[-8,8,24]},"faces":{"north":{"uv":[1,0,0,5],"texture":"#0"},"east":{"uv":[1,0,0,5],"texture":"#0"},"south":{"uv":[1,0,0,5],"texture":"#0"},"west":{"uv":[1,0,0,5],"texture":"#0"},"up":{"uv":[1,0,0,1],"texture":"#0"},"down":{"uv":[1,0,0,1],"texture":"#0"}}},{"from":[17,8,9],"to":[20,15,10],"rotation":{"angle":0,"axis":"y","origin":[25,8,24]},"faces":{"north":{"uv":[0,0,3,7],"texture":"#0"},"east":{"uv":[0,0,1,7],"texture":"#0"},"south":{"uv":[0,0,3,7],"texture":"#0"},"west":{"uv":[0,0,1,7],"texture":"#0"},"up":{"uv":[0,0,3,1],"texture":"#0"},"down":{"uv":[0,0,3,1],"texture":"#0"}}},{"from":[-4,8,9],"to":[-1,15,10],"rotation":{"angle":0,"axis":"y","origin":[-9,8,24]},"faces":{"north":{"uv":[3,0,0,7],"texture":"#0"},"east":{"uv":[1,0,0,7],"texture":"#0"},"south":{"uv":[3,0,0,7],"texture":"#0"},"west":{"uv":[1,0,0,7],"texture":"#0"},"up":{"uv":[3,0,0,1],"texture":"#0"},"down":{"uv":[3,0,0,1],"texture":"#0"}}},{"from":[20,10,9],"to":[21,14,10],"rotation":{"angle":0,"axis":"y","origin":[28,8,24]},"faces":{"north":{"uv":[0,0,1,4],"texture":"#0"},"east":{"uv":[0,0,1,4],"texture":"#0"},"south":{"uv":[0,0,1,4],"texture":"#0"},"west":{"uv":[0,0,1,4],"texture":"#0"},"up":{"uv":[0,0,1,1],"texture":"#0"},"down":{"uv":[0,0,1,1],"texture":"#0"}}},{"from":[-5,10,9],"to":[-4,14,10],"rotation":{"angle":0,"axis":"y","origin":[-12,8,24]},"faces":{"north":{"uv":[1,0,0,4],"texture":"#0"},"east":{"uv":[1,0,0,4],"texture":"#0"},"south":{"uv":[1,0,0,4],"texture":"#0"},"west":{"uv":[1,0,0,4],"texture":"#0"},"up":{"uv":[1,0,0,1],"texture":"#0"},"down":{"uv":[1,0,0,1],"texture":"#0"}}},{"from":[1,18,1],"to":[15,21,16],"rotation":{"angle":0,"axis":"y","origin":[9,25,9]},"faces":{"north":{"uv":[0,0,14,3],"texture":"#0"},"east":{"uv":[0,0,15,3],"texture":"#0"},"south":{"uv":[0,0,14,3],"texture":"#0"},"west":{"uv":[0,0,15,3],"texture":"#0"},"up":{"uv":[0,0,14,15],"texture":"#0"},"down":{"uv":[0,0,14,15],"texture":"#0"}}},{"from":[1,17,1],"to":[15,18,15],"rotation":{"angle":0,"axis":"y","origin":[9,24,9]},"faces":{"north":{"uv":[0,0,14,1],"texture":"#0"},"east":{"uv":[0,0,14,1],"texture":"#0"},"south":{"uv":[0,0,14,1],"texture":"#0"},"west":{"uv":[0,0,14,1],"texture":"#0"},"up":{"uv":[0,0,14,14],"texture":"#0"},"down":{"uv":[0,0,14,14],"texture":"#0"}}},{"from":[1,17,15],"to":[2,18,16],"rotation":{"angle":0,"axis":"y","origin":[4,24,23]},"faces":{"north":{"uv":[0,0,1,1],"texture":"#0"},"east":{"uv":[0,0,1,1],"texture":"#0"},"south":{"uv":[0,0,1,1],"texture":"#0"},"west":{"uv":[0,0,1,1],"texture":"#0"},"up":{"uv":[0,0,1,1],"texture":"#0"},"down":{"uv":[0,0,1,1],"texture":"#0"}}},{"from":[6,17,15],"to":[10,18,16],"rotation":{"angle":0,"axis":"y","origin":[10,24,23]},"faces":{"north":{"uv":[0,0,4,1],"texture":"#0"},"east":{"uv":[0,0,1,1],"texture":"#0"},"south":{"uv":[0,0,4,1],"texture":"#0"},"west":{"uv":[0,0,1,1],"texture":"#0"},"up":{"uv":[0,0,4,1],"texture":"#0"},"down":{"uv":[0,0,4,1],"texture":"#0"}}},{"from":[14,17,15],"to":[15,18,16],"rotation":{"angle":0,"axis":"y","origin":[17,24,23]},"faces":{"north":{"uv":[0,0,1,1],"texture":"#0"},"east":{"uv":[0,0,1,1],"texture":"#0"},"south":{"uv":[0,0,1,1],"texture":"#0"},"west":{"uv":[0,0,1,1],"texture":"#0"},"up":{"uv":[0,0,1,1],"texture":"#0"},"down":{"uv":[0,0,1,1],"texture":"#0"}}},{"from":[6,21,7],"to":[10,22,10],"rotation":{"angle":0,"axis":"y","origin":[9,29,9]},"faces":{"north":{"uv":[0,0,4,1],"texture":"#0"},"east":{"uv":[0,0,3,1],"texture":"#0"},"south":{"uv":[0,0,4,1],"texture":"#0"},"west":{"uv":[0,0,3,1],"texture":"#0"},"up":{"uv":[0,0,4,3],"texture":"#0"},"down":{"uv":[0,0,4,3],"texture":"#0"}}},{"from":[1,0,1],"to":[15,2,16],"rotation":{"angle":0,"axis":"y","origin":[9,8,9]},"faces":{"north":{"uv":[0,0,14,2],"texture":"#0"},"east":{"uv":[0,0,15,2],"texture":"#0"},"south":{"uv":[0,0,14,2],"texture":"#0"},"west":{"uv":[0,0,15,2],"texture":"#0"},"up":{"uv":[0,0,14,15],"texture":"#0"},"down":{"uv":[0,0,14,15],"texture":"#0"}}}],"display":{"thirdperson_righthand":{"rotation":[0,-180,0],"translation":[0,3.25,1.25],"scale":[0.5,0.5,0.5]},"thirdperson_lefthand":{"rotation":[0,-180,0],"translation":[0,3,1.25],"scale":[0.5,0.5,0.5]},"firstperson_righthand":{"rotation":[0,-34,0],"translation":[1.75,4,2.25],"scale":[0.4,0.4,0.4]},"firstperson_lefthand":{"rotation":[0,-34,0],"translation":[1.75,4,2.25],"scale":[0.4,0.4,0.4]},"ground":{"translation":[0,1.75,0],"scale":[0.5,0.5,0.5]},"gui":{"rotation":[0,-43.75,0],"translation":[0.25,-2,0],"scale":[0.61719,0.61719,0.61719]},"head":{"rotation":[0,-180,0],"translation":[0,0.5,0],"scale":[1.1,1.1,1.1]},"fixed":{"rotation":[-90,0,0],"translation":[0,-1.25,-14.75],"scale":[2,2,2]}}}