{
	"credit": "Made with Blockbench",
	"textures": {
		"0": "cuffs/cuffs",
		"2": "block/gold_block",
		"particle": "cuffs/cuffs"
	},
	"elements": [
		{
			"from": [3.02843, 1.6, 5.42843],
			"to": [5.02843, 3, 9.42843],
			"rotation": {"angle": 45, "axis": "y", "origin": [-0.8, 2.3, 7.35685]},
			"faces": {
				"north": {"uv": [0, 0, 3.09333, 2.45333], "rotation": 90, "texture": "#0"},
				"east": {"uv": [0, 0, 3.09333, 2.45333], "rotation": 90, "texture": "#0"},
				"south": {"uv": [0, 0, 3.09333, 2.45333], "rotation": 90, "texture": "#0"},
				"west": {"uv": [0, 0, 3.09333, 2.45333], "rotation": 90, "texture": "#0"},
				"up": {"uv": [0, 0, 16, 9], "rotation": 90, "texture": "#0"},
				"down": {"uv": [0, 0, 3.09333, 2.45333], "rotation": 90, "texture": "#0"}
			}
		},
		{
			"from": [3.25061, 1.9, 4.57904],
			"to": [5.25061, 2.7, 5.57904],
			"rotation": {"angle": -45, "axis": "y", "origin": [3.25061, 2.3, 5.07904]},
			"faces": {
				"north": {"uv": [11.2, 0, 16, 5.01333], "rotation": 90, "texture": "#0"},
				"east": {"uv": [11.2, 0, 16, 5.01333], "rotation": 90, "texture": "#0"},
				"south": {"uv": [11.2, 0, 16, 5.01333], "rotation": 90, "texture": "#0"},
				"west": {"uv": [11.2, 0, 16, 5.01333], "rotation": 90, "texture": "#0"},
				"up": {"uv": [11.2, 0, 16, 5.01333], "rotation": 90, "texture": "#0"},
				"down": {"uv": [11.2, 0, 16, 5.01333], "rotation": 90, "texture": "#0"}
			}
		},
		{
			"from": [-2.35, 1.6, 9.45],
			"to": [-1.85, 3, 9.95],
			"rotation": {"angle": 0, "axis": "y", "origin": [5.15, 9.8, 16.95]},
			"faces": {
				"north": {"uv": [12, 0.5, 13.5, 2], "texture": "#0"},
				"east": {"uv": [12, 0.5, 13.5, 2], "texture": "#0"},
				"south": {"uv": [12, 0.5, 13.5, 2], "texture": "#0"},
				"west": {"uv": [12, 0.5, 13.5, 2], "texture": "#0"},
				"up": {"uv": [12, 0.5, 13.5, 2], "texture": "#0"},
				"down": {"uv": [12, 0.5, 13.5, 2], "texture": "#0"}
			}
		},
		{
			"from": [7.20707, 1.6, 6.36242],
			"to": [9.20707, 3, 10.36242],
			"rotation": {"angle": -45, "axis": "y", "origin": [12.973, 2.3, 8.36242]},
			"faces": {
				"north": {"uv": [0, 0, 3.09333, 2.45333], "texture": "#0"},
				"east": {"uv": [0, 0, 3.09333, 2.45333], "texture": "#0"},
				"south": {"uv": [0, 0, 3.09333, 2.45333], "texture": "#0"},
				"west": {"uv": [0, 0, 3.09333, 2.45333], "texture": "#0"},
				"up": {"uv": [0, 0, 3.09333, 3.41333], "texture": "#0"},
				"down": {"uv": [0, 10.5, 10.5, 16], "rotation": 90, "texture": "#0"}
			}
		},
		{
			"from": [9.7672, 1.8, 3.4898],
			"to": [15.7672, 2.8, 4.4898],
			"rotation": {"angle": 45, "axis": "y", "origin": [12.973, 2.3, 8.36242]},
			"faces": {
				"north": {"uv": [13.5, 13, 15.5, 15], "rotation": 90, "texture": "#0"},
				"east": {"uv": [13.5, 13, 15.5, 15], "rotation": 90, "texture": "#0"},
				"south": {"uv": [13.5, 13, 15.5, 15], "rotation": 90, "texture": "#0"},
				"west": {"uv": [13.5, 13, 15.5, 15], "rotation": 90, "texture": "#0"},
				"up": {"uv": [13.5, 13, 15.5, 15], "rotation": 90, "texture": "#0"},
				"down": {"uv": [13.5, 13, 15.5, 15], "rotation": 90, "texture": "#0"}
			}
		},
		{
			"from": [-2.2328, 1.8, 2.9898],
			"to": [3.7672, 2.8, 3.9898],
			"rotation": {"angle": 45, "axis": "y", "origin": [0.973, 2.3, 7.86242]},
			"faces": {
				"north": {"uv": [14, 13.5, 15.5, 15.5], "rotation": 90, "texture": "#0"},
				"east": {"uv": [14, 13.5, 15.5, 15.5], "rotation": 90, "texture": "#0"},
				"south": {"uv": [14, 13.5, 15.5, 15.5], "rotation": 90, "texture": "#0"},
				"west": {"uv": [14, 13.5, 15.5, 15.5], "rotation": 90, "texture": "#0"},
				"up": {"uv": [14, 13.5, 15.5, 15.5], "rotation": 90, "texture": "#0"},
				"down": {"uv": [14, 13.5, 15.5, 15.5], "rotation": 90, "texture": "#0"}
			}
		},
		{
			"from": [14.5172, 1.8, 8.2398],
			"to": [20.5172, 2.8, 9.2398],
			"rotation": {"angle": 45, "axis": "y", "origin": [17.723, 2.3, 13.11242]},
			"faces": {
				"north": {"uv": [14, 13.5, 15.5, 15.5], "rotation": 90, "texture": "#0"},
				"east": {"uv": [14, 13.5, 15.5, 15.5], "rotation": 90, "texture": "#0"},
				"south": {"uv": [14, 13.5, 15.5, 15.5], "rotation": 90, "texture": "#0"},
				"west": {"uv": [14, 13.5, 15.5, 15.5], "rotation": 90, "texture": "#0"},
				"up": {"uv": [14, 13.5, 15.5, 15.5], "rotation": 90, "texture": "#0"},
				"down": {"uv": [14, 13.5, 15.5, 15.5], "rotation": 90, "texture": "#0"}
			}
		},
		{
			"from": [2.5172, 1.8, 7.7398],
			"to": [8.5172, 2.8, 8.7398],
			"rotation": {"angle": 45, "axis": "y", "origin": [5.723, 2.3, 12.61242]},
			"faces": {
				"north": {"uv": [14, 13.5, 15.5, 15.5], "rotation": 90, "texture": "#0"},
				"east": {"uv": [14, 13.5, 15.5, 15.5], "rotation": 90, "texture": "#0"},
				"south": {"uv": [14, 13.5, 15.5, 15.5], "rotation": 90, "texture": "#0"},
				"west": {"uv": [14, 13.5, 15.5, 15.5], "rotation": 90, "texture": "#0"},
				"up": {"uv": [14, 13.5, 15.5, 15.5], "rotation": 90, "texture": "#0"},
				"down": {"uv": [14, 13.5, 15.5, 15.5], "rotation": 90, "texture": "#0"}
			}
		},
		{
			"from": [7.5172, 1.8, 3.756],
			"to": [15.2672, 2.8, 4.756],
			"rotation": {"angle": -45, "axis": "y", "origin": [11.723, 2.3, 8.61242]},
			"faces": {
				"north": {"uv": [14, 13.5, 15.5, 15.5], "rotation": 90, "texture": "#0"},
				"east": {"uv": [14, 13.5, 15.5, 15.5], "rotation": 90, "texture": "#0"},
				"south": {"uv": [14, 13.5, 15.5, 15.5], "rotation": 90, "texture": "#0"},
				"west": {"uv": [14, 13.5, 15.5, 15.5], "rotation": 90, "texture": "#0"},
				"up": {"uv": [14, 13.5, 15.5, 15.5], "rotation": 90, "texture": "#0"},
				"down": {"uv": [14, 13.5, 15.5, 15.5], "rotation": 90, "texture": "#0"}
			}
		},
		{
			"from": [-4.4828, 1.8, 3.256],
			"to": [3.2672, 2.8, 4.256],
			"rotation": {"angle": -45, "axis": "y", "origin": [-0.277, 2.3, 8.11242]},
			"faces": {
				"north": {"uv": [14, 13.5, 15.5, 15.5], "rotation": 90, "texture": "#0"},
				"east": {"uv": [14, 13.5, 15.5, 15.5], "rotation": 90, "texture": "#0"},
				"south": {"uv": [14, 13.5, 15.5, 15.5], "rotation": 90, "texture": "#0"},
				"west": {"uv": [14, 13.5, 15.5, 15.5], "rotation": 90, "texture": "#0"},
				"up": {"uv": [14, 13.5, 15.5, 15.5], "rotation": 90, "texture": "#0"},
				"down": {"uv": [14, 13.5, 15.5, 15.5], "rotation": 90, "texture": "#0"}
			}
		},
		{
			"from": [2.6672, 1.799, 8.7398],
			"to": [10.3672, 2.799, 9.7398],
			"rotation": {"angle": -45, "axis": "y", "origin": [6.973, 2.3, 13.61242]},
			"faces": {
				"north": {"uv": [14, 13.5, 15.5, 15.5], "rotation": 90, "texture": "#0"},
				"east": {"uv": [14, 13.5, 15.5, 15.5], "rotation": 90, "texture": "#0"},
				"south": {"uv": [14, 13.5, 15.5, 15.5], "rotation": 90, "texture": "#0"},
				"west": {"uv": [14, 13.5, 15.5, 15.5], "rotation": 90, "texture": "#0"},
				"up": {"uv": [14, 13.5, 15.5, 15.5], "rotation": 90, "texture": "#0"},
				"down": {"uv": [14, 13.5, 15.5, 15.5], "rotation": 90, "texture": "#0"}
			}
		},
		{
			"from": [-9.3328, 1.799, 8.2398],
			"to": [-1.6328, 2.799, 9.2398],
			"rotation": {"angle": -45, "axis": "y", "origin": [-5.027, 2.3, 13.11242]},
			"faces": {
				"north": {"uv": [14, 13.5, 15.5, 15.5], "rotation": 90, "texture": "#0"},
				"east": {"uv": [14, 13.5, 15.5, 15.5], "rotation": 90, "texture": "#0"},
				"south": {"uv": [14, 13.5, 15.5, 15.5], "rotation": 90, "texture": "#0"},
				"west": {"uv": [14, 13.5, 15.5, 15.5], "rotation": 90, "texture": "#0"},
				"up": {"uv": [14, 13.5, 15.5, 15.5], "rotation": 90, "texture": "#0"},
				"down": {"uv": [14, 13.5, 15.5, 15.5], "rotation": 90, "texture": "#0"}
			}
		},
		{
			"from": [6.85061, 1.9, 5.17904],
			"to": [8.85061, 2.7, 6.17904],
			"rotation": {"angle": 45, "axis": "y", "origin": [8.85061, 2.3, 5.67904]},
			"faces": {
				"north": {"uv": [11.2, 0, 16, 5.01333], "rotation": 270, "texture": "#0"},
				"east": {"uv": [11.2, 0, 16, 5.01333], "rotation": 270, "texture": "#0"},
				"south": {"uv": [11.2, 0, 16, 5.01333], "rotation": 270, "texture": "#0"},
				"west": {"uv": [11.2, 0, 16, 5.01333], "rotation": 270, "texture": "#0"},
				"up": {"uv": [11.2, 0, 16, 5.01333], "rotation": 270, "texture": "#0"},
				"down": {"uv": [11.2, 0, 16, 5.01333], "rotation": 270, "texture": "#0"}
			}
		},
		{
			"from": [14.3, 1.6, 9.95],
			"to": [14.8, 3, 10.45],
			"rotation": {"angle": 0, "axis": "y", "origin": [21.8, 9.8, 17.45]},
			"faces": {
				"north": {"uv": [11, 0.5, 12.5, 2], "texture": "#0"},
				"east": {"uv": [11, 0.5, 12.5, 2], "texture": "#0"},
				"south": {"uv": [11, 0.5, 12.5, 2], "texture": "#0"},
				"west": {"uv": [11, 0.5, 12.5, 2], "texture": "#0"},
				"up": {"uv": [11, 0.5, 12.5, 2], "texture": "#0"},
				"down": {"uv": [11, 0.5, 12.5, 2], "texture": "#0"}
			}
		},
		{
			"from": [3.2293, 2.1, 3.35276],
			"to": [4.7293, 2.6, 3.65276],
			"rotation": {"angle": 22.5, "axis": "y", "origin": [3.9793, 2.35, 3.20276]},
			"faces": {
				"north": {"uv": [1, 4, 15, 9], "texture": "#2"},
				"east": {"uv": [1, 4, 15, 9], "texture": "#2"},
				"south": {"uv": [1, 4, 15, 9], "texture": "#2"},
				"west": {"uv": [1, 4, 15, 9], "texture": "#2"},
				"up": {"uv": [1, 4, 15, 9], "texture": "#2"},
				"down": {"uv": [1, 4, 15, 9], "texture": "#2"}
			}
		},
		{
			"from": [3.2293, 2.1, 2.75276],
			"to": [4.7293, 2.6, 3.05276],
			"rotation": {"angle": 22.5, "axis": "y", "origin": [3.9793, 2.35, 3.20276]},
			"faces": {
				"north": {"uv": [1, 4, 15, 9], "texture": "#2"},
				"east": {"uv": [1, 4, 15, 9], "texture": "#2"},
				"south": {"uv": [1, 4, 15, 9], "texture": "#2"},
				"west": {"uv": [1, 4, 15, 9], "texture": "#2"},
				"up": {"uv": [1, 4, 15, 9], "texture": "#2"},
				"down": {"uv": [1, 4, 15, 9], "texture": "#2"}
			}
		},
		{
			"from": [4.4293, 2.1, 3.05276],
			"to": [4.7293, 2.6, 3.35276],
			"rotation": {"angle": 22.5, "axis": "y", "origin": [3.9793, 2.35, 3.20276]},
			"faces": {
				"north": {"uv": [1, 4, 15, 9], "rotation": 90, "texture": "#2"},
				"east": {"uv": [1, 4, 15, 9], "rotation": 90, "texture": "#2"},
				"south": {"uv": [1, 4, 15, 9], "rotation": 90, "texture": "#2"},
				"west": {"uv": [1, 4, 15, 9], "rotation": 90, "texture": "#2"},
				"up": {"uv": [1, 4, 15, 9], "rotation": 90, "texture": "#2"},
				"down": {"uv": [1, 4, 15, 9], "rotation": 90, "texture": "#2"}
			}
		},
		{
			"from": [3.2293, 2.1, 3.05276],
			"to": [3.5293, 2.6, 3.35276],
			"rotation": {"angle": 22.5, "axis": "y", "origin": [3.9793, 2.35, 3.20276]},
			"faces": {
				"north": {"uv": [1, 4, 15, 9], "rotation": 90, "texture": "#2"},
				"east": {"uv": [1, 4, 15, 9], "rotation": 90, "texture": "#2"},
				"south": {"uv": [1, 4, 15, 9], "rotation": 90, "texture": "#2"},
				"west": {"uv": [1, 4, 15, 9], "rotation": 90, "texture": "#2"},
				"up": {"uv": [1, 4, 15, 9], "rotation": 90, "texture": "#2"},
				"down": {"uv": [1, 4, 15, 9], "rotation": 90, "texture": "#2"}
			}
		},
		{
			"from": [4.5, 2.2, 3.1],
			"to": [6, 2.5, 3.4],
			"rotation": {"angle": 0, "axis": "y", "origin": [5.25, 2.35, 2.95]},
			"faces": {
				"north": {"uv": [1, 4, 15, 9], "texture": "#2"},
				"east": {"uv": [1, 4, 15, 9], "texture": "#2"},
				"south": {"uv": [1, 4, 15, 9], "texture": "#2"},
				"west": {"uv": [1, 4, 15, 9], "texture": "#2"},
				"up": {"uv": [1, 4, 15, 9], "texture": "#2"},
				"down": {"uv": [1, 4, 15, 9], "texture": "#2"}
			}
		},
		{
			"from": [4.5, 2.2, 2.5],
			"to": [6, 2.5, 2.8],
			"rotation": {"angle": 0, "axis": "y", "origin": [5.25, 2.35, 2.95]},
			"faces": {
				"north": {"uv": [1, 4, 15, 9], "texture": "#2"},
				"east": {"uv": [1, 4, 15, 9], "texture": "#2"},
				"south": {"uv": [1, 4, 15, 9], "texture": "#2"},
				"west": {"uv": [1, 4, 15, 9], "texture": "#2"},
				"up": {"uv": [1, 4, 15, 9], "texture": "#2"},
				"down": {"uv": [1, 4, 15, 9], "texture": "#2"}
			}
		},
		{
			"from": [5.7, 2.2, 2.8],
			"to": [6, 2.5, 3.1],
			"rotation": {"angle": 0, "axis": "y", "origin": [5.25, 2.35, 2.95]},
			"faces": {
				"north": {"uv": [1, 4, 15, 9], "rotation": 90, "texture": "#2"},
				"east": {"uv": [1, 4, 15, 9], "rotation": 90, "texture": "#2"},
				"south": {"uv": [1, 4, 15, 9], "rotation": 90, "texture": "#2"},
				"west": {"uv": [1, 4, 15, 9], "rotation": 90, "texture": "#2"},
				"up": {"uv": [1, 4, 15, 9], "rotation": 90, "texture": "#2"},
				"down": {"uv": [1, 4, 15, 9], "rotation": 90, "texture": "#2"}
			}
		},
		{
			"from": [4.5, 2.2, 2.8],
			"to": [4.8, 2.5, 3.1],
			"rotation": {"angle": 0, "axis": "y", "origin": [5.25, 2.35, 2.95]},
			"faces": {
				"north": {"uv": [1, 4, 15, 9], "rotation": 90, "texture": "#2"},
				"east": {"uv": [1, 4, 15, 9], "rotation": 90, "texture": "#2"},
				"south": {"uv": [1, 4, 15, 9], "rotation": 90, "texture": "#2"},
				"west": {"uv": [1, 4, 15, 9], "rotation": 90, "texture": "#2"},
				"up": {"uv": [1, 4, 15, 9], "rotation": 90, "texture": "#2"},
				"down": {"uv": [1, 4, 15, 9], "rotation": 90, "texture": "#2"}
			}
		},
		{
			"from": [5.46213, 2.1, 3.49853],
			"to": [6.96213, 2.6, 3.79853],
			"rotation": {"angle": -45, "axis": "y", "origin": [6.21213, 2.35, 3.34853]},
			"faces": {
				"north": {"uv": [1, 4, 15, 9], "texture": "#2"},
				"east": {"uv": [1, 4, 15, 9], "texture": "#2"},
				"south": {"uv": [1, 4, 15, 9], "texture": "#2"},
				"west": {"uv": [1, 4, 15, 9], "texture": "#2"},
				"up": {"uv": [1, 4, 15, 9], "texture": "#2"},
				"down": {"uv": [1, 4, 15, 9], "texture": "#2"}
			}
		},
		{
			"from": [5.46213, 2.1, 2.89853],
			"to": [6.96213, 2.6, 3.19853],
			"rotation": {"angle": -45, "axis": "y", "origin": [6.21213, 2.35, 3.34853]},
			"faces": {
				"north": {"uv": [1, 4, 15, 9], "texture": "#2"},
				"east": {"uv": [1, 4, 15, 9], "texture": "#2"},
				"south": {"uv": [1, 4, 15, 9], "texture": "#2"},
				"west": {"uv": [1, 4, 15, 9], "texture": "#2"},
				"up": {"uv": [1, 4, 15, 9], "texture": "#2"},
				"down": {"uv": [1, 4, 15, 9], "texture": "#2"}
			}
		},
		{
			"from": [6.66213, 2.1, 3.19853],
			"to": [6.96213, 2.6, 3.49853],
			"rotation": {"angle": -45, "axis": "y", "origin": [6.21213, 2.35, 3.34853]},
			"faces": {
				"north": {"uv": [1, 4, 15, 9], "rotation": 90, "texture": "#2"},
				"east": {"uv": [1, 4, 15, 9], "rotation": 90, "texture": "#2"},
				"south": {"uv": [1, 4, 15, 9], "rotation": 90, "texture": "#2"},
				"west": {"uv": [1, 4, 15, 9], "rotation": 90, "texture": "#2"},
				"up": {"uv": [1, 4, 15, 9], "rotation": 90, "texture": "#2"},
				"down": {"uv": [1, 4, 15, 9], "rotation": 90, "texture": "#2"}
			}
		},
		{
			"from": [5.46213, 2.1, 3.19853],
			"to": [5.76213, 2.6, 3.49853],
			"rotation": {"angle": -45, "axis": "y", "origin": [6.21213, 2.35, 3.34853]},
			"faces": {
				"north": {"uv": [1, 4, 15, 9], "rotation": 90, "texture": "#2"},
				"east": {"uv": [1, 4, 15, 9], "rotation": 90, "texture": "#2"},
				"south": {"uv": [1, 4, 15, 9], "rotation": 90, "texture": "#2"},
				"west": {"uv": [1, 4, 15, 9], "rotation": 90, "texture": "#2"},
				"up": {"uv": [1, 4, 15, 9], "rotation": 90, "texture": "#2"},
				"down": {"uv": [1, 4, 15, 9], "rotation": 90, "texture": "#2"}
			}
		},
		{
			"from": [6.42426, 2.2, 3.89706],
			"to": [7.92426, 2.5, 4.19706],
			"rotation": {"angle": 0, "axis": "y", "origin": [7.17426, 2.35, 3.74706]},
			"faces": {
				"north": {"uv": [1, 4, 15, 9], "texture": "#2"},
				"east": {"uv": [1, 4, 15, 9], "texture": "#2"},
				"south": {"uv": [1, 4, 15, 9], "texture": "#2"},
				"west": {"uv": [1, 4, 15, 9], "texture": "#2"},
				"up": {"uv": [1, 4, 15, 9], "texture": "#2"},
				"down": {"uv": [1, 4, 15, 9], "texture": "#2"}
			}
		},
		{
			"from": [6.42426, 2.2, 3.29706],
			"to": [7.92426, 2.5, 3.59706],
			"rotation": {"angle": 0, "axis": "y", "origin": [7.17426, 2.35, 3.74706]},
			"faces": {
				"north": {"uv": [1, 4, 15, 9], "texture": "#2"},
				"east": {"uv": [1, 4, 15, 9], "texture": "#2"},
				"south": {"uv": [1, 4, 15, 9], "texture": "#2"},
				"west": {"uv": [1, 4, 15, 9], "texture": "#2"},
				"up": {"uv": [1, 4, 15, 9], "texture": "#2"},
				"down": {"uv": [1, 4, 15, 9], "texture": "#2"}
			}
		},
		{
			"from": [7.62426, 2.2, 3.59706],
			"to": [7.92426, 2.5, 3.89706],
			"rotation": {"angle": 0, "axis": "y", "origin": [7.17426, 2.35, 3.74706]},
			"faces": {
				"north": {"uv": [1, 4, 15, 9], "rotation": 90, "texture": "#2"},
				"east": {"uv": [1, 4, 15, 9], "rotation": 90, "texture": "#2"},
				"south": {"uv": [1, 4, 15, 9], "rotation": 90, "texture": "#2"},
				"west": {"uv": [1, 4, 15, 9], "rotation": 90, "texture": "#2"},
				"up": {"uv": [1, 4, 15, 9], "rotation": 90, "texture": "#2"},
				"down": {"uv": [1, 4, 15, 9], "rotation": 90, "texture": "#2"}
			}
		},
		{
			"from": [6.42426, 2.2, 3.59706],
			"to": [6.72426, 2.5, 3.89706],
			"rotation": {"angle": 0, "axis": "y", "origin": [7.17426, 2.35, 3.74706]},
			"faces": {
				"north": {"uv": [1, 4, 15, 9], "rotation": 90, "texture": "#2"},
				"east": {"uv": [1, 4, 15, 9], "rotation": 90, "texture": "#2"},
				"south": {"uv": [1, 4, 15, 9], "rotation": 90, "texture": "#2"},
				"west": {"uv": [1, 4, 15, 9], "rotation": 90, "texture": "#2"},
				"up": {"uv": [1, 4, 15, 9], "rotation": 90, "texture": "#2"},
				"down": {"uv": [1, 4, 15, 9], "rotation": 90, "texture": "#2"}
			}
		},
		{
			"from": [7.69497, 2.1, 3.54981],
			"to": [9.19497, 2.6, 3.84981],
			"rotation": {"angle": -22.5, "axis": "y", "origin": [8.44497, 2.35, 3.99981]},
			"faces": {
				"north": {"uv": [1, 4, 15, 9], "rotation": 180, "texture": "#2"},
				"east": {"uv": [1, 4, 15, 9], "rotation": 180, "texture": "#2"},
				"south": {"uv": [1, 4, 15, 9], "rotation": 180, "texture": "#2"},
				"west": {"uv": [1, 4, 15, 9], "rotation": 180, "texture": "#2"},
				"up": {"uv": [1, 4, 15, 9], "rotation": 180, "texture": "#2"},
				"down": {"uv": [1, 4, 15, 9], "rotation": 180, "texture": "#2"}
			}
		},
		{
			"from": [7.69497, 2.1, 4.14981],
			"to": [9.19497, 2.6, 4.44981],
			"rotation": {"angle": -22.5, "axis": "y", "origin": [8.44497, 2.35, 3.99981]},
			"faces": {
				"north": {"uv": [1, 4, 15, 9], "rotation": 180, "texture": "#2"},
				"east": {"uv": [1, 4, 15, 9], "rotation": 180, "texture": "#2"},
				"south": {"uv": [1, 4, 15, 9], "rotation": 180, "texture": "#2"},
				"west": {"uv": [1, 4, 15, 9], "rotation": 180, "texture": "#2"},
				"up": {"uv": [1, 4, 15, 9], "rotation": 180, "texture": "#2"},
				"down": {"uv": [1, 4, 15, 9], "rotation": 180, "texture": "#2"}
			}
		},
		{
			"from": [7.69497, 2.1, 3.84981],
			"to": [7.99497, 2.6, 4.14981],
			"rotation": {"angle": -22.5, "axis": "y", "origin": [8.44497, 2.35, 3.99981]},
			"faces": {
				"north": {"uv": [1, 4, 15, 9], "rotation": 270, "texture": "#2"},
				"east": {"uv": [1, 4, 15, 9], "rotation": 270, "texture": "#2"},
				"south": {"uv": [1, 4, 15, 9], "rotation": 270, "texture": "#2"},
				"west": {"uv": [1, 4, 15, 9], "rotation": 270, "texture": "#2"},
				"up": {"uv": [1, 4, 15, 9], "rotation": 270, "texture": "#2"},
				"down": {"uv": [1, 4, 15, 9], "rotation": 270, "texture": "#2"}
			}
		},
		{
			"from": [8.89497, 2.1, 3.84981],
			"to": [9.19497, 2.6, 4.14981],
			"rotation": {"angle": -22.5, "axis": "y", "origin": [8.44497, 2.35, 3.99981]},
			"faces": {
				"north": {"uv": [1, 4, 15, 9], "rotation": 270, "texture": "#2"},
				"east": {"uv": [1, 4, 15, 9], "rotation": 270, "texture": "#2"},
				"south": {"uv": [1, 4, 15, 9], "rotation": 270, "texture": "#2"},
				"west": {"uv": [1, 4, 15, 9], "rotation": 270, "texture": "#2"},
				"up": {"uv": [1, 4, 15, 9], "rotation": 270, "texture": "#2"},
				"down": {"uv": [1, 4, 15, 9], "rotation": 270, "texture": "#2"}
			}
		},
		{
			"from": [1.85772, 1.5, 2.07193],
			"to": [2.05772, 3.1, 2.27193],
			"rotation": {"angle": 0, "axis": "y", "origin": [9.35772, 9.7, 9.27193]},
			"faces": {
				"north": {"uv": [15, 6, 16, 7], "texture": "#2"},
				"east": {"uv": [15, 6, 16, 7], "texture": "#2"},
				"south": {"uv": [15, 6, 16, 7], "texture": "#2"},
				"west": {"uv": [15, 6, 16, 7], "texture": "#2"},
				"up": {"uv": [15, 6, 16, 7], "texture": "#2"},
				"down": {"uv": [15, 6, 16, 7], "texture": "#2"}
			}
		},
		{
			"from": [0.7435, 1.5, 3.18614],
			"to": [0.9435, 3.1, 3.38614],
			"rotation": {"angle": 0, "axis": "y", "origin": [8.2435, 9.7, 10.38614]},
			"faces": {
				"north": {"uv": [15, 6, 16, 7], "texture": "#2"},
				"east": {"uv": [15, 6, 16, 7], "texture": "#2"},
				"south": {"uv": [15, 6, 16, 7], "texture": "#2"},
				"west": {"uv": [15, 6, 16, 7], "texture": "#2"},
				"up": {"uv": [15, 6, 16, 7], "texture": "#2"},
				"down": {"uv": [15, 6, 16, 7], "texture": "#2"}
			}
		},
		{
			"from": [3.27193, 1.5, 5.71457],
			"to": [3.47193, 3.1, 5.91457],
			"rotation": {"angle": 0, "axis": "y", "origin": [10.77193, 9.7, 12.91457]},
			"faces": {
				"north": {"uv": [15, 6, 16, 7], "texture": "#2"},
				"east": {"uv": [15, 6, 16, 7], "texture": "#2"},
				"south": {"uv": [15, 6, 16, 7], "texture": "#2"},
				"west": {"uv": [15, 6, 16, 7], "texture": "#2"},
				"up": {"uv": [15, 6, 16, 7], "texture": "#2"},
				"down": {"uv": [15, 6, 16, 7], "texture": "#2"}
			}
		},
		{
			"from": [4.38614, 1.5, 4.60036],
			"to": [4.58614, 3.1, 4.80036],
			"rotation": {"angle": 0, "axis": "y", "origin": [11.88614, 9.7, 11.80036]},
			"faces": {
				"north": {"uv": [15, 6, 16, 7], "texture": "#2"},
				"east": {"uv": [15, 6, 16, 7], "texture": "#2"},
				"south": {"uv": [15, 6, 16, 7], "texture": "#2"},
				"west": {"uv": [15, 6, 16, 7], "texture": "#2"},
				"up": {"uv": [15, 6, 16, 7], "texture": "#2"},
				"down": {"uv": [15, 6, 16, 7], "texture": "#2"}
			}
		},
		{
			"from": [7.68166, 1.5, 5.59951],
			"to": [7.88166, 3.1, 5.79951],
			"rotation": {"angle": 0, "axis": "y", "origin": [9.60298, 2.3, 4.9924]},
			"faces": {
				"north": {"uv": [15, 6, 16, 7], "rotation": 270, "texture": "#2"},
				"east": {"uv": [15, 6, 16, 7], "rotation": 270, "texture": "#2"},
				"south": {"uv": [15, 6, 16, 7], "rotation": 270, "texture": "#2"},
				"west": {"uv": [15, 6, 16, 7], "rotation": 270, "texture": "#2"},
				"up": {"uv": [15, 6, 16, 7], "rotation": 270, "texture": "#2"},
				"down": {"uv": [15, 6, 16, 7], "rotation": 270, "texture": "#2"}
			}
		},
		{
			"from": [8.79587, 1.5, 6.71372],
			"to": [8.99587, 3.1, 6.91372],
			"rotation": {"angle": 0, "axis": "y", "origin": [9.60298, 2.3, 4.9924]},
			"faces": {
				"north": {"uv": [15, 6, 16, 7], "rotation": 270, "texture": "#2"},
				"east": {"uv": [15, 6, 16, 7], "rotation": 270, "texture": "#2"},
				"south": {"uv": [15, 6, 16, 7], "rotation": 270, "texture": "#2"},
				"west": {"uv": [15, 6, 16, 7], "rotation": 270, "texture": "#2"},
				"up": {"uv": [15, 6, 16, 7], "rotation": 270, "texture": "#2"},
				"down": {"uv": [15, 6, 16, 7], "rotation": 270, "texture": "#2"}
			}
		},
		{
			"from": [11.3243, 1.5, 4.18529],
			"to": [11.5243, 3.1, 4.38529],
			"rotation": {"angle": 0, "axis": "y", "origin": [9.60298, 2.3, 4.9924]},
			"faces": {
				"north": {"uv": [15, 6, 16, 7], "rotation": 270, "texture": "#2"},
				"east": {"uv": [15, 6, 16, 7], "rotation": 270, "texture": "#2"},
				"south": {"uv": [15, 6, 16, 7], "rotation": 270, "texture": "#2"},
				"west": {"uv": [15, 6, 16, 7], "rotation": 270, "texture": "#2"},
				"up": {"uv": [15, 6, 16, 7], "rotation": 270, "texture": "#2"},
				"down": {"uv": [15, 6, 16, 7], "rotation": 270, "texture": "#2"}
			}
		},
		{
			"from": [10.21008, 1.5, 3.07108],
			"to": [10.41008, 3.1, 3.27108],
			"rotation": {"angle": 0, "axis": "y", "origin": [9.60298, 2.3, 4.9924]},
			"faces": {
				"north": {"uv": [15, 6, 16, 7], "rotation": 270, "texture": "#2"},
				"east": {"uv": [15, 6, 16, 7], "rotation": 270, "texture": "#2"},
				"south": {"uv": [15, 6, 16, 7], "rotation": 270, "texture": "#2"},
				"west": {"uv": [15, 6, 16, 7], "rotation": 270, "texture": "#2"},
				"up": {"uv": [15, 6, 16, 7], "rotation": 270, "texture": "#2"},
				"down": {"uv": [15, 6, 16, 7], "rotation": 270, "texture": "#2"}
			}
		}
	],
	"display": {
		"thirdperson_righthand": {
			"rotation": [0, 104.25, -0.5],
			"translation": [-2.75, 1.25, -5.5],
			"scale": [0.5, 0.5, 0.5]
		},
		"thirdperson_lefthand": {
			"rotation": [-3, -77, -11],
			"translation": [-2.5, 1.75, -5.5],
			"scale": [0.5, 0.5, -0.5]
		},
		"firstperson_righthand": {
			"rotation": [66, -57, 0],
			"translation": [9.5, 1.75, -4.75]
		},
		"firstperson_lefthand": {
			"rotation": [42, 96, 11],
			"translation": [17, 1.75, -7.75]
		},
		"ground": {
			"translation": [1.25, 0, 0],
			"scale": [0.5, 0.5, 0.5]
		},
		"gui": {
			"rotation": [53, -21, 0],
			"translation": [1, 2, -0.5],
			"scale": [0.65, 0.65, 0.65]
		},
		"head": {
			"rotation": [-3, -1, 0.5],
			"translation": [2, -16, 0.25],
			"scale": [1.2, 1.2, 1.2]
		},
		"fixed": {
			"rotation": [-89, -180, 0],
			"translation": [-0.75, 1.5, -5.5]
		}
	},
	"groups": [
		{
			"name": "group",
			"origin": [-4, 2.5, 1.5],
			"children": [0, 1, 2]
		},
		{
			"name": "group",
			"origin": [-4, 2.5, 1.5],
			"children": [3, 4, 5, 6, 7, 8, 9, 10, 11, 12, 13]
		},
		{
			"name": "group",
			"origin": [-3.2, 10.1, 10.3],
			"children": [14, 15, 16, 17]
		},
		{
			"name": "group",
			"origin": [-3.2, 10.1, 10.3],
			"children": [18, 19, 20, 21]
		},
		{
			"name": "group",
			"origin": [-3.2, 10.1, 10.3],
			"children": [22, 23, 24, 25]
		},
		{
			"name": "group",
			"origin": [-3.2, 10.1, 10.3],
			"children": [26, 27, 28, 29]
		},
		{
			"name": "group",
			"origin": [-3.2, 10.1, 10.3],
			"children": [30, 31, 32, 33]
		},
		{
			"name": "group",
			"origin": [11.88614, 9.7, 11.80036],
			"children": [34, 35, 36, 37]
		},
		{
			"name": "group",
			"origin": [11.88614, 9.7, 11.80036],
			"children": [38, 39, 40, 41]
		}
	]
}