{"credit":"Made with Blockbench","texture_size":[128,128],"textures":{"0":"block/stripped_jungle_log","1":"block/white_wool","particle":"block/stripped_jungle_log"},"elements":[{"from":[-2.2,8.1,7.8],"to":[-2,9.3,8.9],"rotation":{"angle":0,"axis":"y","origin":[7,13,16]},"faces":{"north":{"uv":[0,0,3,3],"texture":"#0"},"east":{"uv":[0,0,3,3],"texture":"#0"},"south":{"uv":[0,0,3,3],"texture":"#0"},"west":{"uv":[0,0,3,3],"texture":"#0"},"up":{"uv":[0,0,3,3],"texture":"#0"},"down":{"uv":[0,0,3,3],"texture":"#0"}}},{"from":[31.7,8.1,7.8],"to":[32,9.3,8.9],"rotation":{"angle":0,"axis":"y","origin":[41,13,16]},"faces":{"north":{"uv":[0,0,3,3],"texture":"#0"},"east":{"uv":[0,0,3,3],"texture":"#0"},"south":{"uv":[0,0,3,3],"texture":"#0"},"west":{"uv":[0,0,3,3],"texture":"#0"},"up":{"uv":[0,0,3,3],"texture":"#0"},"down":{"uv":[0,0,3,3],"texture":"#0"}}},{"from":[-2,8,7.7],"to":[31.8,9.4,9],"rotation":{"angle":0,"axis":"y","origin":[8,13,16]},"faces":{"north":{"uv":[0,0,16,2],"texture":"#0"},"east":{"uv":[0,0,16,2],"texture":"#0"},"south":{"uv":[0,0,16,2],"texture":"#0"},"west":{"uv":[0,0,16,2],"texture":"#0"},"up":{"uv":[0,0,16,2],"texture":"#0"},"down":{"uv":[0,0,16,2],"texture":"#0"}}},{"from":[7.4,9,7.7],"to":[22.7,9.6,9],"rotation":{"angle":0,"axis":"y","origin":[8,14,16]},"faces":{"north":{"uv":[0,0,16,4],"texture":"#1"},"east":{"uv":[0,0,16,4],"texture":"#1"},"south":{"uv":[0,0,16,4],"texture":"#1"},"west":{"uv":[0,0,16,4],"texture":"#1"},"up":{"uv":[0,0,16,4],"texture":"#1"},"down":{"uv":[0,0,16,4],"texture":"#1"}}},{"from":[7.4,7.9,7.7],"to":[22.4,8.5,9],"rotation":{"angle":0,"axis":"y","origin":[8,12.9,16]},"faces":{"north":{"uv":[0,0,16,3],"texture":"#1"},"east":{"uv":[0,0,16,3],"texture":"#1"},"south":{"uv":[0,0,16,3],"texture":"#1"},"west":{"uv":[0,0,16,3],"texture":"#1"},"up":{"uv":[0,0,16,3],"texture":"#1"},"down":{"uv":[0,0,16,3],"texture":"#1"}}},{"from":[9,8,7.5],"to":[10.7,9.4,9.2],"rotation":{"angle":-22.5,"axis":"z","origin":[9,13,15]},"faces":{"north":{"uv":[0,0,16,16],"texture":"#1"},"east":{"uv":[0,0,16,16],"texture":"#1"},"south":{"uv":[0,0,16,16],"texture":"#1"},"west":{"uv":[0,0,16,16],"texture":"#1"},"up":{"uv":[0,0,16,16],"texture":"#1"},"down":{"uv":[0,0,16,16],"texture":"#1"}}},{"from":[11,8,7.5],"to":[12.7,9.4,9.2],"rotation":{"angle":-22.5,"axis":"z","origin":[11,13,15]},"faces":{"north":{"uv":[0,0,16,16],"texture":"#1"},"east":{"uv":[0,0,16,16],"texture":"#1"},"south":{"uv":[0,0,16,16],"texture":"#1"},"west":{"uv":[0,0,16,16],"texture":"#1"},"up":{"uv":[0,0,16,16],"texture":"#1"},"down":{"uv":[0,0,16,16],"texture":"#1"}}},{"from":[12,8,7.5],"to":[13.7,9.4,9.2],"rotation":{"angle":-22.5,"axis":"z","origin":[12,13,15]},"faces":{"north":{"uv":[0,0,16,16],"texture":"#1"},"east":{"uv":[0,0,16,16],"texture":"#1"},"south":{"uv":[0,0,16,16],"texture":"#1"},"west":{"uv":[0,0,16,16],"texture":"#1"},"up":{"uv":[0,0,16,16],"texture":"#1"},"down":{"uv":[0,0,16,16],"texture":"#1"}}},{"from":[14,8,7.5],"to":[15.7,9.4,9.2],"rotation":{"angle":-22.5,"axis":"z","origin":[14,13,15]},"faces":{"north":{"uv":[0,0,16,16],"texture":"#1"},"east":{"uv":[0,0,16,16],"texture":"#1"},"south":{"uv":[0,0,16,16],"texture":"#1"},"west":{"uv":[0,0,16,16],"texture":"#1"},"up":{"uv":[0,0,16,16],"texture":"#1"},"down":{"uv":[0,0,16,16],"texture":"#1"}}},{"from":[15,8,7.5],"to":[16.7,9.4,9.2],"rotation":{"angle":-22.5,"axis":"z","origin":[15,13,15]},"faces":{"north":{"uv":[0,0,16,16],"texture":"#1"},"east":{"uv":[0,0,16,16],"texture":"#1"},"south":{"uv":[0,0,16,16],"texture":"#1"},"west":{"uv":[0,0,16,16],"texture":"#1"},"up":{"uv":[0,0,16,16],"texture":"#1"},"down":{"uv":[0,0,16,16],"texture":"#1"}}},{"from":[16,8,7.5],"to":[17.7,9.4,9.2],"rotation":{"angle":-22.5,"axis":"z","origin":[16,13,15]},"faces":{"north":{"uv":[0,0,16,16],"texture":"#1"},"east":{"uv":[0,0,16,16],"texture":"#1"},"south":{"uv":[0,0,16,16],"texture":"#1"},"west":{"uv":[0,0,16,16],"texture":"#1"},"up":{"uv":[0,0,16,16],"texture":"#1"},"down":{"uv":[0,0,16,16],"texture":"#1"}}},{"from":[17,8,7.5],"to":[18.7,9.4,9.2],"rotation":{"angle":-22.5,"axis":"z","origin":[17,13,15]},"faces":{"north":{"uv":[0,0,16,16],"texture":"#1"},"east":{"uv":[0,0,16,16],"texture":"#1"},"south":{"uv":[0,0,16,16],"texture":"#1"},"west":{"uv":[0,0,16,16],"texture":"#1"},"up":{"uv":[0,0,16,16],"texture":"#1"},"down":{"uv":[0,0,16,16],"texture":"#1"}}},{"from":[18,8,7.5],"to":[19.7,9.4,9.2],"rotation":{"angle":-22.5,"axis":"z","origin":[18,13,15]},"faces":{"north":{"uv":[0,0,16,16],"texture":"#1"},"east":{"uv":[0,0,16,16],"texture":"#1"},"south":{"uv":[0,0,16,16],"texture":"#1"},"west":{"uv":[0,0,16,16],"texture":"#1"},"up":{"uv":[0,0,16,16],"texture":"#1"},"down":{"uv":[0,0,16,16],"texture":"#1"}}},{"from":[20,8,7.5],"to":[21.7,9.6,9.2],"rotation":{"angle":-22.5,"axis":"z","origin":[20,13,15]},"faces":{"north":{"uv":[0,0,16,16],"texture":"#1"},"east":{"uv":[0,0,16,16],"texture":"#1"},"south":{"uv":[0,0,16,16],"texture":"#1"},"west":{"uv":[0,0,16,16],"texture":"#1"},"up":{"uv":[0,0,16,16],"texture":"#1"},"down":{"uv":[0,0,16,16],"texture":"#1"}}},{"from":[18.9,8,7.5],"to":[20.6,9.6,9.2],"rotation":{"angle":-22.5,"axis":"z","origin":[18.9,13,15]},"faces":{"north":{"uv":[0,0,16,16],"texture":"#1"},"east":{"uv":[0,0,16,16],"texture":"#1"},"south":{"uv":[0,0,16,16],"texture":"#1"},"west":{"uv":[0,0,16,16],"texture":"#1"},"up":{"uv":[0,0,16,16],"texture":"#1"},"down":{"uv":[0,0,16,16],"texture":"#1"}}},{"from":[21,8,7.5],"to":[22.7,9.4,9.2],"rotation":{"angle":-22.5,"axis":"z","origin":[21,13,15]},"faces":{"north":{"uv":[0,0,16,16],"texture":"#1"},"east":{"uv":[0,0,16,16],"texture":"#1"},"south":{"uv":[0,0,16,16],"texture":"#1"},"west":{"uv":[0,0,16,16],"texture":"#1"},"up":{"uv":[0,0,16,16],"texture":"#1"},"down":{"uv":[0,0,16,16],"texture":"#1"}}},{"from":[22,8,7.5],"to":[23.7,9.4,9.2],"rotation":{"angle":-22.5,"axis":"z","origin":[22,13,15]},"faces":{"north":{"uv":[0,0,16,16],"texture":"#1"},"east":{"uv":[0,0,16,16],"texture":"#1"},"south":{"uv":[0,0,16,16],"texture":"#1"},"west":{"uv":[0,0,16,16],"texture":"#1"},"up":{"uv":[0,0,16,16],"texture":"#1"},"down":{"uv":[0,0,16,16],"texture":"#1"}}},{"from":[22.6,8,7.5],"to":[24.3,9.4,9.2],"rotation":{"angle":-22.5,"axis":"z","origin":[22.6,13,15]},"faces":{"north":{"uv":[0,0,16,16],"texture":"#1"},"east":{"uv":[0,0,16,16],"texture":"#1"},"south":{"uv":[0,0,16,16],"texture":"#1"},"west":{"uv":[0,0,16,16],"texture":"#1"},"up":{"uv":[0,0,16,16],"texture":"#1"},"down":{"uv":[0,0,16,16],"texture":"#1"}}},{"from":[13,8,7.5],"to":[14.7,9.4,9.2],"rotation":{"angle":-22.5,"axis":"z","origin":[13,13,15]},"faces":{"north":{"uv":[0,0,16,16],"texture":"#1"},"east":{"uv":[0,0,16,16],"texture":"#1"},"south":{"uv":[0,0,16,16],"texture":"#1"},"west":{"uv":[0,0,16,16],"texture":"#1"},"up":{"uv":[0,0,16,16],"texture":"#1"},"down":{"uv":[0,0,16,16],"texture":"#1"}}},{"from":[10,8,7.5],"to":[11.7,9.4,9.2],"rotation":{"angle":-22.5,"axis":"z","origin":[10,13,15]},"faces":{"north":{"uv":[0,0,16,16],"texture":"#1"},"east":{"uv":[0,0,16,16],"texture":"#1"},"south":{"uv":[0,0,16,16],"texture":"#1"},"west":{"uv":[0,0,16,16],"texture":"#1"},"up":{"uv":[0,0,16,16],"texture":"#1"},"down":{"uv":[0,0,16,16],"texture":"#1"}}}],"display":{"thirdperson_righthand":{"rotation":[0,86,88],"translation":[-0.25,-8,0.5]},"thirdperson_lefthand":{"rotation":[72,94,22],"translation":[-0.5,5,0.75]},"firstperson_righthand":{"rotation":[0,65,-158],"translation":[-0.5,3.25,0.25],"scale":[2,1,1]},"firstperson_lefthand":{"rotation":[0,65,-158],"translation":[-2.75,3.25,6]},"ground":{"translation":[-5,0,0],"scale":[0.83,0.83,0.83]},"gui":{"rotation":[0,0,53],"translation":[-2.5,-3.25,0],"scale":[0.56,0.56,0.56]},"head":{"rotation":[-1,2,40],"translation":[-5.25,-19.5,4],"scale":[1.5,0.83,1]},"fixed":{"rotation":[0,0,43],"translation":[-9.5,-9.75,-2.5],"scale":[1.98,0.98,0.98]}}}