{"credit":"by Damfler","textures":{"0":"cheetos/chips","1":"cheetos/pizza","particle":"cheetos/chips"},"elements":[{"from":[5,0,7],"to":[11,8.00156,7.97877],"rotation":{"angle":0,"axis":"y","origin":[18,8,15]},"faces":{"north":{"uv":[0.06,0,15.999,0.65],"texture":"#1"},"east":{"uv":[0.06,0,15.999,0.65],"texture":"#1"},"south":{"uv":[0.06,0,15.999,0.65],"texture":"#1"},"west":{"uv":[0.06,0,15.999,0.65],"texture":"#1"},"up":{"uv":[0.06,0,15.999,0.65],"texture":"#1"},"down":{"uv":[0.06,0,15.999,0.65],"texture":"#1"}}},{"from":[5,8,7.45],"to":[11,8.75,7.55],"rotation":{"angle":0,"axis":"y","origin":[18,9,15]},"faces":{"north":{"uv":[0,0,16,3],"texture":"#0"},"east":{"uv":[0,0,16,3],"texture":"#0"},"south":{"uv":[0,0,16,3],"texture":"#0"},"west":{"uv":[0,0,16,3],"texture":"#0"},"up":{"uv":[0,0,16,3],"rotation":180,"texture":"#0"},"down":{"uv":[0,0,16,3],"texture":"#0"}}},{"from":[5,-0.75,7.45],"to":[11,0,7.55],"rotation":{"angle":0,"axis":"y","origin":[18,0,15]},"faces":{"north":{"uv":[0,0,16,3],"texture":"#0"},"east":{"uv":[0,0,16,3],"texture":"#0"},"south":{"uv":[0,0,16,3],"texture":"#0"},"west":{"uv":[0,0,16,3],"texture":"#0"},"up":{"uv":[0,0,16,3],"texture":"#0"},"down":{"uv":[0,0,16,3],"rotation":180,"texture":"#0"}}},{"from":[5,2.06066,6.14645],"to":[11,5.95,7],"rotation":{"angle":0,"axis":"y","origin":[18,8,14]},"faces":{"north":{"uv":[0.06,0,15.999,8.058],"texture":"#1"},"east":{"uv":[0.06,0,15.999,0.65],"texture":"#1"},"south":{"uv":[0.06,0,15.999,0.65],"texture":"#1"},"west":{"uv":[0.06,0,15.999,0.65],"texture":"#1"},"up":{"uv":[0.06,0,15.999,0.65],"texture":"#1"},"down":{"uv":[0.06,0,15.999,0.65],"texture":"#1"}}},{"from":[5,2.60474,4.09494],"to":[11,4.83519,5.09494],"rotation":{"angle":-22.5,"axis":"x","origin":[18,8.60474,12.09494]},"faces":{"north":{"uv":[0,7.941,15.939,15.998],"texture":"#1"},"east":{"uv":[0.06,0,15.999,0.65],"texture":"#1"},"south":{"uv":[0.06,0,15.999,0.65],"texture":"#1"},"west":{"uv":[0.06,0,15.999,0.65],"texture":"#1"},"up":{"uv":[0.06,0,15.999,0.65],"texture":"#1"},"down":{"uv":[0.06,0,15.999,0.65],"texture":"#1"}}},{"from":[5,2.42211,7.82774],"to":[11,4.64271,8.85503],"rotation":{"angle":22.5,"axis":"x","origin":[18,8.41227,15.85503]},"faces":{"north":{"uv":[0,3,12.456,7.214],"texture":"#0"},"east":{"uv":[0.06,0,15.999,0.65],"texture":"#1"},"south":{"uv":[0.06,0,15.999,0.65],"texture":"#1"},"west":{"uv":[0.06,0,15.999,0.65],"texture":"#1"},"up":{"uv":[0.06,0,15.999,0.65],"texture":"#1"},"down":{"uv":[0.06,0,15.999,0.65],"texture":"#1"}}},{"from":[5,2.06066,7.975],"to":[11,5.95,8.82855],"rotation":{"angle":0,"axis":"y","origin":[18,8,0.975]},"faces":{"north":{"uv":[0.06,0,15.999,0.65],"texture":"#1"},"east":{"uv":[0.06,0,15.999,0.65],"texture":"#1"},"south":{"uv":[0.06,0,15.999,8.058],"texture":"#1"},"west":{"uv":[0.06,0,15.999,0.65],"texture":"#1"},"up":{"uv":[0.06,0,15.999,0.65],"texture":"#1"},"down":{"uv":[0,0.85355,6,1.70711],"texture":"#missing"}}},{"from":[5,2.60474,9.88006],"to":[11,4.83519,10.88006],"rotation":{"angle":22.5,"axis":"x","origin":[18,8.60474,2.88006]},"faces":{"north":{"uv":[0.06,0,15.999,0.65],"texture":"#1"},"east":{"uv":[0.06,0,15.999,0.65],"texture":"#1"},"south":{"uv":[0.06,7.941,15.998,15.998],"texture":"#1"},"west":{"uv":[0.06,0,15.999,0.65],"texture":"#1"},"up":{"uv":[0.06,0,15.999,0.65],"texture":"#1"},"down":{"uv":[0.06,0,15.999,0.65],"texture":"#1"}}},{"from":[5,2.42211,6.11997],"to":[11,4.64271,7.14726],"rotation":{"angle":-22.5,"axis":"x","origin":[18,8.41227,-0.88003]},"faces":{"north":{"uv":[0.06,0,15.999,0.65],"texture":"#1"},"east":{"uv":[0.06,0,15.999,0.65],"texture":"#1"},"south":{"uv":[0,3,12.456,7.214],"texture":"#0"},"west":{"uv":[0,10,15.939,10.65],"texture":"#0"},"up":{"uv":[0.06,0,15.999,0.65],"texture":"#1"},"down":{"uv":[0.06,0,15.999,0.65],"texture":"#1"}}}],"display":{"thirdperson_righthand":{"rotation":[0,-52.25,0],"translation":[0,6.25,0]},"thirdperson_lefthand":{"translation":[0,-1.5,0]},"firstperson_righthand":{"rotation":[0,-57,0],"translation":[2,6.5,0]},"firstperson_lefthand":{"translation":[2.5,-0.25,0]},"ground":{"rotation":[90,0,0],"translation":[0,-2,0]},"gui":{"rotation":[30.75,-44.5,0],"translation":[-0.5,3.5,0],"scale":[1.3,1.3,1.3]},"head":{"translation":[0,19,0]},"fixed":{"translation":[0,10.5,-2],"scale":[2.6,2.6,2.6]}},"groups":[0,1,2,{"name":"bok","origin":[18,8.41227,15.85503],"children":[3,4,5]},{"name":"bok","origin":[18,8.41227,15.85503],"children":[6,7,8]}]}