{
	"credit": "Made with Blockbench",
	"textures": {
		"1": "blood/blood",
		"particle": "blood/blood"
	},
	"elements": [
		{
			"from": [3, 0, 3],
			"to": [13, 0, 13],
			"rotation": {"angle": 0, "axis": "y", "origin": [16, 8, 14]},
			"faces": {
				"north": {"uv": [0, 0, 16, 16], "texture": "#1"},
				"east": {"uv": [0, 0, 16, 16], "texture": "#1"},
				"south": {"uv": [0, 0, 16, 16], "texture": "#1"},
				"west": {"uv": [0, 0, 16, 16], "texture": "#1"},
				"up": {"uv": [0, 0, 16, 16], "texture": "#1"},
				"down": {"uv": [0, 0, 16, 16], "texture": "#1"}
			}
		}
	],
	"display": {
		"thirdperson_righthand": {
			"translation": [0.25, 3.25, 4.5],
			"scale": [0.40234, 0.40234, 0.40234]
		},
		"thirdperson_lefthand": {
			"translation": [0.25, 3.25, 5.75],
			"scale": [0.38672, 0.38672, 0.38672]
		},
		"ground": {
			"translation": [0, 4, 0]
		},
		"gui": {
			"rotation": [47, 42, 0],
			"translation": [0.75, 5.5, 22],
			"scale": [1.06, 1.06, 1.06]
		},
		"head": {
			"translation": [0, 14.5, 0]
		},
		"fixed": {
			"rotation": [-90, 0, 0],
			"translation": [0, 0, -32],
			"scale": [4, 4, 4]
		}
	}
}