{
	"credit": "Made with Blockbench",
	"textures": {
		"0": "item/leather",
		"2": "block/andesite",
		"3": "cowboyhat/cowboy",
		"particle": "item/leather"
	},
	"elements": [
		{
			"from": [2.85, 6, 2],
			"to": [11.05, 7, 13.9],
			"faces": {
				"north": {"uv": [6, 2, 7, 3], "rotation": 90, "texture": "#0"},
				"east": {"uv": [6, 2, 7, 3], "rotation": 90, "texture": "#0"},
				"south": {"uv": [6, 2, 7, 3], "rotation": 90, "texture": "#0"},
				"west": {"uv": [6, 2, 7, 3], "rotation": 90, "texture": "#0"},
				"up": {"uv": [6, 2, 7, 3], "rotation": 90, "texture": "#0"},
				"down": {"uv": [6, 2, 7, 3], "rotation": 90, "texture": "#0"}
			}
		},
		{
			"from": [3.8, 6.4, 3.7],
			"to": [10, 12.7, 8.5],
			"faces": {
				"north": {"uv": [6, 6, 7, 7], "texture": "#0"},
				"east": {"uv": [6, 6, 7, 7], "texture": "#0"},
				"south": {"uv": [6, 6, 7, 7], "texture": "#0"},
				"west": {"uv": [6, 6, 7, 7], "texture": "#0"},
				"up": {"uv": [6, 6, 7, 7], "texture": "#0"},
				"down": {"uv": [6, 6, 7, 7], "texture": "#0"}
			}
		},
		{
			"from": [3.8, 6.4, 8.45],
			"to": [10, 11.7, 12],
			"rotation": {"angle": 0, "axis": "y", "origin": [8, 8, 11.5]},
			"faces": {
				"north": {"uv": [6, 6, 7, 7], "texture": "#0"},
				"east": {"uv": [6, 6, 7, 7], "texture": "#0"},
				"south": {"uv": [6, 6, 7, 7], "texture": "#0"},
				"west": {"uv": [6, 6, 7, 7], "texture": "#0"},
				"up": {"uv": [6, 6, 7, 7], "texture": "#0"},
				"down": {"uv": [6, 6, 7, 7], "texture": "#0"}
			}
		},
		{
			"from": [8.8, 7.9, 3.4],
			"to": [9.4, 8.4, 9.4],
			"faces": {
				"north": {"uv": [9, 3, 10, 4], "texture": "#2"},
				"east": {"uv": [9, 3, 10, 4], "texture": "#2"},
				"south": {"uv": [9, 3, 10, 4], "texture": "#2"},
				"west": {"uv": [9, 3, 10, 4], "texture": "#2"},
				"up": {"uv": [9, 3, 10, 4], "texture": "#2"},
				"down": {"uv": [9, 3, 10, 4], "texture": "#2"}
			}
		},
		{
			"from": [6.6, 7.9, 3.4],
			"to": [7.2, 8.4, 9.4],
			"faces": {
				"north": {"uv": [9, 3, 10, 4], "texture": "#2"},
				"east": {"uv": [9, 3, 10, 4], "texture": "#2"},
				"south": {"uv": [9, 3, 10, 4], "texture": "#2"},
				"west": {"uv": [9, 3, 10, 4], "texture": "#2"},
				"up": {"uv": [9, 3, 10, 4], "texture": "#2"},
				"down": {"uv": [9, 3, 10, 4], "texture": "#2"}
			}
		},
		{
			"from": [4.4, 7.9, 3.4],
			"to": [5, 8.4, 9.4],
			"faces": {
				"north": {"uv": [9, 3, 10, 4], "texture": "#2"},
				"east": {"uv": [9, 3, 10, 4], "texture": "#2"},
				"south": {"uv": [9, 3, 10, 4], "texture": "#2"},
				"west": {"uv": [9, 3, 10, 4], "texture": "#2"},
				"up": {"uv": [9, 3, 10, 4], "texture": "#2"},
				"down": {"uv": [9, 3, 10, 4], "texture": "#2"}
			}
		},
		{
			"from": [3.7, 7.8, 3.6],
			"to": [10.1, 8.5, 12.1],
			"faces": {
				"north": {"uv": [3, 6, 13, 12], "texture": "#3"},
				"east": {"uv": [3, 6, 13, 12], "texture": "#3"},
				"south": {"uv": [3, 6, 13, 12], "texture": "#3"},
				"west": {"uv": [3, 6, 13, 12], "texture": "#3"},
				"up": {"uv": [3, 6, 13, 12], "texture": "#3"},
				"down": {"uv": [3, 6, 13, 12], "texture": "#3"}
			}
		},
		{
			"from": [4.05, 6.35, 3.25],
			"to": [5.75, 7.35, 12.9],
			"rotation": {"angle": -22.5, "axis": "z", "origin": [3.75, 13.25, 8]},
			"faces": {
				"north": {"uv": [6, 2, 7, 3], "rotation": 90, "texture": "#0"},
				"east": {"uv": [6, 2, 7, 3], "rotation": 270, "texture": "#0"},
				"south": {"uv": [6, 2, 7, 3], "rotation": 270, "texture": "#0"},
				"west": {"uv": [6, 2, 7, 3], "rotation": 270, "texture": "#0"},
				"up": {"uv": [6, 2, 7, 3], "rotation": 270, "texture": "#0"},
				"down": {"uv": [6, 2, 7, 3], "rotation": 270, "texture": "#0"}
			}
		},
		{
			"from": [5.55, 6.1, 4.25],
			"to": [6.75, 7.1, 11.9],
			"rotation": {"angle": -45, "axis": "z", "origin": [4.75, 13, 8]},
			"faces": {
				"north": {"uv": [6, 2, 7, 3], "rotation": 90, "texture": "#0"},
				"east": {"uv": [6, 2, 7, 3], "rotation": 270, "texture": "#0"},
				"south": {"uv": [6, 2, 7, 3], "rotation": 270, "texture": "#0"},
				"west": {"uv": [6, 2, 7, 3], "rotation": 270, "texture": "#0"},
				"up": {"uv": [6, 2, 7, 3], "rotation": 270, "texture": "#0"},
				"down": {"uv": [6, 2, 7, 3], "rotation": 270, "texture": "#0"}
			}
		},
		{
			"from": [9, 6.45, 3.25],
			"to": [10.7, 7.45, 12.9],
			"rotation": {"angle": 22.5, "axis": "z", "origin": [11, 11.25, 8]},
			"faces": {
				"north": {"uv": [6, 2, 7, 3], "rotation": 270, "texture": "#0"},
				"east": {"uv": [6, 2, 7, 3], "rotation": 90, "texture": "#0"},
				"south": {"uv": [6, 2, 7, 3], "rotation": 90, "texture": "#0"},
				"west": {"uv": [6, 2, 7, 3], "rotation": 90, "texture": "#0"},
				"up": {"uv": [6, 2, 7, 3], "rotation": 90, "texture": "#0"},
				"down": {"uv": [6, 2, 7, 3], "rotation": 90, "texture": "#0"}
			}
		},
		{
			"from": [8.5, 6.95, 4],
			"to": [9.7, 7.95, 11.9],
			"rotation": {"angle": 45, "axis": "z", "origin": [10.75, 11.75, 8]},
			"faces": {
				"north": {"uv": [6, 2, 7, 3], "rotation": 270, "texture": "#0"},
				"east": {"uv": [6, 2, 7, 3], "rotation": 90, "texture": "#0"},
				"south": {"uv": [6, 2, 7, 3], "rotation": 90, "texture": "#0"},
				"west": {"uv": [6, 2, 7, 3], "rotation": 90, "texture": "#0"},
				"up": {"uv": [6, 2, 7, 3], "rotation": 90, "texture": "#0"},
				"down": {"uv": [6, 2, 7, 3], "rotation": 90, "texture": "#0"}
			}
		}
	],
	"display": {
		"thirdperson_righthand": {
			"translation": [0.75, 1, 0],
			"scale": [0.75, 0.75, 0.75]
		},
		"thirdperson_lefthand": {
			"translation": [-1, 1.25, 0],
			"scale": [0.75, 0.75, 0.75]
		},
		"firstperson_righthand": {
			"translation": [1.5, 2.25, 0],
			"scale": [0.66992, 0.66992, 0.66992]
		},
		"firstperson_lefthand": {
			"translation": [0, 2.5, 0],
			"scale": [0.7207, 0.7207, 0.7207]
		},
		"ground": {
			"scale": [0.33594, 0.33594, 0.33594]
		},
		"gui": {
			"rotation": [23, 131, 0],
			"translation": [-0.5, 0.75, 0],
			"scale": [0.76563, 0.76563, 0.76563]
		},
		"head": {
			"rotation": [6, 0, 0],
			"translation": [2.75, 7.5, 0],
			"scale": [2.37, 2.14, 1.91]
		},
		"fixed": {
			"rotation": [-89.5, 0, 0],
			"translation": [1, 0, -3],
			"scale": [1.50586, 1.50586, 1.50586]
		}
	}
}