{"credit":"Made with Blockbench","textures":{"0":"block/yellow_concrete","1":"block/orange_concrete","2":"block/white_concrete","particle":"block/yellow_concrete"},"elements":[{"from":[6.85,0.33536,4.8],"to":[8.15,1,11.2],"rotation":{"angle":0,"axis":"y","origin":[15,8,16]},"faces":{"north":{"uv":[0,0,1.3,0.7],"texture":"#1"},"east":{"uv":[0,0,6.4,0.7],"texture":"#1"},"south":{"uv":[0,0,1.3,0.7],"texture":"#1"},"west":{"uv":[0,0,6.4,0.7],"texture":"#1"},"down":{"uv":[0,0,1.3,6.4],"texture":"#1"}}},{"from":[6.85,-0.15962,5.29497],"to":[8.15,0.57574,10.74038],"rotation":{"angle":0,"axis":"y","origin":[15,7.57574,15.54038]},"faces":{"north":{"uv":[0,0,1.3,0.73536],"texture":"#1"},"east":{"uv":[0,0,5.44541,0.73536],"texture":"#1"},"west":{"uv":[0,0,5.44541,0.73536],"texture":"#1"},"down":{"uv":[0,0,1.3,5.44541],"texture":"#1"}}},{"from":[6.85,-0.03232,10.3977],"to":[8.15,0.66768,11.0477],"rotation":{"angle":-45,"axis":"x","origin":[7.5,0.31768,10.7227]},"faces":{"east":{"uv":[0,0,0.65,0.7],"texture":"#1"},"south":{"uv":[0,0,1.3,0.7],"texture":"#1"},"west":{"uv":[0,0,0.65,0.7],"texture":"#1"},"down":{"uv":[0,0,1.3,0.65],"texture":"#1"}}},{"from":[6.85,-0.03232,4.9523],"to":[8.15,0.66768,5.6023],"rotation":{"angle":-45,"axis":"x","origin":[7.5,0.31768,5.2773]},"faces":{"north":{"uv":[0,0,1.3,0.7],"texture":"#1"},"east":{"uv":[0,0,0.65,0.7],"texture":"#1"},"west":{"uv":[0,0,0.65,0.7],"texture":"#1"}}},{"from":[6.95,0.9,6.75],"to":[8.05,4,9.25],"rotation":{"angle":0,"axis":"y","origin":[15,9,16]},"faces":{"east":{"uv":[0,0,2.5,3.1],"texture":"#0"},"west":{"uv":[0,0,2.5,3.1],"texture":"#0"}}},{"from":[6.85,0.8,6.75],"to":[8.15,2,9.25],"rotation":{"angle":0,"axis":"y","origin":[15,9,16]},"faces":{"east":{"uv":[0,0,2.5,1.2],"texture":"#1"},"west":{"uv":[0,0,2.5,1.2],"texture":"#1"}}},{"from":[7,5.54328,7.2961],"to":[8,6.54328,8.7039],"rotation":{"angle":0,"axis":"y","origin":[7.5,4.30562,8]},"faces":{"north":{"uv":[0,0,1,1],"texture":"#2"},"east":{"uv":[0,0,1.4078,1],"texture":"#2"},"south":{"uv":[0,0,1,1],"texture":"#2"},"west":{"uv":[0,0,1.4078,1],"texture":"#2"},"up":{"uv":[0,0,1,1.4078],"texture":"#2"}}},{"from":[6.95,3.72617,6.47661],"to":[8.05,4.82617,9.52339],"rotation":{"angle":0,"axis":"y","origin":[15,11.82617,17.99265]},"faces":{"north":{"uv":[0,0,1.1,1.1],"texture":"#0"},"east":{"uv":[0,0,2.93853,1.1],"texture":"#0"},"south":{"uv":[0,0,1.1,1.1],"texture":"#0"},"west":{"uv":[0,0,2.93853,1.1],"texture":"#0"},"up":{"uv":[0,0,1.1,2.93853],"texture":"#0"}}},{"from":[6.85,1.83253,5.6419],"to":[8.15,3.03253,10.3581],"rotation":{"angle":0,"axis":"y","origin":[15,10.03253,17.29663]},"faces":{"east":{"uv":[0,0,4.46927,1.2],"texture":"#1"},"west":{"uv":[0,0,4.46927,1.2],"texture":"#1"},"up":{"uv":[0,0,1.3,4.46927],"texture":"#1"}}},{"from":[7,0.10358,6.49337],"to":[8,6.10358,8.24337],"rotation":{"angle":22.5,"axis":"x","origin":[7.5,4.30562,8]},"faces":{"north":{"uv":[0,0,1,6],"texture":"#2"},"east":{"uv":[0,0,1.75,6],"texture":"#2"},"west":{"uv":[0,0,1.75,6],"texture":"#2"}}},{"from":[6.95,0.57268,6.04826],"to":[8.05,4.67268,7.89826],"rotation":{"angle":22.5,"axis":"x","origin":[7.5,3.67268,6.64826]},"faces":{"north":{"uv":[0,0,1.1,4.1],"texture":"#0"},"east":{"uv":[0,0,1.85,4.1],"texture":"#0"},"west":{"uv":[0,0,1.85,4.1],"texture":"#0"}}},{"from":[6.85,0.5268,5.97891],"to":[8.15,2.7268,7.82891],"rotation":{"angle":22.5,"axis":"x","origin":[7.5,3.7268,6.57891]},"faces":{"north":{"uv":[0,0,1.3,2.2],"texture":"#1"},"east":{"uv":[0,0,1.85,2.2],"texture":"#1"},"west":{"uv":[0,0,1.85,2.2],"texture":"#1"}}},{"from":[7,0.10358,7.75663],"to":[8,6.10358,9.50663],"rotation":{"angle":-22.5,"axis":"x","origin":[7.5,4.30562,8]},"faces":{"east":{"uv":[0,0,1.75,6],"texture":"#2"},"south":{"uv":[0,0,1,6],"texture":"#2"},"west":{"uv":[0,0,1.75,6],"texture":"#2"}}},{"from":[6.95,0.57268,8.10174],"to":[8.05,4.67268,9.95174],"rotation":{"angle":-22.5,"axis":"x","origin":[7.5,3.67268,9.35174]},"faces":{"east":{"uv":[0,0,1.85,4.1],"texture":"#0"},"south":{"uv":[0,0,1.1,4.1],"texture":"#0"},"west":{"uv":[0,0,1.85,4.1],"texture":"#0"}}},{"from":[6.85,0.5268,8.17109],"to":[8.15,2.7268,10.02109],"rotation":{"angle":-22.5,"axis":"x","origin":[7.5,3.7268,9.42109]},"faces":{"east":{"uv":[0,0,1.85,2.2],"texture":"#1"},"south":{"uv":[0,0,1.3,2.2],"texture":"#1"},"west":{"uv":[0,0,1.85,2.2],"texture":"#1"}}}],"display":{"thirdperson_righthand":{"translation":[0,4.25,0],"scale":[0.55273,0.55273,0.55273]},"thirdperson_lefthand":{"translation":[0,4.25,0],"scale":[0.55273,0.55273,0.55273]},"firstperson_righthand":{"translation":[3,4.25,1.5],"scale":[0.55273,0.55273,0.55273]},"firstperson_lefthand":{"translation":[3,4.25,1.5],"scale":[0.55273,0.55273,0.55273]},"ground":{"rotation":[0,0,90],"translation":[0,-2.25,0]},"gui":{"rotation":[31.75,49.75,0],"translation":[0,7,0],"scale":[1.65234,1.65234,1.65234]},"head":{"translation":[0,13.25,0]},"fixed":{"rotation":[-90,0,0],"translation":[1,0,-15.5],"scale":[2,2,2]}}}