{"credit":"Made by Overseer","textures":{"0":"block/beehive_end","particle":"block/beehive_end"},"elements":[{"from":[5.25,0,10],"to":[10.25,4,14],"faces":{"north":{"uv":[1,1,15,5],"texture":"#0"},"east":{"uv":[1,1,15,5],"texture":"#0"},"south":{"uv":[1,1,15,5],"texture":"#0"},"west":{"uv":[1,1,15,5],"texture":"#0"},"up":{"uv":[1,1,15,5],"texture":"#0"},"down":{"uv":[1,1,15,5],"texture":"#0"}}},{"from":[6.75,0.1,7.75],"to":[11,3.25,10.5],"rotation":{"angle":-22.5,"axis":"y","origin":[0,0,0]},"faces":{"north":{"uv":[1,1,15,5],"texture":"#0"},"east":{"uv":[1,1,15,5],"texture":"#0"},"south":{"uv":[1,1,15,5],"texture":"#0"},"west":{"uv":[1,1,15,5],"texture":"#0"},"up":{"uv":[1,1,15,5],"texture":"#0"},"down":{"uv":[1,1,15,5],"texture":"#0"}}},{"from":[7.25,0.2,5],"to":[10.75,2.25,6.75],"rotation":{"angle":-45,"axis":"y","origin":[0,0,0]},"faces":{"north":{"uv":[1,1,15,5],"texture":"#0"},"east":{"uv":[1,1,15,5],"texture":"#0"},"south":{"uv":[1,1,15,5],"texture":"#0"},"west":{"uv":[1,1,15,5],"texture":"#0"},"up":{"uv":[1,1,15,5],"texture":"#0"},"down":{"uv":[1,1,15,5],"texture":"#0"}}},{"from":[0,0.2,16],"to":[3.5,2.25,17.75],"rotation":{"angle":45,"axis":"y","origin":[0,0,0]},"faces":{"north":{"uv":[1,1,15,5],"texture":"#0"},"east":{"uv":[1,1,15,5],"texture":"#0"},"south":{"uv":[1,1,15,5],"texture":"#0"},"west":{"uv":[1,1,15,5],"texture":"#0"},"up":{"uv":[1,1,15,5],"texture":"#0"},"down":{"uv":[1,1,15,5],"texture":"#0"}}},{"from":[3.25,0.1,13.75],"to":[7.5,3.25,16.5],"rotation":{"angle":22.5,"axis":"y","origin":[0,0,0]},"faces":{"north":{"uv":[1,1,15,5],"rotation":180,"texture":"#0"},"east":{"uv":[1,1,15,5],"rotation":180,"texture":"#0"},"south":{"uv":[1,1,15,5],"rotation":180,"texture":"#0"},"west":{"uv":[1,1,15,5],"rotation":180,"texture":"#0"},"up":{"uv":[1,1,15,5],"rotation":180,"texture":"#0"},"down":{"uv":[1,1,15,5],"rotation":180,"texture":"#0"}}},{"from":[6.2,-0.1,13.35],"to":[7.4,0.9,13.55],"rotation":{"angle":0,"axis":"y","origin":[8.5,0,11.8]},"faces":{"north":{"uv":[4,7,5,8],"rotation":270,"texture":"#0"},"east":{"uv":[4,7,5,8],"rotation":270,"texture":"#0"},"south":{"uv":[4,7,5,8],"rotation":270,"texture":"#0"},"west":{"uv":[4,7,5,8],"rotation":270,"texture":"#0"},"up":{"uv":[4,7,5,8],"rotation":270,"texture":"#0"},"down":{"uv":[4,7,5,8],"rotation":270,"texture":"#0"}}},{"from":[8.75,-0.1,10.5],"to":[8.95,0.9,13.5],"faces":{"north":{"uv":[4,7,5,8],"texture":"#0"},"east":{"uv":[4,7,5,8],"texture":"#0"},"south":{"uv":[4,7,5,8],"texture":"#0"},"west":{"uv":[4,7,5,8],"texture":"#0"},"up":{"uv":[4,7,5,8],"texture":"#0"},"down":{"uv":[4,7,5,8],"texture":"#0"}}},{"from":[7.65,-0.1,10.5],"to":[7.85,0.9,13.5],"faces":{"north":{"uv":[4,7,5,8],"texture":"#0"},"east":{"uv":[4,7,5,8],"texture":"#0"},"south":{"uv":[4,7,5,8],"texture":"#0"},"west":{"uv":[4,7,5,8],"texture":"#0"},"up":{"uv":[4,7,5,8],"texture":"#0"},"down":{"uv":[4,7,5,8],"texture":"#0"}}},{"from":[7.25,-0.1,10.5],"to":[7.45,0.9,13.5],"faces":{"north":{"uv":[4,9,5,10],"texture":"#0"},"east":{"uv":[4,9,5,10],"texture":"#0"},"south":{"uv":[4,9,5,10],"texture":"#0"},"west":{"uv":[4,9,5,10],"texture":"#0"},"up":{"uv":[4,9,5,10],"texture":"#0"},"down":{"uv":[4,9,5,10],"texture":"#0"}}},{"from":[7.7,-0.1,10.45],"to":[8.9,0.9,10.65],"rotation":{"angle":0,"axis":"y","origin":[8.5,0,11.8]},"faces":{"north":{"uv":[4,7,5,8],"rotation":270,"texture":"#0"},"east":{"uv":[4,7,5,8],"rotation":270,"texture":"#0"},"south":{"uv":[4,7,5,8],"rotation":270,"texture":"#0"},"west":{"uv":[4,7,5,8],"rotation":270,"texture":"#0"},"up":{"uv":[4,7,5,8],"rotation":270,"texture":"#0"},"down":{"uv":[4,7,5,8],"rotation":270,"texture":"#0"}}},{"from":[7.7,-0.1,11.85],"to":[8.9,0.9,12.05],"rotation":{"angle":0,"axis":"y","origin":[8.5,0,11.8]},"faces":{"north":{"uv":[4,7,5,8],"rotation":270,"texture":"#0"},"east":{"uv":[4,7,5,8],"rotation":270,"texture":"#0"},"south":{"uv":[4,7,5,8],"rotation":270,"texture":"#0"},"west":{"uv":[4,7,5,8],"rotation":270,"texture":"#0"},"up":{"uv":[4,7,5,8],"rotation":270,"texture":"#0"},"down":{"uv":[4,7,5,8],"rotation":270,"texture":"#0"}}}],"display":{"thirdperson_righthand":{"rotation":[0,39,0.75],"translation":[-1.5,4,-0.25],"scale":[0.51953,0.51953,0.51953]},"thirdperson_lefthand":{"rotation":[0,-328,0],"translation":[-0.75,4,0],"scale":[0.50391,0.50391,0.50391]},"firstperson_righthand":{"translation":[1,5.5,0],"scale":[0.54297,0.54297,0.54297]},"firstperson_lefthand":{"translation":[1,5,0],"scale":[0.47461,0.47461,0.47461]},"ground":{"translation":[0,4.75,0],"scale":[0.74023,0.74023,0.74023]},"gui":{"rotation":[39.25,146,0],"translation":[-1.75,2.5,0]},"head":{"rotation":[-91.5,0,0],"translation":[0,-8.25,-14]},"fixed":{"rotation":[-92,-25.5,0],"translation":[1.25,-3.75,-10],"scale":[1.31641,1.31641,1.31641]}},"groups":[0,1,2,3,4,{"name":"group","origin":[8.5,0,11.8],"children":[5,6,7,8,9,10]}]}