{
	"credit": "Made with Blockbench",
	"textures": {
		"1": "cylinder/cylinder",
		"particle": "colors/black_concrete"
	},
	"elements": [
		{
			"from": [3, 0, 3],
			"to": [13, 1, 13],
			"rotation": {"angle": 0, "axis": "y", "origin": [11, 8, 11]},
			"faces": {
				"north": {"uv": [0, 2, 16, 3], "texture": "#1"},
				"east": {"uv": [0, 2, 16, 3], "texture": "#1"},
				"south": {"uv": [0, 2, 16, 3], "texture": "#1"},
				"west": {"uv": [0, 2, 16, 3], "texture": "#1"},
				"up": {"uv": [4, 2, 13, 11], "texture": "#1"},
				"down": {"uv": [4, 3, 11, 10], "texture": "#1"}
			}
		},
		{
			"from": [4, 1, 4],
			"to": [12, 9.5, 12],
			"rotation": {"angle": 0, "axis": "y", "origin": [11, 9, 11]},
			"faces": {
				"north": {"uv": [0, 0, 16, 16], "texture": "#1"},
				"east": {"uv": [0, 0, 16, 16], "texture": "#1"},
				"south": {"uv": [0, 0, 16, 16], "texture": "#1"},
				"west": {"uv": [0, 0, 16, 16], "texture": "#1"},
				"up": {"uv": [1, 1, 15, 12], "texture": "#1"},
				"down": {"uv": [0, 0, 16, 16], "texture": "#1"}
			}
		},
		{
			"from": [3.75, 1.25, 3.75],
			"to": [12.25, 2.25, 12.25],
			"rotation": {"angle": 0, "axis": "y", "origin": [11, 9.25, 11]},
			"faces": {
				"north": {"uv": [0, 13, 16, 14], "texture": "#1"},
				"east": {"uv": [0, 13, 16, 14], "texture": "#1"},
				"south": {"uv": [0, 13, 16, 14], "texture": "#1"},
				"west": {"uv": [0, 13, 16, 14], "texture": "#1"},
				"up": {"uv": [8, 13, 9, 14], "texture": "#1"},
				"down": {"uv": [0, 13, 16, 14], "texture": "#1"}
			}
		}
	],
	"display": {
		"thirdperson_righthand": {
			"translation": [0, 4, 0],
			"scale": [0.49023, 0.47461, 0.51563]
		},
		"thirdperson_lefthand": {
			"translation": [0, 3.75, 0],
			"scale": [0.5, 0.47266, 0.50781]
		},
		"firstperson_righthand": {
			"translation": [1.5, 5.5, 0]
		},
		"firstperson_lefthand": {
			"translation": [1, 4.5, 0]
		},
		"ground": {
			"translation": [0, 2, 0],
			"scale": [0.67578, 0.67773, 0.68359]
		},
		"gui": {
			"rotation": [23, -59, 0],
			"translation": [0, 3, 0]
		},
		"head": {
			"translation": [0, 20.75, 0],
			"scale": [1.93945, 1.93945, 1.93945]
		},
		"fixed": {
			"rotation": [-89.5, 0, 0],
			"translation": [0, 0, -13.25],
			"scale": [1.80859, 1.80859, 1.80859]
		}
	}
}