{
	"credit": "by Damfler",
	"textures": {
		"0": "docs/sound_book",
		"1": "docs/pereplet",
		"particle": "docs/sound_book"
	},
	"elements": [
		{
			"from": [1.11786, 8.25, 0.88214],
			"to": [11.11786, 8.5, 14.88214],
			"rotation": {"angle": 0, "axis": "y", "origin": [9.11786, 15.5, 8.88214]},
			"faces": {
				"north": {"uv": [0, 15.52941, 12.23529, 16], "texture": "#0"},
				"east": {"uv": [0, 0, 0.47059, 16], "rotation": 270, "texture": "#0"},
				"south": {"uv": [0, 0, 11.76471, 0.47059], "rotation": 180, "texture": "#0"},
				"west": {"uv": [11.76471, 0, 12.23529, 16], "rotation": 90, "texture": "#0"},
				"up": {"uv": [0, 0, 12.23529, 16], "rotation": 180, "texture": "#0"},
				"down": {"uv": [0, 0, 12.23529, 16], "rotation": 180, "texture": "#0"}
			}
		},
		{
			"from": [1.11786, 7.5, 0.88214],
			"to": [11.11786, 7.75, 14.88214],
			"rotation": {"angle": 0, "axis": "y", "origin": [9.11786, 14.75, 8.88214]},
			"faces": {
				"north": {"uv": [0, 15.52941, 12.23529, 16], "texture": "#0"},
				"east": {"uv": [0, 0, 0.47059, 16], "rotation": 270, "texture": "#0"},
				"south": {"uv": [0, 0, 11.76471, 0.47059], "rotation": 180, "texture": "#0"},
				"west": {"uv": [11.76471, 0, 12.23529, 16], "rotation": 90, "texture": "#0"},
				"up": {"uv": [0, 0, 12.23529, 16], "rotation": 180, "texture": "#0"},
				"down": {"uv": [12.23529, 0, 0, 16], "texture": "#0"}
			}
		},
		{
			"from": [1.36786, 7.8, 1.13214],
			"to": [10.61786, 8, 14.63214],
			"rotation": {"angle": 0, "axis": "y", "origin": [8.86786, 15, 8.88214]},
			"faces": {
				"north": {"uv": [1.6, 4.8, 7.2, 16], "rotation": 90, "texture": "#1"},
				"east": {"uv": [0, 0, 0.47059, 16], "rotation": 270, "texture": "#1"},
				"south": {"uv": [1.6, 4.8, 7.2, 16], "rotation": 90, "texture": "#1"},
				"west": {"uv": [1.6, 4.8, 7.2, 16], "rotation": 90, "texture": "#1"},
				"up": {"uv": [9.6, 0, 14.4, 16], "rotation": 180, "texture": "#1"},
				"down": {"uv": [0, 0, 12.23529, 16], "rotation": 180, "texture": "#1"}
			}
		},
		{
			"from": [1.46786, 8, 1.13214],
			"to": [10.61786, 8.2, 14.63214],
			"rotation": {"angle": 0, "axis": "y", "origin": [8.86786, 15.25, 8.88214]},
			"faces": {
				"north": {"uv": [1.6, 4.8, 7.2, 16], "rotation": 90, "texture": "#1"},
				"east": {"uv": [0, 0, 0.47059, 16], "rotation": 270, "texture": "#1"},
				"south": {"uv": [1.6, 4.8, 7.2, 16], "rotation": 90, "texture": "#1"},
				"west": {"uv": [1.6, 4.8, 7.2, 16], "rotation": 90, "texture": "#1"},
				"up": {"uv": [0, 0, 12.23529, 16], "rotation": 180, "texture": "#1"},
				"down": {"uv": [0, 0, 12.23529, 16], "rotation": 180, "texture": "#1"}
			}
		},
		{
			"from": [10.86786, 7.75, 0.88214],
			"to": [11.11786, 8.25, 14.88214],
			"rotation": {"angle": 0, "axis": "y", "origin": [9.11786, 14.75, 8.88214]},
			"faces": {
				"north": {"uv": [0, 15.52941, 0.47059, 16], "texture": "#0"},
				"east": {"uv": [0, 0, 0.47059, 16], "rotation": 270, "texture": "#0"},
				"south": {"uv": [0, 0, 0, 0.47059], "rotation": 180, "texture": "#0"},
				"west": {"uv": [11.76471, 0, 12.23529, 16], "rotation": 90, "texture": "#0"},
				"up": {"uv": [0, 0, 12.23529, 16], "rotation": 180, "texture": "#0"},
				"down": {"uv": [0, 0, 12.23529, 16], "rotation": 180, "texture": "#0"}
			}
		},
		{
			"from": [9.56786, 7.45, 3.73214],
			"to": [11.16786, 8.55, 5.03214],
			"rotation": {"angle": 0, "axis": "y", "origin": [9.11786, 15.5, 9.63214]},
			"faces": {
				"north": {"uv": [0, 2.35294, 1.88235, 2.82353], "rotation": 180, "texture": "#0"},
				"east": {"uv": [0, 2.35294, 1.88235, 3.76471], "rotation": 90, "texture": "#0"},
				"south": {"uv": [0, 3.29412, 1.88235, 3.76471], "rotation": 180, "texture": "#0"},
				"west": {"uv": [0, 2.35294, 1.88235, 3.76471], "rotation": 270, "texture": "#0"},
				"up": {"uv": [0, 2.35294, 1.88235, 3.76471], "texture": "#0"},
				"down": {"uv": [0, 2.35294, 1.88235, 3.76471], "rotation": 180, "texture": "#0"}
			}
		},
		{
			"from": [9.56786, 7.45, 11.53214],
			"to": [11.16786, 8.55, 12.88214],
			"rotation": {"angle": 0, "axis": "y", "origin": [9.11786, 15.5, 17.63214]},
			"faces": {
				"north": {"uv": [0, 2.35294, 1.88235, 2.82353], "rotation": 180, "texture": "#0"},
				"east": {"uv": [0, 2.35294, 1.88235, 3.76471], "rotation": 90, "texture": "#0"},
				"south": {"uv": [0, 3.29412, 1.88235, 3.76471], "rotation": 180, "texture": "#0"},
				"west": {"uv": [0, 2.35294, 1.88235, 3.76471], "rotation": 270, "texture": "#0"},
				"up": {"uv": [0, 2.35294, 1.88235, 3.76471], "texture": "#0"},
				"down": {"uv": [0, 2.35294, 1.88235, 3.76471], "rotation": 180, "texture": "#0"}
			}
		}
	],
	"display": {
		"thirdperson_righthand": {
			"rotation": [-86.5, 0, -39.5],
			"translation": [-2, 1.25, 0.5],
			"scale": [0.5, 0.5, 0.5]
		},
		"thirdperson_lefthand": {
			"rotation": [-86.5, 0, -39.5],
			"translation": [-2, 1.25, 0.5],
			"scale": [0.5, 0.5, 0.5]
		},
		"firstperson_righthand": {
			"rotation": [-86.5, 0, -39.5],
			"translation": [4, 1.25, 0.5],
			"scale": [0.5, 0.5, 0.5]
		},
		"firstperson_lefthand": {
			"rotation": [-86.5, 0, -39.5],
			"translation": [4, 1.25, 0.5],
			"scale": [0.5, 0.5, 0.5]
		},
		"ground": {
			"translation": [0, -1.25, 0],
			"scale": [0.7, 0.7, 0.7]
		},
		"gui": {
			"rotation": [-48.5, 0, 147.5],
			"translation": [-1.5, -0.25, 0],
			"scale": [0.88672, 0.88672, 0.88672]
		},
		"head": {
			"rotation": [-86.5, -31.5, -49],
			"translation": [8, 6.75, 0.5],
			"scale": [0.96289, 0.96289, 0.96289]
		},
		"fixed": {
			"rotation": [-90, 0, 0],
			"translation": [1.75, 0, 0]
		}
	}
}