{
	"credit": "Made with Blockbench",
	"textures": {
		"0": "cases/bundle_filled",
		"1": "cases/bundle",
		"particle": "cases/bundle_filled"
	},
	"elements": [
		{
			"from": [4.5, 0, 4.5],
			"to": [11.5, 1, 11.5],
			"rotation": {"angle": 0, "axis": "y", "origin": [12.5, 8, 12.5]},
			"faces": {
				"north": {"uv": [10, 14, 12, 15], "texture": "#0"},
				"east": {"uv": [5, 14, 12, 15], "texture": "#0"},
				"south": {"uv": [5, 14, 12, 15], "rotation": 180, "texture": "#0"},
				"west": {"uv": [11, 14, 12, 15], "texture": "#0"},
				"up": {"uv": [5, 14, 12, 15], "texture": "#0"},
				"down": {"uv": [0, 13, 3, 16], "texture": "#1"}
			}
		},
		{
			"from": [3.5, 1, 3.5],
			"to": [12.5, 2, 13],
			"rotation": {"angle": 0, "axis": "y", "origin": [12.5, 9, 12.5]},
			"faces": {
				"north": {"uv": [3, 15, 7.5, 15.5], "texture": "#1"},
				"east": {"uv": [3, 13, 13, 14], "rotation": 180, "texture": "#0"},
				"south": {"uv": [3, 13, 13, 14], "texture": "#0"},
				"west": {"uv": [3, 15.5, 7.5, 16], "texture": "#1"},
				"up": {"uv": [3, 13, 13, 14], "texture": "#0"},
				"down": {"uv": [7.5, 11, 12.5, 16], "texture": "#1"}
			}
		},
		{
			"from": [3.25, 2, 2.75],
			"to": [12.75, 7, 3.75],
			"rotation": {"angle": 0, "axis": "y", "origin": [12.5, 10, 12.75]},
			"faces": {
				"north": {"uv": [4, 9, 12, 13], "rotation": 180, "texture": "#0"},
				"east": {"uv": [11, 9, 12, 13], "rotation": 180, "texture": "#0"},
				"south": {"uv": [3, 9, 14, 13], "rotation": 180, "texture": "#0"},
				"west": {"uv": [3, 9, 4, 13], "rotation": 180, "texture": "#0"},
				"up": {"uv": [4, 12, 12, 13], "texture": "#0"},
				"down": {"uv": [4, 9, 12, 10], "texture": "#0"}
			}
		},
		{
			"from": [12.5, 2, 3.5],
			"to": [13.25, 7, 13.25],
			"rotation": {"angle": 0, "axis": "y", "origin": [13, 10, 13.5]},
			"faces": {
				"north": {"uv": [11, 9, 11.5, 11], "texture": "#1"},
				"east": {"uv": [7.5, 9, 11.5, 11], "texture": "#1"},
				"south": {"uv": [7.5, 9, 8, 11], "texture": "#1"},
				"west": {"uv": [7.5, 9, 11.5, 11], "texture": "#1"},
				"up": {"uv": [7.5, 9, 11.5, 9.5], "rotation": 270, "texture": "#1"},
				"down": {"uv": [7.5, 9, 11.5, 9.5], "rotation": 270, "texture": "#1"}
			}
		},
		{
			"from": [3, 2, 3.5],
			"to": [3.75, 7, 13.5],
			"rotation": {"angle": 0, "axis": "y", "origin": [3.5, 10, 13.5]},
			"faces": {
				"north": {"uv": [3, 9, 4, 13], "texture": "#0"},
				"east": {"uv": [3, 9, 14, 13], "texture": "#0"},
				"south": {"uv": [11, 9, 12, 13], "texture": "#0"},
				"west": {"uv": [3, 9, 12, 13], "texture": "#0"},
				"up": {"uv": [3, 9, 12, 10], "rotation": 90, "texture": "#0"},
				"down": {"uv": [3, 12, 12, 13], "rotation": 270, "texture": "#0"}
			}
		},
		{
			"from": [3.5, 2, 13],
			"to": [12.75, 7, 13.75],
			"rotation": {"angle": 0, "axis": "y", "origin": [3.5, 10, 14]},
			"faces": {
				"north": {"uv": [7.5, 9, 11.5, 11], "texture": "#1"},
				"east": {"uv": [11, 9, 11.5, 11], "texture": "#1"},
				"south": {"uv": [7.5, 9, 11.5, 11], "rotation": 180, "texture": "#1"},
				"west": {"uv": [7.5, 9, 8, 11], "texture": "#1"},
				"up": {"uv": [7.5, 10.5, 11.5, 11], "rotation": 180, "texture": "#1"},
				"down": {"uv": [7.5, 9, 11.5, 9.5], "rotation": 180, "texture": "#1"}
			}
		},
		{
			"from": [3.5, 7, 3.5],
			"to": [12.5, 8, 13.25],
			"rotation": {"angle": 0, "axis": "y", "origin": [12.5, 15, 12.5]},
			"faces": {
				"north": {"uv": [7.5, 10.5, 11.5, 11], "texture": "#1"},
				"east": {"uv": [3, 10, 12, 11], "texture": "#0"},
				"south": {"uv": [4, 12, 13, 13], "texture": "#0"},
				"west": {"uv": [4, 11, 14, 12], "texture": "#0"},
				"up": {"uv": [4, 9, 7, 12], "texture": "#1"},
				"down": {"uv": [4, 11, 14, 12], "texture": "#0"}
			}
		},
		{
			"from": [4, 8, 3.75],
			"to": [11.5, 9, 12.5],
			"rotation": {"angle": 0, "axis": "y", "origin": [12.5, 16, 12.5]},
			"faces": {
				"north": {"uv": [12.5, 11, 16, 11.5], "rotation": 180, "texture": "#1"},
				"east": {"uv": [15.5, 11, 16, 14.5], "rotation": 90, "texture": "#1"},
				"south": {"uv": [12.5, 14, 16, 14.5], "texture": "#1"},
				"west": {"uv": [12.5, 11, 13, 14.5], "rotation": 270, "texture": "#1"},
				"up": {"uv": [12.5, 11, 16, 14.5], "texture": "#1"},
				"down": {"uv": [12.5, 11, 16, 14.5], "texture": "#1"}
			}
		},
		{
			"from": [4.5, 9, 4.5],
			"to": [11.5, 10, 11.5],
			"rotation": {"angle": 0, "axis": "y", "origin": [12.5, 17, 12.5]},
			"faces": {
				"north": {"uv": [6, 6, 12, 7], "texture": "#0"},
				"east": {"uv": [6, 6, 12, 7], "texture": "#0"},
				"south": {"uv": [6, 6, 12, 7], "texture": "#0"},
				"west": {"uv": [6, 6, 12, 7], "texture": "#0"},
				"up": {"uv": [13, 8, 16, 11], "texture": "#1"},
				"down": {"uv": [6, 6, 12, 7], "texture": "#0"}
			}
		},
		{
			"from": [11.5, 6.75, 8.25],
			"to": [11.5, 9.5, 9],
			"rotation": {"angle": 45, "axis": "z", "origin": [11.5, 9, 8.875]},
			"faces": {
				"north": {"uv": [6, 6, 12, 7], "texture": "#0"},
				"east": {"uv": [15.5, 8, 16, 11], "texture": "#1"},
				"south": {"uv": [6, 6, 12, 7], "texture": "#0"},
				"west": {"uv": [6, 6, 12, 7], "rotation": 90, "texture": "#0"},
				"up": {"uv": [13, 8, 16, 11], "texture": "#1"},
				"down": {"uv": [6, 6, 12, 7], "texture": "#0"}
			}
		},
		{
			"from": [13.25, 6.75, 8.25],
			"to": [13.25, 7.45, 9],
			"rotation": {"angle": 22.5, "axis": "z", "origin": [13.25, 7, 8.875]},
			"faces": {
				"north": {"uv": [13, 8, 13.5, 8.5], "texture": "#1"},
				"east": {"uv": [13, 8, 13.5, 8.5], "texture": "#1"},
				"south": {"uv": [13, 8, 13.5, 8.5], "texture": "#1"},
				"west": {"uv": [13, 8, 13.5, 8.5], "texture": "#1"},
				"up": {"uv": [13, 8, 13.5, 8.5], "texture": "#1"},
				"down": {"uv": [13, 8, 13.5, 8.5], "texture": "#1"}
			}
		},
		{
			"from": [13.35, 5.075, 8.25],
			"to": [13.35, 6.775, 9],
			"rotation": {"angle": 0, "axis": "z", "origin": [13.5, 6.25, 8.875]},
			"faces": {
				"north": {"uv": [13, 8.5, 13.5, 10], "texture": "#1"},
				"east": {"uv": [13, 8.5, 13.5, 10], "texture": "#1"},
				"south": {"uv": [13, 8.5, 13.5, 10], "texture": "#1"},
				"west": {"uv": [13, 8.5, 13.5, 10], "texture": "#1"},
				"up": {"uv": [13, 8.5, 13.5, 10], "texture": "#1"},
				"down": {"uv": [13, 8.5, 13.5, 10], "texture": "#1"}
			}
		},
		{
			"from": [5, 10, 5],
			"to": [11, 11, 11],
			"rotation": {"angle": 0, "axis": "y", "origin": [12.5, 18, 12.5]},
			"faces": {
				"north": {"uv": [7, 5, 13, 6], "texture": "#0"},
				"east": {"uv": [7, 5, 13, 6], "texture": "#0"},
				"south": {"uv": [7, 5, 13, 6], "texture": "#0"},
				"west": {"uv": [7, 5, 13, 6], "texture": "#0"},
				"up": {"uv": [8.5, 6, 11.5, 9], "texture": "#1"},
				"down": {"uv": [7, 5, 13, 6], "texture": "#0"}
			}
		},
		{
			"from": [5, 11, 10.5],
			"to": [11, 12, 11.5],
			"rotation": {"angle": 0, "axis": "y", "origin": [12.5, 19, 12.5]},
			"faces": {
				"north": {"uv": [4, 11, 12, 13], "texture": "#0"},
				"east": {"uv": [4, 11, 6, 13], "texture": "#0"},
				"south": {"uv": [4, 11, 12, 13], "texture": "#0"},
				"west": {"uv": [10, 11, 12, 13], "texture": "#0"},
				"up": {"uv": [4, 11, 12, 13], "texture": "#0"},
				"down": {"uv": [4, 11, 12, 13], "texture": "#0"}
			}
		},
		{
			"from": [5, 12, 10.75],
			"to": [11, 13, 11.75],
			"rotation": {"angle": 0, "axis": "y", "origin": [12.5, 20, 12.75]},
			"faces": {
				"north": {"uv": [4, 9, 11, 11], "texture": "#0"},
				"east": {"uv": [9, 9, 11, 11], "texture": "#0"},
				"south": {"uv": [4, 9, 11, 11], "texture": "#0"},
				"west": {"uv": [4, 9, 6, 11], "texture": "#0"},
				"up": {"uv": [4, 9, 11, 11], "texture": "#0"},
				"down": {"uv": [4, 9, 11, 11], "texture": "#0"}
			}
		},
		{
			"from": [5.25, 13, 11],
			"to": [6.5, 13.25, 12],
			"rotation": {"angle": 0, "axis": "y", "origin": [12.5, 20, 12.75]},
			"faces": {
				"north": {"uv": [6, 1, 8, 2], "texture": "#0"},
				"east": {"uv": [6, 1, 8, 2], "texture": "#0"},
				"south": {"uv": [6, 1, 8, 2], "texture": "#0"},
				"west": {"uv": [6, 1, 8, 2], "texture": "#0"},
				"up": {"uv": [6, 1, 8, 2], "texture": "#0"},
				"down": {"uv": [6, 1, 8, 2], "texture": "#0"}
			}
		},
		{
			"from": [9.5, 13, 11],
			"to": [10.75, 13.25, 12],
			"rotation": {"angle": 0, "axis": "y", "origin": [16.75, 20, 12.75]},
			"faces": {
				"north": {"uv": [8, 1, 10, 2], "texture": "#0"},
				"east": {"uv": [8, 1, 10, 2], "texture": "#0"},
				"south": {"uv": [8, 1, 10, 2], "texture": "#0"},
				"west": {"uv": [8, 1, 10, 2], "texture": "#0"},
				"up": {"uv": [8, 1, 10, 2], "texture": "#0"},
				"down": {"uv": [8, 1, 10, 2], "texture": "#0"}
			}
		},
		{
			"from": [6.25, 12.75, 11.25],
			"to": [10, 13.75, 12.25],
			"rotation": {"angle": 0, "axis": "y", "origin": [12.5, 20.75, 13.25]},
			"faces": {
				"north": {"uv": [6, 1, 10, 2], "rotation": 180, "texture": "#0"},
				"east": {"uv": [8, 1, 10, 2], "texture": "#0"},
				"south": {"uv": [6, 1, 10, 2], "texture": "#0"},
				"west": {"uv": [6, 1, 8, 2], "texture": "#0"},
				"up": {"uv": [6, 1, 10, 2], "texture": "#0"},
				"down": {"uv": [6, 1, 10, 2], "texture": "#0"}
			}
		},
		{
			"from": [5.001, 11.75, 4.25],
			"to": [11.001, 13.25, 5.25],
			"rotation": {"angle": 0, "axis": "y", "origin": [12.5, 19.75, 6.25]},
			"faces": {
				"north": {"uv": [3, 15, 7.5, 16], "rotation": 180, "texture": "#1"},
				"east": {"uv": [3, 15, 4, 16], "rotation": 180, "texture": "#1"},
				"south": {"uv": [3, 15, 7.5, 16], "rotation": 180, "texture": "#1"},
				"west": {"uv": [6.5, 15, 7.5, 16], "rotation": 180, "texture": "#1"},
				"up": {"uv": [3, 15.5, 7.5, 16], "texture": "#1"},
				"down": {"uv": [3, 15, 7.5, 16], "rotation": 180, "texture": "#1"}
			}
		},
		{
			"from": [4.25, 11.75, 5.25],
			"to": [5, 13, 10.75],
			"rotation": {"angle": 0, "axis": "y", "origin": [11.75, 19.75, 7.25]},
			"faces": {
				"north": {"uv": [7, 4, 8, 5], "texture": "#0"},
				"east": {"uv": [7, 4, 12, 5], "texture": "#0"},
				"south": {"uv": [11, 4, 12, 5], "texture": "#0"},
				"west": {"uv": [7, 4, 12, 5], "texture": "#0"},
				"up": {"uv": [7, 4, 12, 5], "rotation": 90, "texture": "#0"},
				"down": {"uv": [7, 4, 12, 5], "texture": "#0"}
			}
		},
		{
			"from": [11, 11.75, 5.25],
			"to": [12, 13, 10.75],
			"rotation": {"angle": 0, "axis": "y", "origin": [18.75, 19.75, 7.25]},
			"faces": {
				"north": {"uv": [10, 11, 12, 13], "texture": "#0"},
				"east": {"uv": [5, 11, 12, 13], "texture": "#0"},
				"south": {"uv": [5, 11, 7, 13], "texture": "#0"},
				"west": {"uv": [5, 11, 12, 13], "texture": "#0"},
				"up": {"uv": [5, 11, 12, 12], "rotation": 270, "texture": "#0"},
				"down": {"uv": [5, 11, 12, 13], "texture": "#0"}
			}
		},
		{
			"from": [5, 11, 4.5],
			"to": [11, 12, 5.5],
			"rotation": {"angle": 0, "axis": "y", "origin": [12.5, 19, 6.5]},
			"faces": {
				"north": {"uv": [4.5, 15, 7.5, 16], "texture": "#1"},
				"east": {"uv": [4.5, 15, 5.5, 16], "texture": "#1"},
				"south": {"uv": [4.5, 15, 7.5, 16], "texture": "#1"},
				"west": {"uv": [6.5, 15, 7.5, 16], "texture": "#1"},
				"up": {"uv": [4.5, 15, 7.5, 16], "texture": "#1"},
				"down": {"uv": [4.5, 15, 7.5, 16], "texture": "#1"}
			}
		},
		{
			"from": [10.5, 11, 5],
			"to": [11.5, 12, 11],
			"rotation": {"angle": 0, "axis": "y", "origin": [12.5, 19, 6.5]},
			"faces": {
				"north": {"uv": [7.5, 10, 8.5, 11], "texture": "#1"},
				"east": {"uv": [7.5, 10, 11.5, 11], "texture": "#1"},
				"south": {"uv": [10.5, 10, 11.5, 11], "texture": "#1"},
				"west": {"uv": [7.5, 10, 11.5, 11], "texture": "#1"},
				"up": {"uv": [7.5, 10, 11.5, 11], "rotation": 90, "texture": "#1"},
				"down": {"uv": [7.5, 10, 11.5, 11], "texture": "#1"}
			}
		},
		{
			"from": [4.5, 11, 5],
			"to": [5.5, 12, 11],
			"rotation": {"angle": 0, "axis": "y", "origin": [6.5, 19, 6.5]},
			"faces": {
				"north": {"uv": [10.5, 9, 11.5, 10], "texture": "#1"},
				"east": {"uv": [7.5, 9, 11.5, 10], "texture": "#1"},
				"south": {"uv": [7.5, 9, 8.5, 10], "texture": "#1"},
				"west": {"uv": [7.5, 9, 11.5, 10], "texture": "#1"},
				"up": {"uv": [7.5, 9, 11.5, 10], "rotation": 90, "texture": "#1"},
				"down": {"uv": [7.5, 9, 11.5, 10], "texture": "#1"}
			}
		}
	],
	"display": {
		"thirdperson_righthand": {
			"translation": [0, 0.25, 0],
			"scale": [0.34, 0.34, 0.34]
		},
		"thirdperson_lefthand": {
			"translation": [0, 0.25, 0],
			"scale": [0.34, 0.34, 0.34]
		},
		"firstperson_righthand": {
			"translation": [1, 0.5, 0],
			"scale": [0.5, 0.5, 0.5]
		},
		"firstperson_lefthand": {
			"translation": [1, 0.5, 0],
			"scale": [0.5, 0.5, 0.5]
		},
		"ground": {
			"translation": [0, -1.25, 0],
			"scale": [0.41, 0.41, 0.41]
		},
		"gui": {
			"rotation": [24, 43, 0],
			"translation": [-0.25, 1, 0],
			"scale": [0.75, 0.75, 0.75]
		},
		"head": {
			"translation": [0, -1.25, -6.75],
			"scale": [0.45, 0.45, 0.45]
		},
		"fixed": {
			"rotation": [0, 90, 0],
			"translation": [0, 3.5, -1.75],
			"scale": [1.36, 1.36, 1.36]
		}
	}
}