{
	"credit": "Made with Blockbench",
	"texture_size": [32, 32],
	"textures": {
		"0": "cases/case",
		"particle": "cases/case"
	},
	"elements": [
		{
			"from": [3, 0, 6],
			"to": [13, 2, 13],
			"rotation": {"angle": 0, "axis": "y", "origin": [19, 8, 14]},
			"faces": {
				"north": {"uv": [0, 0, 8, 1.5], "texture": "#0"},
				"east": {"uv": [0, 1.5, 6, 3], "texture": "#0"},
				"south": {"uv": [0, 0, 8, 1.5], "texture": "#0"},
				"west": {"uv": [0, 1.5, 6, 3], "texture": "#0"},
				"up": {"uv": [0, 3, 8, 9], "texture": "#0"},
				"down": {"uv": [0, 3, 8, 9], "texture": "#0"}
			}
		},
		{
			"from": [2.75, 2.25, 5.75],
			"to": [13.25, 2.25, 13.25],
			"rotation": {"angle": 0, "axis": "y", "origin": [19, 8.25, 14]},
			"faces": {
				"north": {"uv": [15.5, 15.5, 16, 16], "texture": "#0"},
				"east": {"uv": [15.5, 15.5, 16, 16], "texture": "#0"},
				"south": {"uv": [15.5, 15.5, 16, 16], "texture": "#0"},
				"west": {"uv": [15.5, 15.5, 16, 16], "texture": "#0"},
				"up": {"uv": [8, 3, 16, 9], "texture": "#0"},
				"down": {"uv": [15.5, 15.5, 16, 16], "texture": "#0"}
			}
		},
		{
			"from": [2.75, 0, 13.25],
			"to": [13.25, 2.25, 13.25],
			"rotation": {"angle": 0, "axis": "y", "origin": [19, 8.25, 14]},
			"faces": {
				"north": {"uv": [15.5, 15.5, 16, 16], "texture": "#0"},
				"east": {"uv": [15.5, 15.5, 16, 16], "texture": "#0"},
				"south": {"uv": [8, 0, 16, 1.5], "texture": "#0"},
				"west": {"uv": [15.5, 15.5, 16, 16], "texture": "#0"},
				"up": {"uv": [8, 3, 16, 9], "texture": "#0"},
				"down": {"uv": [15.5, 15.5, 16, 16], "texture": "#0"}
			}
		},
		{
			"from": [2.75, -0.25, 5.75],
			"to": [13.25, -0.25, 13.25],
			"rotation": {"angle": 0, "axis": "y", "origin": [19, 5.75, 14]},
			"faces": {
				"north": {"uv": [15.5, 15.5, 16, 16], "texture": "#0"},
				"east": {"uv": [15.5, 15.5, 16, 16], "texture": "#0"},
				"south": {"uv": [15.5, 15.5, 16, 16], "texture": "#0"},
				"west": {"uv": [15.5, 15.5, 16, 16], "texture": "#0"},
				"up": {"uv": [15.5, 15, 16, 16], "texture": "#0"},
				"down": {"uv": [8, 3, 16, 9], "texture": "#0"}
			}
		},
		{
			"from": [2.75, -0.25, 6],
			"to": [2.75, 2.25, 13],
			"rotation": {"angle": 0, "axis": "y", "origin": [19, 8.25, 14]},
			"faces": {
				"north": {"uv": [15.5, 15.5, 16, 16], "texture": "#0"},
				"east": {"uv": [15.5, 15.5, 16, 16], "texture": "#0"},
				"south": {"uv": [15.5, 15.5, 16, 16], "texture": "#0"},
				"west": {"uv": [10, 1.5, 16, 3], "texture": "#0"},
				"up": {"uv": [8, 3, 16, 9], "texture": "#0"},
				"down": {"uv": [15.5, 15.5, 16, 16], "texture": "#0"}
			}
		},
		{
			"from": [13.25, -0.25, 6],
			"to": [13.25, 2.25, 13],
			"rotation": {"angle": 0, "axis": "y", "origin": [29.5, 8.25, 14]},
			"faces": {
				"north": {"uv": [10, 1.5, 16, 3], "texture": "#0"},
				"east": {"uv": [10, 1.5, 16, 3], "texture": "#0"},
				"south": {"uv": [10, 1.5, 16, 3], "texture": "#0"},
				"west": {"uv": [10, 14.5, 16, 16], "texture": "#0"},
				"up": {"uv": [10, 1.5, 16, 3], "texture": "#0"},
				"down": {"uv": [10, 1.5, 16, 3], "texture": "#0"}
			}
		},
		{
			"from": [3, -0.25, 6],
			"to": [3, 2.25, 13],
			"rotation": {"angle": 0, "axis": "y", "origin": [19, 8.25, 14]},
			"faces": {
				"north": {"uv": [15.5, 15.5, 16, 16], "texture": "#0"},
				"east": {"uv": [15.5, 15.5, 16, 16], "texture": "#0"},
				"south": {"uv": [15.5, 15.5, 16, 16], "texture": "#0"},
				"west": {"uv": [15.5, 15.5, 16, 16], "texture": "#0"},
				"up": {"uv": [8, 3, 16, 9], "texture": "#0"},
				"down": {"uv": [15.5, 15.5, 16, 16], "texture": "#0"}
			}
		},
		{
			"from": [5.5, 0.5, 5],
			"to": [6.5, 1.5, 6],
			"rotation": {"angle": 0, "axis": "y", "origin": [18.5, 8, 13.25]},
			"faces": {
				"north": {"uv": [3, 9.5, 3.5, 10], "texture": "#0"},
				"east": {"uv": [3, 9.5, 3.5, 10], "texture": "#0"},
				"south": {"uv": [3, 9.5, 3.5, 10], "texture": "#0"},
				"west": {"uv": [3, 9.5, 3.5, 10], "texture": "#0"},
				"up": {"uv": [3, 9.5, 3.5, 10], "texture": "#0"},
				"down": {"uv": [3, 9.5, 3.5, 10], "texture": "#0"}
			}
		},
		{
			"from": [6.5, 0.5, 4],
			"to": [7.5, 1.5, 5],
			"rotation": {"angle": 0, "axis": "y", "origin": [19.5, 8, 12.25]},
			"faces": {
				"north": {"uv": [3, 9.5, 3.5, 10], "texture": "#0"},
				"east": {"uv": [3, 9.5, 3.5, 10], "texture": "#0"},
				"south": {"uv": [3, 9.5, 3.5, 10], "texture": "#0"},
				"west": {"uv": [3, 9.5, 3.5, 10], "texture": "#0"},
				"up": {"uv": [3, 9.5, 3.5, 10], "texture": "#0"},
				"down": {"uv": [3, 9.5, 3.5, 10], "texture": "#0"}
			}
		},
		{
			"from": [7.5, 0.5, 4],
			"to": [8.5, 1.5, 5],
			"rotation": {"angle": 0, "axis": "y", "origin": [20.5, 8, 12.25]},
			"faces": {
				"north": {"uv": [3, 9.5, 3.5, 10], "texture": "#0"},
				"east": {"uv": [3, 9.5, 3.5, 10], "texture": "#0"},
				"south": {"uv": [3, 9.5, 3.5, 10], "texture": "#0"},
				"west": {"uv": [3, 9.5, 3.5, 10], "texture": "#0"},
				"up": {"uv": [3, 9.5, 3.5, 10], "texture": "#0"},
				"down": {"uv": [3, 9.5, 3.5, 10], "texture": "#0"}
			}
		},
		{
			"from": [8.5, 0.5, 4],
			"to": [9.5, 1.5, 5],
			"rotation": {"angle": 0, "axis": "y", "origin": [21.5, 8, 12.25]},
			"faces": {
				"north": {"uv": [3, 9.5, 3.5, 10], "texture": "#0"},
				"east": {"uv": [3, 9.5, 3.5, 10], "texture": "#0"},
				"south": {"uv": [3, 9.5, 3.5, 10], "texture": "#0"},
				"west": {"uv": [3, 9.5, 3.5, 10], "texture": "#0"},
				"up": {"uv": [3, 9.5, 3.5, 10], "texture": "#0"},
				"down": {"uv": [3, 9.5, 3.5, 10], "texture": "#0"}
			}
		},
		{
			"from": [9.5, 0.5, 5],
			"to": [10.5, 1.5, 6],
			"rotation": {"angle": 0, "axis": "y", "origin": [22.5, 8, 13.25]},
			"faces": {
				"north": {"uv": [3, 9.5, 3.5, 10], "texture": "#0"},
				"east": {"uv": [3, 9.5, 3.5, 10], "texture": "#0"},
				"south": {"uv": [3, 9.5, 3.5, 10], "texture": "#0"},
				"west": {"uv": [3, 9.5, 3.5, 10], "texture": "#0"},
				"up": {"uv": [3, 9.5, 3.5, 10], "texture": "#0"},
				"down": {"uv": [3, 9.5, 3.5, 10], "texture": "#0"}
			}
		}
	],
	"display": {
		"thirdperson_righthand": {
			"rotation": [-180, 0, -90],
			"translation": [7.75, -1.75, -2.5]
		},
		"thirdperson_lefthand": {
			"rotation": [-180, 0, -90],
			"translation": [6.75, -1.75, -2.5]
		},
		"firstperson_righthand": {
			"rotation": [89, 0, 0],
			"translation": [0, 2.25, 10]
		},
		"firstperson_lefthand": {
			"rotation": [89, 0, 0],
			"translation": [0, 2.25, 10]
		},
		"ground": {
			"translation": [0, 8.25, 0],
			"scale": [1.5, 1.5, 1.5]
		},
		"gui": {
			"rotation": [53, -30, 0],
			"translation": [1.5, 5.25, 0],
			"scale": [1.17, 1.17, 1.17]
		},
		"head": {
			"translation": [0, 2.25, -7]
		},
		"fixed": {
			"rotation": [90, 0, 0],
			"translation": [0, 0, 17.5],
			"scale": [2.61, 2.61, 2.61]
		}
	}
}