{
	"credit": "Made with Blockbench",
	"textures": {
		"0": "cases/spruce_door_top",
		"1": "cases/spruce_planks",
		"particle": "cases/spruce_door_top"
	},
	"elements": [
		{
			"from": [5, 0, 5],
			"to": [11, 6, 11],
			"rotation": {"angle": 0, "axis": "y", "origin": [18, 8, 13]},
			"faces": {
				"north": {"uv": [3, 5, 13, 15], "texture": "#0"},
				"east": {"uv": [3, 5, 13, 15], "texture": "#0"},
				"south": {"uv": [3, 5, 13, 15], "texture": "#0"},
				"west": {"uv": [3, 5, 13, 15], "texture": "#0"},
				"up": {"uv": [3, 5, 13, 15], "rotation": 90, "texture": "#0"},
				"down": {"uv": [3, 5, 13, 15], "texture": "#0"}
			}
		},
		{
			"from": [5.75, -0.25, 10.25],
			"to": [10.25, 0.75, 11.25],
			"rotation": {"angle": 0, "axis": "y", "origin": [18, 8, 18.5]},
			"faces": {
				"north": {"uv": [2, 0, 14, 3], "texture": "#1"},
				"east": {"uv": [2, 0, 14, 3], "texture": "#1"},
				"south": {"uv": [2, 0, 14, 3], "texture": "#1"},
				"west": {"uv": [2, 0, 14, 3], "texture": "#1"},
				"up": {"uv": [2, 0, 14, 3], "texture": "#1"},
				"down": {"uv": [2, 0, 14, 3], "texture": "#1"}
			}
		},
		{
			"from": [5.75, -0.25, 4.75],
			"to": [10.25, 0.75, 5.75],
			"rotation": {"angle": 0, "axis": "y", "origin": [18, 8, 13]},
			"faces": {
				"north": {"uv": [2, 0, 14, 3], "texture": "#1"},
				"east": {"uv": [2, 0, 14, 3], "texture": "#1"},
				"south": {"uv": [2, 0, 14, 3], "texture": "#1"},
				"west": {"uv": [2, 0, 14, 3], "texture": "#1"},
				"up": {"uv": [2, 0, 14, 3], "texture": "#1"},
				"down": {"uv": [2, 0, 14, 3], "texture": "#1"}
			}
		},
		{
			"from": [5.75, 5.25, 10.25],
			"to": [10.25, 6.25, 11.25],
			"rotation": {"angle": 0, "axis": "y", "origin": [18, 13.75, 18.5]},
			"faces": {
				"north": {"uv": [2, 12, 14, 15], "texture": "#1"},
				"east": {"uv": [2, 12, 14, 15], "texture": "#1"},
				"south": {"uv": [2, 12, 14, 15], "texture": "#1"},
				"west": {"uv": [2, 12, 14, 15], "texture": "#1"},
				"up": {"uv": [2, 12, 14, 15], "texture": "#1"},
				"down": {"uv": [2, 12, 14, 15], "texture": "#1"}
			}
		},
		{
			"from": [5.75, 5.25, 4.75],
			"to": [10.25, 6.25, 5.75],
			"rotation": {"angle": 0, "axis": "y", "origin": [18, 13.75, 13]},
			"faces": {
				"north": {"uv": [2, 12, 14, 15], "texture": "#1"},
				"east": {"uv": [2, 12, 14, 15], "texture": "#1"},
				"south": {"uv": [2, 12, 14, 15], "texture": "#1"},
				"west": {"uv": [2, 12, 14, 15], "texture": "#1"},
				"up": {"uv": [2, 12, 14, 15], "texture": "#1"},
				"down": {"uv": [2, 12, 14, 15], "texture": "#1"}
			}
		},
		{
			"from": [7.5, -0.5, 4.9],
			"to": [8.5, 6.5, 5.9],
			"rotation": {"angle": 45, "axis": "z", "origin": [8, 3, 5.25]},
			"faces": {
				"north": {"uv": [2, 0, 14, 3], "rotation": 90, "texture": "#1"},
				"east": {"uv": [2, 0, 14, 3], "texture": "#1"},
				"south": {"uv": [2, 0, 14, 3], "texture": "#1"},
				"west": {"uv": [2, 0, 14, 3], "texture": "#1"},
				"up": {"uv": [2, 0, 14, 3], "texture": "#1"},
				"down": {"uv": [2, 0, 14, 3], "texture": "#1"}
			}
		},
		{
			"from": [7.5, -0.5, 10.1],
			"to": [8.5, 6.5, 11.1],
			"rotation": {"angle": -45, "axis": "z", "origin": [8, 3, 10.75]},
			"faces": {
				"north": {"uv": [2, 8, 14, 11], "rotation": 90, "texture": "#1"},
				"east": {"uv": [2, 8, 14, 11], "rotation": 90, "texture": "#1"},
				"south": {"uv": [2, 8, 14, 11], "rotation": 90, "texture": "#1"},
				"west": {"uv": [2, 8, 14, 11], "rotation": 90, "texture": "#1"},
				"up": {"uv": [2, 8, 14, 11], "rotation": 90, "texture": "#1"},
				"down": {"uv": [2, 8, 14, 11], "rotation": 90, "texture": "#1"}
			}
		},
		{
			"from": [4.9, 2.5, 4.5],
			"to": [5.9, 3.5, 11.5],
			"rotation": {"angle": 45, "axis": "x", "origin": [5.25, 3, 8]},
			"faces": {
				"north": {"uv": [2, 0, 14, 3], "texture": "#1"},
				"east": {"uv": [2, 0, 14, 3], "texture": "#1"},
				"south": {"uv": [2, 0, 14, 3], "texture": "#1"},
				"west": {"uv": [2, 0, 14, 3], "texture": "#1"},
				"up": {"uv": [2, 0, 14, 3], "texture": "#1"},
				"down": {"uv": [2, 0, 14, 3], "texture": "#1"}
			}
		},
		{
			"from": [10.1, 2.5, 4.5],
			"to": [11.1, 3.5, 11.5],
			"rotation": {"angle": -45, "axis": "x", "origin": [10.75, 3, 8]},
			"faces": {
				"north": {"uv": [2, 0, 14, 3], "texture": "#1"},
				"east": {"uv": [2, 0, 14, 3], "texture": "#1"},
				"south": {"uv": [2, 0, 14, 3], "texture": "#1"},
				"west": {"uv": [2, 0, 14, 3], "texture": "#1"},
				"up": {"uv": [2, 0, 14, 3], "texture": "#1"},
				"down": {"uv": [2, 0, 14, 3], "texture": "#1"}
			}
		},
		{
			"from": [7.25, 5.1, 4.5],
			"to": [8.25, 6.1, 11.5],
			"rotation": {"angle": 45, "axis": "y", "origin": [7.75, 5.75, 8]},
			"faces": {
				"north": {"uv": [2, 0, 14, 3], "texture": "#1"},
				"east": {"uv": [2, 0, 14, 3], "texture": "#1"},
				"south": {"uv": [2, 0, 14, 3], "texture": "#1"},
				"west": {"uv": [2, 0, 14, 3], "texture": "#1"},
				"up": {"uv": [2, 0, 14, 3], "rotation": 90, "texture": "#1"},
				"down": {"uv": [2, 0, 14, 3], "texture": "#1"}
			}
		},
		{
			"from": [7.25, -0.1, 4.5],
			"to": [8.25, 0.9, 11.5],
			"rotation": {"angle": -45, "axis": "y", "origin": [7.75, 0.25, 8]},
			"faces": {
				"north": {"uv": [2, 0, 14, 3], "texture": "#1"},
				"east": {"uv": [2, 0, 14, 3], "texture": "#1"},
				"south": {"uv": [2, 0, 14, 3], "texture": "#1"},
				"west": {"uv": [2, 0, 14, 3], "texture": "#1"},
				"up": {"uv": [2, 0, 14, 3], "texture": "#1"},
				"down": {"uv": [2, 0, 14, 3], "rotation": 90, "texture": "#1"}
			}
		},
		{
			"from": [4.75, -0.25, 10.25],
			"to": [5.75, 6.25, 11.25],
			"rotation": {"angle": 0, "axis": "y", "origin": [18, 8, 19.25]},
			"faces": {
				"north": {"uv": [0, 0, 16, 3], "rotation": 90, "texture": "#1"},
				"east": {"uv": [0, 0, 16, 3], "rotation": 90, "texture": "#1"},
				"south": {"uv": [0, 0, 16, 3], "rotation": 90, "texture": "#1"},
				"west": {"uv": [0, 0, 16, 3], "rotation": 90, "texture": "#1"},
				"up": {"uv": [3, 0, 6, 3], "rotation": 90, "texture": "#1"},
				"down": {"uv": [4, 0, 7, 3], "rotation": 90, "texture": "#1"}
			}
		},
		{
			"from": [4.75, -0.25, 4.75],
			"to": [5.75, 6.25, 5.75],
			"rotation": {"angle": 0, "axis": "y", "origin": [18, 8, 13.75]},
			"faces": {
				"north": {"uv": [0, 0, 16, 3], "rotation": 90, "texture": "#1"},
				"east": {"uv": [0, 0, 16, 3], "rotation": 90, "texture": "#1"},
				"south": {"uv": [0, 0, 16, 3], "rotation": 90, "texture": "#1"},
				"west": {"uv": [0, 0, 16, 3], "rotation": 90, "texture": "#1"},
				"up": {"uv": [3, 0, 6, 3], "rotation": 90, "texture": "#1"},
				"down": {"uv": [4, 0, 7, 3], "rotation": 90, "texture": "#1"}
			}
		},
		{
			"from": [4.75, -0.25, 5.75],
			"to": [5.75, 0.75, 10.25],
			"rotation": {"angle": 0, "axis": "y", "origin": [18, 8, 18.25]},
			"faces": {
				"north": {"uv": [2, 0, 14, 3], "texture": "#1"},
				"east": {"uv": [2, 0, 14, 3], "texture": "#1"},
				"south": {"uv": [2, 0, 14, 3], "texture": "#1"},
				"west": {"uv": [2, 0, 14, 3], "texture": "#1"},
				"up": {"uv": [2, 0, 14, 3], "rotation": 90, "texture": "#1"},
				"down": {"uv": [2, 0, 14, 3], "rotation": 90, "texture": "#1"}
			}
		},
		{
			"from": [10.25, 5.25, 5.75],
			"to": [11.25, 6.25, 10.25],
			"rotation": {"angle": 0, "axis": "y", "origin": [23.5, 13.5, 18.25]},
			"faces": {
				"north": {"uv": [2, 0, 14, 3], "texture": "#1"},
				"east": {"uv": [2, 0, 14, 3], "texture": "#1"},
				"south": {"uv": [2, 0, 14, 3], "texture": "#1"},
				"west": {"uv": [2, 0, 14, 3], "texture": "#1"},
				"up": {"uv": [2, 0, 14, 3], "rotation": 90, "texture": "#1"},
				"down": {"uv": [2, 0, 14, 3], "rotation": 90, "texture": "#1"}
			}
		},
		{
			"from": [10.25, -0.25, 5.75],
			"to": [11.25, 0.75, 10.25],
			"rotation": {"angle": 0, "axis": "y", "origin": [23.5, 8, 18.25]},
			"faces": {
				"north": {"uv": [2, 0, 14, 3], "texture": "#1"},
				"east": {"uv": [2, 0, 14, 3], "texture": "#1"},
				"south": {"uv": [2, 0, 14, 3], "texture": "#1"},
				"west": {"uv": [2, 0, 14, 3], "texture": "#1"},
				"up": {"uv": [2, 0, 14, 3], "rotation": 90, "texture": "#1"},
				"down": {"uv": [2, 0, 14, 3], "rotation": 90, "texture": "#1"}
			}
		},
		{
			"from": [4.75, 5.25, 5.75],
			"to": [5.75, 6.25, 10.25],
			"rotation": {"angle": 0, "axis": "y", "origin": [18, 13.5, 18.25]},
			"faces": {
				"north": {"uv": [2, 0, 14, 3], "texture": "#1"},
				"east": {"uv": [2, 0, 14, 3], "texture": "#1"},
				"south": {"uv": [2, 0, 14, 3], "texture": "#1"},
				"west": {"uv": [2, 0, 14, 3], "texture": "#1"},
				"up": {"uv": [2, 0, 14, 3], "rotation": 90, "texture": "#1"},
				"down": {"uv": [2, 0, 14, 3], "rotation": 90, "texture": "#1"}
			}
		},
		{
			"from": [10.25, 5.25, 5.75],
			"to": [11.25, 6.25, 10.25],
			"rotation": {"angle": 0, "axis": "y", "origin": [23.5, 13.5, 18.25]},
			"faces": {
				"north": {"uv": [2, 0, 14, 3], "texture": "#1"},
				"east": {"uv": [2, 0, 14, 3], "texture": "#1"},
				"south": {"uv": [2, 0, 14, 3], "texture": "#1"},
				"west": {"uv": [2, 0, 14, 3], "texture": "#1"},
				"up": {"uv": [2, 0, 14, 3], "rotation": 90, "texture": "#1"},
				"down": {"uv": [2, 0, 14, 3], "rotation": 90, "texture": "#1"}
			}
		},
		{
			"from": [10.25, -0.25, 5.75],
			"to": [11.25, 0.75, 10.25],
			"rotation": {"angle": 0, "axis": "y", "origin": [23.5, 8, 18.25]},
			"faces": {
				"north": {"uv": [2, 0, 14, 3], "texture": "#1"},
				"east": {"uv": [2, 0, 14, 3], "texture": "#1"},
				"south": {"uv": [2, 0, 14, 3], "texture": "#1"},
				"west": {"uv": [2, 0, 14, 3], "texture": "#1"},
				"up": {"uv": [2, 0, 14, 3], "rotation": 90, "texture": "#1"},
				"down": {"uv": [2, 0, 14, 3], "rotation": 90, "texture": "#1"}
			}
		},
		{
			"from": [4.75, 5.25, 5.75],
			"to": [5.75, 6.25, 10.25],
			"rotation": {"angle": 0, "axis": "y", "origin": [18, 13.5, 18.25]},
			"faces": {
				"north": {"uv": [2, 0, 14, 3], "texture": "#1"},
				"east": {"uv": [2, 0, 14, 3], "texture": "#1"},
				"south": {"uv": [2, 0, 14, 3], "texture": "#1"},
				"west": {"uv": [2, 0, 14, 3], "texture": "#1"},
				"up": {"uv": [2, 0, 14, 3], "rotation": 90, "texture": "#1"},
				"down": {"uv": [2, 0, 14, 3], "rotation": 90, "texture": "#1"}
			}
		},
		{
			"from": [10.25, -0.25, 10.25],
			"to": [11.25, 6.25, 11.25],
			"rotation": {"angle": 0, "axis": "y", "origin": [23.5, 8, 19.25]},
			"faces": {
				"north": {"uv": [0, 0, 16, 3], "rotation": 90, "texture": "#1"},
				"east": {"uv": [0, 0, 16, 3], "rotation": 90, "texture": "#1"},
				"south": {"uv": [0, 0, 16, 3], "rotation": 90, "texture": "#1"},
				"west": {"uv": [0, 0, 16, 3], "rotation": 90, "texture": "#1"},
				"up": {"uv": [11, 0, 14, 3], "rotation": 90, "texture": "#1"},
				"down": {"uv": [2, 0, 5, 3], "rotation": 90, "texture": "#1"}
			}
		},
		{
			"from": [10.25, -0.25, 4.75],
			"to": [11.25, 6.25, 5.75],
			"rotation": {"angle": 0, "axis": "y", "origin": [23.5, 8, 13.75]},
			"faces": {
				"north": {"uv": [0, 0, 16, 3], "rotation": 90, "texture": "#1"},
				"east": {"uv": [0, 0, 16, 3], "rotation": 90, "texture": "#1"},
				"south": {"uv": [0, 0, 16, 3], "rotation": 90, "texture": "#1"},
				"west": {"uv": [0, 0, 16, 3], "rotation": 90, "texture": "#1"},
				"up": {"uv": [11, 0, 14, 3], "rotation": 90, "texture": "#1"},
				"down": {"uv": [2, 0, 5, 3], "rotation": 90, "texture": "#1"}
			}
		}
	],
	"display": {
		"thirdperson_righthand": {
			"translation": [-0.5, 2.25, 0],
			"scale": [0.76, 0.76, 0.76]
		},
		"thirdperson_lefthand": {
			"translation": [-0.5, 2.25, 0],
			"scale": [0.76, 0.76, 0.76]
		},
		"firstperson_righthand": {
			"translation": [0, 5, 0]
		},
		"firstperson_lefthand": {
			"translation": [0, 5.5, 0]
		},
		"ground": {
			"translation": [0, 1.25, 0]
		},
		"gui": {
			"rotation": [21, 40, 0],
			"translation": [0.5, 6.25, 0],
			"scale": [1.37, 1.37, 1.37]
		},
		"head": {
			"translation": [0, 12.5, 0],
			"scale": [2.43, 2.43, 2.43]
		},
		"fixed": {
			"translation": [0, 20.5, -11.25],
			"scale": [4, 4, 4]
		}
	}
}