{"credit":"Dooraley","textures":{"0":"atomsk_logo/atomsk_logo","particle":"atomsk_logo/atomsk_logo"},"elements":[{"from":[-8,0,1.5],"to":[24,0.05,14.5],"rotation":{"angle":0,"axis":"y","origin":[8,0.025,8]},"faces":{"north":{"uv":[0,0,0.20177,0.35309],"texture":"#0"},"east":{"uv":[0,0,0.20177,0.35309],"texture":"#0"},"south":{"uv":[0,0,0.20177,0.35309],"texture":"#0"},"west":{"uv":[0,0,0.20177,0.35309],"texture":"#0"},"up":{"uv":[0,0,16,16],"rotation":180,"texture":"#0"},"down":{"uv":[0,0,16,16],"texture":"#0"}}}],"gui_light":"front","display":{"thirdperson_righthand":{"rotation":[-38,10,-6],"translation":[-3.75,2.25,0.75],"scale":[0.2,0.2,0.2]},"thirdperson_lefthand":{"rotation":[-38,10,-6],"translation":[-3.5,2,0.5],"scale":[0.18,0.18,0.18]},"firstperson_righthand":{"rotation":[-101,14,0],"translation":[-3.75,5,1.5],"scale":[0.3,0.3,0.3]},"firstperson_lefthand":{"rotation":[-101,14,0],"translation":[-3,4.5,0.5],"scale":[0.32,0.32,0.32]},"ground":{"translation":[-0.25,-1.5,0.5],"scale":[0.3,0.3,0.3]},"gui":{"rotation":[77,-173,-177],"translation":[-0.25,0,0.5],"scale":[0.4,0.4,0.4]},"head":{"rotation":[90,-180,0],"translation":[0,6.25,-3.21],"scale":[0.4,0.4,0.4]},"fixed":{"rotation":[-90,0,0],"translation":[-48,10,-31],"scale":[4,4,4]}}}