{
	"credit": "Made with Blockbench",
	"textures": {
		"1": "anekitine/anekitine",
		"3": "anekitine/anekitine_label"
	},
	"elements": [
		{
			"from": [4.48335, 6.15509, 3.34848],
			"to": [11.98335, 6.40509, 12.84848],
			"rotation": {"angle": 0, "axis": "y", "origin": [7.35761, 8.44512, 8.09848]},
			"faces": {
				"north": {"uv": [0, 0, 0.5, 0.5], "texture": "#3"},
				"east": {"uv": [0, 0, 0.5, 0.5], "texture": "#3"},
				"south": {"uv": [0, 0, 0.5, 0.5], "texture": "#3"},
				"west": {"uv": [0, 0, 0.5, 0.5], "texture": "#3"},
				"up": {"uv": [0, 0, 0.5, 0.5], "texture": "#3"},
				"down": {"uv": [0, 0, 0.5, 0.5], "texture": "#3"}
			}
		},
		{
			"from": [4.48335, 6.15509, 3.09848],
			"to": [11.98335, 8.40509, 3.34848],
			"rotation": {"angle": 0, "axis": "y", "origin": [7.35761, 8.44512, 8.09848]},
			"faces": {
				"north": {"uv": [0, 7.5, 16, 12], "texture": "#3"},
				"east": {"uv": [0, 0, 0.25, 2.25], "texture": "#missing"},
				"south": {"uv": [0, 0, 0.5, 0.5], "texture": "#3"},
				"west": {"uv": [0, 0, 0.25, 2.25], "texture": "#missing"},
				"up": {"uv": [15.5, 11.5, 16, 12], "texture": "#3"},
				"down": {"uv": [0, 0, 7.5, 0.25], "texture": "#3"}
			}
		},
		{
			"from": [4.48335, 6.15509, 12.84848],
			"to": [11.98335, 8.40509, 13.09848],
			"rotation": {"angle": 0, "axis": "y", "origin": [7.35761, 8.44512, 8.09848]},
			"faces": {
				"north": {"uv": [0, 0, 0.5, 0.5], "texture": "#3"},
				"east": {"uv": [0, 0, 0.25, 2.25], "texture": "#3"},
				"south": {"uv": [0, 7.5, 16, 12], "texture": "#3"},
				"west": {"uv": [0, 0, 0.25, 2.25], "texture": "#3"},
				"up": {"uv": [15.5, 11.5, 16, 12], "texture": "#3"},
				"down": {"uv": [0, 0, 7.5, 0.25], "texture": "#3"}
			}
		},
		{
			"from": [11.98335, 6.15509, 3.09848],
			"to": [12.23335, 7.40509, 13.09848],
			"rotation": {"angle": 0, "axis": "y", "origin": [7.35761, 8.44512, 8.09848]},
			"faces": {
				"north": {"uv": [15.5, 13.5, 16, 16], "texture": "#3"},
				"east": {"uv": [0, 13.5, 16, 16], "texture": "#3"},
				"south": {"uv": [15.5, 13.5, 16, 16], "texture": "#3"},
				"west": {"uv": [0, 0, 10, 1.25], "texture": "#3"},
				"up": {"uv": [0, 0, 0.25, 10], "texture": "#3"},
				"down": {"uv": [0, 0, 0.25, 10], "texture": "#3"}
			}
		},
		{
			"from": [11.98335, 7.40509, 10.09848],
			"to": [12.23335, 8.40509, 13.09848],
			"rotation": {"angle": 0, "axis": "y", "origin": [7.35761, 8.44512, 8.09848]},
			"faces": {
				"north": {"uv": [15.5, 11.5, 16, 13.5], "texture": "#3"},
				"east": {"uv": [0, 11.5, 16, 13.5], "texture": "#3"},
				"south": {"uv": [15.5, 11.5, 16, 13.5], "texture": "#3"},
				"west": {"uv": [0, 0, 0.5, 0.5], "texture": "#3"},
				"up": {"uv": [15.5, 11.5, 16, 12], "texture": "#3"},
				"down": {"uv": [0, 0, 0.25, 3], "texture": "#missing"}
			}
		},
		{
			"from": [11.98335, 7.40509, 3.09848],
			"to": [12.23335, 8.40509, 6.09848],
			"rotation": {"angle": 0, "axis": "y", "origin": [7.35761, 8.44512, 8.09848]},
			"faces": {
				"north": {"uv": [15.5, 11.5, 16, 13.5], "texture": "#3"},
				"east": {"uv": [0, 11.5, 16, 13.5], "texture": "#3"},
				"south": {"uv": [15.5, 11.5, 16, 13.5], "texture": "#3"},
				"west": {"uv": [0, 0, 0.5, 0.5], "texture": "#3"},
				"up": {"uv": [15.5, 11.5, 16, 12], "texture": "#3"},
				"down": {"uv": [0, 0, 0.25, 3], "texture": "#missing"}
			}
		},
		{
			"from": [4.23335, 6.15509, 3.09848],
			"to": [4.48335, 8.40509, 13.09848],
			"rotation": {"angle": 0, "axis": "y", "origin": [7.35761, 8.44512, 8.09848]},
			"faces": {
				"north": {"uv": [15.5, 11.5, 16, 16], "texture": "#3"},
				"east": {"uv": [0, 0, 0.5, 0.5], "texture": "#3"},
				"south": {"uv": [15.5, 11.5, 16, 16], "texture": "#3"},
				"west": {"uv": [0, 11.5, 16, 16], "texture": "#3"},
				"up": {"uv": [0, 0, 0.25, 10], "texture": "#missing"},
				"down": {"uv": [0, 0, 0.25, 10], "texture": "#3"}
			}
		},
		{
			"from": [5.0469, 10.44922, 3.09848],
			"to": [5.2969, 18.19922, 13.09848],
			"rotation": {"angle": 45, "axis": "z", "origin": [7.35761, 8.44512, 8.09848]},
			"faces": {
				"north": {"uv": [15.5, 11.5, 16, 12], "texture": "#3"},
				"east": {"uv": [0, 0, 0.5, 0.5], "texture": "#3"},
				"south": {"uv": [15.5, 11.5, 16, 12], "texture": "#3"},
				"west": {"uv": [15.5, 0.5, 16, 8], "texture": "#3"},
				"up": {"uv": [15.5, 11.5, 16, 12], "texture": "#3"},
				"down": {"uv": [0, 0, 0.25, 10], "texture": "#3"}
			}
		},
		{
			"from": [5.0469, 17.94922, 6.09848],
			"to": [6.2969, 18.19922, 10.09848],
			"rotation": {"angle": 45, "axis": "z", "origin": [7.35761, 8.44512, 8.09848]},
			"faces": {
				"north": {"uv": [0, 0, 0.5, 0.5], "texture": "#3"},
				"east": {"uv": [0, 0, 0.5, 0.5], "texture": "#3"},
				"south": {"uv": [0, 0, 0.5, 0.5], "texture": "#3"},
				"west": {"uv": [0, 13, 16, 14], "texture": "#3"},
				"up": {"uv": [15.5, 13.5, 16, 16], "rotation": 90, "texture": "#3"},
				"down": {"uv": [0, 0, 0.5, 0.5], "texture": "#3"}
			}
		},
		{
			"from": [9.9697, 6.26212, 3.34848],
			"to": [11.9697, 8.26212, 5.44848],
			"rotation": {"angle": 0, "axis": "y", "origin": [17.9697, 14.26212, 11.34848]},
			"faces": {
				"north": {"uv": [0, 0, 16, 16], "texture": "#1"},
				"east": {"uv": [0, 0, 16, 16], "texture": "#1"},
				"south": {"uv": [0, 0, 16, 16], "texture": "#1"},
				"west": {"uv": [0, 0, 16, 16], "texture": "#1"},
				"up": {"uv": [0, 0, 16, 16], "texture": "#1"},
				"down": {"uv": [0, 0, 16, 16], "texture": "#1"}
			}
		},
		{
			"from": [4.4697, 6.26212, 5.54848],
			"to": [6.4697, 8.26212, 7.24848],
			"rotation": {"angle": 0, "axis": "y", "origin": [12.4697, 14.26212, 13.34848]},
			"faces": {
				"north": {"uv": [0, 0, 16, 16], "texture": "#1"},
				"east": {"uv": [0, 0, 16, 16], "texture": "#1"},
				"south": {"uv": [0, 0, 16, 16], "texture": "#1"},
				"west": {"uv": [0, 0, 16, 16], "texture": "#1"},
				"up": {"uv": [0, 0, 16, 16], "texture": "#1"},
				"down": {"uv": [0, 0, 16, 16], "texture": "#1"}
			}
		},
		{
			"from": [4.4697, 6.26212, 10.84848],
			"to": [6.4697, 8.26212, 12.84848],
			"rotation": {"angle": 0, "axis": "y", "origin": [12.4697, 14.26212, 18.84848]},
			"faces": {
				"north": {"uv": [0, 0, 16, 16], "texture": "#1"},
				"east": {"uv": [0, 0, 16, 16], "texture": "#1"},
				"south": {"uv": [0, 0, 16, 16], "texture": "#1"},
				"west": {"uv": [0, 0, 16, 16], "texture": "#1"},
				"up": {"uv": [0, 0, 16, 16], "texture": "#1"},
				"down": {"uv": [0, 0, 16, 16], "texture": "#1"}
			}
		},
		{
			"from": [4.4697, 6.26212, 7.34848],
			"to": [6.4697, 8.26212, 9.24848],
			"rotation": {"angle": 0, "axis": "y", "origin": [12.4697, 14.26212, 15.34848]},
			"faces": {
				"north": {"uv": [0, 0, 16, 16], "texture": "#1"},
				"east": {"uv": [0, 0, 16, 16], "texture": "#1"},
				"south": {"uv": [0, 0, 16, 16], "texture": "#1"},
				"west": {"uv": [0, 0, 16, 16], "texture": "#1"},
				"up": {"uv": [0, 0, 16, 16], "texture": "#1"},
				"down": {"uv": [0, 0, 16, 16], "texture": "#1"}
			}
		},
		{
			"from": [8.3197, 6.26212, 10.34848],
			"to": [10.3197, 8.26212, 12.34848],
			"rotation": {"angle": 22.5, "axis": "y", "origin": [9.3197, 7.26212, 11.34848]},
			"faces": {
				"north": {"uv": [0, 0, 16, 16], "texture": "#1"},
				"east": {"uv": [0, 0, 16, 16], "texture": "#1"},
				"south": {"uv": [0, 0, 16, 16], "texture": "#1"},
				"west": {"uv": [0, 0, 16, 16], "texture": "#1"},
				"up": {"uv": [0, 0, 16, 16], "texture": "#1"},
				"down": {"uv": [0, 0, 16, 16], "texture": "#1"}
			}
		},
		{
			"from": [6.2697, 6.26212, 3.84848],
			"to": [8.2697, 8.26212, 5.84848],
			"rotation": {"angle": -45, "axis": "y", "origin": [7.2697, 7.26212, 4.84848]},
			"faces": {
				"north": {"uv": [0, 0, 16, 16], "texture": "#1"},
				"east": {"uv": [0, 0, 16, 16], "texture": "#1"},
				"south": {"uv": [0, 0, 16, 16], "texture": "#1"},
				"west": {"uv": [0, 0, 16, 16], "texture": "#1"},
				"up": {"uv": [0, 0, 16, 16], "texture": "#1"},
				"down": {"uv": [0, 0, 16, 16], "texture": "#1"}
			}
		},
		{
			"from": [4.9697, 8.26212, 7.34848],
			"to": [5.9697, 9.26212, 8.34848],
			"rotation": {"angle": -22.5, "axis": "y", "origin": [4.9697, 9.26212, 7.34848]},
			"faces": {
				"north": {"uv": [0, 0, 16, 16], "texture": "#1"},
				"east": {"uv": [0, 0, 16, 16], "texture": "#1"},
				"south": {"uv": [0, 0, 16, 16], "texture": "#1"},
				"west": {"uv": [0, 0, 16, 16], "texture": "#1"},
				"up": {"uv": [0, 0, 16, 16], "texture": "#1"},
				"down": {"uv": [0, 0, 16, 16], "texture": "#1"}
			}
		},
		{
			"from": [4.9697, 8.26212, 6.34848],
			"to": [5.9697, 9.26212, 7.34848],
			"rotation": {"angle": 0, "axis": "y", "origin": [4.9697, 9.26212, 6.34848]},
			"faces": {
				"north": {"uv": [0, 0, 16, 16], "texture": "#1"},
				"east": {"uv": [0, 0, 16, 16], "texture": "#1"},
				"south": {"uv": [0, 0, 16, 16], "texture": "#1"},
				"west": {"uv": [0, 0, 16, 16], "texture": "#1"},
				"up": {"uv": [0, 0, 16, 16], "texture": "#1"},
				"down": {"uv": [0, 0, 16, 16], "texture": "#1"}
			}
		},
		{
			"from": [4.9697, 9.26212, 6.84848],
			"to": [5.9697, 10.26212, 7.84848],
			"rotation": {"angle": 0, "axis": "y", "origin": [4.9697, 10.26212, 6.84848]},
			"faces": {
				"north": {"uv": [0, 0, 16, 16], "texture": "#1"},
				"east": {"uv": [0, 0, 16, 16], "texture": "#1"},
				"south": {"uv": [0, 0, 16, 16], "texture": "#1"},
				"west": {"uv": [0, 0, 16, 16], "texture": "#1"},
				"up": {"uv": [0, 0, 16, 16], "texture": "#1"},
				"down": {"uv": [0, 0, 16, 16], "texture": "#1"}
			}
		},
		{
			"from": [4.9697, 6.51212, 9.84848],
			"to": [5.9697, 7.51212, 10.84848],
			"rotation": {"angle": 0, "axis": "y", "origin": [4.9697, 7.51212, 9.84848]},
			"faces": {
				"north": {"uv": [0, 0, 16, 16], "texture": "#1"},
				"east": {"uv": [0, 0, 16, 16], "texture": "#1"},
				"south": {"uv": [0, 0, 16, 16], "texture": "#1"},
				"west": {"uv": [0, 0, 16, 16], "texture": "#1"},
				"up": {"uv": [0, 0, 16, 16], "texture": "#1"},
				"down": {"uv": [0, 0, 16, 16], "texture": "#1"}
			}
		},
		{
			"from": [5.9697, 6.51212, 9.09848],
			"to": [6.9697, 7.51212, 10.09848],
			"rotation": {"angle": 0, "axis": "y", "origin": [5.9697, 7.51212, 9.09848]},
			"faces": {
				"north": {"uv": [0, 0, 16, 16], "texture": "#1"},
				"east": {"uv": [0, 0, 16, 16], "texture": "#1"},
				"south": {"uv": [0, 0, 16, 16], "texture": "#1"},
				"west": {"uv": [0, 0, 16, 16], "texture": "#1"},
				"up": {"uv": [0, 0, 16, 16], "texture": "#1"},
				"down": {"uv": [0, 0, 16, 16], "texture": "#1"}
			}
		},
		{
			"from": [7.7197, 6.51212, 5.84848],
			"to": [8.7197, 7.51212, 6.84848],
			"rotation": {"angle": 0, "axis": "y", "origin": [7.7197, 7.51212, 5.84848]},
			"faces": {
				"north": {"uv": [0, 0, 16, 16], "texture": "#1"},
				"east": {"uv": [0, 0, 16, 16], "texture": "#1"},
				"south": {"uv": [0, 0, 16, 16], "texture": "#1"},
				"west": {"uv": [0, 0, 16, 16], "texture": "#1"},
				"up": {"uv": [0, 0, 16, 16], "rotation": 270, "texture": "#1"},
				"down": {"uv": [0, 0, 16, 16], "texture": "#1"}
			}
		},
		{
			"from": [9.7197, 6.51212, 8.09848],
			"to": [10.7197, 7.51212, 9.09848],
			"rotation": {"angle": 0, "axis": "y", "origin": [9.7197, 7.51212, 8.09848]},
			"faces": {
				"north": {"uv": [0, 0, 16, 16], "texture": "#1"},
				"east": {"uv": [0, 0, 16, 16], "texture": "#1"},
				"south": {"uv": [0, 0, 16, 16], "texture": "#1"},
				"west": {"uv": [0, 0, 16, 16], "texture": "#1"},
				"up": {"uv": [0, 0, 16, 16], "rotation": 270, "texture": "#1"},
				"down": {"uv": [0, 0, 16, 16], "texture": "#1"}
			}
		},
		{
			"from": [8.4697, 6.51212, 7.09848],
			"to": [9.9697, 8.26212, 8.59848],
			"rotation": {"angle": 22.5, "axis": "y", "origin": [8.7197, 7.51212, 7.34848]},
			"faces": {
				"north": {"uv": [0, 0, 16, 16], "texture": "#1"},
				"east": {"uv": [0, 0, 16, 16], "texture": "#1"},
				"south": {"uv": [0, 0, 16, 16], "texture": "#1"},
				"west": {"uv": [0, 0, 16, 16], "texture": "#1"},
				"up": {"uv": [0, 0, 16, 16], "rotation": 270, "texture": "#1"},
				"down": {"uv": [0, 0, 16, 16], "texture": "#1"}
			}
		},
		{
			"from": [7.7197, 6.51212, 8.84848],
			"to": [8.7197, 7.51212, 9.84848],
			"rotation": {"angle": 45, "axis": "y", "origin": [7.7197, 7.51212, 8.84848]},
			"faces": {
				"north": {"uv": [0, 0, 16, 16], "texture": "#1"},
				"east": {"uv": [0, 0, 16, 16], "texture": "#1"},
				"south": {"uv": [0, 0, 16, 16], "texture": "#1"},
				"west": {"uv": [0, 0, 16, 16], "texture": "#1"},
				"up": {"uv": [0, 0, 16, 16], "rotation": 270, "texture": "#1"},
				"down": {"uv": [0, 0, 16, 16], "texture": "#1"}
			}
		},
		{
			"from": [9.7197, 6.51212, 6.59848],
			"to": [10.7197, 7.51212, 7.59848],
			"rotation": {"angle": 45, "axis": "y", "origin": [9.7197, 7.51212, 6.59848]},
			"faces": {
				"north": {"uv": [0, 0, 16, 16], "texture": "#1"},
				"east": {"uv": [0, 0, 16, 16], "texture": "#1"},
				"south": {"uv": [0, 0, 16, 16], "texture": "#1"},
				"west": {"uv": [0, 0, 16, 16], "texture": "#1"},
				"up": {"uv": [0, 0, 16, 16], "rotation": 270, "texture": "#1"},
				"down": {"uv": [0, 0, 16, 16], "texture": "#1"}
			}
		},
		{
			"from": [5.2197, 7.51212, 9.59848],
			"to": [6.2197, 8.51212, 10.59848],
			"rotation": {"angle": 0, "axis": "y", "origin": [5.2197, 8.51212, 9.59848]},
			"faces": {
				"north": {"uv": [0, 0, 16, 16], "texture": "#1"},
				"east": {"uv": [0, 0, 16, 16], "texture": "#1"},
				"south": {"uv": [0, 0, 16, 16], "texture": "#1"},
				"west": {"uv": [0, 0, 16, 16], "texture": "#1"},
				"up": {"uv": [0, 0, 16, 16], "texture": "#1"},
				"down": {"uv": [0, 0, 16, 16], "texture": "#1"}
			}
		}
	],
	"display": {
		"thirdperson_righthand": {
			"rotation": [0, 117.5, 0],
			"translation": [0, 1.25, 0],
			"scale": [0.6, 0.6, 0.6]
		},
		"thirdperson_lefthand": {
			"rotation": [0, 48, 0],
			"translation": [0, 1.25, 0],
			"scale": [0.6, 0.6, 0.6]
		},
		"firstperson_righthand": {
			"rotation": [0, 117.5, 0],
			"translation": [0, 1.25, 0],
			"scale": [0.6, 0.6, 0.6]
		},
		"firstperson_lefthand": {
			"rotation": [0, 48, 0],
			"translation": [1.25, 1.25, 0],
			"scale": [0.6, 0.6, 0.6]
		},
		"gui": {
			"rotation": [31.5, -109, 0],
			"translation": [-0.5, -3, 0],
			"scale": [0.87695, 0.87695, 0.87695]
		},
		"head": {
			"translation": [0, 8.5, 0]
		},
		"fixed": {
			"rotation": [-90, 0, 0],
			"translation": [0, 0, -4.25],
			"scale": [3, 3, 3]
		}
	}
}