{
  "variants": {
    "facing=east":[{"model": "minecraft:block/carved_pumpkin","y": 90,"weight":10},
	{"model": "minecraft:block/carved_pumpkin/block/carved_pumpkin0","y": 90,"weight":7},
	{"model": "minecraft:block/carved_pumpkin/block/carved_pumpkin1","y": 90,"weight":4},
	{"model": "minecraft:block/carved_pumpkin/block/carved_pumpkin2","y": 90,"weight":5},
	{"model": "minecraft:block/carved_pumpkin/block/carved_pumpkin3","y": 90,"weight":3},
	{"model": "minecraft:block/carved_pumpkin/block/carved_pumpkin4","y": 90,"weight":7},
	{"model": "minecraft:block/carved_pumpkin/block/carved_pumpkin5","y": 90,"weight":10},
	{"model": "minecraft:block/carved_pumpkin/block/carved_pumpkin6","y": 90,"weight":10},
	{"model": "minecraft:block/carved_pumpkin/block/carved_pumpkin7","y": 90,"weight":4},
	{"model": "minecraft:block/carved_pumpkin/block/carved_pumpkin8","y": 90,"weight":4},
	{"model": "minecraft:block/carved_pumpkin/block/carved_pumpkin9","y": 90,"weight":4},
	{"model": "minecraft:block/carved_pumpkin/block/carved_pumpkin10","y": 90,"weight":5},
	{"model": "minecraft:block/carved_pumpkin/block/carved_pumpkin11","y": 90,"weight":10},
	{"model": "minecraft:block/carved_pumpkin/block/carved_pumpkin12","y": 90,"weight":4},
	{"model": "minecraft:block/carved_pumpkin/block/carved_pumpkin13","y": 90,"weight":10},
	{"model": "minecraft:block/carved_pumpkin/block/carved_pumpkin14","y": 90,"weight":1},
	{"model": "minecraft:block/carved_pumpkin/block/carved_pumpkin15","y": 90,"weight":4},
	{"model": "minecraft:block/carved_pumpkin/block/carved_pumpkin16","y": 90,"weight":5},
	{"model": "minecraft:block/carved_pumpkin/block/carved_pumpkin17","y": 90,"weight":7},
	{"model": "minecraft:block/carved_pumpkin/block/carved_pumpkin18","y": 90,"weight":7},
	{"model": "minecraft:block/carved_pumpkin/block/carved_pumpkin19","y": 90,"weight":5},
	{"model": "minecraft:block/carved_pumpkin/block/carved_pumpkin20","y": 90,"weight":4},
	{"model": "minecraft:block/carved_pumpkin/block/carved_pumpkin21","y": 90,"weight":7},
	{"model": "minecraft:block/carved_pumpkin/block/carved_pumpkin22","y": 90,"weight":3},
	{"model": "minecraft:block/carved_pumpkin/block/carved_pumpkin23","y": 90,"weight":5},
	{"model": "minecraft:block/carved_pumpkin/block/carved_pumpkin24","y": 90,"weight":5},
	{"model": "minecraft:block/carved_pumpkin/block/carved_pumpkin25","y": 90,"weight":10},
	{"model": "minecraft:block/carved_pumpkin/block/carved_pumpkin26","y": 90,"weight":7},
	{"model": "minecraft:block/carved_pumpkin/block/carved_pumpkin27","y": 90,"weight":5},
	{"model": "minecraft:block/carved_pumpkin/block/carved_pumpkin28","y": 90,"weight":7}],
    "facing=north":[{"model": "minecraft:block/carved_pumpkin","weight":10},
	{"model": "minecraft:block/carved_pumpkin/block/carved_pumpkin0","weight":7},
	{"model": "minecraft:block/carved_pumpkin/block/carved_pumpkin1","weight":4},
	{"model": "minecraft:block/carved_pumpkin/block/carved_pumpkin2","weight":5},
	{"model": "minecraft:block/carved_pumpkin/block/carved_pumpkin3","weight":3},
	{"model": "minecraft:block/carved_pumpkin/block/carved_pumpkin4","weight":7},
	{"model": "minecraft:block/carved_pumpkin/block/carved_pumpkin5","weight":10},
	{"model": "minecraft:block/carved_pumpkin/block/carved_pumpkin6","weight":10},
	{"model": "minecraft:block/carved_pumpkin/block/carved_pumpkin7","weight":4},
	{"model": "minecraft:block/carved_pumpkin/block/carved_pumpkin8","weight":4},
	{"model": "minecraft:block/carved_pumpkin/block/carved_pumpkin9","weight":4},
	{"model": "minecraft:block/carved_pumpkin/block/carved_pumpkin10","weight":5},
	{"model": "minecraft:block/carved_pumpkin/block/carved_pumpkin11","weight":10},
	{"model": "minecraft:block/carved_pumpkin/block/carved_pumpkin12","weight":4},
	{"model": "minecraft:block/carved_pumpkin/block/carved_pumpkin13","weight":10},
	{"model": "minecraft:block/carved_pumpkin/block/carved_pumpkin14","weight":1},
	{"model": "minecraft:block/carved_pumpkin/block/carved_pumpkin15","weight":4},
	{"model": "minecraft:block/carved_pumpkin/block/carved_pumpkin16","weight":5},
	{"model": "minecraft:block/carved_pumpkin/block/carved_pumpkin17","weight":7},
	{"model": "minecraft:block/carved_pumpkin/block/carved_pumpkin18","weight":7},
	{"model": "minecraft:block/carved_pumpkin/block/carved_pumpkin19","weight":5},
	{"model": "minecraft:block/carved_pumpkin/block/carved_pumpkin20","weight":4},
	{"model": "minecraft:block/carved_pumpkin/block/carved_pumpkin21","weight":7},
	{"model": "minecraft:block/carved_pumpkin/block/carved_pumpkin22","weight":3},
	{"model": "minecraft:block/carved_pumpkin/block/carved_pumpkin23","weight":5},
	{"model": "minecraft:block/carved_pumpkin/block/carved_pumpkin24","weight":5},
	{"model": "minecraft:block/carved_pumpkin/block/carved_pumpkin25","weight":10},
	{"model": "minecraft:block/carved_pumpkin/block/carved_pumpkin26","weight":7},
	{"model": "minecraft:block/carved_pumpkin/block/carved_pumpkin27","weight":5},
	{"model": "minecraft:block/carved_pumpkin/block/carved_pumpkin28","weight":7}],
    "facing=south":[{"model": "minecraft:block/carved_pumpkin","y": 180,"weight":10},
	{"model": "minecraft:block/carved_pumpkin/block/carved_pumpkin0","y": 180,"weight":7},
	{"model": "minecraft:block/carved_pumpkin/block/carved_pumpkin1","y": 180,"weight":4},
	{"model": "minecraft:block/carved_pumpkin/block/carved_pumpkin2","y": 180,"weight":5},
	{"model": "minecraft:block/carved_pumpkin/block/carved_pumpkin3","y": 180,"weight":3},
	{"model": "minecraft:block/carved_pumpkin/block/carved_pumpkin4","y": 180,"weight":7},
	{"model": "minecraft:block/carved_pumpkin/block/carved_pumpkin5","y": 180,"weight":10},
	{"model": "minecraft:block/carved_pumpkin/block/carved_pumpkin6","y": 180,"weight":10},
	{"model": "minecraft:block/carved_pumpkin/block/carved_pumpkin7","y": 180,"weight":4},
	{"model": "minecraft:block/carved_pumpkin/block/carved_pumpkin8","y": 180,"weight":4},
	{"model": "minecraft:block/carved_pumpkin/block/carved_pumpkin9","y": 180,"weight":4},
	{"model": "minecraft:block/carved_pumpkin/block/carved_pumpkin10","y": 180,"weight":5},
	{"model": "minecraft:block/carved_pumpkin/block/carved_pumpkin11","y": 180,"weight":10},
	{"model": "minecraft:block/carved_pumpkin/block/carved_pumpkin12","y": 180,"weight":4},
	{"model": "minecraft:block/carved_pumpkin/block/carved_pumpkin13","y": 180,"weight":10},
	{"model": "minecraft:block/carved_pumpkin/block/carved_pumpkin14","y": 180,"weight":1},
	{"model": "minecraft:block/carved_pumpkin/block/carved_pumpkin15","y": 180,"weight":4},
	{"model": "minecraft:block/carved_pumpkin/block/carved_pumpkin16","y": 180,"weight":5},
	{"model": "minecraft:block/carved_pumpkin/block/carved_pumpkin17","y": 180,"weight":7},
	{"model": "minecraft:block/carved_pumpkin/block/carved_pumpkin18","y": 180,"weight":7},
	{"model": "minecraft:block/carved_pumpkin/block/carved_pumpkin19","y": 180,"weight":5},
	{"model": "minecraft:block/carved_pumpkin/block/carved_pumpkin20","y": 180,"weight":4},
	{"model": "minecraft:block/carved_pumpkin/block/carved_pumpkin21","y": 180,"weight":7},
	{"model": "minecraft:block/carved_pumpkin/block/carved_pumpkin22","y": 180,"weight":3},
	{"model": "minecraft:block/carved_pumpkin/block/carved_pumpkin23","y": 180,"weight":5},
	{"model": "minecraft:block/carved_pumpkin/block/carved_pumpkin24","y": 180,"weight":5},
	{"model": "minecraft:block/carved_pumpkin/block/carved_pumpkin25","y": 180,"weight":10},
	{"model": "minecraft:block/carved_pumpkin/block/carved_pumpkin26","y": 180,"weight":7},
	{"model": "minecraft:block/carved_pumpkin/block/carved_pumpkin27","y": 180,"weight":5},
	{"model": "minecraft:block/carved_pumpkin/block/carved_pumpkin28","y": 180,"weight":7}],
    "facing=west":[{"model": "minecraft:block/carved_pumpkin","y": 270,"weight":10},
	{"model": "minecraft:block/carved_pumpkin/block/carved_pumpkin0","y": 270,"weight":7},
	{"model": "minecraft:block/carved_pumpkin/block/carved_pumpkin1","y": 270,"weight":4},
	{"model": "minecraft:block/carved_pumpkin/block/carved_pumpkin2","y": 270,"weight":5},
	{"model": "minecraft:block/carved_pumpkin/block/carved_pumpkin3","y": 270,"weight":3},
	{"model": "minecraft:block/carved_pumpkin/block/carved_pumpkin4","y": 270,"weight":7},
	{"model": "minecraft:block/carved_pumpkin/block/carved_pumpkin5","y": 270,"weight":10},
	{"model": "minecraft:block/carved_pumpkin/block/carved_pumpkin6","y": 270,"weight":10},
	{"model": "minecraft:block/carved_pumpkin/block/carved_pumpkin7","y": 270,"weight":4},
	{"model": "minecraft:block/carved_pumpkin/block/carved_pumpkin8","y": 270,"weight":4},
	{"model": "minecraft:block/carved_pumpkin/block/carved_pumpkin9","y": 270,"weight":4},
	{"model": "minecraft:block/carved_pumpkin/block/carved_pumpkin10","y": 270,"weight":5},
	{"model": "minecraft:block/carved_pumpkin/block/carved_pumpkin11","y": 270,"weight":10},
	{"model": "minecraft:block/carved_pumpkin/block/carved_pumpkin12","y": 270,"weight":4},
	{"model": "minecraft:block/carved_pumpkin/block/carved_pumpkin13","y": 270,"weight":10},
	{"model": "minecraft:block/carved_pumpkin/block/carved_pumpkin14","y": 270,"weight":1},
	{"model": "minecraft:block/carved_pumpkin/block/carved_pumpkin15","y": 270,"weight":4},
	{"model": "minecraft:block/carved_pumpkin/block/carved_pumpkin16","y": 270,"weight":5},
	{"model": "minecraft:block/carved_pumpkin/block/carved_pumpkin17","y": 270,"weight":7},
	{"model": "minecraft:block/carved_pumpkin/block/carved_pumpkin18","y": 270,"weight":7},
	{"model": "minecraft:block/carved_pumpkin/block/carved_pumpkin19","y": 270,"weight":5},
	{"model": "minecraft:block/carved_pumpkin/block/carved_pumpkin20","y": 270,"weight":4},
	{"model": "minecraft:block/carved_pumpkin/block/carved_pumpkin21","y": 270,"weight":7},
	{"model": "minecraft:block/carved_pumpkin/block/carved_pumpkin22","y": 270,"weight":3},
	{"model": "minecraft:block/carved_pumpkin/block/carved_pumpkin23","y": 270,"weight":5},
	{"model": "minecraft:block/carved_pumpkin/block/carved_pumpkin24","y": 270,"weight":5},
	{"model": "minecraft:block/carved_pumpkin/block/carved_pumpkin25","y": 270,"weight":10},
	{"model": "minecraft:block/carved_pumpkin/block/carved_pumpkin26","y": 270,"weight":7},
	{"model": "minecraft:block/carved_pumpkin/block/carved_pumpkin27","y": 270,"weight":5},
	{"model": "minecraft:block/carved_pumpkin/block/carved_pumpkin28","y": 270,"weight":7}]
  }
}