{
	"credit": "Made with Blockbench",
	"texture_size": [32, 32],
	"textures": {
		"0": "egghunt/jegg",
		"particle": "egghunt/jegg"
	},
	"elements": [
		{
			"from": [6, 0, 5],
			"to": [10, 1, 11],
			"rotation": {"angle": 0, "axis": "y", "origin": [14, 8, 13]},
			"faces": {
				"north": {"uv": [9, 4, 12, 5], "texture": "#0"},
				"east": {"uv": [9, 4, 12, 5], "texture": "#0"},
				"south": {"uv": [11, 4, 14, 5], "texture": "#0"},
				"west": {"uv": [9, 4, 12, 5], "texture": "#0"},
				"up": {"uv": [9, 4, 12, 5], "texture": "#0"},
				"down": {"uv": [9, 6, 12, 7], "texture": "#0"}
			}
		},
		{
			"from": [6, -0.5, 6],
			"to": [10, 0, 10],
			"rotation": {"angle": 0, "axis": "y", "origin": [14, 8, 14]},
			"faces": {
				"north": {"uv": [9, 5, 13, 6], "texture": "#0"},
				"east": {"uv": [9, 5, 13, 6], "texture": "#0"},
				"south": {"uv": [9, 5, 13, 6], "texture": "#0"},
				"west": {"uv": [9, 5, 13, 6], "texture": "#0"},
				"up": {"uv": [9, 5, 13, 6], "texture": "#0"},
				"down": {"uv": [12, 4, 16, 8], "texture": "#0"}
			}
		},
		{
			"from": [5.5, 0.5, 5.5],
			"to": [10.5, 1, 10.5],
			"rotation": {"angle": 0, "axis": "y", "origin": [14, 9, 14]},
			"faces": {
				"north": {"uv": [9, 4, 12, 5], "texture": "#0"},
				"east": {"uv": [9, 4, 12, 5], "texture": "#0"},
				"south": {"uv": [9, 4, 12, 5], "texture": "#0"},
				"west": {"uv": [9, 5, 12, 6], "texture": "#0"},
				"up": {"uv": [9, 4, 12, 5], "texture": "#0"},
				"down": {"uv": [9, 4, 12, 5], "texture": "#0"}
			}
		},
		{
			"from": [4.5, 1.5, 5],
			"to": [11.5, 2, 11],
			"rotation": {"angle": 0, "axis": "y", "origin": [13, 10, 13]},
			"faces": {
				"north": {"uv": [8, 6, 14, 8], "texture": "#0"},
				"east": {"uv": [8, 6, 14, 8], "texture": "#0"},
				"south": {"uv": [8, 6, 14, 8], "texture": "#0"},
				"west": {"uv": [8, 6, 14, 8], "texture": "#0"},
				"up": {"uv": [8, 6, 14, 8], "texture": "#0"},
				"down": {"uv": [8, 6, 14, 8], "texture": "#0"}
			}
		},
		{
			"from": [5, 1.5, 4.5],
			"to": [11, 2, 11.5],
			"rotation": {"angle": 0, "axis": "y", "origin": [13, 10, 13]},
			"faces": {
				"north": {"uv": [8, 6, 14, 8], "texture": "#0"},
				"east": {"uv": [8, 6, 14, 8], "texture": "#0"},
				"south": {"uv": [8, 6, 14, 8], "texture": "#0"},
				"west": {"uv": [8, 6, 14, 8], "texture": "#0"},
				"up": {"uv": [8, 6, 14, 8], "texture": "#0"},
				"down": {"uv": [8, 6, 14, 8], "texture": "#0"}
			}
		},
		{
			"from": [6, 1, 4],
			"to": [10, 2, 12],
			"rotation": {"angle": 0, "axis": "y", "origin": [14, 9, 12]},
			"faces": {
				"north": {"uv": [10, 6, 16, 8], "texture": "#0"},
				"east": {"uv": [8, 6, 14, 8], "texture": "#0"},
				"south": {"uv": [9, 6, 15, 8], "texture": "#0"},
				"west": {"uv": [8, 6, 14, 8], "texture": "#0"},
				"up": {"uv": [8, 6, 14, 8], "texture": "#0"},
				"down": {"uv": [8, 6, 14, 8], "texture": "#0"}
			}
		},
		{
			"from": [5, 2.01, 4],
			"to": [11, 4.26, 12],
			"rotation": {"angle": 0, "axis": "y", "origin": [13, 10, 12]},
			"faces": {
				"north": {"uv": [8, 4, 13, 6], "texture": "#0"},
				"east": {"uv": [8, 1, 13, 3], "texture": "#0"},
				"south": {"uv": [9, 1, 14, 4], "texture": "#0"},
				"west": {"uv": [8, 1, 13, 3], "texture": "#0"},
				"up": {"uv": [9, 7, 15, 15], "texture": "#0"},
				"down": {"uv": [8, 1, 13, 3], "texture": "#0"}
			}
		},
		{
			"from": [5, 4, 4],
			"to": [11, 6.25, 4],
			"rotation": {"angle": 0, "axis": "y", "origin": [13, 12, 12]},
			"faces": {
				"north": {"uv": [0, 12, 8, 15], "texture": "#0"},
				"east": {"uv": [0, 12, 8, 15], "texture": "#0"},
				"south": {"uv": [0, 9, 8, 12], "texture": "#0"},
				"west": {"uv": [0, 12, 8, 15], "texture": "#0"},
				"up": {"uv": [0, 12, 8, 15], "texture": "#0"},
				"down": {"uv": [0, 12, 8, 15], "texture": "#0"}
			}
		},
		{
			"from": [5, 4, 12],
			"to": [11, 6.25, 12],
			"rotation": {"angle": 0, "axis": "y", "origin": [13, 12, 20]},
			"faces": {
				"north": {"uv": [0, 12, 8, 15], "texture": "#0"},
				"east": {"uv": [0, 12, 8, 15], "texture": "#0"},
				"south": {"uv": [0, 12, 8, 15], "texture": "#0"},
				"west": {"uv": [0, 12, 8, 15], "texture": "#0"},
				"up": {"uv": [0, 12, 8, 15], "texture": "#0"},
				"down": {"uv": [0, 12, 8, 15], "texture": "#0"}
			}
		},
		{
			"from": [5, 1, 5],
			"to": [11, 2, 11],
			"rotation": {"angle": 0, "axis": "y", "origin": [13, 9, 13]},
			"faces": {
				"north": {"uv": [8, 6, 14, 8], "texture": "#0"},
				"east": {"uv": [8, 6, 14, 8], "texture": "#0"},
				"south": {"uv": [8, 6, 14, 8], "texture": "#0"},
				"west": {"uv": [8, 6, 14, 8], "texture": "#0"},
				"up": {"uv": [8, 6, 14, 8], "texture": "#0"},
				"down": {"uv": [8, 6, 14, 8], "texture": "#0"}
			}
		},
		{
			"from": [5, 0, 6],
			"to": [11, 1, 10],
			"rotation": {"angle": 0, "axis": "y", "origin": [13, 8, 14]},
			"faces": {
				"north": {"uv": [9, 4, 12, 5], "texture": "#0"},
				"east": {"uv": [8, 4, 11, 5], "texture": "#0"},
				"south": {"uv": [9, 4, 12, 5], "texture": "#0"},
				"west": {"uv": [9, 5, 12, 6], "texture": "#0"},
				"up": {"uv": [9, 4, 12, 5], "texture": "#0"},
				"down": {"uv": [9, 6, 12, 7], "texture": "#0"}
			}
		},
		{
			"from": [4, 1, 6],
			"to": [12, 2, 10],
			"rotation": {"angle": 0, "axis": "y", "origin": [12, 9, 14]},
			"faces": {
				"north": {"uv": [8, 6, 14, 8], "texture": "#0"},
				"east": {"uv": [8, 6, 14, 8], "texture": "#0"},
				"south": {"uv": [8, 6, 14, 8], "texture": "#0"},
				"west": {"uv": [8, 6, 14, 8], "texture": "#0"},
				"up": {"uv": [8, 6, 14, 8], "texture": "#0"},
				"down": {"uv": [8, 6, 14, 8], "texture": "#0"}
			}
		},
		{
			"from": [4, 2, 5],
			"to": [12, 4.249, 11],
			"rotation": {"angle": 0, "axis": "y", "origin": [12, 10, 13]},
			"faces": {
				"north": {"uv": [8, 1, 13, 3], "texture": "#0"},
				"east": {"uv": [8, 2, 13, 4], "texture": "#0"},
				"south": {"uv": [8, 1, 13, 3], "texture": "#0"},
				"west": {"uv": [8, 1, 13, 3], "texture": "#0"},
				"up": {"uv": [8, 0, 16, 7], "texture": "#0"},
				"down": {"uv": [8, 1, 13, 3], "texture": "#0"}
			}
		},
		{
			"from": [4, 4, 5],
			"to": [4, 6.25, 11],
			"rotation": {"angle": 0, "axis": "y", "origin": [12, 12, 13]},
			"faces": {
				"north": {"uv": [0, 9, 8, 12], "texture": "#0"},
				"east": {"uv": [0, 9, 8, 12], "texture": "#0"},
				"south": {"uv": [0, 9, 8, 12], "texture": "#0"},
				"west": {"uv": [0, 9, 8, 12], "texture": "#0"},
				"up": {"uv": [0, 9, 8, 12], "texture": "#0"},
				"down": {"uv": [0, 9, 8, 12], "texture": "#0"}
			}
		},
		{
			"from": [12, 4, 5],
			"to": [12, 6.25, 11],
			"rotation": {"angle": 0, "axis": "y", "origin": [20, 12, 13]},
			"faces": {
				"north": {"uv": [0, 8, 8, 12], "texture": "#0"},
				"east": {"uv": [0, 8, 8, 12], "texture": "#0"},
				"south": {"uv": [0, 8, 8, 12], "texture": "#0"},
				"west": {"uv": [0, 8, 8, 12], "texture": "#0"},
				"up": {"uv": [0, 8, 8, 12], "texture": "#0"},
				"down": {"uv": [0, 8, 8, 12], "texture": "#0"}
			}
		},
		{
			"from": [7, 4, 8],
			"to": [8, 5, 9],
			"rotation": {"angle": 0, "axis": "y", "origin": [15, 12, 16]},
			"faces": {
				"north": {"uv": [4, 4, 8, 8], "texture": "#0"},
				"east": {"uv": [4, 4, 8, 8], "texture": "#0"},
				"south": {"uv": [4, 4, 8, 8], "texture": "#0"},
				"west": {"uv": [4, 4, 8, 8], "texture": "#0"},
				"up": {"uv": [4, 4, 8, 8], "texture": "#0"},
				"down": {"uv": [4, 4, 8, 8], "texture": "#0"}
			}
		},
		{
			"from": [7, 5, 9],
			"to": [8, 6, 10],
			"rotation": {"angle": 0, "axis": "y", "origin": [15, 13, 17]},
			"faces": {
				"north": {"uv": [4, 4, 8, 8], "texture": "#0"},
				"east": {"uv": [4, 4, 8, 8], "texture": "#0"},
				"south": {"uv": [4, 4, 8, 8], "texture": "#0"},
				"west": {"uv": [4, 4, 8, 8], "texture": "#0"},
				"up": {"uv": [4, 4, 8, 8], "texture": "#0"},
				"down": {"uv": [4, 4, 8, 8], "texture": "#0"}
			}
		},
		{
			"from": [7, 6, 9],
			"to": [8, 7, 10],
			"rotation": {"angle": 0, "axis": "y", "origin": [15, 14, 17]},
			"faces": {
				"north": {"uv": [4, 4, 8, 8], "texture": "#0"},
				"east": {"uv": [4, 4, 8, 8], "texture": "#0"},
				"south": {"uv": [4, 4, 8, 8], "texture": "#0"},
				"west": {"uv": [4, 4, 8, 8], "texture": "#0"},
				"up": {"uv": [4, 4, 8, 8], "texture": "#0"},
				"down": {"uv": [4, 4, 8, 8], "texture": "#0"}
			}
		},
		{
			"from": [8, 6, 9],
			"to": [9, 7, 10],
			"rotation": {"angle": 0, "axis": "y", "origin": [16, 14, 17]},
			"faces": {
				"north": {"uv": [4, 4, 8, 8], "texture": "#0"},
				"east": {"uv": [4, 4, 8, 8], "texture": "#0"},
				"south": {"uv": [4, 4, 8, 8], "texture": "#0"},
				"west": {"uv": [4, 4, 8, 8], "texture": "#0"},
				"up": {"uv": [4, 4, 8, 8], "texture": "#0"},
				"down": {"uv": [4, 4, 8, 8], "texture": "#0"}
			}
		},
		{
			"from": [9, 7, 8],
			"to": [10, 8, 9],
			"rotation": {"angle": 0, "axis": "y", "origin": [17, 15, 16]},
			"faces": {
				"north": {"uv": [4, 4, 8, 8], "texture": "#0"},
				"east": {"uv": [4, 4, 8, 8], "texture": "#0"},
				"south": {"uv": [4, 4, 8, 8], "texture": "#0"},
				"west": {"uv": [4, 4, 8, 8], "texture": "#0"},
				"up": {"uv": [4, 4, 8, 8], "texture": "#0"},
				"down": {"uv": [4, 4, 8, 8], "texture": "#0"}
			}
		},
		{
			"from": [10, 8, 8],
			"to": [11, 9, 9],
			"rotation": {"angle": 0, "axis": "y", "origin": [18, 16, 16]},
			"faces": {
				"north": {"uv": [4, 4, 8, 8], "texture": "#0"},
				"east": {"uv": [4, 4, 8, 8], "texture": "#0"},
				"south": {"uv": [4, 4, 8, 8], "texture": "#0"},
				"west": {"uv": [4, 4, 8, 8], "texture": "#0"},
				"up": {"uv": [4, 4, 8, 8], "texture": "#0"},
				"down": {"uv": [4, 4, 8, 8], "texture": "#0"}
			}
		},
		{
			"from": [11, 9, 7],
			"to": [12, 10, 8],
			"rotation": {"angle": 0, "axis": "y", "origin": [19, 17, 15]},
			"faces": {
				"north": {"uv": [4, 4, 8, 8], "texture": "#0"},
				"east": {"uv": [4, 4, 8, 8], "texture": "#0"},
				"south": {"uv": [4, 4, 8, 8], "texture": "#0"},
				"west": {"uv": [4, 4, 8, 8], "texture": "#0"},
				"up": {"uv": [4, 4, 8, 8], "texture": "#0"},
				"down": {"uv": [4, 4, 8, 8], "texture": "#0"}
			}
		},
		{
			"from": [10, 8, 7],
			"to": [11, 9, 8],
			"rotation": {"angle": 0, "axis": "y", "origin": [18, 16, 15]},
			"faces": {
				"north": {"uv": [0, 0, 4, 4], "texture": "#0"},
				"east": {"uv": [0, 0, 4, 4], "texture": "#0"},
				"south": {"uv": [0, 0, 4, 4], "texture": "#0"},
				"west": {"uv": [0, 0, 4, 4], "texture": "#0"},
				"up": {"uv": [0, 0, 4, 4], "texture": "#0"},
				"down": {"uv": [0, 0, 4, 4], "texture": "#0"}
			}
		},
		{
			"from": [6, 7, 8],
			"to": [7, 8, 9],
			"rotation": {"angle": 0, "axis": "y", "origin": [14, 15, 16]},
			"faces": {
				"north": {"uv": [4, 4, 8, 8], "texture": "#0"},
				"east": {"uv": [4, 4, 8, 8], "texture": "#0"},
				"south": {"uv": [4, 4, 8, 8], "texture": "#0"},
				"west": {"uv": [4, 4, 8, 8], "texture": "#0"},
				"up": {"uv": [4, 4, 8, 8], "texture": "#0"},
				"down": {"uv": [4, 4, 8, 8], "texture": "#0"}
			}
		},
		{
			"from": [5, 8, 7],
			"to": [6, 9, 8],
			"rotation": {"angle": 0, "axis": "y", "origin": [13, 16, 15]},
			"faces": {
				"north": {"uv": [4, 4, 8, 8], "texture": "#0"},
				"east": {"uv": [4, 4, 8, 8], "texture": "#0"},
				"south": {"uv": [4, 4, 8, 8], "texture": "#0"},
				"west": {"uv": [4, 4, 8, 8], "texture": "#0"},
				"up": {"uv": [4, 4, 8, 8], "texture": "#0"},
				"down": {"uv": [4, 4, 8, 8], "texture": "#0"}
			}
		},
		{
			"from": [5.01, 9, 7],
			"to": [6.01, 10, 8],
			"rotation": {"angle": 0, "axis": "y", "origin": [13, 17, 15]},
			"faces": {
				"north": {"uv": [4, 4, 8, 8], "texture": "#0"},
				"east": {"uv": [4, 4, 8, 8], "texture": "#0"},
				"south": {"uv": [4, 4, 8, 8], "texture": "#0"},
				"west": {"uv": [4, 4, 8, 8], "texture": "#0"},
				"up": {"uv": [4, 4, 8, 8], "texture": "#0"},
				"down": {"uv": [4, 4, 8, 8], "texture": "#0"}
			}
		},
		{
			"from": [6, 4, 8],
			"to": [7, 5, 9],
			"rotation": {"angle": 0, "axis": "y", "origin": [14, 12, 16]},
			"faces": {
				"north": {"uv": [4, 4, 8, 8], "texture": "#0"},
				"east": {"uv": [4, 4, 8, 8], "texture": "#0"},
				"south": {"uv": [4, 4, 8, 8], "texture": "#0"},
				"west": {"uv": [4, 4, 8, 8], "texture": "#0"},
				"up": {"uv": [4, 4, 8, 8], "texture": "#0"},
				"down": {"uv": [4, 4, 8, 8], "texture": "#0"}
			}
		},
		{
			"from": [8, 4, 8],
			"to": [9, 5, 9],
			"rotation": {"angle": 0, "axis": "y", "origin": [16, 12, 16]},
			"faces": {
				"north": {"uv": [4, 4, 8, 8], "texture": "#0"},
				"east": {"uv": [4, 4, 8, 8], "texture": "#0"},
				"south": {"uv": [4, 4, 8, 8], "texture": "#0"},
				"west": {"uv": [4, 4, 8, 8], "texture": "#0"},
				"up": {"uv": [4, 4, 8, 8], "texture": "#0"},
				"down": {"uv": [4, 4, 8, 8], "texture": "#0"}
			}
		},
		{
			"from": [7, 4, 7],
			"to": [8, 5, 8],
			"rotation": {"angle": 0, "axis": "y", "origin": [15, 12, 15]},
			"faces": {
				"north": {"uv": [4, 4, 8, 8], "texture": "#0"},
				"east": {"uv": [4, 4, 8, 8], "texture": "#0"},
				"south": {"uv": [4, 4, 8, 8], "texture": "#0"},
				"west": {"uv": [4, 4, 8, 8], "texture": "#0"},
				"up": {"uv": [4, 4, 8, 8], "texture": "#0"},
				"down": {"uv": [4, 4, 8, 8], "texture": "#0"}
			}
		},
		{
			"from": [5, 9, 7],
			"to": [8, 11, 9],
			"rotation": {"angle": 0, "axis": "y", "origin": [13, 17, 15]},
			"faces": {
				"north": {"uv": [0, 0, 4, 4], "texture": "#0"},
				"east": {"uv": [0, 0, 4, 4], "texture": "#0"},
				"south": {"uv": [0, 0, 4, 4], "texture": "#0"},
				"west": {"uv": [0, 0, 4, 4], "texture": "#0"},
				"up": {"uv": [0, 0, 4, 4], "texture": "#0"},
				"down": {"uv": [0, 0, 4, 4], "texture": "#0"}
			}
		},
		{
			"from": [11, 8, 7],
			"to": [14, 10, 9],
			"rotation": {"angle": 0, "axis": "y", "origin": [19, 16, 15]},
			"faces": {
				"north": {"uv": [0, 0, 4, 4], "texture": "#0"},
				"east": {"uv": [0, 0, 4, 4], "texture": "#0"},
				"south": {"uv": [0, 0, 4, 4], "texture": "#0"},
				"west": {"uv": [0, 0, 4, 4], "texture": "#0"},
				"up": {"uv": [0, 0, 5, 4], "texture": "#0"},
				"down": {"uv": [0, 0, 4, 4], "texture": "#0"}
			}
		},
		{
			"from": [6, 9, 13],
			"to": [9, 11, 15],
			"rotation": {"angle": 0, "axis": "y", "origin": [14, 17, 21]},
			"faces": {
				"north": {"uv": [0, 0, 4, 4], "texture": "#0"},
				"east": {"uv": [0, 0, 4, 4], "texture": "#0"},
				"south": {"uv": [0, 0, 4, 4], "texture": "#0"},
				"west": {"uv": [0, 0, 4, 4], "texture": "#0"},
				"up": {"uv": [0, 0, 5, 4], "texture": "#0"},
				"down": {"uv": [0, 0, 4, 4], "texture": "#0"}
			}
		},
		{
			"from": [6, 10, 10],
			"to": [9, 12, 12],
			"rotation": {"angle": 0, "axis": "y", "origin": [14, 18, 18]},
			"faces": {
				"north": {"uv": [0, 0, 4, 4], "texture": "#0"},
				"east": {"uv": [0, 0, 4, 4], "texture": "#0"},
				"south": {"uv": [0, 0, 4, 4], "texture": "#0"},
				"west": {"uv": [0, 0, 4, 4], "texture": "#0"},
				"up": {"uv": [0, 0, 5, 4], "texture": "#0"},
				"down": {"uv": [0, 0, 4, 4], "texture": "#0"}
			}
		},
		{
			"from": [8, 9, 8],
			"to": [11, 11, 10],
			"rotation": {"angle": 0, "axis": "y", "origin": [16, 17, 16]},
			"faces": {
				"north": {"uv": [0, 0, 4, 4], "texture": "#0"},
				"east": {"uv": [0, 0, 4, 4], "texture": "#0"},
				"south": {"uv": [0, 0, 4, 4], "texture": "#0"},
				"west": {"uv": [0, 0, 4, 4], "texture": "#0"},
				"up": {"uv": [0, 0, 5, 4], "texture": "#0"},
				"down": {"uv": [0, 0, 4, 4], "texture": "#0"}
			}
		},
		{
			"from": [9, 9, 11],
			"to": [12, 11, 13],
			"rotation": {"angle": 0, "axis": "y", "origin": [17, 17, 19]},
			"faces": {
				"north": {"uv": [0, 0, 4, 4], "texture": "#0"},
				"east": {"uv": [0, 0, 4, 4], "texture": "#0"},
				"south": {"uv": [0, 0, 4, 4], "texture": "#0"},
				"west": {"uv": [0, 0, 4, 4], "texture": "#0"},
				"up": {"uv": [0, 0, 5, 4], "texture": "#0"},
				"down": {"uv": [0, 0, 4, 4], "texture": "#0"}
			}
		},
		{
			"from": [4, 10, 6],
			"to": [7, 12, 8],
			"rotation": {"angle": 0, "axis": "y", "origin": [12, 18, 14]},
			"faces": {
				"north": {"uv": [0, 0, 4, 4], "texture": "#0"},
				"east": {"uv": [0, 0, 4, 4], "texture": "#0"},
				"south": {"uv": [0, 0, 4, 4], "texture": "#0"},
				"west": {"uv": [0, 0, 4, 4], "texture": "#0"},
				"up": {"uv": [0, 0, 5, 4], "texture": "#0"},
				"down": {"uv": [0, 0, 4, 4], "texture": "#0"}
			}
		},
		{
			"from": [10, 9, 6],
			"to": [13, 11, 8],
			"rotation": {"angle": 0, "axis": "y", "origin": [18, 17, 14]},
			"faces": {
				"north": {"uv": [0, 0, 4, 4], "texture": "#0"},
				"east": {"uv": [0, 0, 4, 4], "texture": "#0"},
				"south": {"uv": [0, 0, 4, 4], "texture": "#0"},
				"west": {"uv": [0, 0, 4, 4], "texture": "#0"},
				"up": {"uv": [0, 0, 5, 4], "texture": "#0"},
				"down": {"uv": [0, 0, 4, 4], "texture": "#0"}
			}
		},
		{
			"from": [5, 10, 12],
			"to": [8, 12, 14],
			"rotation": {"angle": 0, "axis": "y", "origin": [13, 18, 20]},
			"faces": {
				"north": {"uv": [0, 0, 4, 4], "texture": "#0"},
				"east": {"uv": [0, 0, 4, 4], "texture": "#0"},
				"south": {"uv": [0, 0, 4, 4], "texture": "#0"},
				"west": {"uv": [0, 0, 4, 4], "texture": "#0"},
				"up": {"uv": [0, 0, 5, 4], "texture": "#0"},
				"down": {"uv": [0, 0, 4, 4], "texture": "#0"}
			}
		},
		{
			"from": [5, 11, 9],
			"to": [8, 13, 11],
			"rotation": {"angle": 0, "axis": "y", "origin": [13, 19, 17]},
			"faces": {
				"north": {"uv": [0, 0, 4, 4], "texture": "#0"},
				"east": {"uv": [0, 0, 4, 4], "texture": "#0"},
				"south": {"uv": [0, 0, 4, 4], "texture": "#0"},
				"west": {"uv": [0, 0, 4, 4], "texture": "#0"},
				"up": {"uv": [0, 0, 5, 4], "texture": "#0"},
				"down": {"uv": [0, 0, 4, 4], "texture": "#0"}
			}
		},
		{
			"from": [7, 10, 7],
			"to": [10, 12, 9],
			"rotation": {"angle": 0, "axis": "y", "origin": [15, 18, 15]},
			"faces": {
				"north": {"uv": [0, 0, 4, 4], "texture": "#0"},
				"east": {"uv": [0, 0, 4, 4], "texture": "#0"},
				"south": {"uv": [0, 0, 4, 4], "texture": "#0"},
				"west": {"uv": [0, 0, 4, 4], "texture": "#0"},
				"up": {"uv": [0, 0, 5, 4], "texture": "#0"},
				"down": {"uv": [0, 0, 4, 4], "texture": "#0"}
			}
		},
		{
			"from": [8, 10, 10],
			"to": [11, 12, 12],
			"rotation": {"angle": 0, "axis": "y", "origin": [16, 18, 18]},
			"faces": {
				"north": {"uv": [0, 0, 4, 4], "texture": "#0"},
				"east": {"uv": [0, 0, 4, 4], "texture": "#0"},
				"south": {"uv": [0, 0, 4, 4], "texture": "#0"},
				"west": {"uv": [0, 0, 4, 4], "texture": "#0"},
				"up": {"uv": [0, 0, 5, 4], "texture": "#0"},
				"down": {"uv": [0, 0, 4, 4], "texture": "#0"}
			}
		},
		{
			"from": [3, 9, 5],
			"to": [6, 11, 7],
			"rotation": {"angle": 0, "axis": "y", "origin": [11, 17, 13]},
			"faces": {
				"north": {"uv": [0, 0, 4, 4], "texture": "#0"},
				"east": {"uv": [0, 0, 4, 4], "texture": "#0"},
				"south": {"uv": [0, 0, 4, 4], "texture": "#0"},
				"west": {"uv": [0, 0, 4, 4], "texture": "#0"},
				"up": {"uv": [0, 0, 5, 4], "texture": "#0"},
				"down": {"uv": [0, 0, 4, 4], "texture": "#0"}
			}
		},
		{
			"from": [9, 8, 5],
			"to": [12, 10, 7],
			"rotation": {"angle": 0, "axis": "y", "origin": [17, 16, 13]},
			"faces": {
				"north": {"uv": [0, 0, 4, 4], "texture": "#0"},
				"east": {"uv": [0, 0, 4, 4], "texture": "#0"},
				"south": {"uv": [0, 0, 4, 4], "texture": "#0"},
				"west": {"uv": [0, 0, 4, 4], "texture": "#0"},
				"up": {"uv": [0, 0, 5, 4], "texture": "#0"},
				"down": {"uv": [0, 0, 4, 4], "texture": "#0"}
			}
		},
		{
			"from": [4, 9, 11],
			"to": [7, 11, 13],
			"rotation": {"angle": 0, "axis": "y", "origin": [12, 17, 19]},
			"faces": {
				"north": {"uv": [0, 0, 4, 4], "texture": "#0"},
				"east": {"uv": [0, 0, 4, 4], "texture": "#0"},
				"south": {"uv": [0, 0, 4, 4], "texture": "#0"},
				"west": {"uv": [0, 0, 4, 4], "texture": "#0"},
				"up": {"uv": [0, 0, 5, 4], "texture": "#0"},
				"down": {"uv": [0, 0, 4, 4], "texture": "#0"}
			}
		},
		{
			"from": [4, 10, 8],
			"to": [7, 12, 10],
			"rotation": {"angle": 0, "axis": "y", "origin": [12, 18, 16]},
			"faces": {
				"north": {"uv": [0, 0, 4, 4], "texture": "#0"},
				"east": {"uv": [0, 0, 4, 4], "texture": "#0"},
				"south": {"uv": [0, 0, 4, 4], "texture": "#0"},
				"west": {"uv": [0, 0, 4, 4], "texture": "#0"},
				"up": {"uv": [0, 0, 5, 4], "texture": "#0"},
				"down": {"uv": [0, 0, 4, 4], "texture": "#0"}
			}
		},
		{
			"from": [6, 9, 6],
			"to": [9, 11, 8],
			"rotation": {"angle": 0, "axis": "y", "origin": [14, 17, 14]},
			"faces": {
				"north": {"uv": [0, 0, 4, 4], "texture": "#0"},
				"east": {"uv": [0, 0, 4, 4], "texture": "#0"},
				"south": {"uv": [0, 0, 4, 4], "texture": "#0"},
				"west": {"uv": [0, 0, 4, 4], "texture": "#0"},
				"up": {"uv": [0, 0, 5, 4], "texture": "#0"},
				"down": {"uv": [0, 0, 4, 4], "texture": "#0"}
			}
		},
		{
			"from": [7, 8.5, 9],
			"to": [10, 10.5, 11],
			"rotation": {"angle": 0, "axis": "y", "origin": [15, 16, 17]},
			"faces": {
				"north": {"uv": [0, 0, 4, 4], "texture": "#0"},
				"east": {"uv": [0, 0, 4, 4], "texture": "#0"},
				"south": {"uv": [0, 0, 4, 4], "texture": "#0"},
				"west": {"uv": [0, 0, 4, 4], "texture": "#0"},
				"up": {"uv": [0, 0, 4, 4], "texture": "#0"},
				"down": {"uv": [0, 0, 4, 4], "texture": "#0"}
			}
		},
		{
			"from": [6, 7, 10],
			"to": [7, 8, 11],
			"rotation": {"angle": 0, "axis": "y", "origin": [14, 15, 18]},
			"faces": {
				"north": {"uv": [4, 4, 8, 8], "texture": "#0"},
				"east": {"uv": [4, 4, 8, 8], "texture": "#0"},
				"south": {"uv": [4, 4, 8, 8], "texture": "#0"},
				"west": {"uv": [4, 4, 8, 8], "texture": "#0"},
				"up": {"uv": [4, 4, 8, 8], "texture": "#0"},
				"down": {"uv": [4, 4, 8, 8], "texture": "#0"}
			}
		},
		{
			"from": [6, 8, 11],
			"to": [7, 9, 12],
			"rotation": {"angle": 0, "axis": "y", "origin": [14, 16, 19]},
			"faces": {
				"north": {"uv": [4, 4, 8, 8], "texture": "#0"},
				"east": {"uv": [4, 4, 8, 8], "texture": "#0"},
				"south": {"uv": [4, 4, 8, 8], "texture": "#0"},
				"west": {"uv": [4, 4, 8, 8], "texture": "#0"},
				"up": {"uv": [4, 4, 8, 8], "texture": "#0"},
				"down": {"uv": [4, 4, 8, 8], "texture": "#0"}
			}
		},
		{
			"from": [6, 9, 11],
			"to": [7, 10, 12],
			"rotation": {"angle": 0, "axis": "y", "origin": [14, 17, 19]},
			"faces": {
				"north": {"uv": [4, 4, 8, 8], "texture": "#0"},
				"east": {"uv": [4, 4, 8, 8], "texture": "#0"},
				"south": {"uv": [4, 4, 8, 8], "texture": "#0"},
				"west": {"uv": [4, 4, 8, 8], "texture": "#0"},
				"up": {"uv": [4, 4, 8, 8], "texture": "#0"},
				"down": {"uv": [4, 4, 8, 8], "texture": "#0"}
			}
		},
		{
			"from": [6, 7, 9],
			"to": [6, 8, 10],
			"rotation": {"angle": 22.5, "axis": "y", "origin": [14, 15, 17]},
			"faces": {
				"north": {"uv": [0, 1, 1, 2], "texture": "#0"},
				"east": {"uv": [0, 1, 1, 2], "texture": "#0"},
				"south": {"uv": [0, 1, 1, 2], "texture": "#0"},
				"west": {"uv": [0, 1, 1, 2], "texture": "#0"},
				"up": {"uv": [0, 1, 1, 2], "texture": "#0"},
				"down": {"uv": [0, 1, 1, 2], "texture": "#0"}
			}
		},
		{
			"from": [12, 6, 9],
			"to": [12, 7, 10],
			"rotation": {"angle": 22.5, "axis": "y", "origin": [20, 14, 17]},
			"faces": {
				"north": {"uv": [1, 0, 2, 1], "texture": "#0"},
				"east": {"uv": [1, 0, 2, 1], "texture": "#0"},
				"south": {"uv": [1, 0, 2, 1], "texture": "#0"},
				"west": {"uv": [1, 0, 2, 1], "texture": "#0"},
				"up": {"uv": [1, 0, 2, 1], "texture": "#0"},
				"down": {"uv": [1, 0, 2, 1], "texture": "#0"}
			}
		},
		{
			"from": [8, 6, 3],
			"to": [8, 7, 4],
			"rotation": {"angle": 22.5, "axis": "y", "origin": [16, 14, 11]},
			"faces": {
				"north": {"uv": [0, 0, 1, 1], "texture": "#0"},
				"east": {"uv": [0, 0, 1, 1], "texture": "#0"},
				"south": {"uv": [0, 0, 1, 1], "texture": "#0"},
				"west": {"uv": [0, 0, 1, 1], "texture": "#0"},
				"up": {"uv": [0, 0, 1, 1], "texture": "#0"},
				"down": {"uv": [0, 0, 1, 1], "texture": "#0"}
			}
		},
		{
			"from": [13, 6, -1],
			"to": [13, 7, 0],
			"rotation": {"angle": 45, "axis": "y", "origin": [21, 14, 7]},
			"faces": {
				"north": {"uv": [0, 0, 1, 1], "texture": "#0"},
				"east": {"uv": [0, 0, 1, 1], "texture": "#0"},
				"south": {"uv": [0, 0, 1, 1], "texture": "#0"},
				"west": {"uv": [0, 0, 1, 1], "texture": "#0"},
				"up": {"uv": [0, 0, 1, 1], "texture": "#0"},
				"down": {"uv": [0, 0, 1, 1], "texture": "#0"}
			}
		},
		{
			"from": [6, 6, 2],
			"to": [6, 7, 3],
			"rotation": {"angle": 45, "axis": "y", "origin": [14, 14, 10]},
			"faces": {
				"north": {"uv": [1, 0, 2, 1], "texture": "#0"},
				"east": {"uv": [1, 0, 2, 1], "texture": "#0"},
				"south": {"uv": [1, 0, 2, 1], "texture": "#0"},
				"west": {"uv": [1, 0, 2, 1], "texture": "#0"},
				"up": {"uv": [1, 0, 2, 1], "texture": "#0"},
				"down": {"uv": [1, 0, 2, 1], "texture": "#0"}
			}
		},
		{
			"from": [17, 6, 2],
			"to": [17, 7, 3],
			"rotation": {"angle": 45, "axis": "y", "origin": [25, 14, 10]},
			"faces": {
				"north": {"uv": [4, 1, 5, 2], "texture": "#0"},
				"east": {"uv": [4, 1, 5, 2], "texture": "#0"},
				"south": {"uv": [4, 1, 5, 2], "texture": "#0"},
				"west": {"uv": [4, 1, 5, 2], "texture": "#0"},
				"up": {"uv": [4, 1, 5, 2], "texture": "#0"},
				"down": {"uv": [4, 1, 5, 2], "texture": "#0"}
			}
		},
		{
			"from": [14, 2, 5],
			"to": [14, 3, 6],
			"rotation": {"angle": 45, "axis": "y", "origin": [22, 10, 13]},
			"faces": {
				"north": {"uv": [0, 1, 1, 2], "texture": "#0"},
				"east": {"uv": [0, 1, 1, 2], "texture": "#0"},
				"south": {"uv": [0, 1, 1, 2], "texture": "#0"},
				"west": {"uv": [0, 1, 1, 2], "texture": "#0"},
				"up": {"uv": [0, 1, 1, 2], "texture": "#0"},
				"down": {"uv": [0, 1, 1, 2], "texture": "#0"}
			}
		},
		{
			"from": [8.25, 2, 17],
			"to": [9.25, 3, 17],
			"rotation": {"angle": -22.5, "axis": "y", "origin": [16.25, 10, 9]},
			"faces": {
				"north": {"uv": [0, 0, 1, 1], "texture": "#0"},
				"east": {"uv": [0, 0, 1, 1], "texture": "#0"},
				"south": {"uv": [0, 0, 1, 1], "texture": "#0"},
				"west": {"uv": [0, 0, 1, 1], "texture": "#0"},
				"up": {"uv": [0, 0, 1, 1], "texture": "#0"},
				"down": {"uv": [0, 0, 1, 1], "texture": "#0"}
			}
		},
		{
			"from": [15, 6, 9],
			"to": [16, 7, 9],
			"rotation": {"angle": -22.5, "axis": "y", "origin": [23, 14, 1]},
			"faces": {
				"north": {"uv": [1, 0, 2, 1], "texture": "#0"},
				"east": {"uv": [1, 0, 2, 1], "texture": "#0"},
				"south": {"uv": [1, 0, 2, 1], "texture": "#0"},
				"west": {"uv": [1, 0, 2, 1], "texture": "#0"},
				"up": {"uv": [1, 0, 2, 1], "texture": "#0"},
				"down": {"uv": [1, 0, 2, 1], "texture": "#0"}
			}
		},
		{
			"from": [0, 5, 3],
			"to": [1, 6, 3],
			"rotation": {"angle": 45, "axis": "y", "origin": [8, 13, -5]},
			"faces": {
				"north": {"uv": [0, 1, 1, 2], "texture": "#0"},
				"east": {"uv": [0, 1, 1, 2], "texture": "#0"},
				"south": {"uv": [0, 1, 1, 2], "texture": "#0"},
				"west": {"uv": [0, 1, 1, 2], "texture": "#0"},
				"up": {"uv": [0, 1, 1, 2], "texture": "#0"},
				"down": {"uv": [0, 1, 1, 2], "texture": "#0"}
			}
		},
		{
			"from": [-1, 7, 3],
			"to": [0, 8, 3],
			"rotation": {"angle": 45, "axis": "y", "origin": [7, 15, -5]},
			"faces": {
				"north": {"uv": [4, 1, 5, 2], "texture": "#0"},
				"east": {"uv": [4, 1, 5, 2], "texture": "#0"},
				"south": {"uv": [4, 1, 5, 2], "texture": "#0"},
				"west": {"uv": [4, 1, 5, 2], "texture": "#0"},
				"up": {"uv": [4, 1, 5, 2], "texture": "#0"},
				"down": {"uv": [4, 1, 5, 2], "texture": "#0"}
			}
		}
	],
	"display": {
		"thirdperson_righthand": {
			"translation": [0, 3.25, 0.5],
			"scale": [0.75, 0.75, 0.75]
		},
		"thirdperson_lefthand": {
			"translation": [0, 3.25, 0],
			"scale": [0.75, 0.75, 0.75]
		},
		"firstperson_righthand": {
			"translation": [0, 2, 0]
		},
		"firstperson_lefthand": {
			"translation": [0, 2, 0]
		},
		"ground": {
			"translation": [0, 2.75, 0]
		},
		"gui": {
			"rotation": [12, 45, 0],
			"translation": [0, 2, 0]
		},
		"head": {
			"translation": [0, 16.5, 0],
			"scale": [1.5, 1.5, 1.5]
		},
		"fixed": {
			"rotation": [-90, 0, 0],
			"translation": [0, 0, -23.75],
			"scale": [3, 3, 3]
		}
	},
	"groups": [
		{
			"name": "group",
			"origin": [12, 15, 14],
			"children": [0, 1, 2, 3, 4, 5, 6, 7, 8, 9, 10, 11, 12, 13, 14]
		}, 15, 16, 17, 18, 19, 20, 21, 22, 23, 24, 25, 26, 27, 28, 29, 30, 31, 32, 33, 34, 35, 36, 37, 38, 39, 40, 41, 42, 43, 44, 45, 46, 47, 48, 49, 50, 51, 52, 53, 54, 55, 56, 57, 58, 59, 60]
}