{"credit":"by Acherobot","textures":{"17":"block/lime_concrete","18":"block/lime_wool"},"elements":[{"from":[4,2.8,3],"to":[11.7,4.4,4],"faces":{"north":{"uv":[0,0,7.7,1.6],"texture":"#17"},"east":{"uv":[0,0,1,1.6],"texture":"#17"},"south":{"uv":[0,0,7.7,1.6],"texture":"#17"},"west":{"uv":[0,0,1,1.6],"texture":"#17"},"up":{"uv":[0,0,7.7,1],"texture":"#17"},"down":{"uv":[0,0,7.7,1],"texture":"#17"}}},{"from":[4,4,3],"to":[7.4,5,4],"faces":{"north":{"uv":[0,0,3.4,1],"texture":"#17"},"south":{"uv":[0,0,3.4,1],"texture":"#17"},"west":{"uv":[0,0,1,1],"texture":"#17"},"up":{"uv":[0,0,3.4,1],"texture":"#17"}}},{"from":[4,2,3],"to":[7.4,3,4],"faces":{"north":{"uv":[0,0,3.4,1],"texture":"#17"},"south":{"uv":[0,0,3.4,1],"texture":"#17"},"west":{"uv":[0,0,1,1],"texture":"#17"},"down":{"uv":[0,0,3.4,1],"texture":"#17"}}},{"from":[10.03746,2.00388,2.99616],"to":[13.43746,3.00388,3.99616],"faces":{"north":{"uv":[0,0,3.4,1],"texture":"#17"},"east":{"uv":[0,0,1,1],"texture":"#17"},"south":{"uv":[0,0,3.4,1],"texture":"#17"},"down":{"uv":[0,0,3.4,1],"rotation":180,"texture":"#17"}}},{"from":[8.46648,4.0768,2.99616],"to":[9.46648,4.9518,3.99616],"rotation":{"angle":22.5,"axis":"z","origin":[14.4626,6.98926,8]},"faces":{"north":{"uv":[0,0,3.4,1],"rotation":270,"texture":"#17"},"south":{"uv":[0,1,3.4,0],"rotation":270,"texture":"#17"},"west":{"uv":[0,1,3.4,0],"rotation":270,"texture":"#17"}}},{"from":[6.07673,1.67529,3],"to":[7.07673,2.55029,4],"rotation":{"angle":22.5,"axis":"z","origin":[1.08061,4.58775,8.00384]},"faces":{"north":{"uv":[0,1,3.4,0],"rotation":270,"texture":"#17"},"east":{"uv":[0,0,1,1.6],"texture":"#17"},"south":{"uv":[0,1,3.4,0],"rotation":270,"texture":"#17"}}},{"from":[7.97098,4.07292,3],"to":[8.97098,4.94792,4],"rotation":{"angle":-22.5,"axis":"z","origin":[2.97486,6.98538,8.00384]},"faces":{"north":{"uv":[0,1,3.4,0],"rotation":270,"texture":"#17"},"east":{"uv":[0,0,1,1.6],"texture":"#17"},"south":{"uv":[0,1,3.4,0],"rotation":270,"texture":"#17"}}},{"from":[10.36073,1.67917,2.99616],"to":[11.36073,2.55417,3.99616],"rotation":{"angle":-22.5,"axis":"z","origin":[16.35685,4.59163,8]},"faces":{"north":{"uv":[0,0,3.4,1],"rotation":270,"texture":"#17"},"south":{"uv":[0,1,3.4,0],"rotation":270,"texture":"#17"},"west":{"uv":[0,1,3.4,0],"rotation":270,"texture":"#17"}}},{"from":[10.03746,4.00388,2.99616],"to":[13.43746,5.00388,3.99616],"faces":{"north":{"uv":[0,0,3.4,1],"texture":"#17"},"east":{"uv":[0,0,1,1],"texture":"#17"},"south":{"uv":[0,0,3.4,1],"texture":"#17"},"up":{"uv":[0,0,3.4,1],"rotation":180,"texture":"#17"}}},{"from":[9.43746,2.80388,2.99616],"to":[13.43746,4.40388,3.99616],"faces":{"north":{"uv":[0,0,4,1.6],"texture":"#17"},"east":{"uv":[0,0,1,1.6],"texture":"#17"},"south":{"uv":[0,0,4,1.6],"texture":"#17"},"up":{"uv":[0,0,4,1],"rotation":180,"texture":"#17"},"down":{"uv":[0,0,4,1],"rotation":180,"texture":"#17"}}},{"from":[7.7,2.675,2.7],"to":[9.7,4.575,4.4],"faces":{"north":{"uv":[0,0,2,1.9],"texture":"#18"},"east":{"uv":[0,0,1.7,1.9],"texture":"#18"},"south":{"uv":[0,0,2,1.9],"texture":"#18"},"west":{"uv":[0,0,1.7,1.9],"texture":"#18"},"up":{"uv":[0,0,2,1.7],"texture":"#18"},"down":{"uv":[0,0,2,1.7],"texture":"#18"}}},{"from":[4.5,2.80839,2.875],"to":[7.13918,4.17258,3],"rotation":{"angle":0,"axis":"y","origin":[8,8,7]},"faces":{"north":{"uv":[0,0,7.7,1.6],"texture":"#18"},"east":{"uv":[0,0,1,1.6],"texture":"#18"},"west":{"uv":[0,0,1,1.6],"texture":"#18"},"up":{"uv":[0,0,7.7,1],"texture":"#18"},"down":{"uv":[0,0,7.7,1],"texture":"#18"}}},{"from":[4.5,2.25,2.9],"to":[6.9,3,3],"rotation":{"angle":0,"axis":"y","origin":[8,8,7]},"faces":{"north":{"uv":[0,0,3.4,1],"texture":"#18"},"east":{"uv":[0,0,1,1.6],"texture":"#18"},"west":{"uv":[0,0,1,1],"texture":"#18"},"down":{"uv":[0,0,3.4,1],"texture":"#18"}}},{"from":[7.87531,4.34195,2.95],"to":[8.37531,4.96695,3],"rotation":{"angle":-22.5,"axis":"z","origin":[2.37919,7.00441,7.00384]},"faces":{"north":{"uv":[0,1,3.4,0],"rotation":270,"texture":"#18"},"east":{"uv":[0,0,1,1.6],"texture":"#18"},"south":{"uv":[0,1,3.4,0],"rotation":270,"texture":"#18"}}},{"from":[5.98105,1.65626,2.95],"to":[6.48105,2.28126,3],"rotation":{"angle":22.5,"axis":"z","origin":[0.48493,4.56872,7.00384]},"faces":{"north":{"uv":[0,1,3.4,0],"rotation":270,"texture":"#18"},"east":{"uv":[0,0,1,1.6],"texture":"#18"},"south":{"uv":[0,1,3.4,0],"rotation":270,"texture":"#18"}}},{"from":[4.5,4,2.9],"to":[6.9,4.75,3],"rotation":{"angle":0,"axis":"y","origin":[8,8,7]},"faces":{"north":{"uv":[0,0,3.4,1],"texture":"#18"},"east":{"uv":[0,0,1,1.6],"texture":"#18"},"west":{"uv":[0,0,1,1],"texture":"#18"},"up":{"uv":[0,0,3.4,1],"texture":"#18"}}},{"from":[10.11082,2.80839,2.875],"to":[12.75,4.17258,3],"rotation":{"angle":0,"axis":"y","origin":[9.25,8,7]},"faces":{"north":{"uv":[7.7,0,0,1.6],"texture":"#18"},"east":{"uv":[1,0,0,1.6],"texture":"#18"},"west":{"uv":[1,0,0,1.6],"texture":"#18"},"up":{"uv":[7.7,0,0,1],"texture":"#18"},"down":{"uv":[7.7,0,0,1],"texture":"#18"}}},{"from":[10.35,2.25,2.9],"to":[12.75,3,3],"rotation":{"angle":0,"axis":"y","origin":[9.25,8,7]},"faces":{"north":{"uv":[3.4,0,0,1],"texture":"#18"},"east":{"uv":[1,0,0,1],"texture":"#18"},"west":{"uv":[1,0,0,1.6],"texture":"#18"},"down":{"uv":[3.4,0,0,1],"texture":"#18"}}},{"from":[8.87469,4.34195,2.95],"to":[9.37469,4.96695,3],"rotation":{"angle":22.5,"axis":"z","origin":[14.87081,7.00441,7.00384]},"faces":{"north":{"uv":[0,0,3.4,1],"rotation":270,"texture":"#18"},"west":{"uv":[1,0,0,1.6],"texture":"#18"}}},{"from":[10.76895,1.65626,2.95],"to":[11.26895,2.28126,3],"rotation":{"angle":-22.5,"axis":"z","origin":[16.76507,4.56872,7.00384]},"faces":{"north":{"uv":[0,0,3.4,1],"rotation":270,"texture":"#18"},"west":{"uv":[1,0,0,1.6],"texture":"#18"}}},{"from":[10.35,4,2.9],"to":[12.75,4.75,3],"rotation":{"angle":0,"axis":"y","origin":[9.25,8,7]},"faces":{"north":{"uv":[3.4,0,0,1],"texture":"#18"},"east":{"uv":[1,0,0,1],"texture":"#18"},"west":{"uv":[1,0,0,1.6],"texture":"#18"},"up":{"uv":[3.4,0,0,1],"texture":"#18"}}},{"from":[10.11082,2.80839,4],"to":[12.75,4.17258,4.125],"rotation":{"angle":0,"axis":"y","origin":[9.25,8,0]},"faces":{"north":{"uv":[0,0,7.7,1.6],"texture":"#18"},"east":{"uv":[0,0,1,1.6],"texture":"#18"},"south":{"uv":[0,0,7.7,1.6],"texture":"#18"},"west":{"uv":[0,0,1,1.6],"texture":"#18"},"up":{"uv":[7.7,1,0,0],"texture":"#18"},"down":{"uv":[7.7,1,0,0],"texture":"#18"}}},{"from":[10.35,2.25,4],"to":[12.75,3,4.1],"rotation":{"angle":0,"axis":"y","origin":[9.25,8,0]},"faces":{"north":{"uv":[0,0,3.4,1],"texture":"#18"},"east":{"uv":[0,0,1,1],"texture":"#18"},"south":{"uv":[0,0,3.4,1],"texture":"#18"},"west":{"uv":[0,0,1,1.6],"texture":"#18"},"down":{"uv":[3.4,1,0,0],"texture":"#18"}}},{"from":[8.87469,4.34195,4],"to":[9.37469,4.96695,4.05],"rotation":{"angle":22.5,"axis":"z","origin":[14.87081,7.00441,-0.00384]},"faces":{"north":{"uv":[0,1,3.4,0],"rotation":270,"texture":"#18"},"south":{"uv":[0,1,3.4,0],"rotation":270,"texture":"#18"},"west":{"uv":[0,0,1,1.6],"texture":"#18"}}},{"from":[10.76895,1.65626,4],"to":[11.26895,2.28126,4.05],"rotation":{"angle":-22.5,"axis":"z","origin":[16.76507,4.56872,-0.00384]},"faces":{"north":{"uv":[0,1,3.4,0],"rotation":270,"texture":"#18"},"south":{"uv":[0,1,3.4,0],"rotation":270,"texture":"#18"},"west":{"uv":[0,0,1,1.6],"texture":"#18"}}},{"from":[10.35,4,4],"to":[12.75,4.75,4.1],"rotation":{"angle":0,"axis":"y","origin":[9.25,8,0]},"faces":{"north":{"uv":[0,0,3.4,1],"texture":"#18"},"east":{"uv":[0,0,1,1],"texture":"#18"},"south":{"uv":[0,0,3.4,1],"texture":"#18"},"west":{"uv":[0,0,1,1.6],"texture":"#18"},"up":{"uv":[3.4,1,0,0],"texture":"#18"}}},{"from":[4.5,2.80839,4],"to":[7.13918,4.17258,4.125],"rotation":{"angle":0,"axis":"y","origin":[8,8,0]},"faces":{"east":{"uv":[1,0,0,1.6],"texture":"#18"},"south":{"uv":[7.7,0,0,1.6],"texture":"#18"},"west":{"uv":[1,0,0,1.6],"texture":"#18"},"up":{"uv":[0,1,7.7,0],"texture":"#18"},"down":{"uv":[0,1,7.7,0],"texture":"#18"}}},{"from":[4.5,2.25,4],"to":[6.9,3,4.1],"rotation":{"angle":0,"axis":"y","origin":[8,8,0]},"faces":{"east":{"uv":[1,0,0,1.6],"texture":"#18"},"south":{"uv":[3.4,0,0,1],"texture":"#18"},"west":{"uv":[1,0,0,1],"texture":"#18"},"down":{"uv":[0,1,3.4,0],"texture":"#18"}}},{"from":[7.87531,4.34195,4],"to":[8.37531,4.96695,4.05],"rotation":{"angle":-22.5,"axis":"z","origin":[2.37919,7.00441,-0.00384]},"faces":{"north":{"uv":[0,0,3.4,1],"rotation":270,"texture":"#18"},"east":{"uv":[1,0,0,1.6],"texture":"#18"},"south":{"uv":[0,0,3.4,1],"rotation":270,"texture":"#18"}}},{"from":[5.98105,1.65626,4],"to":[6.48105,2.28126,4.05],"rotation":{"angle":22.5,"axis":"z","origin":[0.48493,4.56872,-0.00384]},"faces":{"north":{"uv":[0,0,3.4,1],"rotation":270,"texture":"#18"},"east":{"uv":[1,0,0,1.6],"texture":"#18"},"south":{"uv":[0,0,3.4,1],"rotation":270,"texture":"#18"}}},{"from":[4.5,4,4],"to":[6.9,4.75,4.1],"rotation":{"angle":0,"axis":"y","origin":[8,8,0]},"faces":{"east":{"uv":[1,0,0,1.6],"texture":"#18"},"south":{"uv":[3.4,0,0,1],"texture":"#18"},"west":{"uv":[1,0,0,1],"texture":"#18"},"up":{"uv":[0,1,3.4,0],"texture":"#18"}}}],"display":{"thirdperson_righthand":{"translation":[-0.5,3,3.25],"scale":[0.55,0.55,0.55]},"thirdperson_lefthand":{"translation":[0.5,3,3.25],"scale":[0.55,0.55,0.55]},"firstperson_righthand":{"rotation":[-10,179.25,-1],"translation":[0.75,4.25,0.5],"scale":[0.53,0.53,0.53]},"firstperson_lefthand":{"translation":[1.5,4.25,4.75],"scale":[0.53,0.53,0.53]},"ground":{"translation":[0,-0.25,0],"scale":[0.49,0.49,0.49]},"gui":{"rotation":[45,133,0],"translation":[6.5,9,0],"scale":[1.73,1.73,1.73]},"head":{"translation":[-1,-2.75,-0.75],"scale":[1.34,1.34,1.34]},"fixed":{"translation":[-2.25,15,11.5],"scale":[3.22,3.22,3.22]}},"groups":[0,1,2,3,4,5,6,7,8,9,10,{"name":"group","origin":[8,8,7],"children":[11,12,13,14,15]},{"name":"group","origin":[8,8,7],"children":[16,17,18,19,20]},{"name":"group","origin":[8,8,7],"children":[21,22,23,24,25]},{"name":"group","origin":[8,8,7],"children":[26,27,28,29,30]}]}