{
	"credit": "Made with Blockbench",
	"textures": {
		"0": "bytilki/cola",
		"particle": "bytilki/cola"
	},
	"elements": [
		{
			"from": [6.5, 0, 6.5],
			"to": [9.5, 0.5, 9.5],
			"rotation": {"angle": 0, "axis": "y", "origin": [14.5, 8, 14.5]},
			"faces": {
				"north": {"uv": [0, 9.5, 4.5, 10.5], "texture": "#0"},
				"east": {"uv": [0, 9.5, 4.5, 10.5], "texture": "#0"},
				"south": {"uv": [0, 9.5, 4.5, 10.5], "texture": "#0"},
				"west": {"uv": [0, 9.5, 4.5, 10.5], "texture": "#0"},
				"up": {"uv": [0, 9.5, 4.5, 10.5], "texture": "#0"},
				"down": {"uv": [0, 10.5, 4.5, 15], "texture": "#0"}
			}
		},
		{
			"from": [6.5, 5.25, 6.5],
			"to": [9.5, 5.75, 9.5],
			"rotation": {"angle": 0, "axis": "y", "origin": [14.5, 13.25, 14.5]},
			"faces": {
				"north": {"uv": [0, 9.5, 4.5, 10.5], "texture": "#0"},
				"east": {"uv": [0, 9.5, 4.5, 10.5], "texture": "#0"},
				"south": {"uv": [0, 9.5, 4.5, 10.5], "texture": "#0"},
				"west": {"uv": [0, 9.5, 4.5, 10.5], "texture": "#0"},
				"up": {"uv": [0, 5.5, 4.5, 10], "texture": "#0"},
				"down": {"uv": [0, 9.5, 4.5, 10.5], "texture": "#0"}
			}
		},
		{
			"from": [7.5, 5.7, 7.125],
			"to": [8.5, 6.45, 7.125],
			"rotation": {"angle": -22.5, "axis": "x", "origin": [8, 5.875, 7]},
			"faces": {
				"north": {"uv": [4.5, 5.5, 8, 8], "texture": "#0"},
				"east": {"uv": [4.5, 5.5, 8, 8], "texture": "#0"},
				"south": {"uv": [4.5, 5.5, 8, 8], "texture": "#0"},
				"west": {"uv": [4.5, 5.5, 8, 8], "texture": "#0"},
				"up": {"uv": [4.5, 5.5, 8, 8], "texture": "#0"},
				"down": {"uv": [4.5, 5.5, 8, 8], "texture": "#0"}
			}
		},
		{
			"from": [6.75, 5.875, 7.75],
			"to": [9, 5.875, 9],
			"rotation": {"angle": 0, "axis": "y", "origin": [14.5, 13.25, 14.5]},
			"faces": {
				"north": {"uv": [5, 9.5, 8, 11], "texture": "#0"},
				"east": {"uv": [5, 9.5, 8, 11], "texture": "#0"},
				"south": {"uv": [5, 9.5, 8, 11], "texture": "#0"},
				"west": {"uv": [5, 9.5, 8, 11], "texture": "#0"},
				"up": {"uv": [5, 9.5, 8, 11], "texture": "#0"},
				"down": {"uv": [5, 9.5, 8, 11], "texture": "#0"}
			}
		},
		{
			"from": [6.25, 0.5, 6.25],
			"to": [9.75, 5.25, 9.75],
			"rotation": {"angle": 0, "axis": "y", "origin": [14.5, 8.5, 14.5]},
			"faces": {
				"north": {"uv": [4, 0, 7.5, 5], "texture": "#0"},
				"east": {"uv": [12, 0, 15.5, 5], "texture": "#0"},
				"south": {"uv": [8, 0, 11.5, 5], "texture": "#0"},
				"west": {"uv": [0, 0, 3.5, 5], "texture": "#0"},
				"up": {"uv": [12, 5.5, 15.5, 9], "texture": "#0"},
				"down": {"uv": [8, 5.5, 11.5, 9], "texture": "#0"}
			}
		},
		{
			"from": [6, 3, 6.25],
			"to": [6, 4.75, 9.75],
			"rotation": {"angle": 0, "axis": "y", "origin": [14.5, 8.5, 14.5]},
			"faces": {
				"north": {"uv": [12, 13.5, 15.5, 15], "texture": "#0"},
				"east": {"uv": [15.5, 15.5, 16, 16], "texture": "#0"},
				"south": {"uv": [12, 13.5, 15.5, 15], "texture": "#0"},
				"west": {"uv": [12, 13.5, 15.5, 15], "texture": "#0"},
				"up": {"uv": [12, 13.5, 15.5, 15], "texture": "#0"},
				"down": {"uv": [12, 13.5, 15.5, 15], "texture": "#0"}
			}
		},
		{
			"from": [6.25, 0.5, 6],
			"to": [9.75, 2.5, 6],
			"rotation": {"angle": 0, "axis": "y", "origin": [14.5, 8.5, 14.5]},
			"faces": {
				"north": {"uv": [8, 12.5, 11.5, 14.5], "texture": "#0"},
				"east": {"uv": [8, 12.5, 11.5, 14.5], "texture": "#0"},
				"south": {"uv": [15.5, 15.5, 16, 16], "texture": "#0"},
				"west": {"uv": [8, 12.5, 11.5, 14.5], "texture": "#0"},
				"up": {"uv": [8, 12.5, 11.5, 14.5], "texture": "#0"},
				"down": {"uv": [8, 12.5, 11.5, 14.5], "texture": "#0"}
			}
		},
		{
			"from": [10, 1, 6.25],
			"to": [10, 4.5, 9.75],
			"rotation": {"angle": 0, "axis": "y", "origin": [14.5, 8.5, 14.5]},
			"faces": {
				"north": {"uv": [12, 9, 15.5, 12.5], "texture": "#0"},
				"east": {"uv": [12, 9, 15.5, 12.5], "texture": "#0"},
				"south": {"uv": [12, 9, 15.5, 12.5], "texture": "#0"},
				"west": {"uv": [15.5, 15.5, 16, 16], "texture": "#0"},
				"up": {"uv": [12, 9, 15.5, 12.5], "texture": "#0"},
				"down": {"uv": [12, 9, 15.5, 12.5], "texture": "#0"}
			}
		},
		{
			"from": [6.25, 1.25, 10],
			"to": [9.75, 4, 10],
			"rotation": {"angle": 0, "axis": "y", "origin": [14.5, 9.25, 14.5]},
			"faces": {
				"north": {"uv": [15.5, 15.5, 16, 16], "texture": "#0"},
				"east": {"uv": [8, 9, 11.5, 11.5], "texture": "#0"},
				"south": {"uv": [8, 9, 11.5, 11.5], "texture": "#0"},
				"west": {"uv": [8, 9, 11.5, 11.5], "texture": "#0"},
				"up": {"uv": [8, 9, 11.5, 11.5], "texture": "#0"},
				"down": {"uv": [8, 9, 11.5, 11.5], "texture": "#0"}
			}
		}
	],
	"display": {
		"thirdperson_righthand": {
			"translation": [0, 2.25, 0],
			"scale": [0.59, 0.59, 0.59]
		},
		"thirdperson_lefthand": {
			"translation": [0, 2.25, 0],
			"scale": [0.59, 0.59, 0.59]
		},
		"firstperson_righthand": {
			"translation": [0, 3.25, 0]
		},
		"firstperson_lefthand": {
			"translation": [0, 3.5, 0]
		},
		"ground": {
			"rotation": [90, 0, 0],
			"translation": [0, -3.75, 5]
		},
		"gui": {
			"rotation": [27, -37, 0],
			"translation": [0, 7.25, 0],
			"scale": [1.72, 1.72, 1.72]
		},
		"head": {
			"translation": [0, 14, 0]
		},
		"fixed": {
			"translation": [0, 9.75, -1.75],
			"scale": [1.8, 1.8, 1.8]
		}
	}
}