{
	"credit": "Made with Blockbench",
	"textures": {
		"0": "bytilki/light_blue_stained_glass",
		"2": "bytilki/podzol_top",
		"3": "bytilki/moss_block",
		"4": "bytilki/stone",
		"5": "bytilki/vine",
		"particle": "bytilki/light_blue_stained_glass"
	},
	"elements": [
		{
			"from": [6.5, 0, 6.5],
			"to": [9.5, 1.75, 9.5],
			"rotation": {"angle": 0, "axis": "y", "origin": [16.5, 8, 13.5]},
			"faces": {
				"north": {"uv": [6, 4, 9, 6], "texture": "#0"},
				"east": {"uv": [6, 4, 9, 6], "texture": "#0"},
				"south": {"uv": [6, 4, 9, 6], "texture": "#0"},
				"west": {"uv": [6, 4, 9, 6], "texture": "#0"},
				"up": {"uv": [6, 4, 9, 6], "texture": "#0"},
				"down": {"uv": [6, 4, 9, 6], "texture": "#0"}
			}
		},
		{
			"from": [6.5, 5.001, 6.5],
			"to": [9.5, 6.7509, 9.5],
			"rotation": {"angle": 0, "axis": "y", "origin": [16.5, 13, 13.5]},
			"faces": {
				"north": {"uv": [1, 3, 6, 6], "texture": "#0"},
				"east": {"uv": [5, 9, 10, 12], "texture": "#0"},
				"south": {"uv": [9, 10, 14, 13], "texture": "#0"},
				"west": {"uv": [8, 5, 13, 8], "texture": "#0"},
				"up": {"uv": [8, 4, 13, 9], "texture": "#0"},
				"down": {"uv": [7, 6, 12, 11], "texture": "#0"}
			}
		},
		{
			"from": [6.5, 3, 9.501],
			"to": [8.5, 6.75, 9.501],
			"rotation": {"angle": 0, "axis": "y", "origin": [16.5, 13, 13.5]},
			"faces": {
				"north": {"uv": [7, 0, 12, 16], "texture": "#5"},
				"east": {"uv": [7, 0, 12, 16], "texture": "#5"},
				"south": {"uv": [7, 0, 12, 16], "texture": "#5"},
				"west": {"uv": [7, 0, 12, 16], "texture": "#5"},
				"up": {"uv": [7, 0, 12, 16], "texture": "#5"},
				"down": {"uv": [7, 0, 12, 16], "texture": "#5"}
			}
		},
		{
			"from": [6.75, 6.75, 6.75],
			"to": [9.25, 7.25, 9.25],
			"rotation": {"angle": 0, "axis": "y", "origin": [16.5, 14.75, 13.5]},
			"faces": {
				"north": {"uv": [6, 3, 9, 4], "texture": "#0"},
				"east": {"uv": [6, 3, 9, 4], "texture": "#0"},
				"south": {"uv": [6, 3, 9, 4], "texture": "#0"},
				"west": {"uv": [6, 3, 9, 4], "texture": "#0"},
				"up": {"uv": [6, 3, 9, 4], "texture": "#0"},
				"down": {"uv": [6, 3, 9, 4], "texture": "#0"}
			}
		},
		{
			"from": [7.375, 7.2501, 7.375],
			"to": [8.625, 8.7501, 8.625],
			"rotation": {"angle": 0, "axis": "y", "origin": [16.5, 15.5, 13.5]},
			"faces": {
				"north": {"uv": [7, 5, 8, 7], "texture": "#0"},
				"east": {"uv": [7, 5, 8, 7], "texture": "#0"},
				"south": {"uv": [7, 5, 8, 7], "texture": "#0"},
				"west": {"uv": [7, 5, 8, 7], "texture": "#0"},
				"up": {"uv": [7, 5, 8, 7], "texture": "#0"},
				"down": {"uv": [7, 5, 8, 7], "texture": "#0"}
			}
		},
		{
			"from": [7.125, 8.75, 7.125],
			"to": [8.875, 9.25, 8.875],
			"rotation": {"angle": 0, "axis": "y", "origin": [16.5, 16, 13.5]},
			"faces": {
				"north": {"uv": [0, 15, 3, 16], "texture": "#0"},
				"east": {"uv": [0, 15, 3, 16], "texture": "#0"},
				"south": {"uv": [0, 15, 3, 16], "texture": "#0"},
				"west": {"uv": [0, 15, 3, 16], "texture": "#0"},
				"up": {"uv": [0, 12, 3, 15], "texture": "#0"},
				"down": {"uv": [0, 12, 3, 15], "texture": "#0"}
			}
		},
		{
			"from": [6.75, 1.7501, 6.75],
			"to": [9.25, 5, 9.25],
			"rotation": {"angle": 0, "axis": "y", "origin": [16.5, 9.75, 13.5]},
			"faces": {
				"north": {"uv": [7, 2, 11, 7], "texture": "#0"},
				"east": {"uv": [8, 2, 12, 7], "texture": "#0"},
				"south": {"uv": [3, 2, 7, 7], "texture": "#0"},
				"west": {"uv": [10, 9, 14, 14], "texture": "#0"},
				"up": {"uv": [3, 2, 7, 7], "texture": "#0"},
				"down": {"uv": [3, 2, 7, 7], "texture": "#0"}
			}
		},
		{
			"from": [6.749, 1.75, 6.75],
			"to": [6.749, 4.75, 8.75],
			"rotation": {"angle": 0, "axis": "y", "origin": [16.5, 9.75, 13.5]},
			"faces": {
				"north": {"uv": [6, 0, 7, 1], "texture": "#5"},
				"east": {"uv": [6, 0, 7, 1], "texture": "#5"},
				"south": {"uv": [6, 0, 7, 1], "texture": "#5"},
				"west": {"uv": [5, 1, 11, 10], "texture": "#5"},
				"up": {"uv": [6, 0, 7, 1], "texture": "#5"},
				"down": {"uv": [6, 0, 7, 1], "texture": "#5"}
			}
		},
		{
			"from": [6.7499, 1.75, 6.749],
			"to": [8.7499, 4.75, 6.749],
			"rotation": {"angle": 0, "axis": "y", "origin": [16.5, 9.75, 13.5]},
			"faces": {
				"north": {"uv": [0, 1, 5, 10], "texture": "#5"},
				"east": {"uv": [6, 0, 7, 1], "texture": "#5"},
				"south": {"uv": [6, 0, 7, 1], "texture": "#5"},
				"west": {"uv": [5, 0, 11, 9], "texture": "#5"},
				"up": {"uv": [6, 0, 7, 1], "texture": "#5"},
				"down": {"uv": [6, 0, 7, 1], "texture": "#5"}
			}
		},
		{
			"from": [6, -0.75, 6],
			"to": [7.25, 0.5, 7.25],
			"rotation": {"angle": 0, "axis": "y", "origin": [13.5, 7.25, 14.5]},
			"faces": {
				"north": {"uv": [3, 6, 6, 9], "texture": "#2"},
				"east": {"uv": [3, 3, 6, 6], "texture": "#2"},
				"south": {"uv": [3, 3, 6, 6], "texture": "#2"},
				"west": {"uv": [3, 3, 6, 6], "texture": "#2"},
				"up": {"uv": [6, 3, 9, 6], "texture": "#2"},
				"down": {"uv": [3, 3, 6, 6], "texture": "#2"}
			}
		},
		{
			"from": [8.75, 3.75, 8.75],
			"to": [10, 5, 10],
			"rotation": {"angle": 0, "axis": "y", "origin": [16.25, 11.75, 17.25]},
			"faces": {
				"north": {"uv": [10, 11, 12, 13], "texture": "#4"},
				"east": {"uv": [6, 9, 8, 11], "texture": "#4"},
				"south": {"uv": [5, 7, 7, 9], "texture": "#4"},
				"west": {"uv": [2, 4, 4, 6], "texture": "#4"},
				"up": {"uv": [1, 7, 3, 9], "texture": "#4"},
				"down": {"uv": [7, 11, 9, 13], "texture": "#4"}
			}
		},
		{
			"from": [6.74, 6.751, 8.51],
			"to": [7.74, 7.751, 9.26],
			"rotation": {"angle": 0, "axis": "y", "origin": [14, 14.75, 17]},
			"faces": {
				"north": {"uv": [6, 4, 9, 7], "texture": "#3"},
				"east": {"uv": [6, 4, 8, 7], "texture": "#3"},
				"south": {"uv": [6, 4, 9, 7], "texture": "#3"},
				"west": {"uv": [10, 4, 12, 7], "texture": "#3"},
				"up": {"uv": [5, 2, 7, 5], "rotation": 90, "texture": "#3"},
				"down": {"uv": [4, 7, 6, 10], "texture": "#3"}
			}
		},
		{
			"from": [6.25, -0.25, 7.25],
			"to": [7, 0.5, 7.75],
			"rotation": {"angle": 0, "axis": "y", "origin": [13.5, 7.25, 15]},
			"faces": {
				"north": {"uv": [0, 0, 0.5, 0.75], "texture": "#3"},
				"east": {"uv": [0, 0, 0.5, 0.75], "texture": "#3"},
				"south": {"uv": [0, 0, 0.5, 0.75], "texture": "#3"},
				"west": {"uv": [0, 0, 0.5, 0.75], "texture": "#3"},
				"up": {"uv": [0, 0, 0.5, 0.75], "texture": "#3"},
				"down": {"uv": [0, 0, 0.5, 0.75], "texture": "#3"}
			}
		},
		{
			"from": [8.5, 4.5, 9.25],
			"to": [9.25, 5.25, 9.75],
			"rotation": {"angle": 0, "axis": "y", "origin": [15.75, 12, 17]},
			"faces": {
				"north": {"uv": [7, 6, 8, 7], "texture": "#3"},
				"east": {"uv": [7, 6, 8, 7], "texture": "#3"},
				"south": {"uv": [7, 6, 8, 7], "texture": "#3"},
				"west": {"uv": [7, 6, 8, 7], "texture": "#3"},
				"up": {"uv": [7, 6, 8, 7], "texture": "#3"},
				"down": {"uv": [7, 6, 8, 7], "texture": "#3"}
			}
		},
		{
			"from": [7.75, 6.751, 9],
			"to": [8.5, 7.501, 9.5],
			"rotation": {"angle": 0, "axis": "y", "origin": [15, 14.25, 16.75]},
			"faces": {
				"north": {"uv": [3, 3, 5, 5], "texture": "#2"},
				"east": {"uv": [5, 3, 6, 5], "texture": "#2"},
				"south": {"uv": [4, 3, 6, 5], "texture": "#2"},
				"west": {"uv": [4, 3, 5, 5], "texture": "#2"},
				"up": {"uv": [4, 3, 6, 4], "texture": "#2"},
				"down": {"uv": [4, 4, 6, 5], "texture": "#2"}
			}
		},
		{
			"from": [6.75, -1, 6.25],
			"to": [7.5, -0.25, 6.75],
			"rotation": {"angle": 0, "axis": "y", "origin": [14, 6.5, 14]},
			"faces": {
				"north": {"uv": [5, 7, 6, 8], "texture": "#4"},
				"east": {"uv": [5, 7, 6, 8], "texture": "#4"},
				"south": {"uv": [5, 7, 6, 8], "texture": "#4"},
				"west": {"uv": [5, 7, 6, 8], "texture": "#4"},
				"up": {"uv": [5, 7, 6, 8], "texture": "#4"},
				"down": {"uv": [5, 7, 6, 8], "texture": "#4"}
			}
		},
		{
			"from": [9, 3.5, 8.5],
			"to": [9.75, 4.25, 9],
			"rotation": {"angle": 0, "axis": "y", "origin": [16.25, 11, 16.25]},
			"faces": {
				"north": {"uv": [0, 0, 0.5, 0.75], "texture": "#3"},
				"east": {"uv": [0, 0, 0.5, 0.75], "texture": "#3"},
				"south": {"uv": [0, 0, 0.5, 0.75], "texture": "#3"},
				"west": {"uv": [0, 0, 0.5, 0.75], "texture": "#3"},
				"up": {"uv": [0, 0, 0.5, 0.75], "texture": "#3"},
				"down": {"uv": [0, 0, 0.5, 0.75], "texture": "#3"}
			}
		}
	],
	"display": {
		"thirdperson_righthand": {
			"translation": [0.25, 3.25, 0]
		},
		"thirdperson_lefthand": {
			"translation": [0.25, 3.75, 0]
		},
		"firstperson_righthand": {
			"translation": [0, 4, 0]
		},
		"firstperson_lefthand": {
			"translation": [0, 3.25, 0]
		},
		"ground": {
			"rotation": [90, 0, 0],
			"translation": [0, -3.5, 4]
		},
		"gui": {
			"rotation": [34, 34, -32],
			"translation": [3.25, 4.5, 0],
			"scale": [1.46, 1.46, 1.46]
		},
		"head": {
			"translation": [0, 14, 0]
		},
		"fixed": {
			"rotation": [0, -90, 0],
			"translation": [0, 7.75, 0],
			"scale": [2, 2, 2]
		}
	}
}