{
	"credit": "Made with Blockbench",
	"textures": {
		"2": "bytilki/podzol_top",
		"3": "bytilki/moss_block",
		"4": "bytilki/stone",
		"5": "bytilki/vine",
		"7": "bytilki/cyan_stained_glass",
		"8": "bytilki/cod",
		"particle": "bytilki/light_blue_stained_glass"
	},
	"elements": [
		{
			"from": [5, 0, 5],
			"to": [11, 1.5, 11],
			"rotation": {"angle": 0, "axis": "y", "origin": [15, 8, 15]},
			"faces": {
				"north": {"uv": [6, 6, 12, 8], "texture": "#7"},
				"east": {"uv": [6, 6, 12, 8], "texture": "#7"},
				"south": {"uv": [6, 6, 12, 8], "texture": "#7"},
				"west": {"uv": [6, 6, 12, 8], "texture": "#7"},
				"up": {"uv": [6, 6, 12, 8], "texture": "#7"},
				"down": {"uv": [6, 6, 12, 8], "texture": "#7"}
			}
		},
		{
			"from": [4.75, -0.05, 10.5],
			"to": [6, 0.95, 11.5],
			"rotation": {"angle": 0, "axis": "y", "origin": [15, 8, 15.5]},
			"faces": {
				"north": {"uv": [6, 6, 9, 8], "texture": "#4"},
				"east": {"uv": [6, 6, 9, 8], "texture": "#4"},
				"south": {"uv": [6, 6, 9, 8], "texture": "#4"},
				"west": {"uv": [6, 6, 9, 8], "texture": "#4"},
				"up": {"uv": [6, 6, 9, 8], "texture": "#4"},
				"down": {"uv": [6, 6, 9, 8], "texture": "#4"}
			}
		},
		{
			"from": [8.5, -0.05, 10.5],
			"to": [9.75, 0.95, 11.5],
			"rotation": {"angle": 0, "axis": "y", "origin": [18.75, 8, 15.5]},
			"faces": {
				"north": {"uv": [6, 6, 9, 9], "texture": "#3"},
				"east": {"uv": [6, 6, 9, 9], "texture": "#3"},
				"south": {"uv": [6, 6, 9, 9], "texture": "#3"},
				"west": {"uv": [6, 6, 9, 9], "texture": "#3"},
				"up": {"uv": [6, 6, 9, 9], "texture": "#3"},
				"down": {"uv": [6, 6, 9, 9], "texture": "#3"}
			}
		},
		{
			"from": [4.25, 3.5, 5.125],
			"to": [5.25, 4.5, 6.375],
			"rotation": {"angle": 0, "axis": "y", "origin": [4.8125, 4, 6.1875]},
			"faces": {
				"north": {"uv": [6, 6, 9, 9], "texture": "#3"},
				"east": {"uv": [6, 6, 9, 9], "texture": "#3"},
				"south": {"uv": [6, 6, 9, 9], "texture": "#3"},
				"west": {"uv": [6, 6, 9, 9], "texture": "#3"},
				"up": {"uv": [6, 6, 9, 9], "rotation": 90, "texture": "#3"},
				"down": {"uv": [6, 6, 9, 9], "rotation": 270, "texture": "#3"}
			}
		},
		{
			"from": [5, 3.5, 4.625],
			"to": [5.75, 4.25, 5.375],
			"rotation": {"angle": 0, "axis": "y", "origin": [5.3125, 4, 5.6875]},
			"faces": {
				"north": {"uv": [6, 6, 8, 8], "texture": "#3"},
				"east": {"uv": [6, 6, 8, 8], "texture": "#3"},
				"south": {"uv": [6, 6, 8, 8], "texture": "#3"},
				"west": {"uv": [6, 6, 8, 8], "texture": "#3"},
				"up": {"uv": [6, 6, 8, 8], "texture": "#3"},
				"down": {"uv": [6, 6, 8, 8], "texture": "#3"}
			}
		},
		{
			"from": [9.75, 0.25, 10.5],
			"to": [10.25, 0.75, 11.25],
			"rotation": {"angle": 0, "axis": "y", "origin": [20, 8, 15.5]},
			"faces": {
				"north": {"uv": [6, 6, 7, 7], "texture": "#3"},
				"east": {"uv": [6, 6, 7, 7], "texture": "#3"},
				"south": {"uv": [6, 6, 7, 7], "texture": "#3"},
				"west": {"uv": [6, 6, 7, 7], "texture": "#3"},
				"up": {"uv": [6, 6, 7, 7], "texture": "#3"},
				"down": {"uv": [6, 6, 7, 7], "texture": "#3"}
			}
		},
		{
			"from": [4.5, 3.75, 6.375],
			"to": [5.25, 4.25, 6.875],
			"rotation": {"angle": 0, "axis": "y", "origin": [4.8125, 4, 6.1875]},
			"faces": {
				"north": {"uv": [6, 6, 7, 7], "texture": "#3"},
				"east": {"uv": [6, 6, 7, 7], "texture": "#3"},
				"south": {"uv": [6, 6, 7, 7], "texture": "#3"},
				"west": {"uv": [6, 6, 7, 7], "texture": "#3"},
				"up": {"uv": [6, 6, 7, 7], "rotation": 90, "texture": "#3"},
				"down": {"uv": [6, 6, 7, 7], "rotation": 270, "texture": "#3"}
			}
		},
		{
			"from": [10.83333, 3, 10],
			"to": [11.83333, 4, 11.25],
			"rotation": {"angle": 0, "axis": "y", "origin": [11.16667, 3.41667, 10.58333]},
			"faces": {
				"north": {"uv": [6, 6, 9, 8], "texture": "#4"},
				"east": {"uv": [6, 6, 9, 8], "texture": "#4"},
				"south": {"uv": [6, 6, 9, 8], "texture": "#4"},
				"west": {"uv": [6, 6, 9, 8], "texture": "#4"},
				"up": {"uv": [6, 6, 9, 8], "rotation": 270, "texture": "#4"},
				"down": {"uv": [6, 6, 9, 8], "rotation": 90, "texture": "#4"}
			}
		},
		{
			"from": [10.08333, 6, 4.16667],
			"to": [11.33333, 7, 5.16667],
			"rotation": {"angle": 0, "axis": "y", "origin": [10.66667, 6.41667, 4.83333]},
			"faces": {
				"north": {"uv": [6, 6, 9, 8], "texture": "#4"},
				"east": {"uv": [6, 6, 9, 8], "texture": "#4"},
				"south": {"uv": [6, 6, 9, 8], "texture": "#4"},
				"west": {"uv": [6, 6, 9, 8], "texture": "#4"},
				"up": {"uv": [6, 6, 9, 8], "rotation": 180, "texture": "#4"},
				"down": {"uv": [6, 6, 9, 8], "rotation": 180, "texture": "#4"}
			}
		},
		{
			"from": [4.5, -0.05, 10.25],
			"to": [5, 0.7, 11],
			"rotation": {"angle": 0, "axis": "y", "origin": [14.75, 8, 15]},
			"faces": {
				"north": {"uv": [3, 9, 5, 11], "texture": "#4"},
				"east": {"uv": [3, 9, 5, 11], "texture": "#4"},
				"south": {"uv": [3, 9, 5, 11], "texture": "#4"},
				"west": {"uv": [3, 9, 5, 11], "texture": "#4"},
				"up": {"uv": [3, 9, 5, 11], "texture": "#4"},
				"down": {"uv": [3, 9, 5, 11], "texture": "#4"}
			}
		},
		{
			"from": [10.58333, 3.02, 11],
			"to": [11.33333, 3.77, 11.5],
			"rotation": {"angle": 0, "axis": "y", "origin": [11.16667, 3.41667, 10.58333]},
			"faces": {
				"north": {"uv": [3, 9, 5, 11], "texture": "#4"},
				"east": {"uv": [3, 9, 5, 11], "texture": "#4"},
				"south": {"uv": [3, 9, 5, 11], "texture": "#4"},
				"west": {"uv": [3, 9, 5, 11], "texture": "#4"},
				"up": {"uv": [3, 9, 5, 11], "rotation": 270, "texture": "#4"},
				"down": {"uv": [3, 9, 5, 11], "rotation": 90, "texture": "#4"}
			}
		},
		{
			"from": [11.08333, 6.02, 4.66667],
			"to": [11.58333, 6.77, 5.41667],
			"rotation": {"angle": 0, "axis": "y", "origin": [10.66667, 6.41667, 4.83333]},
			"faces": {
				"north": {"uv": [3, 9, 5, 11], "texture": "#4"},
				"east": {"uv": [3, 9, 5, 11], "texture": "#4"},
				"south": {"uv": [3, 9, 5, 11], "texture": "#4"},
				"west": {"uv": [3, 9, 5, 11], "texture": "#4"},
				"up": {"uv": [3, 9, 5, 11], "rotation": 180, "texture": "#4"},
				"down": {"uv": [3, 9, 5, 11], "rotation": 180, "texture": "#4"}
			}
		},
		{
			"from": [5.75, -0.05, 10.5],
			"to": [6.5, 0.7, 11.25],
			"rotation": {"angle": 0, "axis": "y", "origin": [16, 8, 15.25]},
			"faces": {
				"north": {"uv": [10, 10, 12, 12], "texture": "#4"},
				"east": {"uv": [10, 10, 12, 12], "texture": "#4"},
				"south": {"uv": [10, 10, 12, 12], "texture": "#4"},
				"west": {"uv": [10, 10, 12, 12], "texture": "#4"},
				"up": {"uv": [10, 10, 12, 12], "texture": "#4"},
				"down": {"uv": [10, 10, 12, 12], "texture": "#4"}
			}
		},
		{
			"from": [10.83333, 3.01, 9.5],
			"to": [11.58333, 3.76, 10.25],
			"rotation": {"angle": 0, "axis": "y", "origin": [11.16667, 3.41667, 10.58333]},
			"faces": {
				"north": {"uv": [10, 10, 12, 12], "texture": "#4"},
				"east": {"uv": [10, 10, 12, 12], "texture": "#4"},
				"south": {"uv": [10, 10, 12, 12], "texture": "#4"},
				"west": {"uv": [10, 10, 12, 12], "texture": "#4"},
				"up": {"uv": [10, 10, 12, 12], "rotation": 270, "texture": "#4"},
				"down": {"uv": [10, 10, 12, 12], "rotation": 90, "texture": "#4"}
			}
		},
		{
			"from": [9.58333, 6.01, 4.41667],
			"to": [10.33333, 6.76, 5.16667],
			"rotation": {"angle": 0, "axis": "y", "origin": [10.66667, 6.41667, 4.83333]},
			"faces": {
				"north": {"uv": [10, 10, 12, 12], "texture": "#4"},
				"east": {"uv": [10, 10, 12, 12], "texture": "#4"},
				"south": {"uv": [10, 10, 12, 12], "texture": "#4"},
				"west": {"uv": [10, 10, 12, 12], "texture": "#4"},
				"up": {"uv": [10, 10, 12, 12], "rotation": 180, "texture": "#4"},
				"down": {"uv": [10, 10, 12, 12], "rotation": 180, "texture": "#4"}
			}
		},
		{
			"from": [7.75, 2.5, 4.99],
			"to": [10.5, 6.75, 4.99],
			"rotation": {"angle": 0, "axis": "y", "origin": [14.5, 13.25, 15]},
			"faces": {
				"north": {"uv": [0, 0, 6, 9], "texture": "#5"},
				"east": {"uv": [6, 0, 7, 1], "texture": "#5"},
				"south": {"uv": [6, 0, 7, 1], "texture": "#5"},
				"west": {"uv": [6, 0, 7, 1], "texture": "#5"},
				"up": {"uv": [6, 0, 7, 1], "texture": "#5"},
				"down": {"uv": [6, 0, 7, 1], "texture": "#5"}
			}
		},
		{
			"from": [5, 0, 4.99],
			"to": [7.75, 3.25, 4.99],
			"rotation": {"angle": 0, "axis": "y", "origin": [12.25, 9.5, 15]},
			"faces": {
				"north": {"uv": [2, 5, 8, 13], "texture": "#5"},
				"east": {"uv": [6, 0, 7, 1], "texture": "#5"},
				"south": {"uv": [6, 0, 7, 1], "texture": "#5"},
				"west": {"uv": [6, 0, 7, 1], "texture": "#5"},
				"up": {"uv": [6, 0, 7, 1], "texture": "#5"},
				"down": {"uv": [6, 0, 7, 1], "texture": "#5"}
			}
		},
		{
			"from": [5, 2.25, 5],
			"to": [11, 3.75, 11],
			"rotation": {"angle": 0, "axis": "y", "origin": [15, 10.25, 15]},
			"faces": {
				"north": {"uv": [6, 6, 12, 8], "texture": "#7"},
				"east": {"uv": [6, 6, 12, 8], "texture": "#7"},
				"south": {"uv": [6, 6, 12, 8], "texture": "#7"},
				"west": {"uv": [6, 6, 12, 8], "texture": "#7"},
				"up": {"uv": [6, 6, 12, 8], "texture": "#7"},
				"down": {"uv": [6, 6, 12, 8], "texture": "#7"}
			}
		},
		{
			"from": [5, 5.25, 5],
			"to": [11, 6.75, 11],
			"rotation": {"angle": 0, "axis": "y", "origin": [15, 13.25, 15]},
			"faces": {
				"north": {"uv": [6, 6, 12, 8], "texture": "#7"},
				"east": {"uv": [6, 6, 12, 8], "texture": "#7"},
				"south": {"uv": [6, 6, 12, 8], "texture": "#7"},
				"west": {"uv": [6, 6, 12, 8], "texture": "#7"},
				"up": {"uv": [6, 6, 12, 8], "texture": "#7"},
				"down": {"uv": [6, 6, 12, 8], "texture": "#7"}
			}
		},
		{
			"from": [5.25, 1.5, 5.25],
			"to": [10.75, 2.25, 10.75],
			"rotation": {"angle": 0, "axis": "y", "origin": [15, 9.5, 15]},
			"faces": {
				"north": {"uv": [6, 6, 12, 8], "texture": "#7"},
				"east": {"uv": [6, 6, 12, 8], "texture": "#7"},
				"south": {"uv": [6, 6, 12, 8], "texture": "#7"},
				"west": {"uv": [6, 6, 12, 8], "texture": "#7"},
				"up": {"uv": [6, 6, 12, 8], "texture": "#7"},
				"down": {"uv": [6, 6, 12, 8], "texture": "#7"}
			}
		},
		{
			"from": [5.25, 3.75, 5.25],
			"to": [10.75, 5.25, 10.75],
			"rotation": {"angle": 0, "axis": "y", "origin": [15, 12, 15]},
			"faces": {
				"north": {"uv": [6, 6, 12, 8], "texture": "#7"},
				"east": {"uv": [6, 6, 12, 8], "texture": "#7"},
				"south": {"uv": [6, 6, 12, 8], "texture": "#7"},
				"west": {"uv": [6, 6, 12, 8], "texture": "#7"},
				"up": {"uv": [6, 6, 12, 8], "texture": "#7"},
				"down": {"uv": [6, 6, 12, 8], "texture": "#7"}
			}
		},
		{
			"from": [5.5, 6.75, 5.5],
			"to": [10.5, 7.25, 10.5],
			"rotation": {"angle": 0, "axis": "y", "origin": [15, 15, 15]},
			"faces": {
				"north": {"uv": [5, 6, 10, 7], "texture": "#7"},
				"east": {"uv": [5, 6, 10, 7], "texture": "#7"},
				"south": {"uv": [5, 6, 10, 7], "texture": "#7"},
				"west": {"uv": [5, 6, 10, 7], "texture": "#7"},
				"up": {"uv": [5, 6, 10, 7], "texture": "#7"},
				"down": {"uv": [5, 6, 10, 7], "texture": "#7"}
			}
		},
		{
			"from": [6, 7.25, 6],
			"to": [10, 7.75, 10],
			"rotation": {"angle": 0, "axis": "y", "origin": [15, 15, 15]},
			"faces": {
				"north": {"uv": [5, 6, 10, 7], "texture": "#7"},
				"east": {"uv": [5, 6, 10, 7], "texture": "#7"},
				"south": {"uv": [5, 6, 10, 7], "texture": "#7"},
				"west": {"uv": [5, 6, 10, 7], "texture": "#7"},
				"up": {"uv": [5, 6, 10, 7], "texture": "#7"},
				"down": {"uv": [5, 6, 10, 7], "texture": "#7"}
			}
		},
		{
			"from": [5.5, 7.76, 8.25],
			"to": [7.75, 8.26, 10.75],
			"rotation": {"angle": 0, "axis": "y", "origin": [15, 15, 17]},
			"faces": {
				"north": {"uv": [5, 6, 10, 7], "texture": "#2"},
				"east": {"uv": [5, 6, 10, 7], "texture": "#2"},
				"south": {"uv": [6, 8, 11, 9], "texture": "#2"},
				"west": {"uv": [5, 6, 10, 7], "texture": "#2"},
				"up": {"uv": [5, 2, 10, 7], "texture": "#2"},
				"down": {"uv": [5, 6, 10, 7], "texture": "#2"}
			}
		},
		{
			"from": [5.25, 7.26, 10.25],
			"to": [7.5, 8.01, 11.75],
			"rotation": {"angle": 0, "axis": "y", "origin": [15, 14.5, 18]},
			"faces": {
				"north": {"uv": [3, 8, 8, 11], "texture": "#2"},
				"east": {"uv": [8, 12, 13, 14], "texture": "#2"},
				"south": {"uv": [8, 9, 13, 11], "texture": "#2"},
				"west": {"uv": [3, 9, 8, 11], "texture": "#2"},
				"up": {"uv": [3, 8, 8, 11], "texture": "#2"},
				"down": {"uv": [3, 8, 8, 11], "texture": "#2"}
			}
		},
		{
			"from": [4.75, 6.76, 8.25],
			"to": [6.5, 7.76, 10.25],
			"rotation": {"angle": 0, "axis": "y", "origin": [15, 14, 16.5]},
			"faces": {
				"north": {"uv": [2, 3, 6, 6], "texture": "#2"},
				"east": {"uv": [8, 12, 13, 14], "texture": "#2"},
				"south": {"uv": [8, 9, 11, 11], "texture": "#2"},
				"west": {"uv": [6, 9, 11, 12], "texture": "#2"},
				"up": {"uv": [5, 11, 10, 14], "texture": "#2"},
				"down": {"uv": [3, 8, 8, 11], "texture": "#2"}
			}
		},
		{
			"from": [7, 7.75, 7],
			"to": [9, 8.5, 9],
			"rotation": {"angle": 0, "axis": "y", "origin": [15, 15.5, 15]},
			"faces": {
				"north": {"uv": [9, 5, 11, 6], "texture": "#7"},
				"east": {"uv": [9, 5, 11, 6], "texture": "#7"},
				"south": {"uv": [9, 5, 11, 6], "texture": "#7"},
				"west": {"uv": [9, 5, 11, 6], "texture": "#7"},
				"up": {"uv": [9, 5, 11, 6], "texture": "#7"},
				"down": {"uv": [9, 5, 11, 6], "texture": "#7"}
			}
		},
		{
			"from": [6.875, 8.5, 6.875],
			"to": [9.125, 10.25, 9.125],
			"rotation": {"angle": 0, "axis": "y", "origin": [15, 16.25, 15]},
			"faces": {
				"north": {"uv": [0, 15, 3, 16], "texture": "#7"},
				"east": {"uv": [0, 15, 3, 16], "texture": "#7"},
				"south": {"uv": [0, 15, 3, 16], "texture": "#7"},
				"west": {"uv": [0, 15, 3, 16], "texture": "#7"},
				"up": {"uv": [0, 12, 3, 15], "texture": "#7"},
				"down": {"uv": [0, 12, 3, 15], "texture": "#7"}
			}
		},
		{
			"from": [5.125, 4.25, 7],
			"to": [5.375, 5, 7.5],
			"rotation": {"angle": 45, "axis": "y", "origin": [6.6875, 4.72917, 7.25]},
			"faces": {
				"north": {"uv": [7, 1.5, 8, 3], "texture": "#8"},
				"east": {"uv": [7, 1.5, 8, 3], "texture": "#8"},
				"south": {"uv": [7, 1.5, 8, 3], "texture": "#8"},
				"west": {"uv": [7, 1.5, 8, 3], "texture": "#8"},
				"up": {"uv": [7, 1, 8, 1.5], "rotation": 270, "texture": "#8"},
				"down": {"uv": [7, 2.5, 8, 3], "rotation": 180, "texture": "#8"}
			}
		},
		{
			"from": [8.9375, 1.25, 6.6875],
			"to": [9.4375, 2, 6.9375],
			"rotation": {"angle": -45, "axis": "y", "origin": [9.1875, 1.72917, 8.25]},
			"faces": {
				"north": {"uv": [7, 1.5, 8, 3], "texture": "#8"},
				"east": {"uv": [7, 1.5, 8, 3], "texture": "#8"},
				"south": {"uv": [7, 1.5, 8, 3], "texture": "#8"},
				"west": {"uv": [7, 1.5, 8, 3], "texture": "#8"},
				"up": {"uv": [7, 1, 8, 1.5], "texture": "#8"},
				"down": {"uv": [7, 2.5, 8, 3], "rotation": 90, "texture": "#8"}
			}
		},
		{
			"from": [5.375, 4, 7],
			"to": [6.375, 5, 7.5],
			"rotation": {"angle": 45, "axis": "y", "origin": [6.6875, 4.72917, 7.25]},
			"faces": {
				"north": {"uv": [7.5, 1.5, 9.5, 3.5], "texture": "#8"},
				"east": {"uv": [7, 1.5, 8, 3], "texture": "#8"},
				"south": {"uv": [8, 1.5, 10, 3.5], "texture": "#8"},
				"west": {"uv": [7, 1.5, 8, 3.5], "texture": "#8"},
				"up": {"uv": [3.5, 1.5, 4.5, 3.5], "rotation": 270, "texture": "#8"},
				"down": {"uv": [8, 0, 9, 1], "rotation": 90, "texture": "#8"}
			}
		},
		{
			"from": [8.9375, 1, 6.9375],
			"to": [9.4375, 2, 7.9375],
			"rotation": {"angle": -45, "axis": "y", "origin": [9.1875, 1.72917, 8.25]},
			"faces": {
				"north": {"uv": [7, 1.5, 8, 3.5], "texture": "#8"},
				"east": {"uv": [7.5, 1.5, 9.5, 3.5], "texture": "#8"},
				"south": {"uv": [7, 1.5, 8, 3], "texture": "#8"},
				"west": {"uv": [8, 1.5, 10, 3.5], "texture": "#8"},
				"up": {"uv": [3.5, 1.5, 4.5, 3.5], "texture": "#8"},
				"down": {"uv": [8, 0, 9, 1], "texture": "#8"}
			}
		},
		{
			"from": [6.375, 4, 7],
			"to": [8.125, 5, 7.5],
			"rotation": {"angle": 45, "axis": "y", "origin": [6.6875, 4.72917, 7.25]},
			"faces": {
				"north": {"uv": [0, 3.5, 3.5, 5.5], "texture": "#8"},
				"east": {"uv": [8, 3.5, 9, 5.5], "texture": "#8"},
				"south": {"uv": [4.5, 3.5, 8, 5.5], "texture": "#8"},
				"west": {"uv": [7, 1.5, 8, 3.5], "texture": "#8"},
				"up": {"uv": [3.5, 1, 4.5, 4.5], "rotation": 270, "texture": "#8"},
				"down": {"uv": [4.5, 0, 5.5, 3.5], "rotation": 90, "texture": "#8"}
			}
		},
		{
			"from": [8.9375, 1, 7.9375],
			"to": [9.4375, 2, 9.6875],
			"rotation": {"angle": -45, "axis": "y", "origin": [9.1875, 1.72917, 8.25]},
			"faces": {
				"north": {"uv": [7, 1.5, 8, 3.5], "texture": "#8"},
				"east": {"uv": [0, 3.5, 3.5, 5.5], "texture": "#8"},
				"south": {"uv": [8, 3.5, 9, 5.5], "texture": "#8"},
				"west": {"uv": [4.5, 3.5, 8, 5.5], "texture": "#8"},
				"up": {"uv": [3.5, 1, 4.5, 4.5], "texture": "#8"},
				"down": {"uv": [4.5, 0, 5.5, 3.5], "texture": "#8"}
			}
		},
		{
			"from": [8.125, 4, 7.25],
			"to": [9.125, 5, 7.25],
			"rotation": {"angle": 45, "axis": "y", "origin": [6.6875, 4.72917, 7.25]},
			"faces": {
				"north": {"uv": [13, 3.5, 15, 5.5], "rotation": 180, "texture": "#8"},
				"east": {"uv": [13, 3.5, 15, 5.5], "rotation": 270, "texture": "#8"},
				"south": {"uv": [13, 3.5, 15, 5.5], "texture": "#8"},
				"west": {"uv": [13, 3.5, 15, 5.5], "rotation": 270, "texture": "#8"},
				"up": {"uv": [13, 3.5, 15, 5.5], "rotation": 90, "texture": "#8"},
				"down": {"uv": [13, 3.5, 15, 5.5], "rotation": 90, "texture": "#8"}
			}
		},
		{
			"from": [9.1875, 1, 9.6875],
			"to": [9.1875, 2, 10.6875],
			"rotation": {"angle": -45, "axis": "y", "origin": [9.1875, 1.72917, 8.25]},
			"faces": {
				"north": {"uv": [13, 3.5, 15, 5.5], "rotation": 270, "texture": "#8"},
				"east": {"uv": [13, 3.5, 15, 5.5], "rotation": 180, "texture": "#8"},
				"south": {"uv": [13, 3.5, 15, 5.5], "rotation": 270, "texture": "#8"},
				"west": {"uv": [13, 3.5, 15, 5.5], "texture": "#8"},
				"up": {"uv": [13, 3.5, 15, 5.5], "rotation": 180, "texture": "#8"},
				"down": {"uv": [13, 3.5, 15, 5.5], "texture": "#8"}
			}
		},
		{
			"from": [6.625, 5, 7.25],
			"to": [7.375, 5.25, 7.25],
			"rotation": {"angle": 45, "axis": "y", "origin": [6.6875, 4.72917, 7.25]},
			"faces": {
				"north": {"uv": [14.5, 0, 16, 0.5], "rotation": 180, "texture": "#8"},
				"east": {"uv": [14.5, 0, 16, 0.5], "rotation": 180, "texture": "#8"},
				"south": {"uv": [14.5, 0, 16, 0.5], "rotation": 180, "texture": "#8"},
				"west": {"uv": [14.5, 0, 16, 0.5], "rotation": 180, "texture": "#8"},
				"up": {"uv": [14.5, 0, 16, 0.5], "texture": "#8"},
				"down": {"uv": [14.5, 0, 16, 0.5], "texture": "#8"}
			}
		},
		{
			"from": [9.1875, 2, 8.1875],
			"to": [9.1875, 2.25, 8.9375],
			"rotation": {"angle": -45, "axis": "y", "origin": [9.1875, 1.72917, 8.25]},
			"faces": {
				"north": {"uv": [14.5, 0, 16, 0.5], "rotation": 180, "texture": "#8"},
				"east": {"uv": [14.5, 0, 16, 0.5], "rotation": 180, "texture": "#8"},
				"south": {"uv": [14.5, 0, 16, 0.5], "rotation": 180, "texture": "#8"},
				"west": {"uv": [14.5, 0, 16, 0.5], "rotation": 180, "texture": "#8"},
				"up": {"uv": [14.5, 0, 16, 0.5], "rotation": 90, "texture": "#8"},
				"down": {"uv": [14.5, 0, 16, 0.5], "rotation": 270, "texture": "#8"}
			}
		},
		{
			"from": [5.875, 5, 7.25],
			"to": [6.375, 5.25, 7.25],
			"rotation": {"angle": 45, "axis": "y", "origin": [6.6875, 4.72917, 7.25]},
			"faces": {
				"north": {"uv": [14.5, 0, 15.5, 0.5], "rotation": 180, "texture": "#8"},
				"east": {"uv": [14.5, 0, 15.5, 0.5], "rotation": 180, "texture": "#8"},
				"south": {"uv": [14.5, 0, 15.5, 0.5], "rotation": 180, "texture": "#8"},
				"west": {"uv": [14.5, 0, 15.5, 0.5], "rotation": 180, "texture": "#8"},
				"up": {"uv": [14.5, 0, 15.5, 0.5], "texture": "#8"},
				"down": {"uv": [14.5, 0, 15.5, 0.5], "texture": "#8"}
			}
		},
		{
			"from": [9.1875, 2, 7.4375],
			"to": [9.1875, 2.25, 7.9375],
			"rotation": {"angle": -45, "axis": "y", "origin": [9.1875, 1.72917, 8.25]},
			"faces": {
				"north": {"uv": [14.5, 0, 15.5, 0.5], "rotation": 180, "texture": "#8"},
				"east": {"uv": [14.5, 0, 15.5, 0.5], "rotation": 180, "texture": "#8"},
				"south": {"uv": [14.5, 0, 15.5, 0.5], "rotation": 180, "texture": "#8"},
				"west": {"uv": [14.5, 0, 15.5, 0.5], "rotation": 180, "texture": "#8"},
				"up": {"uv": [14.5, 0, 15.5, 0.5], "rotation": 90, "texture": "#8"},
				"down": {"uv": [14.5, 0, 15.5, 0.5], "rotation": 270, "texture": "#8"}
			}
		}
	],
	"display": {
		"thirdperson_righthand": {
			"translation": [0.25, -5, 1.25]
		},
		"thirdperson_lefthand": {
			"translation": [0.25, -5.5, 1]
		},
		"firstperson_righthand": {
			"translation": [0, 4, 0]
		},
		"firstperson_lefthand": {
			"translation": [0, 3.25, 0]
		},
		"ground": {
			"rotation": [90, 0, 0],
			"translation": [0, -3.5, 4]
		},
		"gui": {
			"rotation": [34, 34, -32],
			"translation": [2.5, 3.5, 0],
			"scale": [1.16, 1.16, 1.16]
		},
		"head": {
			"translation": [0, 8.25, 0],
			"scale": [2, 2, 2]
		},
		"fixed": {
			"rotation": [0, 90, 0],
			"translation": [0, 7.75, -5.75],
			"scale": [3, 3, 3]
		}
	}
}