{
	"credit": "Made with Blockbench",
	"textures": {
		"2": "bytilki/podzol_top",
		"3": "bytilki/moss_block",
		"4": "bytilki/stone",
		"5": "bytilki/vine",
		"9": "bytilki/blue_stained_glass",
		"particle": "bytilki/light_blue_stained_glass"
	},
	"elements": [
		{
			"from": [7, 0, 7],
			"to": [9, 3, 9],
			"rotation": {"angle": 0, "axis": "y", "origin": [15, 8, 15]},
			"faces": {
				"north": {"uv": [6, 5, 8, 8], "texture": "#9"},
				"east": {"uv": [6, 5, 8, 8], "texture": "#9"},
				"south": {"uv": [6, 5, 8, 8], "texture": "#9"},
				"west": {"uv": [6, 5, 8, 8], "texture": "#9"},
				"up": {"uv": [6, 5, 8, 8], "texture": "#9"},
				"down": {"uv": [6, 5, 8, 8], "texture": "#9"}
			}
		},
		{
			"from": [6.75, -0.25, 8.5],
			"to": [7.5, 0.5, 9.25],
			"rotation": {"angle": 0, "axis": "y", "origin": [15, 8, 15]},
			"faces": {
				"north": {"uv": [5, 5, 8, 8], "texture": "#4"},
				"east": {"uv": [5, 5, 8, 8], "texture": "#4"},
				"south": {"uv": [5, 5, 8, 8], "texture": "#4"},
				"west": {"uv": [5, 5, 8, 8], "texture": "#4"},
				"up": {"uv": [5, 5, 8, 8], "texture": "#4"},
				"down": {"uv": [5, 5, 8, 8], "texture": "#4"}
			}
		},
		{
			"from": [8.5, 0.25, 7.5],
			"to": [9.25, 1, 8.25],
			"rotation": {"angle": 0, "axis": "y", "origin": [16.75, 8.5, 14]},
			"faces": {
				"north": {"uv": [5, 5, 8, 8], "texture": "#4"},
				"east": {"uv": [5, 5, 8, 8], "texture": "#4"},
				"south": {"uv": [5, 5, 8, 8], "texture": "#4"},
				"west": {"uv": [5, 5, 8, 8], "texture": "#4"},
				"up": {"uv": [5, 5, 8, 8], "texture": "#4"},
				"down": {"uv": [5, 5, 8, 8], "texture": "#4"}
			}
		},
		{
			"from": [8.75, 1, 7.25],
			"to": [9.25, 1.5, 7.75],
			"rotation": {"angle": 0, "axis": "y", "origin": [16.75, 9.25, 13.5]},
			"faces": {
				"north": {"uv": [5, 7, 6, 8], "texture": "#4"},
				"east": {"uv": [5, 7, 6, 8], "texture": "#4"},
				"south": {"uv": [5, 7, 6, 8], "texture": "#4"},
				"west": {"uv": [5, 7, 6, 8], "texture": "#4"},
				"up": {"uv": [5, 7, 6, 8], "texture": "#4"},
				"down": {"uv": [5, 7, 6, 8], "texture": "#4"}
			}
		},
		{
			"from": [6.5, 0, 8],
			"to": [7, 0.5, 8.5],
			"rotation": {"angle": 0, "axis": "y", "origin": [15, 8.25, 14.25]},
			"faces": {
				"north": {"uv": [8, 8, 10, 10], "texture": "#2"},
				"east": {"uv": [8, 8, 10, 10], "texture": "#2"},
				"south": {"uv": [8, 8, 10, 10], "texture": "#2"},
				"west": {"uv": [8, 8, 10, 10], "texture": "#2"},
				"up": {"uv": [8, 8, 10, 10], "texture": "#2"},
				"down": {"uv": [8, 8, 10, 10], "texture": "#2"}
			}
		},
		{
			"from": [8.5, 2.5, 8.5],
			"to": [9.25, 3.25, 9.25],
			"rotation": {"angle": 0, "axis": "y", "origin": [16.75, 10.75, 15]},
			"faces": {
				"north": {"uv": [5, 5, 8, 8], "texture": "#3"},
				"east": {"uv": [5, 5, 8, 8], "texture": "#3"},
				"south": {"uv": [5, 5, 8, 8], "texture": "#3"},
				"west": {"uv": [5, 5, 8, 8], "texture": "#3"},
				"up": {"uv": [5, 5, 8, 8], "texture": "#3"},
				"down": {"uv": [5, 5, 8, 8], "texture": "#3"}
			}
		},
		{
			"from": [8, 2.25, 8.75],
			"to": [8.5, 2.75, 9.25],
			"rotation": {"angle": 0, "axis": "y", "origin": [16.25, 10.25, 15.25]},
			"faces": {
				"north": {"uv": [5, 5, 7, 7], "texture": "#3"},
				"east": {"uv": [5, 5, 7, 7], "texture": "#3"},
				"south": {"uv": [5, 5, 7, 7], "texture": "#3"},
				"west": {"uv": [5, 5, 7, 7], "texture": "#3"},
				"up": {"uv": [5, 5, 7, 7], "texture": "#3"},
				"down": {"uv": [5, 5, 7, 7], "texture": "#3"}
			}
		},
		{
			"from": [9, 2.25, 8.25],
			"to": [9.5, 2.75, 8.75],
			"rotation": {"angle": 0, "axis": "y", "origin": [17.25, 10.25, 14.75]},
			"faces": {
				"north": {"uv": [5, 5, 7, 7], "texture": "#2"},
				"east": {"uv": [5, 5, 7, 7], "texture": "#2"},
				"south": {"uv": [5, 5, 7, 7], "texture": "#2"},
				"west": {"uv": [5, 5, 7, 7], "texture": "#2"},
				"up": {"uv": [5, 5, 7, 7], "texture": "#2"},
				"down": {"uv": [5, 5, 7, 7], "texture": "#2"}
			}
		},
		{
			"from": [7.25, 0.25, 6.99],
			"to": [8.75, 3, 6.99],
			"rotation": {"angle": 0, "axis": "y", "origin": [14.75, 8, 15]},
			"faces": {
				"north": {"uv": [0, 0, 6, 16], "texture": "#5"},
				"east": {"uv": [6, 0, 7, 1], "texture": "#5"},
				"south": {"uv": [6, 0, 7, 1], "texture": "#5"},
				"west": {"uv": [6, 0, 7, 1], "texture": "#5"},
				"up": {"uv": [6, 0, 7, 1], "texture": "#5"},
				"down": {"uv": [6, 0, 7, 1], "texture": "#5"}
			}
		},
		{
			"from": [7.25, 3, 7.25],
			"to": [8.75, 3.5, 8.75],
			"rotation": {"angle": 0, "axis": "y", "origin": [15, 11, 15]},
			"faces": {
				"north": {"uv": [5, 3, 7, 4], "texture": "#9"},
				"east": {"uv": [5, 3, 7, 4], "texture": "#9"},
				"south": {"uv": [5, 3, 7, 4], "texture": "#9"},
				"west": {"uv": [5, 3, 7, 4], "texture": "#9"},
				"up": {"uv": [5, 3, 7, 4], "texture": "#9"},
				"down": {"uv": [5, 3, 7, 4], "texture": "#9"}
			}
		},
		{
			"from": [7.5, 3.5, 7.5],
			"to": [8.5, 4, 8.5],
			"rotation": {"angle": 0, "axis": "y", "origin": [15, 11.25, 15]},
			"faces": {
				"north": {"uv": [7, 4, 8, 5], "texture": "#9"},
				"east": {"uv": [7, 4, 8, 5], "texture": "#9"},
				"south": {"uv": [7, 4, 8, 5], "texture": "#9"},
				"west": {"uv": [7, 4, 8, 5], "texture": "#9"},
				"up": {"uv": [7, 4, 8, 5], "texture": "#9"},
				"down": {"uv": [7, 4, 8, 5], "texture": "#9"}
			}
		},
		{
			"from": [7.375, 4, 7.375],
			"to": [8.625, 4.25, 8.625],
			"rotation": {"angle": 0, "axis": "y", "origin": [15, 11.75, 15]},
			"faces": {
				"north": {"uv": [0, 15, 3, 16], "texture": "#9"},
				"east": {"uv": [0, 15, 3, 16], "texture": "#9"},
				"south": {"uv": [0, 15, 3, 16], "texture": "#9"},
				"west": {"uv": [0, 15, 3, 16], "texture": "#9"},
				"up": {"uv": [0, 12, 3, 15], "texture": "#9"},
				"down": {"uv": [0, 12, 3, 15], "texture": "#9"}
			}
		}
	],
	"display": {
		"thirdperson_righthand": {
			"translation": [0.25, 5.75, 1.25]
		},
		"thirdperson_lefthand": {
			"translation": [0.25, 5.25, 1]
		},
		"firstperson_righthand": {
			"translation": [0, 7, 0]
		},
		"firstperson_lefthand": {
			"translation": [0, 6.75, 0]
		},
		"ground": {
			"rotation": [90, 0, 0],
			"translation": [0, -3.75, 8.5],
			"scale": [1.32, 1.32, 1.32]
		},
		"gui": {
			"rotation": [34, 34, -32],
			"translation": [5.25, 9.75, 0],
			"scale": [1.78, 1.78, 1.78]
		},
		"head": {
			"translation": [0, 22.25, 0],
			"scale": [2, 2, 2]
		},
		"fixed": {
			"rotation": [0, 90, 0],
			"translation": [0, 19, -0.25],
			"scale": [3, 3, 3]
		}
	}
}