{"credit":"Made with Blockbench","textures":{"0":"block/black_concrete","1":"block/white_concrete","2":"alcotest/button","4":"alcotest/lcd","particle":"block/black_concrete"},"elements":[{"from":[5.29356,-1.39213,7.24074],"to":[9.29356,5.60787,9.24074],"rotation":{"angle":0,"axis":"y","origin":[16.29356,6.60787,15.24074]},"faces":{"north":{"uv":[0,0,4,7],"texture":"#0"},"east":{"uv":[0,0,2,7],"texture":"#0"},"south":{"uv":[0,0,4,7],"texture":"#0"},"west":{"uv":[0,0,2,7],"texture":"#0"}}},{"from":[7.10641,3.63966,7.24074],"to":[9.10641,6.63966,9.24074],"rotation":{"angle":-22.5,"axis":"z","origin":[7.10641,3.13966,8.24074]},"faces":{"north":{"uv":[0,0,2,3],"texture":"#0"},"east":{"uv":[0,0,2,3],"texture":"#0"},"south":{"uv":[0,0,2,3],"texture":"#0"}}},{"from":[8.0258,-2.74568,7.24074],"to":[9.0258,-1.74568,9.24074],"rotation":{"angle":45,"axis":"z","origin":[7.5258,-1.74568,8.24074]},"faces":{"north":{"uv":[0,0,1,1],"rotation":270,"texture":"#0"},"south":{"uv":[0,0,1,1],"rotation":90,"texture":"#0"},"down":{"uv":[0,0,2,1],"rotation":90,"texture":"#0"}}},{"from":[4.44001,11.25432,7.24074],"to":[5.44001,12.25432,9.24074],"rotation":{"angle":45,"axis":"z","origin":[3.94001,12.25432,8.24074]},"faces":{"north":{"uv":[0,0,1,1],"rotation":270,"texture":"#0"},"south":{"uv":[0,0,1,1],"rotation":90,"texture":"#0"},"up":{"uv":[0,0,2,1],"rotation":90,"texture":"#0"}}},{"from":[6.14712,-1.33147,7.24074],"to":[7.14712,-0.33147,9.24074],"rotation":{"angle":-45,"axis":"z","origin":[5.64712,-0.33147,8.24074]},"faces":{"north":{"uv":[0,0,1,1],"rotation":270,"texture":"#0"},"south":{"uv":[0,0,1,1],"rotation":90,"texture":"#0"},"down":{"uv":[0,0,2,1],"rotation":90,"texture":"#0"}}},{"from":[9.7329,12.66853,7.24074],"to":[10.7329,13.66853,9.24074],"rotation":{"angle":-45,"axis":"z","origin":[9.2329,13.66853,8.24074]},"faces":{"north":{"uv":[0,0,1,1],"rotation":270,"texture":"#0"},"south":{"uv":[0,0,1,1],"rotation":90,"texture":"#0"},"up":{"uv":[0,0,2,1],"rotation":90,"texture":"#0"}}},{"from":[5.63295,2.87429,7.24074],"to":[7.63295,5.87429,9.24074],"rotation":{"angle":22.5,"axis":"z","origin":[5.63295,2.37429,8.24074]},"faces":{"north":{"uv":[0,0,2,3],"texture":"#0"},"south":{"uv":[0,0,2,3],"texture":"#0"},"west":{"uv":[0,0,2,3],"texture":"#0"}}},{"from":[4.29356,11.60787,7.24074],"to":[10.29356,12.60787,8.24074],"rotation":{"angle":0,"axis":"y","origin":[16.29356,13.60787,15.24074]},"faces":{"north":{"uv":[0,0,6,1],"texture":"#0"},"east":{"uv":[0,0,1,1],"texture":"#0"},"west":{"uv":[0,0,1,1],"texture":"#0"}}},{"from":[10.29356,11.10787,7.74074],"to":[16.29356,12.10787,8.74074],"rotation":{"angle":45,"axis":"x","origin":[13.29356,11.60787,8.24074]},"faces":{"north":{"uv":[0,0,6,1],"texture":"#1"},"south":{"uv":[0,0,6,1],"texture":"#1"},"up":{"uv":[0,0,6,1],"texture":"#1"},"down":{"uv":[0,0,6,1],"texture":"#1"}}},{"from":[3.29356,11.10787,7.74074],"to":[4.29356,12.10787,8.74074],"rotation":{"angle":45,"axis":"x","origin":[1.29356,11.60787,8.24074]},"faces":{"north":{"uv":[0,0,1,1],"texture":"#1"},"south":{"uv":[0,0,1,1],"texture":"#1"},"west":{"uv":[0,0,1,1],"texture":"#1"},"up":{"uv":[0,0,1,1],"texture":"#1"},"down":{"uv":[0,0,1,1],"texture":"#1"}}},{"from":[15.54356,11.00787,7.64074],"to":[16.29356,12.20787,8.84074],"rotation":{"angle":45,"axis":"x","origin":[19.04356,11.60787,8.24074]},"faces":{"north":{"uv":[0,0,0.75,1.2],"texture":"#1"},"east":{"uv":[0,0,1.2,1.2],"texture":"#1"},"south":{"uv":[0,0,0.75,1.2],"texture":"#1"},"west":{"uv":[0,0,1.2,1.2],"texture":"#1"},"up":{"uv":[0,0,0.75,1.2],"texture":"#1"},"down":{"uv":[0,0,0.75,1.2],"texture":"#1"}}},{"from":[10.29356,11.00787,7.64074],"to":[10.54356,12.20787,8.84074],"rotation":{"angle":45,"axis":"x","origin":[13.29356,11.60787,8.24074]},"faces":{"north":{"uv":[0,0,0.25,1.2],"texture":"#1"},"east":{"uv":[0,0,1.2,1.2],"texture":"#1"},"south":{"uv":[0,0,0.25,1.2],"texture":"#1"},"west":{"uv":[0,0,1.2,1.2],"texture":"#1"},"up":{"uv":[0,0,0.25,1.2],"texture":"#1"},"down":{"uv":[0,0,0.25,1.2],"texture":"#1"}}},{"from":[4.04356,11.00787,7.64074],"to":[4.29356,12.20787,8.84074],"rotation":{"angle":45,"axis":"x","origin":[7.04356,11.60787,8.24074]},"faces":{"north":{"uv":[0,0,0.25,1.2],"texture":"#1"},"east":{"uv":[0,0,1.2,1.2],"texture":"#1"},"south":{"uv":[0,0,0.25,1.2],"texture":"#1"},"west":{"uv":[0,0,1.2,1.2],"texture":"#1"},"up":{"uv":[0,0,0.25,1.2],"texture":"#1"},"down":{"uv":[0,0,0.25,1.2],"texture":"#1"}}},{"from":[4.29356,5.60787,7.24074],"to":[10.29356,6.60787,8.24074],"rotation":{"angle":0,"axis":"y","origin":[16.29356,13.60787,15.24074]},"faces":{"north":{"uv":[0,0,6,1],"texture":"#0"},"east":{"uv":[0,0,1,1],"texture":"#0"},"west":{"uv":[0,0,1,1],"texture":"#0"}}},{"from":[6.29356,5.10787,7.14074],"to":[8.29356,6.35787,7.34074],"rotation":{"angle":0,"axis":"y","origin":[16.29356,13.35787,15.24074]},"faces":{"north":{"uv":[0,3,16,13],"texture":"#2"},"east":{"uv":[0,0,0.2,1],"texture":"#2"},"west":{"uv":[0,0,0.2,1],"texture":"#2"},"up":{"uv":[0,0,2,0.2],"texture":"#2"},"down":{"uv":[0,0,2,0.2],"texture":"#2"}}},{"from":[6.00067,-2.09923,7.24074],"to":[8.58646,-1.09923,9.24074],"rotation":{"angle":0,"axis":"y","origin":[18.00067,5.90077,15.24074]},"faces":{"north":{"uv":[0,0,6,1],"texture":"#0"},"south":{"uv":[0,0,6,1],"texture":"#0"},"down":{"uv":[0,0,6,1],"texture":"#0"}}},{"from":[5.00067,12.31498,7.24074],"to":[9.58646,13.31498,9.24074],"rotation":{"angle":0,"axis":"y","origin":[17.00067,20.31498,15.24074]},"faces":{"north":{"uv":[0,0,2.58579,1],"texture":"#0"},"south":{"uv":[0,0,2.58579,1],"texture":"#0"},"up":{"uv":[0,0,2.58579,2],"texture":"#0"}}},{"from":[4.29356,6.60787,7.24074],"to":[5.29356,11.60787,8.24074],"rotation":{"angle":0,"axis":"y","origin":[16.29356,14.60787,15.24074]},"faces":{"north":{"uv":[0,0,1,5],"texture":"#0"},"west":{"uv":[0,0,1,5],"texture":"#0"}}},{"from":[9.29356,6.60787,7.24074],"to":[10.29356,11.60787,8.24074],"rotation":{"angle":0,"axis":"y","origin":[21.29356,14.60787,15.24074]},"faces":{"north":{"uv":[0,0,1,5],"texture":"#0"},"east":{"uv":[0,0,1,5],"texture":"#0"}}},{"from":[9.04356,6.60787,7.24074],"to":[9.29356,11.60787,8.24074],"rotation":{"angle":0,"axis":"y","origin":[20.29356,14.60787,15.24074]},"faces":{"north":{"uv":[0,0,0.25,5],"texture":"#1"},"west":{"uv":[0,0,1,5],"texture":"#1"}}},{"from":[5.54356,6.85787,7.39074],"to":[9.04356,8.85787,8.24074],"rotation":{"angle":0,"axis":"y","origin":[20.04356,14.60787,15.24074]},"faces":{"north":{"uv":[0,0,3.5,2],"texture":"#0"},"up":{"uv":[0,0,3.5,0.85],"texture":"#0"}}},{"from":[5.54356,8.85787,7.39074],"to":[6.04356,10.85787,8.24074],"rotation":{"angle":0,"axis":"y","origin":[20.04356,16.10787,15.24074]},"faces":{"north":{"uv":[0,0,0.5,2],"texture":"#0"},"east":{"uv":[0,0,0.85,2],"texture":"#0"}}},{"from":[8.54356,8.85787,7.39074],"to":[9.04356,10.85787,8.24074],"rotation":{"angle":0,"axis":"y","origin":[23.04356,16.10787,15.24074]},"faces":{"north":{"uv":[0,0,0.5,2],"texture":"#0"},"west":{"uv":[0,0,0.85,2],"texture":"#0"}}},{"from":[6.04356,8.85787,7.64074],"to":[8.54356,10.85787,8.24074],"rotation":{"angle":0,"axis":"y","origin":[22.54356,16.10787,15.24074]},"faces":{"north":{"uv":[0,1,16,13],"texture":"#4"}}},{"from":[5.54356,10.85787,7.39074],"to":[9.04356,11.35787,8.24074],"rotation":{"angle":0,"axis":"y","origin":[20.04356,14.60787,15.24074]},"faces":{"north":{"uv":[0,0,3.5,0.5],"texture":"#0"},"down":{"uv":[0,0,3.5,0.85],"texture":"#0"}}},{"from":[5.29356,6.60787,7.24074],"to":[5.54356,11.60787,8.24074],"rotation":{"angle":0,"axis":"y","origin":[16.54356,14.60787,15.24074]},"faces":{"north":{"uv":[0,0,0.25,5],"texture":"#1"},"east":{"uv":[0,0,1,5],"texture":"#1"}}},{"from":[5.54356,6.60787,7.24074],"to":[9.04356,6.85787,8.24074],"rotation":{"angle":0,"axis":"y","origin":[16.54356,14.60787,15.24074]},"faces":{"north":{"uv":[0,0,3.5,0.25],"texture":"#1"},"up":{"uv":[0,0,3.5,1],"texture":"#1"}}},{"from":[5.54356,11.35787,7.24074],"to":[9.04356,11.60787,8.24074],"rotation":{"angle":0,"axis":"y","origin":[16.54356,19.35787,15.24074]},"faces":{"north":{"uv":[0,0,3.5,0.25],"texture":"#1"},"down":{"uv":[0,0,3.5,1],"texture":"#1"}}},{"from":[4.29356,5.60787,8.24074],"to":[10.29356,12.60787,9.24074],"rotation":{"angle":0,"axis":"y","origin":[16.29356,13.60787,15.24074]},"faces":{"east":{"uv":[0,0,1,7],"texture":"#0"},"south":{"uv":[0,0,6,7],"texture":"#0"},"west":{"uv":[0,0,1,7],"texture":"#0"}}}],"display":{"thirdperson_righthand":{"rotation":[0,90,0],"translation":[0,3.75,0],"scale":[0.6,0.6,0.6]},"thirdperson_lefthand":{"rotation":[0,90,0],"translation":[0,3.75,0],"scale":[0.6,0.6,0.6]},"firstperson_righthand":{"rotation":[0,90,0],"translation":[1,3.75,1.25],"scale":[0.6,0.6,0.6]},"firstperson_lefthand":{"rotation":[0,90,0],"translation":[1,3.75,1.25],"scale":[0.6,0.6,0.6]},"ground":{"rotation":[0,0,-52.75],"translation":[0,0.5,0],"scale":[0.6,0.6,0.6]},"gui":{"rotation":[38,37.25,0],"translation":[0.75,0.5,0],"scale":[-0.93555,0.93555,-0.93555]},"head":{"rotation":[0,90,0],"translation":[1,-7.25,-10],"scale":[-0.7,0.7,0.7]},"fixed":{"translation":[0.75,2.25,0]}}}