{
	"credit": "Made with Blockbench",
	"texture_size": [32, 32],
	"textures": {
		"0": "crown/crown",
		"particle": "crown/crown"
	},
	"elements": [
		{
			"from": [4.54995, 4.47222, 0.58619],
			"to": [11.54995, 7.47222, 1.58619],
			"rotation": {"angle": 0, "axis": "y", "origin": [17.54995, 12.47222, 8.58619]},
			"faces": {
				"north": {"uv": [0, 9.5, 3.5, 11], "texture": "#0"},
				"east": {"uv": [0, 15.5, 0.5, 16], "texture": "#0"},
				"south": {"uv": [1.5, 6, 5, 7.5], "texture": "#0"},
				"west": {"uv": [0, 15.5, 0.5, 16], "texture": "#0"},
				"up": {"uv": [0, 15.5, 0.5, 16], "texture": "#0"},
				"down": {"uv": [0, 15.5, 0.5, 16], "texture": "#0"}
			}
		},
		{
			"from": [-1.07137, 4.47222, 2.91462],
			"to": [5.92863, 7.47222, 3.91462],
			"rotation": {"angle": 45, "axis": "y", "origin": [2.42863, 5.97222, 3.41462]},
			"faces": {
				"north": {"uv": [0, 9.5, 3.5, 11], "texture": "#0"},
				"east": {"uv": [0, 15.5, 0.5, 16], "rotation": 270, "texture": "#0"},
				"south": {"uv": [1.5, 6, 5, 7.5], "texture": "#0"},
				"west": {"uv": [0, 15.5, 0.5, 16], "rotation": 270, "texture": "#0"},
				"up": {"uv": [0, 15.5, 0.5, 16], "rotation": 270, "texture": "#0"},
				"down": {"uv": [0, 15.5, 0.5, 16], "rotation": 270, "texture": "#0"}
			}
		},
		{
			"from": [15.49969, 4.47222, 5.53594],
			"to": [16.49969, 7.47222, 12.53594],
			"rotation": {"angle": 0, "axis": "y", "origin": [15.99969, 5.97222, 9.03594]},
			"faces": {
				"north": {"uv": [0, 15.5, 0.5, 16], "rotation": 270, "texture": "#0"},
				"east": {"uv": [0, 9.5, 3.5, 11], "texture": "#0"},
				"south": {"uv": [0, 15.5, 0.5, 16], "rotation": 270, "texture": "#0"},
				"west": {"uv": [1.5, 6, 5, 7.5], "texture": "#0"},
				"up": {"uv": [0, 15.5, 0.5, 16], "rotation": 270, "texture": "#0"},
				"down": {"uv": [0, 15.5, 0.5, 16], "rotation": 270, "texture": "#0"}
			}
		},
		{
			"from": [9.07364, 4.47222, 18.35946],
			"to": [16.07364, 7.47222, 19.35946],
			"rotation": {"angle": 45, "axis": "y", "origin": [8.04995, 5.97222, 15.4334]},
			"faces": {
				"north": {"uv": [1.5, 6, 5, 7.5], "texture": "#0"},
				"east": {"uv": [0, 15.5, 0.5, 16], "rotation": 270, "texture": "#0"},
				"south": {"uv": [0, 9.5, 3.5, 11], "texture": "#0"},
				"west": {"uv": [0, 15.5, 0.5, 16], "rotation": 270, "texture": "#0"},
				"up": {"uv": [0, 15.5, 0.5, 16], "rotation": 270, "texture": "#0"},
				"down": {"uv": [0, 15.5, 0.5, 16], "rotation": 270, "texture": "#0"}
			}
		},
		{
			"from": [4.54995, 4.47222, 16.48569],
			"to": [11.54995, 7.47222, 17.48569],
			"rotation": {"angle": 0, "axis": "y", "origin": [8.04995, 5.97222, 15.4334]},
			"faces": {
				"north": {"uv": [1.5, 6, 5, 7.5], "texture": "#0"},
				"east": {"uv": [0, 15.5, 0.5, 16], "rotation": 270, "texture": "#0"},
				"south": {"uv": [0, 9.5, 3.5, 11], "texture": "#0"},
				"west": {"uv": [0, 15.5, 0.5, 16], "rotation": 270, "texture": "#0"},
				"up": {"uv": [0, 15.5, 0.5, 16], "rotation": 270, "texture": "#0"},
				"down": {"uv": [0, 15.5, 0.5, 16], "rotation": 270, "texture": "#0"}
			}
		},
		{
			"from": [15.36653, 4.47222, -3.83293],
			"to": [16.36653, 7.47222, 3.16707],
			"rotation": {"angle": 45, "axis": "y", "origin": [19.29259, 5.97222, 4.19076]},
			"faces": {
				"north": {"uv": [0, 15.5, 0.5, 16], "rotation": 270, "texture": "#0"},
				"east": {"uv": [0, 9.5, 3.5, 11], "texture": "#0"},
				"south": {"uv": [0, 15.5, 0.5, 16], "rotation": 270, "texture": "#0"},
				"west": {"uv": [1.5, 6, 5, 7.5], "texture": "#0"},
				"up": {"uv": [0, 15.5, 0.5, 16], "rotation": 270, "texture": "#0"},
				"down": {"uv": [0, 15.5, 0.5, 16], "rotation": 270, "texture": "#0"}
			}
		},
		{
			"from": [-0.3998, 4.47222, 5.53594],
			"to": [0.6002, 7.47222, 12.53594],
			"rotation": {"angle": 0, "axis": "y", "origin": [0.1002, 5.97222, 9.03594]},
			"faces": {
				"north": {"uv": [0, 15.5, 0.5, 16], "rotation": 270, "texture": "#0"},
				"east": {"uv": [1.5, 6, 5, 7.5], "texture": "#0"},
				"south": {"uv": [0, 15.5, 0.5, 16], "rotation": 270, "texture": "#0"},
				"west": {"uv": [0, 9.5, 3.5, 11], "texture": "#0"},
				"up": {"uv": [0, 15.5, 0.5, 16], "rotation": 270, "texture": "#0"},
				"down": {"uv": [0, 15.5, 0.5, 16], "rotation": 270, "texture": "#0"}
			}
		},
		{
			"from": [4.12389, 4.47222, 7.40971],
			"to": [5.12389, 7.47222, 14.40971],
			"rotation": {"angle": 45, "axis": "y", "origin": [8.04995, 5.97222, 15.4334]},
			"faces": {
				"north": {"uv": [0, 15.5, 0.5, 16], "rotation": 270, "texture": "#0"},
				"east": {"uv": [1.5, 6, 5, 7.5], "texture": "#0"},
				"south": {"uv": [0, 15.5, 0.5, 16], "rotation": 270, "texture": "#0"},
				"west": {"uv": [0, 9.5, 3.5, 11], "texture": "#0"},
				"up": {"uv": [0, 15.5, 0.5, 16], "rotation": 270, "texture": "#0"},
				"down": {"uv": [0, 15.5, 0.5, 16], "rotation": 270, "texture": "#0"}
			}
		},
		{
			"from": [4.47995, 5.4822, 0.4172],
			"to": [11.61995, 7.4822, 1.4372],
			"rotation": {"angle": 0, "axis": "y", "origin": [17.73995, 12.47222, 8.5772]},
			"faces": {
				"north": {"uv": [12.5, 15, 16, 16], "texture": "#0"},
				"east": {"uv": [12.5, 15, 16, 16], "texture": "#0"},
				"south": {"uv": [12.5, 15, 16, 16], "texture": "#0"},
				"west": {"uv": [12.5, 15, 16, 16], "texture": "#0"},
				"up": {"uv": [12.5, 15, 16, 16], "texture": "#0"},
				"down": {"uv": [12.5, 15, 16, 16], "texture": "#0"}
			}
		},
		{
			"from": [-1.2538, 5.47222, 2.79219],
			"to": [5.8862, 7.46222, 3.81219],
			"rotation": {"angle": 45, "axis": "y", "origin": [2.3162, 5.97222, 3.30219]},
			"faces": {
				"north": {"uv": [12.5, 14, 16, 15], "texture": "#0"},
				"east": {"uv": [12.5, 14, 16, 15], "texture": "#0"},
				"south": {"uv": [12.5, 14, 16, 15], "texture": "#0"},
				"west": {"uv": [12.5, 14, 16, 15], "texture": "#0"},
				"up": {"uv": [12.5, 14, 16, 15], "texture": "#0"},
				"down": {"uv": [12.5, 14, 16, 15], "texture": "#0"}
			}
		},
		{
			"from": [15.64869, 5.4822, 5.46594],
			"to": [16.66869, 7.4822, 12.60594],
			"rotation": {"angle": 0, "axis": "y", "origin": [16.15869, 5.97222, 9.03594]},
			"faces": {
				"north": {"uv": [12.5, 15, 16, 16], "texture": "#0"},
				"east": {"uv": [12.5, 15, 16, 16], "texture": "#0"},
				"south": {"uv": [12.5, 15, 16, 16], "texture": "#0"},
				"west": {"uv": [12.5, 15, 16, 16], "texture": "#0"},
				"up": {"uv": [12.5, 15, 16, 16], "texture": "#0"},
				"down": {"uv": [12.5, 15, 16, 16], "texture": "#0"}
			}
		},
		{
			"from": [9.09411, 5.47222, 18.54593],
			"to": [16.23411, 7.46222, 19.56593],
			"rotation": {"angle": 45, "axis": "y", "origin": [8.04995, 5.97222, 15.56135]},
			"faces": {
				"north": {"uv": [12.5, 14, 16, 15], "texture": "#0"},
				"east": {"uv": [12.5, 14, 16, 15], "texture": "#0"},
				"south": {"uv": [12.5, 14, 16, 15], "texture": "#0"},
				"west": {"uv": [12.5, 14, 16, 15], "texture": "#0"},
				"up": {"uv": [12.5, 14, 16, 15], "texture": "#0"},
				"down": {"uv": [12.5, 14, 16, 15], "texture": "#0"}
			}
		},
		{
			"from": [4.47995, 5.47222, 16.63468],
			"to": [11.61995, 7.48222, 17.65468],
			"rotation": {"angle": 0, "axis": "y", "origin": [8.04995, 5.97222, 15.56135]},
			"faces": {
				"north": {"uv": [12.5, 15, 16, 16], "texture": "#0"},
				"east": {"uv": [12.5, 15, 16, 16], "texture": "#0"},
				"south": {"uv": [12.5, 15, 16, 16], "texture": "#0"},
				"west": {"uv": [12.5, 15, 16, 16], "texture": "#0"},
				"up": {"uv": [12.5, 15, 16, 16], "texture": "#0"},
				"down": {"uv": [12.5, 15, 16, 16], "texture": "#0"}
			}
		},
		{
			"from": [15.51286, 5.47222, -4.09031],
			"to": [16.53286, 7.46222, 3.04969],
			"rotation": {"angle": 45, "axis": "y", "origin": [19.51744, 5.97222, 4.09386]},
			"faces": {
				"north": {"uv": [0, 0, 3.5, 1], "texture": "#0"},
				"east": {"uv": [12.5, 14, 16, 15.5], "texture": "#0"},
				"south": {"uv": [0, 0, 3.5, 1], "texture": "#0"},
				"west": {"uv": [0, 0, 3.5, 1], "texture": "#0"},
				"up": {"uv": [0, 0, 3.5, 1], "texture": "#0"},
				"down": {"uv": [0, 0, 3.5, 1], "texture": "#0"}
			}
		},
		{
			"from": [-0.5688, 5.47222, 5.46594],
			"to": [0.4512, 7.47222, 12.60594],
			"rotation": {"angle": 0, "axis": "y", "origin": [-0.0588, 5.97222, 9.03594]},
			"faces": {
				"north": {"uv": [0, 15.5, 0.5, 16], "rotation": 270, "texture": "#0"},
				"east": {"uv": [12.5, 15, 16, 16], "texture": "#0"},
				"south": {"uv": [0, 15.5, 0.5, 16], "rotation": 270, "texture": "#0"},
				"west": {"uv": [12.5, 15, 16, 16], "texture": "#0"},
				"up": {"uv": [0, 15.5, 0.5, 16], "rotation": 270, "texture": "#0"},
				"down": {"uv": [0, 15.5, 0.5, 16], "rotation": 270, "texture": "#0"}
			}
		},
		{
			"from": [4.04537, 5.47222, 7.37719],
			"to": [5.06537, 7.46222, 14.51719],
			"rotation": {"angle": 45, "axis": "y", "origin": [8.04995, 5.97222, 15.56135]},
			"faces": {
				"north": {"uv": [12.5, 14, 16, 15], "texture": "#0"},
				"east": {"uv": [12.5, 14, 16, 15], "texture": "#0"},
				"south": {"uv": [12.5, 14, 16, 15], "texture": "#0"},
				"west": {"uv": [12.5, 14, 16, 15], "texture": "#0"},
				"up": {"uv": [12.5, 14, 16, 15], "texture": "#0"},
				"down": {"uv": [12.5, 14, 16, 15], "texture": "#0"}
			}
		},
		{
			"from": [5.54995, 7.47222, 0.58619],
			"to": [10.54995, 8.47222, 1.58619],
			"rotation": {"angle": 0, "axis": "y", "origin": [17.54995, 15.47222, 8.58619]},
			"faces": {
				"north": {"uv": [2, 5.5, 4.5, 6], "texture": "#0"},
				"east": {"uv": [2, 5.5, 4.5, 6], "texture": "#0"},
				"south": {"uv": [2, 5.5, 4.5, 6], "texture": "#0"},
				"west": {"uv": [2, 5.5, 4.5, 6], "texture": "#0"},
				"up": {"uv": [2, 5.5, 4.5, 6], "texture": "#0"},
				"down": {"uv": [2, 5.5, 4.5, 6], "texture": "#0"}
			}
		},
		{
			"from": [5.54995, 8.47222, 0.58619],
			"to": [6.54995, 9.47222, 1.58619],
			"rotation": {"angle": 0, "axis": "y", "origin": [17.54995, 16.47222, 8.58619]},
			"faces": {
				"north": {"uv": [0, 0, 0.5, 0.5], "texture": "#0"},
				"east": {"uv": [0, 0, 0.5, 0.5], "texture": "#0"},
				"south": {"uv": [0, 0, 0.5, 0.5], "texture": "#0"},
				"west": {"uv": [0, 0, 0.5, 0.5], "texture": "#0"},
				"up": {"uv": [0, 0, 0.5, 0.5], "texture": "#0"},
				"down": {"uv": [0, 0, 0.5, 0.5], "texture": "#0"}
			}
		},
		{
			"from": [9.54995, 8.47222, 0.58619],
			"to": [10.54995, 9.47222, 1.58619],
			"rotation": {"angle": 0, "axis": "y", "origin": [21.54995, 16.47222, 8.58619]},
			"faces": {
				"north": {"uv": [0, 0, 0.5, 0.5], "texture": "#0"},
				"east": {"uv": [0, 0, 0.5, 0.5], "texture": "#0"},
				"south": {"uv": [0, 0, 0.5, 0.5], "texture": "#0"},
				"west": {"uv": [0, 0, 0.5, 0.5], "texture": "#0"},
				"up": {"uv": [0, 0, 0.5, 0.5], "texture": "#0"},
				"down": {"uv": [0, 0, 0.5, 0.5], "texture": "#0"}
			}
		},
		{
			"from": [7.54995, 8.47222, 0.58619],
			"to": [8.54995, 15.47222, 1.58619],
			"rotation": {"angle": 0, "axis": "y", "origin": [17.54995, 16.47222, 8.58619]},
			"faces": {
				"north": {"uv": [15, 0, 15.5, 3.5], "texture": "#0"},
				"east": {"uv": [0, 15.5, 0.5, 16], "texture": "#0"},
				"south": {"uv": [3.5, 2, 4, 5.5], "texture": "#0"},
				"west": {"uv": [0, 15.5, 0.5, 16], "texture": "#0"},
				"up": {"uv": [0, 15.5, 0.5, 16], "texture": "#0"},
				"down": {"uv": [0, 15.5, 0.5, 16], "texture": "#0"}
			}
		},
		{
			"from": [6.54995, 13.47222, 0.5762],
			"to": [9.54995, 14.47222, 1.5762],
			"rotation": {"angle": 0, "axis": "y", "origin": [17.54995, 18.47222, 8.58619]},
			"faces": {
				"north": {"uv": [14.5, 0.5, 16, 1], "texture": "#0"},
				"east": {"uv": [14.5, 0.5, 16, 1], "texture": "#0"},
				"south": {"uv": [14.5, 0.5, 16, 1], "texture": "#0"},
				"west": {"uv": [14.5, 0.5, 16, 1], "texture": "#0"},
				"up": {"uv": [14.5, 0.5, 16, 1], "texture": "#0"},
				"down": {"uv": [14.5, 0.5, 16, 1], "texture": "#0"}
			}
		},
		{
			"from": [0.92863, 7.47222, 2.91462],
			"to": [3.92863, 8.47222, 3.91462],
			"rotation": {"angle": 45, "axis": "y", "origin": [2.42863, 8.97222, 3.41462]},
			"faces": {
				"north": {"uv": [13, 1.5, 14.5, 2], "texture": "#0"},
				"east": {"uv": [13, 1.5, 14.5, 2], "texture": "#0"},
				"south": {"uv": [13, 1.5, 14.5, 2], "texture": "#0"},
				"west": {"uv": [13, 1.5, 14.5, 2], "texture": "#0"},
				"up": {"uv": [13, 1.5, 14.5, 2], "texture": "#0"},
				"down": {"uv": [13, 1.5, 14.5, 2], "texture": "#0"}
			}
		},
		{
			"from": [-1.07137, 7.47222, 3.41462],
			"to": [5.92863, 14.47222, 3.41462],
			"rotation": {"angle": 45, "axis": "y", "origin": [2.42863, 8.97222, 3.41462]},
			"faces": {
				"north": {"uv": [6, 12.5, 9.5, 16], "texture": "#0"},
				"east": {"uv": [6, 12.5, 9.5, 14], "texture": "#0"},
				"south": {"uv": [6, 12.5, 9.5, 16], "texture": "#0"},
				"west": {"uv": [6, 11.5, 8.5, 13.5], "texture": "#0"},
				"up": {"uv": [6, 12, 9, 14], "texture": "#0"},
				"down": {"uv": [6.5, 12, 9, 13.5], "texture": "#0"}
			}
		},
		{
			"from": [0.11098, 7.47222, 5.49009],
			"to": [0.11098, 14.47222, 12.49009],
			"rotation": {"angle": 0, "axis": "y", "origin": [8, 10.97222, 9]},
			"faces": {
				"north": {"uv": [6, 12.5, 9.5, 16], "texture": "#0"},
				"east": {"uv": [6, 12.5, 9.5, 16], "texture": "#0"},
				"south": {"uv": [6, 12.5, 9.5, 16], "texture": "#0"},
				"west": {"uv": [6, 12.5, 9.5, 16], "texture": "#0"},
				"up": {"uv": [6, 12.5, 9.5, 16], "texture": "#0"},
				"down": {"uv": [6, 12.5, 9.5, 16], "texture": "#0"}
			}
		},
		{
			"from": [-1.07137, 7.47222, 14.58538],
			"to": [5.92863, 14.47222, 14.58538],
			"rotation": {"angle": -45, "axis": "y", "origin": [2.42863, 8.97222, 14.58538]},
			"faces": {
				"north": {"uv": [6, 12.5, 9.5, 16], "texture": "#0"},
				"east": {"uv": [6, 12.5, 9.5, 14], "texture": "#0"},
				"south": {"uv": [6, 12.5, 9.5, 16], "texture": "#0"},
				"west": {"uv": [6, 11.5, 8.5, 13.5], "texture": "#0"},
				"up": {"uv": [6, 12, 9, 14], "texture": "#0"},
				"down": {"uv": [6.5, 12, 9, 13.5], "texture": "#0"}
			}
		},
		{
			"from": [4.50991, 7.47222, 16.88902],
			"to": [11.50991, 14.47222, 16.88902],
			"rotation": {"angle": 0, "axis": "y", "origin": [8, 10.97222, 9]},
			"faces": {
				"north": {"uv": [6, 12.5, 9.5, 16], "texture": "#0"},
				"east": {"uv": [6, 12.5, 9.5, 16], "texture": "#0"},
				"south": {"uv": [6, 12.5, 9.5, 16], "texture": "#0"},
				"west": {"uv": [6, 12.5, 9.5, 16], "texture": "#0"},
				"up": {"uv": [6, 12.5, 9.5, 16], "texture": "#0"},
				"down": {"uv": [6, 12.5, 9.5, 16], "texture": "#0"}
			}
		},
		{
			"from": [10.07137, 7.47222, 3.41462],
			"to": [17.07137, 14.47222, 3.41462],
			"rotation": {"angle": -45, "axis": "y", "origin": [13.57137, 8.97222, 3.41462]},
			"faces": {
				"north": {"uv": [6, 12.5, 9.5, 16], "texture": "#0"},
				"east": {"uv": [6, 12.5, 9.5, 14], "texture": "#0"},
				"south": {"uv": [6, 12.5, 9.5, 16], "texture": "#0"},
				"west": {"uv": [6, 11.5, 8.5, 13.5], "texture": "#0"},
				"up": {"uv": [6, 12, 9, 14], "texture": "#0"},
				"down": {"uv": [6.5, 12, 9, 13.5], "texture": "#0"}
			}
		},
		{
			"from": [4.49009, 7.47222, 1.11098],
			"to": [11.49009, 14.47222, 1.11098],
			"rotation": {"angle": 0, "axis": "y", "origin": [8, 10.97222, 9]},
			"faces": {
				"north": {"uv": [0, 12.5, 3.5, 16], "texture": "#0"},
				"east": {"uv": [0, 12.5, 3.5, 16], "texture": "#0"},
				"south": {"uv": [0, 12.5, 3.5, 16], "texture": "#0"},
				"west": {"uv": [5.5, 11.5, 7.5, 13], "texture": "#0"},
				"up": {"uv": [0, 12.5, 3.5, 16], "texture": "#0"},
				"down": {"uv": [0, 12.5, 3.5, 16], "texture": "#0"}
			}
		},
		{
			"from": [10.07137, 7.47222, 14.58538],
			"to": [17.07137, 14.47222, 14.58538],
			"rotation": {"angle": 45, "axis": "y", "origin": [13.57137, 8.97222, 14.58538]},
			"faces": {
				"north": {"uv": [6, 12.5, 9.5, 16], "texture": "#0"},
				"east": {"uv": [6, 12.5, 9.5, 14], "texture": "#0"},
				"south": {"uv": [6, 12.5, 9.5, 16], "texture": "#0"},
				"west": {"uv": [6, 11.5, 8.5, 13.5], "texture": "#0"},
				"up": {"uv": [6, 12, 9, 14], "texture": "#0"},
				"down": {"uv": [6.5, 12, 9, 13.5], "texture": "#0"}
			}
		},
		{
			"from": [15.88902, 7.47222, 5.50991],
			"to": [15.88902, 14.47222, 12.50991],
			"rotation": {"angle": 0, "axis": "y", "origin": [8, 10.97222, 9]},
			"faces": {
				"north": {"uv": [6, 11, 9.5, 14.5], "texture": "#0"},
				"east": {"uv": [6, 12.5, 9.5, 16], "texture": "#0"},
				"south": {"uv": [6, 11, 9.5, 14.5], "texture": "#0"},
				"west": {"uv": [6, 12.5, 9.5, 16], "texture": "#0"},
				"up": {"uv": [6, 11, 9.5, 14.5], "texture": "#0"},
				"down": {"uv": [6, 11, 9.5, 14.5], "texture": "#0"}
			}
		},
		{
			"from": [-0.3998, 7.47222, 7.53594],
			"to": [0.6002, 8.47222, 10.53594],
			"rotation": {"angle": 0, "axis": "y", "origin": [0.1002, 8.97222, 9.03594]},
			"faces": {
				"north": {"uv": [13, 1.5, 14.5, 2], "texture": "#0"},
				"east": {"uv": [13, 1.5, 14.5, 2], "texture": "#0"},
				"south": {"uv": [13, 1.5, 14.5, 2], "texture": "#0"},
				"west": {"uv": [13, 1.5, 14.5, 2], "texture": "#0"},
				"up": {"uv": [13, 1.5, 14.5, 2], "texture": "#0"},
				"down": {"uv": [13, 1.5, 14.5, 2], "texture": "#0"}
			}
		},
		{
			"from": [0.51441, 7.47222, 13.74305],
			"to": [1.51441, 8.47222, 16.74305],
			"rotation": {"angle": 45, "axis": "y", "origin": [1.01441, 8.97222, 13.24305]},
			"faces": {
				"north": {"uv": [13, 1.5, 14.5, 2], "texture": "#0"},
				"east": {"uv": [13, 1.5, 14.5, 2], "texture": "#0"},
				"south": {"uv": [13, 1.5, 14.5, 2], "texture": "#0"},
				"west": {"uv": [13, 1.5, 14.5, 2], "texture": "#0"},
				"up": {"uv": [13, 1.5, 14.5, 2], "texture": "#0"},
				"down": {"uv": [13, 1.5, 14.5, 2], "texture": "#0"}
			}
		},
		{
			"from": [6.54995, 7.47222, 16.48569],
			"to": [9.54995, 8.47222, 17.48569],
			"rotation": {"angle": 0, "axis": "y", "origin": [10.04995, 8.97222, 16.98569]},
			"faces": {
				"north": {"uv": [2.5, 5.5, 4, 6], "texture": "#0"},
				"east": {"uv": [0, 15.5, 0.5, 16], "rotation": 270, "texture": "#0"},
				"south": {"uv": [13, 1.5, 14.5, 2], "texture": "#0"},
				"west": {"uv": [0, 15.5, 0.5, 16], "rotation": 270, "texture": "#0"},
				"up": {"uv": [0, 15.5, 0.5, 16], "rotation": 270, "texture": "#0"},
				"down": {"uv": [0, 15.5, 0.5, 16], "rotation": 270, "texture": "#0"}
			}
		},
		{
			"from": [11.75705, 7.47222, 12.57147],
			"to": [12.75705, 8.47222, 15.57147],
			"rotation": {"angle": -45, "axis": "y", "origin": [12.25705, 8.97222, 16.07147]},
			"faces": {
				"north": {"uv": [13, 1.5, 14.5, 2], "texture": "#0"},
				"east": {"uv": [13, 1.5, 14.5, 2], "texture": "#0"},
				"south": {"uv": [13, 1.5, 14.5, 2], "texture": "#0"},
				"west": {"uv": [13, 1.5, 14.5, 2], "texture": "#0"},
				"up": {"uv": [13, 1.5, 14.5, 2], "texture": "#0"},
				"down": {"uv": [13, 1.5, 14.5, 2], "texture": "#0"}
			}
		},
		{
			"from": [15.49969, 7.47222, 7.53594],
			"to": [16.49969, 8.47222, 10.53594],
			"rotation": {"angle": 0, "axis": "y", "origin": [15.99969, 8.97222, 13.03594]},
			"faces": {
				"north": {"uv": [2.5, 5.5, 4, 6], "texture": "#0"},
				"east": {"uv": [2.5, 5.5, 4, 6], "texture": "#0"},
				"south": {"uv": [2.5, 5.5, 4, 6], "texture": "#0"},
				"west": {"uv": [2.5, 5.5, 4, 6], "texture": "#0"},
				"up": {"uv": [2.5, 5.5, 4, 6], "texture": "#0"},
				"down": {"uv": [2.5, 5.5, 4, 6], "texture": "#0"}
			}
		},
		{
			"from": [14.58548, 7.47222, 1.32883],
			"to": [15.58548, 8.47222, 4.32883],
			"rotation": {"angle": 45, "axis": "y", "origin": [15.08548, 8.97222, 4.82883]},
			"faces": {
				"north": {"uv": [2.5, 5.5, 4, 6], "texture": "#0"},
				"east": {"uv": [2.5, 5.5, 4, 6], "texture": "#0"},
				"south": {"uv": [2.5, 5.5, 4, 6], "texture": "#0"},
				"west": {"uv": [2.5, 5.5, 4, 6], "texture": "#0"},
				"up": {"uv": [2.5, 5.5, 4, 6], "texture": "#0"},
				"down": {"uv": [2.5, 5.5, 4, 6], "texture": "#0"}
			}
		},
		{
			"from": [1.92863, 8.47222, 2.91462],
			"to": [2.92863, 11.47222, 3.91462],
			"rotation": {"angle": 45, "axis": "y", "origin": [2.42863, 9.97222, 3.41462]},
			"faces": {
				"north": {"uv": [3, 4.5, 3.5, 6], "texture": "#0"},
				"east": {"uv": [3, 4.5, 3.5, 6], "texture": "#0"},
				"south": {"uv": [3, 4.5, 3.5, 6], "texture": "#0"},
				"west": {"uv": [3, 4.5, 3.5, 6], "texture": "#0"},
				"up": {"uv": [3, 4.5, 3.5, 6], "texture": "#0"},
				"down": {"uv": [3, 4.5, 3.5, 6], "texture": "#0"}
			}
		},
		{
			"from": [2.42863, 7.47222, 2.41462],
			"to": [2.42863, 12.47222, 3.41462],
			"rotation": {"angle": 45, "axis": "y", "origin": [2.42863, 9.97222, 3.41462]},
			"faces": {
				"north": {"uv": [0.5, 5, 1, 7.5], "texture": "#0"},
				"east": {"uv": [0.5, 5, 1, 7.5], "texture": "#0"},
				"south": {"uv": [0.5, 5, 1, 7.5], "texture": "#0"},
				"west": {"uv": [0.5, 5, 1, 7.5], "texture": "#0"},
				"up": {"uv": [0.5, 5, 1, 7.5], "texture": "#0"},
				"down": {"uv": [0.5, 5, 1, 7.5], "texture": "#0"}
			}
		},
		{
			"from": [2.42863, 7.47222, 14.58538],
			"to": [2.42863, 12.47222, 15.58538],
			"rotation": {"angle": -45, "axis": "y", "origin": [2.42863, 9.97222, 14.58538]},
			"faces": {
				"north": {"uv": [0.5, 5, 1, 7.5], "texture": "#0"},
				"east": {"uv": [0.5, 5, 1, 7.5], "texture": "#0"},
				"south": {"uv": [0.5, 5, 1, 7.5], "texture": "#0"},
				"west": {"uv": [0.5, 5, 1, 7.5], "texture": "#0"},
				"up": {"uv": [0.5, 5, 1, 7.5], "texture": "#0"},
				"down": {"uv": [0.5, 5, 1, 7.5], "texture": "#0"}
			}
		},
		{
			"from": [-0.88902, 7.47222, 9.00991],
			"to": [0.11098, 12.47222, 9.00991],
			"rotation": {"angle": 0, "axis": "y", "origin": [8, 9.97222, 9]},
			"faces": {
				"north": {"uv": [1, 0, 1.5, 2.5], "texture": "#0"},
				"east": {"uv": [0, 0, 0, 2.5], "texture": "#0"},
				"south": {"uv": [0.5, 5, 1, 7.5], "texture": "#0"},
				"west": {"uv": [0, 0, 0, 2.5], "texture": "#0"},
				"up": {"uv": [0, 1, 0, 1.5], "rotation": 90, "texture": "#0"},
				"down": {"uv": [0, 1, 0, 1.5], "rotation": 270, "texture": "#0"}
			}
		},
		{
			"from": [13.57137, 7.47222, 2.41462],
			"to": [13.57137, 12.47222, 3.41462],
			"rotation": {"angle": -45, "axis": "y", "origin": [13.57137, 9.97222, 3.41462]},
			"faces": {
				"north": {"uv": [0.5, 5, 1, 7.5], "texture": "#0"},
				"east": {"uv": [0.5, 5, 1, 7.5], "texture": "#0"},
				"south": {"uv": [0.5, 5, 1, 7.5], "texture": "#0"},
				"west": {"uv": [0.5, 5, 1, 7.5], "texture": "#0"},
				"up": {"uv": [0.5, 5, 1, 7.5], "texture": "#0"},
				"down": {"uv": [0.5, 5, 1, 7.5], "texture": "#0"}
			}
		},
		{
			"from": [15.88902, 7.47222, 8.99009],
			"to": [16.88902, 12.47222, 8.99009],
			"rotation": {"angle": 0, "axis": "y", "origin": [8, 9.97222, 9]},
			"faces": {
				"north": {"uv": [0.5, 5, 1, 7.5], "texture": "#0"},
				"east": {"uv": [0.5, 5, 1, 7.5], "texture": "#0"},
				"south": {"uv": [0.5, 5, 1, 7.5], "texture": "#0"},
				"west": {"uv": [0.5, 5, 1, 7.5], "texture": "#0"},
				"up": {"uv": [0.5, 5, 1, 7.5], "texture": "#0"},
				"down": {"uv": [0.5, 5, 1, 7.5], "texture": "#0"}
			}
		},
		{
			"from": [13.57137, 7.47222, 14.58538],
			"to": [13.57137, 12.47222, 15.58538],
			"rotation": {"angle": 45, "axis": "y", "origin": [13.57137, 9.97222, 14.58538]},
			"faces": {
				"north": {"uv": [0.5, 5, 1, 7.5], "texture": "#0"},
				"east": {"uv": [0.5, 5, 1, 7.5], "texture": "#0"},
				"south": {"uv": [0.5, 5, 1, 7.5], "texture": "#0"},
				"west": {"uv": [0.5, 5, 1, 7.5], "texture": "#0"},
				"up": {"uv": [0.5, 5, 1, 7.5], "texture": "#0"},
				"down": {"uv": [0.5, 5, 1, 7.5], "texture": "#0"}
			}
		},
		{
			"from": [7.99009, 7.47222, 16.88902],
			"to": [7.99009, 12.47222, 17.88902],
			"rotation": {"angle": 0, "axis": "y", "origin": [8, 9.97222, 9]},
			"faces": {
				"north": {"uv": [0, 0, 0, 2.5], "texture": "#0"},
				"east": {"uv": [0.5, 5, 1, 7.5], "texture": "#0"},
				"south": {"uv": [0, 0, 0, 2.5], "texture": "#0"},
				"west": {"uv": [0.5, 5, 1, 7.5], "texture": "#0"},
				"up": {"uv": [0, 1, 0, 1.5], "texture": "#0"},
				"down": {"uv": [0, 1, 0, 1.5], "texture": "#0"}
			}
		},
		{
			"from": [-0.3998, 8.47222, 8.53594],
			"to": [0.6002, 11.47222, 9.53594],
			"rotation": {"angle": 0, "axis": "y", "origin": [0.1002, 8.97222, 9.03594]},
			"faces": {
				"north": {"uv": [13.5, 0, 14, 1.5], "texture": "#0"},
				"east": {"uv": [13.5, 0, 14, 1.5], "texture": "#0"},
				"south": {"uv": [13.5, 0, 14, 1.5], "texture": "#0"},
				"west": {"uv": [13.5, 0, 14, 1.5], "texture": "#0"},
				"up": {"uv": [13.5, 0, 14, 1.5], "texture": "#0"},
				"down": {"uv": [13.5, 0, 14, 1.5], "texture": "#0"}
			}
		},
		{
			"from": [0.51441, 8.47222, 14.74305],
			"to": [1.51441, 11.47222, 15.74305],
			"rotation": {"angle": 45, "axis": "y", "origin": [1.01441, 8.97222, 13.24305]},
			"faces": {
				"north": {"uv": [0, 15.5, 0.5, 16], "rotation": 270, "texture": "#0"},
				"east": {"uv": [0, 15.5, 0.5, 16], "rotation": 270, "texture": "#0"},
				"south": {"uv": [0, 15.5, 2, 16], "rotation": 270, "texture": "#0"},
				"west": {"uv": [0, 15.5, 0.5, 16], "rotation": 270, "texture": "#0"},
				"up": {"uv": [0, 15.5, 0.5, 16], "rotation": 270, "texture": "#0"},
				"down": {"uv": [0, 15.5, 0.5, 16], "rotation": 270, "texture": "#0"}
			}
		},
		{
			"from": [7.54995, 8.47222, 16.48569],
			"to": [8.54995, 11.47222, 17.48569],
			"rotation": {"angle": 0, "axis": "y", "origin": [10.04995, 8.97222, 16.98569]},
			"faces": {
				"north": {"uv": [13.5, 0, 14, 1.5], "texture": "#0"},
				"east": {"uv": [13.5, 0, 14, 1.5], "texture": "#0"},
				"south": {"uv": [13.5, 0, 14, 1.5], "texture": "#0"},
				"west": {"uv": [13.5, 0, 14, 1.5], "texture": "#0"},
				"up": {"uv": [13.5, 0, 14, 1.5], "texture": "#0"},
				"down": {"uv": [13.5, 0, 14, 1.5], "texture": "#0"}
			}
		},
		{
			"from": [11.75705, 8.47222, 13.57147],
			"to": [12.75705, 11.47222, 14.57147],
			"rotation": {"angle": -45, "axis": "y", "origin": [12.25705, 8.97222, 16.07147]},
			"faces": {
				"north": {"uv": [13.5, 0, 14, 1.5], "texture": "#0"},
				"east": {"uv": [13.5, 0, 14, 1.5], "texture": "#0"},
				"south": {"uv": [13.5, 0, 14, 1.5], "texture": "#0"},
				"west": {"uv": [13.5, 0, 14, 1.5], "texture": "#0"},
				"up": {"uv": [13.5, 0, 14, 1.5], "texture": "#0"},
				"down": {"uv": [13.5, 0, 14, 1.5], "texture": "#0"}
			}
		},
		{
			"from": [15.49969, 8.47222, 8.53594],
			"to": [16.49969, 11.47222, 9.53594],
			"rotation": {"angle": 0, "axis": "y", "origin": [15.99969, 8.97222, 13.03594]},
			"faces": {
				"north": {"uv": [3, 4.5, 3.5, 6], "texture": "#0"},
				"east": {"uv": [3, 4.5, 3.5, 6], "texture": "#0"},
				"south": {"uv": [3, 4.5, 3.5, 6], "texture": "#0"},
				"west": {"uv": [3, 4.5, 3.5, 6], "texture": "#0"},
				"up": {"uv": [3, 4.5, 3.5, 6], "texture": "#0"},
				"down": {"uv": [3, 4.5, 3.5, 6], "texture": "#0"}
			}
		},
		{
			"from": [14.58548, 8.47222, 2.32883],
			"to": [15.58548, 11.47222, 3.32883],
			"rotation": {"angle": 45, "axis": "y", "origin": [15.08548, 8.97222, 4.82883]},
			"faces": {
				"north": {"uv": [13.5, 0, 14, 1.5], "texture": "#0"},
				"east": {"uv": [13.5, 0, 14, 1.5], "texture": "#0"},
				"south": {"uv": [13.5, 0, 14, 1.5], "texture": "#0"},
				"west": {"uv": [13.5, 0, 14, 1.5], "texture": "#0"},
				"up": {"uv": [13.5, 0, 14, 1.5], "texture": "#0"},
				"down": {"uv": [13.5, 0, 14, 1.5], "texture": "#0"}
			}
		}
	],
	"display": {
		"thirdperson_righthand": {
			"rotation": [-33.5, 0, 0],
			"scale": [0.4, 0.4, 0.4]
		},
		"thirdperson_lefthand": {
			"rotation": [-33.5, 181.75, 0],
			"scale": [0.4, 0.4, 0.4]
		},
		"firstperson_righthand": {
			"rotation": [-33.5, 0, 0],
			"translation": [1, 1.5, 0],
			"scale": [0.4, 0.4, 0.4]
		},
		"firstperson_lefthand": {
			"rotation": [-33.5, 181.75, 0],
			"translation": [1.5, 1, 0],
			"scale": [0.4, 0.4, 0.4]
		},
		"ground": {
			"scale": [0.5, 0.5, 0.5]
		},
		"gui": {
			"rotation": [29, 149.5, 0],
			"translation": [-0.25, -1, 0],
			"scale": [0.65625, 0.65625, 0.65625]
		},
		"head": {
			"translation": [0, 9.5, -0.75],
			"scale": [0.75, 0.92, 0.7]
		},
		"fixed": {
			"rotation": [-90, 0, 0],
			"translation": [0, -1, -2.25]
		}
	},
	"groups": [
		{
			"name": "group",
			"origin": [7.58839, 1, 14.80907],
			"children": [0, 1, 2, 3, 4, 5, 6, 7]
		},
		{
			"name": "group",
			"origin": [7.58839, 1, 14.80907],
			"children": [8, 9, 10, 11, 12, 13, 14, 15]
		}, 16, 17, 18, 19, 20, 21, 22, 23, 24, 25, 26, 27, 28, 29, 30, 31, 32, 33, 34, 35, 36, 37, 38, 39, 40, 41, 42, 43, 44, 45, 46, 47, 48, 49]
}